{
	"credit": "Made with Blockbench",
	"textures": {
		"0": "hat_textures/bandana",
		"particle": "hat_textures/bandana"
	},
	"elements": [
		{
			"from": [1.25, 5, 1],
			"to": [14.75, 8.425, 1.5],
			"faces": {
				"north": {"uv": [0, 0, 13.5, 3.425], "texture": "#0"},
				"east": {"uv": [0, 4.25, 0.5, 7.675], "texture": "#0"},
				"south": {"uv": [0, 0, 13.5, 3.425], "texture": "#0"},
				"west": {"uv": [0, 4.25, 0.5, 7.675], "texture": "#0"},
				"up": {"uv": [0, 3.5, 13.5, 4], "texture": "#0"},
				"down": {"uv": [0, 3.5, 13.5, 4], "texture": "#0"}
			}
		},
		{
			"from": [1.25, 5, 1.5],
			"to": [1.75, 8.4, 11.075],
			"rotation": {"angle": 0, "axis": "y", "origin": [8, 4.725, 1.25]},
			"faces": {
				"north": {"uv": [0, 4, 0.5, 7.4], "texture": "#0"},
				"east": {"uv": [0, 0, 9.575, 3.4], "texture": "#0"},
				"south": {"uv": [0, 4, 0.5, 7.4], "texture": "#0"},
				"west": {"uv": [0, 0, 9.575, 3.4], "texture": "#0"},
				"up": {"uv": [0, 3.5, 9.575, 4], "rotation": 270, "texture": "#0"},
				"down": {"uv": [0, 3.5, 9.575, 4], "rotation": 90, "texture": "#0"}
			}
		},
		{
			"from": [14.25, 5, 1.5],
			"to": [14.75, 8.425, 7.8],
			"rotation": {"angle": 0, "axis": "y", "origin": [8, 4.725, 1.25]},
			"faces": {
				"north": {"uv": [0, 3.75, 0.5, 7.175], "texture": "#0"},
				"east": {"uv": [0, 0, 6.3, 3.425], "texture": "#0"},
				"south": {"uv": [0, 4, 0.5, 7.425], "texture": "#0"},
				"west": {"uv": [0, 0, 6.3, 3.425], "texture": "#0"},
				"up": {"uv": [0, 3.5, 6.3, 4], "rotation": 270, "texture": "#0"},
				"down": {"uv": [0, 3.5, 6.3, 4], "rotation": 90, "texture": "#0"}
			}
		},
		{
			"from": [14.25, 6.7, 7.8],
			"to": [14.75, 8.425, 9.85],
			"rotation": {"angle": 0, "axis": "y", "origin": [8, 4.725, 1.25]},
			"faces": {
				"north": {"uv": [0.25, 4, 0.75, 5.725], "texture": "#0"},
				"east": {"uv": [0, 0, 2.05, 1.725], "texture": "#0"},
				"south": {"uv": [0.25, 4, 0.75, 5.725], "texture": "#0"},
				"west": {"uv": [0, 0, 2.05, 1.725], "texture": "#0"},
				"up": {"uv": [0, 0, 2.05, 0.5], "rotation": 270, "texture": "#0"},
				"down": {"uv": [0, 0, 2.05, 0.5], "rotation": 90, "texture": "#0"}
			}
		},
		{
			"from": [14.25, 3.25, 7.725],
			"to": [14.75, 6.7, 14],
			"rotation": {"angle": 0, "axis": "y", "origin": [8, 4.725, 1.25]},
			"faces": {
				"north": {"uv": [0, 4, 0.5, 7.45], "texture": "#0"},
				"east": {"uv": [0, 0, 6.275, 3.45], "texture": "#0"},
				"south": {"uv": [0, 3.75, 0.5, 7.2], "texture": "#0"},
				"west": {"uv": [0, 0, 6.275, 3.45], "texture": "#0"},
				"up": {"uv": [0, 3.5, 6.275, 4], "rotation": 270, "texture": "#0"},
				"down": {"uv": [0, 3.5, 6.275, 4], "rotation": 90, "texture": "#0"}
			}
		},
		{
			"from": [1.25, 3.25, 10.95],
			"to": [1.75, 6.7, 14],
			"rotation": {"angle": 0, "axis": "y", "origin": [8, 4.725, 1.25]},
			"faces": {
				"north": {"uv": [0, 4, 0.5, 7.45], "texture": "#0"},
				"east": {"uv": [0, 0, 3.05, 3.45], "texture": "#0"},
				"south": {"uv": [0, 4, 0.5, 7.45], "texture": "#0"},
				"west": {"uv": [0, 0, 3.05, 3.45], "texture": "#0"},
				"up": {"uv": [0, 3.5, 3.05, 4], "rotation": 270, "texture": "#0"},
				"down": {"uv": [0, 3.5, 3.05, 4], "rotation": 90, "texture": "#0"}
			}
		},
		{
			"from": [1.25, 3.25, 14],
			"to": [14.75, 6.7, 14.5],
			"faces": {
				"north": {"uv": [0, 0, 13.5, 3.45], "texture": "#0"},
				"east": {"uv": [0, 4.25, 0.5, 7.7], "texture": "#0"},
				"south": {"uv": [0, 0, 13.5, 3.45], "texture": "#0"},
				"west": {"uv": [0, 4.25, 0.5, 7.7], "texture": "#0"},
				"up": {"uv": [0, 3.5, 13.5, 4], "texture": "#0"},
				"down": {"uv": [0, 3.5, 13.5, 4], "texture": "#0"}
			}
		},
		{
			"from": [6.1, 3.1, 14.5],
			"to": [8, 5, 15.75],
			"faces": {
				"north": {"uv": [0, 0, 1.25, 1.9], "texture": "#0"},
				"east": {"uv": [0, 0, 1.25, 1.9], "texture": "#0"},
				"south": {"uv": [0, 0, 2, 1.9], "texture": "#0"},
				"west": {"uv": [0, 0, 1.25, 1.9], "texture": "#0"},
				"up": {"uv": [0, 0, 1.25, 1.9], "texture": "#0"},
				"down": {"uv": [0, 0, 1.25, 1.9], "texture": "#0"}
			}
		},
		{
			"from": [8, 3.1, 14.7],
			"to": [9.9, 5, 15.225],
			"faces": {
				"north": {"uv": [0, 0, 1.9, 1.9], "texture": "#0"},
				"east": {"uv": [0, 0, 1.9, 1.9], "texture": "#0"},
				"south": {"uv": [0, 0, 1.9, 1.9], "texture": "#0"},
				"west": {"uv": [0, 0, 1.9, 1.9], "texture": "#0"},
				"up": {"uv": [0, 0, 1.9, 1.9], "texture": "#0"},
				"down": {"uv": [0, 0, 1.9, 1.9], "texture": "#0"}
			}
		},
		{
			"from": [9.9, 3.1, 14.7],
			"to": [11.8, 5, 15.225],
			"faces": {
				"north": {"uv": [0, 0, 1.9, 1.9], "texture": "#0"},
				"east": {"uv": [0, 0, 1.9, 1.9], "texture": "#0"},
				"south": {"uv": [0, 0, 1.9, 1.9], "texture": "#0"},
				"west": {"uv": [0, 0, 1.9, 1.9], "texture": "#0"},
				"up": {"uv": [0, 0, 1.9, 1.9], "texture": "#0"},
				"down": {"uv": [0, 0, 1.9, 1.9], "texture": "#0"}
			}
		},
		{
			"from": [9.85, 1.2, 14.7],
			"to": [11.8, 3.1, 15.225],
			"faces": {
				"north": {"uv": [0, 0, 1.95, 1.9], "texture": "#0"},
				"east": {"uv": [0, 0, 1.95, 1.9], "texture": "#0"},
				"south": {"uv": [0, 0, 1.95, 1.9], "texture": "#0"},
				"west": {"uv": [0, 0, 1.95, 1.9], "texture": "#0"},
				"up": {"uv": [0, 0, 1.95, 1.9], "texture": "#0"},
				"down": {"uv": [0, 0, 1.95, 1.9], "texture": "#0"}
			}
		},
		{
			"from": [6.075, 1.2, 14.7],
			"to": [8.025, 3.1, 15.225],
			"faces": {
				"north": {"uv": [0, 0, 1.95, 1.9], "texture": "#0"},
				"east": {"uv": [0, 0, 1.95, 1.9], "texture": "#0"},
				"south": {"uv": [0, 0, 1.95, 1.9], "texture": "#0"},
				"west": {"uv": [0, 0, 1.95, 1.9], "texture": "#0"},
				"up": {"uv": [0, 0, 1.95, 1.9], "texture": "#0"},
				"down": {"uv": [0, 0, 1.95, 1.9], "texture": "#0"}
			}
		},
		{
			"from": [4.125, 1.2, 14.7],
			"to": [6.075, 3.1, 15.225],
			"faces": {
				"north": {"uv": [0, 0, 1.95, 1.9], "texture": "#0"},
				"east": {"uv": [0, 0, 1.95, 1.9], "texture": "#0"},
				"south": {"uv": [0, 0, 1.95, 1.9], "texture": "#0"},
				"west": {"uv": [0, 0, 1.95, 1.9], "texture": "#0"},
				"up": {"uv": [0, 0, 1.95, 1.9], "texture": "#0"},
				"down": {"uv": [0, 0, 1.95, 1.9], "texture": "#0"}
			}
		}
	],
	"display": {
		"thirdperson_righthand": {
			"rotation": [0, 50, 0],
			"translation": [0, 0, -2.75],
			"scale": [0.5, 0.5, 0.5]
		},
		"thirdperson_lefthand": {
			"rotation": [0, 50, 0],
			"translation": [0, 0, -2.75],
			"scale": [0.5, 0.5, 0.5]
		},
		"firstperson_righthand": {
			"translation": [6, 0, 0]
		},
		"firstperson_lefthand": {
			"translation": [6, 0, 0]
		},
		"ground": {
			"translation": [0, 4, 0]
		},
		"gui": {
			"rotation": [16, 135, 0]
		},
		"head": {
			"translation": [0, 3, 0.25]
		},
		"fixed": {
			"rotation": [-90, 0, 0],
			"translation": [0, -5.25, -0.5],
			"scale": [1.5, -1.5, -1.5]
		}
	}
}