{
	"credit": "Made with Blockbench",
	"textures": {
		"0": "pumpkin/azalea",
		"1": "pumpkin/azalea2",
		"particle": "azalea"
	},
	"elements": [
		{
			"from": [1, 3, 0],
			"to": [16, 18, 16],
			"faces": {
				"north": {"uv": [0, 0, 15, 15], "texture": "#0"},
				"east": {"uv": [0, 0, 16, 15], "texture": "#0"},
				"south": {"uv": [0, 0, 15, 15], "texture": "#0"},
				"west": {"uv": [0, 0, 16, 15], "texture": "#0"},
				"up": {"uv": [0, 0, 16, 16], "texture": "#1"},
				"down": {"uv": [0, 13, 13, 16], "texture": "#0"}
			}
		}
	],
	"display": {
		"thirdperson_righthand": {
			"scale": [0.4, 0.4, 0.4]
		},
		"thirdperson_lefthand": {
			"scale": [0.4, 0.4, 0.4]
		},
		"firstperson_righthand": {
			"translation": [1.5, 1, 0.25],
			"scale": [0.4, 0.4, 0.4]
		},
		"firstperson_lefthand": {
			"translation": [0.75, 2.25, 2],
			"scale": [0.4, 0.4, 0.4]
		},
		"ground": {
			"scale": [0.4, 0.4, 0.4]
		},
		"gui": {
			"rotation": [0, -24, 0],
			"translation": [-0.5, -4.75, 0]
		},
		"head": {
			"translation": [-0.25, -2, 0]
		},
		"fixed": {
			"translation": [-0.75, -4, 3.25]
		}
	}
}