{
	"credit": "Made with Blockbench",
	"textures": {
		"0": "pumpkin/Cowboy",
		"1": "pumpkin/Cowboy1",
		"2": "pumpkin/Cowboy2",
		"3": "pumpkin/Cowboy3",
		"particle": "pumpkin/Cowboy"
	},
	"elements": [
		{
			"from": [2, 14, 2],
			"to": [14, 16, 14],
			"faces": {
				"north": {"uv": [6, 0, 12, 1], "texture": "#1"},
				"east": {"uv": [6, 1, 12, 2], "texture": "#1"},
				"south": {"uv": [6, 2, 12, 3], "texture": "#1"},
				"west": {"uv": [6, 3, 12, 4], "texture": "#1"},
				"up": {"uv": [6, 6, 0, 0], "texture": "#1"},
				"down": {"uv": [6, 6, 0, 12], "texture": "#1"}
			}
		},
		{
			"from": [5, 16, 5],
			"to": [11, 22, 11],
			"faces": {
				"north": {"uv": [0, 0, 3, 3], "texture": "#0"},
				"east": {"uv": [0, 3, 3, 6], "texture": "#0"},
				"south": {"uv": [3, 0, 6, 3], "texture": "#0"},
				"west": {"uv": [3, 3, 6, 6], "texture": "#0"},
				"up": {"uv": [3, 9, 0, 6], "texture": "#0"},
				"down": {"uv": [9, 0, 6, 3], "texture": "#0"}
			}
		},
		{
			"from": [9, 22, 5],
			"to": [11, 23, 11],
			"faces": {
				"north": {"uv": [4, 2, 6, 3], "texture": "#2"},
				"east": {"uv": [4, 0, 10, 1], "texture": "#2"},
				"south": {"uv": [4, 3, 6, 4], "texture": "#2"},
				"west": {"uv": [4, 1, 10, 2], "texture": "#2"},
				"up": {"uv": [2, 6, 0, 0], "texture": "#2"},
				"down": {"uv": [4, 0, 2, 6], "texture": "#2"}
			}
		},
		{
			"from": [5, 22, 5],
			"to": [7, 23, 11],
			"faces": {
				"north": {"uv": [4, 2, 6, 3], "texture": "#2"},
				"east": {"uv": [4, 1, 10, 2], "texture": "#2"},
				"south": {"uv": [4, 3, 6, 4], "texture": "#2"},
				"west": {"uv": [4, 0, 10, 1], "texture": "#2"},
				"up": {"uv": [0, 6, 2, 0], "texture": "#2"},
				"down": {"uv": [4, 0, 2, 6], "texture": "#2"}
			}
		},
		{
			"from": [14, 16, 2],
			"to": [14, 18, 14],
			"faces": {
				"north": {"uv": [0, 0, 0, 2], "texture": "#3"},
				"east": {"uv": [0, 0, 12, 2], "texture": "#3"},
				"south": {"uv": [0, 0, 0, 2], "texture": "#3"},
				"west": {"uv": [0, 2, 12, 4], "texture": "#3"},
				"up": {"uv": [0, 12, 0, 0], "texture": "#3"},
				"down": {"uv": [0, 0, 0, 12], "texture": "#3"}
			}
		},
		{
			"from": [2, 16, 2],
			"to": [2, 18, 14],
			"faces": {
				"north": {"uv": [0, 0, 0, 2], "texture": "#3"},
				"east": {"uv": [0, 2, 12, 4], "texture": "#3"},
				"south": {"uv": [0, 0, 0, 2], "texture": "#3"},
				"west": {"uv": [0, 0, 12, 2], "texture": "#3"},
				"up": {"uv": [0, 12, 0, 0], "texture": "#3"},
				"down": {"uv": [0, 0, 0, 12], "texture": "#3"}
			}
		}
	],
	"gui_light": "front",
	"display": {
		"thirdperson_righthand": {
			"translation": [0, -6.25, 0]
		},
		"thirdperson_lefthand": {
			"translation": [0, -7, 0]
		},
		"firstperson_righthand": {
			"translation": [0, -6.75, 0]
		},
		"firstperson_lefthand": {
			"translation": [3.25, -6.75, 0]
		},
		"ground": {
			"translation": [0, -8.5, 0]
		},
		"gui": {
			"rotation": [0, -30, 0],
			"translation": [0, -21.25, 0],
			"scale": [2, 2, 2]
		},
		"head": {
			"translation": [0, -8.75, 0],
			"scale": [2, 2, 2]
		},
		"fixed": {
			"translation": [0, -19.5, -4.25],
			"scale": [2, 2, 2]
		}
	}
}