{
	"credit": "Made with Blockbench",
	"textures": {
		"0": "pumpkin/papakha",
		"1": "pumpkin/papakha1",
		"particle": "pumpkin/papakha"
	},
	"elements": [
		{
			"from": [4, 8, 4],
			"to": [12, 13, 12],
			"faces": {
				"north": {"uv": [4, 0, 8, 2.5], "texture": "#0"},
				"east": {"uv": [4, 2.5, 8, 5], "texture": "#0"},
				"south": {"uv": [4, 5, 8, 7.5], "texture": "#0"},
				"west": {"uv": [4, 7.5, 8, 10], "texture": "#0"},
				"up": {"uv": [4, 4, 0, 0], "texture": "#0"},
				"down": {"uv": [4, 4, 0, 8], "texture": "#0"}
			}
		},
		{
			"from": [10, -4, 11],
			"to": [13, 2, 14],
			"rotation": {"angle": 45, "axis": "z", "origin": [0, 0, 0]},
			"faces": {
				"north": {"uv": [0, 0, 3, 6], "texture": "#1"},
				"east": {"uv": [3, 0, 6, 6], "texture": "#1"},
				"south": {"uv": [0, 6, 3, 12], "texture": "#1"},
				"west": {"uv": [6, 0, 9, 6], "texture": "#1"},
				"up": {"uv": [6, 9, 3, 6], "texture": "#1"},
				"down": {"uv": [9, 6, 6, 9], "texture": "#1"}
			}
		}
	],
	"gui_light": "front",
	"display": {
		"thirdperson_righthand": {
			"rotation": [0, 175, 0],
			"translation": [0, -0.75, 0]
		},
		"thirdperson_lefthand": {
			"rotation": [0, 155, 0]
		},
		"firstperson_righthand": {
			"rotation": [0, -94, 0],
			"translation": [3.25, 0, 0]
		},
		"firstperson_lefthand": {
			"rotation": [0, -90, 0],
			"translation": [5.25, 0, 0]
		},
		"ground": {
			"scale": [2, 2, 2]
		},
		"gui": {
			"rotation": [0, 51, 0],
			"scale": [2, 2, 2]
		},
		"head": {
			"translation": [0, 1.5, 0.5],
			"scale": [2, 2, 2]
		},
		"fixed": {
			"rotation": [0, 90, 0],
			"translation": [-0.75, 0, 0],
			"scale": [2, 2, 2]
		}
	}
}