{
	"credit": "Made with Blockbench",
	"textures": {
		"0": "pumpkin/sus",
		"1": "pumpkin/sus1",
		"3": "pumpkin/sus3",
		"particle": "pumpkin/sus"
	},
	"elements": [
		{
			"from": [7, 6, 5],
			"to": [9, 9, 6],
			"faces": {
				"north": {"uv": [0, 0, 2, 3], "texture": "#1"},
				"east": {"uv": [0, 3, 1, 6], "texture": "#1"},
				"south": {"uv": [2, 0, 4, 3], "texture": "#1"},
				"west": {"uv": [1, 3, 2, 6], "texture": "#1"},
				"up": {"uv": [4, 4, 2, 3], "texture": "#1"},
				"down": {"uv": [6, 0, 4, 1], "texture": "#1"}
			}
		},
		{
			"from": [5, 9, 6],
			"to": [7, 10, 6],
			"faces": {
				"north": {"uv": [6, 7, 8, 8], "texture": "#3"},
				"east": {"uv": [10, 7, 11, 8], "texture": "#3"},
				"south": {"uv": [8, 7, 10, 8], "texture": "#3"},
				"west": {"uv": [5, 7, 6, 8], "texture": "#3"},
				"up": {"uv": [13, 8, 11, 7], "texture": "#3"},
				"down": {"uv": [5, 7, 3, 8], "texture": "#3"}
			}
		},
		{
			"from": [9, 9, 6],
			"to": [11, 10, 6],
			"faces": {
				"north": {"uv": [4, 5, 6, 6], "texture": "#3"},
				"east": {"uv": [3, 5, 4, 6], "texture": "#3"},
				"south": {"uv": [1, 5, 3, 6], "texture": "#3"},
				"west": {"uv": [6, 5, 7, 6], "texture": "#3"},
				"up": {"uv": [9, 5, 11, 6], "texture": "#3"},
				"down": {"uv": [7, 5, 9, 6], "texture": "#3"}
			}
		},
		{
			"from": [5, 10, 6],
			"to": [11, 11, 6],
			"faces": {
				"north": {"uv": [0, 0, 6, 1], "texture": "#0"},
				"east": {"uv": [0, 4, 1, 5], "texture": "#0"},
				"south": {"uv": [0, 1, 6, 2], "texture": "#0"},
				"west": {"uv": [1, 4, 2, 5], "texture": "#0"},
				"up": {"uv": [6, 3, 0, 2], "texture": "#0"},
				"down": {"uv": [6, 3, 0, 4], "texture": "#0"}
			}
		}
	],
	"gui_light": "front",
	"display": {
		"thirdperson_righthand": {
			"translation": [0, 0, 1.5]
		},
		"thirdperson_lefthand": {
			"translation": [0, 0, 1.75]
		},
		"firstperson_righthand": {
			"translation": [3, 0, 0.5]
		},
		"firstperson_lefthand": {
			"translation": [5.75, 0, 0]
		},
		"ground": {
			"scale": [2, 2, 2]
		},
		"gui": {
			"rotation": [0, 141, 0],
			"translation": [3.5, -1, 0],
			"scale": [3, 3, 3]
		},
		"head": {
			"translation": [0, -3.75, -3.25],
			"scale": [2, 2, 2]
		},
		"fixed": {
			"translation": [0, 0, 4.75],
			"scale": [3, 3, 3]
		}
	}
}