{
	"credit": "Made with Blockbench",
	"texture_size": [32, 32],
	"textures": {
		"0": "pumpkin/Cap",
		"1": "pumpkin/Cap1",
		"particle": "pumpkin/Cap"
	},
	"elements": [
		{
			"from": [4, 12, 4],
			"to": [12, 22, 12],
			"faces": {
				"north": {"uv": [0, 0, 4, 5], "texture": "#0"},
				"east": {"uv": [4, 0, 8, 5], "texture": "#0"},
				"south": {"uv": [0, 5, 4, 10], "texture": "#0"},
				"west": {"uv": [4, 5, 8, 10], "texture": "#0"},
				"up": {"uv": [12, 4, 8, 0], "texture": "#0"},
				"down": {"uv": [12, 4, 8, 8], "texture": "#0"}
			}
		},
		{
			"from": [-6, 20, 2],
			"to": [6, 25, 14],
			"rotation": {"angle": -22.5, "axis": "z", "origin": [0, 0, 0]},
			"faces": {
				"north": {"uv": [6, 0, 12, 2.5], "texture": "#1"},
				"east": {"uv": [6, 2.5, 12, 5], "texture": "#1"},
				"south": {"uv": [6, 5, 12, 7.5], "texture": "#1"},
				"west": {"uv": [6, 7.5, 12, 10], "texture": "#1"},
				"up": {"uv": [6, 6, 0, 0], "texture": "#1"},
				"down": {"uv": [6, 6, 0, 12], "texture": "#1"}
			}
		}
	],
	"gui_light": "front",
	"display": {
		"thirdperson_righthand": {
			"translation": [0, -4, 0]
		},
		"thirdperson_lefthand": {
			"translation": [0, -4.5, 0]
		},
		"firstperson_righthand": {
			"translation": [2.25, -7.5, 0]
		},
		"firstperson_lefthand": {
			"translation": [5.5, -6.5, 0]
		},
		"ground": {
			"translation": [-1.25, -5.75, 0.5]
		},
		"gui": {
			"rotation": [0, 162, 0],
			"translation": [0, -17, 0],
			"scale": [2, 2, 2]
		},
		"head": {
			"translation": [0, -6.25, 0],
			"scale": [2, 2, 2]
		},
		"fixed": {
			"translation": [0, -19.75, -8],
			"scale": [2, 2, 2]
		}
	}
}