{
	"credit": "Made with Blockbench",
	"textures": {
		"0": "pumpkin/Mouse",
		"1": "pumpkin/Mouse2",
		"particle": "pumpkin/Mouse"
	},
	"elements": [
		{
			"from": [13, 10, 7],
			"to": [21, 18, 9],
			"faces": {
				"north": {"uv": [0, 0, 4, 4], "texture": "#0"},
				"east": {"uv": [4, 0, 5, 4], "texture": "#0"},
				"south": {"uv": [0, 4, 4, 8], "texture": "#0"},
				"west": {"uv": [4, 4, 5, 8], "texture": "#0"},
				"up": {"uv": [9, 1, 5, 0], "texture": "#0"},
				"down": {"uv": [9, 1, 5, 2], "texture": "#0"}
			}
		},
		{
			"from": [-1, 10, 7],
			"to": [7, 18, 9],
			"faces": {
				"north": {"uv": [4, 0, 0, 4], "texture": "#0"},
				"east": {"uv": [4, 4, 5, 8], "texture": "#0"},
				"south": {"uv": [0, 0, 4, 4], "texture": "#0"},
				"west": {"uv": [4, 0, 5, 4], "texture": "#0"},
				"up": {"uv": [5, 0, 9, 1], "texture": "#0"},
				"down": {"uv": [5, 1, 9, 2], "texture": "#0"}
			}
		},
		{
			"from": [8, 3, 0],
			"to": [12, 5, 2],
			"faces": {
				"north": {"uv": [0, 0, 4, 2], "texture": "#1"},
				"east": {"uv": [4, 2, 6, 4], "texture": "#1"},
				"south": {"uv": [0, 2, 4, 4], "texture": "#1"},
				"west": {"uv": [4, 4, 6, 6], "texture": "#1"},
				"up": {"uv": [4, 6, 0, 4], "texture": "#1"},
				"down": {"uv": [8, 0, 4, 2], "texture": "#1"}
			}
		}
	],
	"gui_light": "front",
	"display": {
		"thirdperson_righthand": {
			"translation": [-0.75, -1.5, 0],
			"scale": [0.5, 0.5, 0.5]
		},
		"thirdperson_lefthand": {
			"translation": [1, -1.25, 0],
			"scale": [0.5, 0.5, 0.5]
		},
		"firstperson_righthand": {
			"translation": [4.75, -1, 0]
		},
		"firstperson_lefthand": {
			"translation": [11, 0, 0]
		},
		"ground": {
			"translation": [-2.5, 2, 0]
		},
		"gui": {
			"rotation": [0, 135, 0],
			"translation": [1.5, -1.5, 0]
		},
		"head": {
			"translation": [-2, 1.75, 0]
		},
		"fixed": {
			"translation": [-2, 0, -0.75]
		}
	}
}