{
	"credit": "Made with Blockbench",
	"texture_size": [32, 32],
	"textures": {
		"0": "pumpkin/sheriff",
		"1": "pumpkin/sheriff2",
		"2": "pumpkin/sheriff3",
		"3": "pumpkin/sheriff4",
		"particle": "pumpkin/sheriff"
	},
	"elements": [
		{
			"from": [-6, 0, -4],
			"to": [22, 4, 20],
			"faces": {
				"north": {"uv": [6.5, 0, 13, 1], "texture": "#0"},
				"east": {"uv": [6.5, 2, 12.5, 3], "texture": "#0"},
				"south": {"uv": [6.5, 1, 13, 2], "texture": "#0"},
				"west": {"uv": [6.5, 3, 12.5, 4], "texture": "#0"},
				"up": {"uv": [6.5, 6, 0, 0], "texture": "#0"},
				"down": {"uv": [6.5, 6, 0, 12], "texture": "#0"}
			}
		},
		{
			"from": [-6, 4, -4],
			"to": [3, 7, 9],
			"faces": {
				"north": {"uv": [0, 8, 4.5, 9.5], "texture": "#1"},
				"east": {"uv": [0, 6.5, 6.5, 8], "texture": "#1"},
				"south": {"uv": [4.5, 8, 9, 9.5], "texture": "#1"},
				"west": {"uv": [6.5, 6.5, 13, 8], "texture": "#1"},
				"up": {"uv": [4.5, 6.5, 0, 0], "texture": "#1"},
				"down": {"uv": [9, 0, 4.5, 6.5], "texture": "#1"}
			}
		},
		{
			"from": [1, 4, 1],
			"to": [15, 12, 15],
			"faces": {
				"north": {"uv": [7, 0, 14, 4], "texture": "#2"},
				"east": {"uv": [7, 0, 14, 4], "texture": "#2"},
				"south": {"uv": [7, 0, 14, 4], "texture": "#2"},
				"west": {"uv": [7, 0, 14, 4], "texture": "#2"},
				"up": {"uv": [7, 7, 0, 0], "texture": "#2"},
				"down": {"uv": [7, 7, 0, 14], "texture": "#2"}
			}
		},
		{
			"from": [0, 4, 0],
			"to": [16, 6, 16],
			"faces": {
				"north": {"uv": [8, 0, 16, 1], "texture": "#3"},
				"east": {"uv": [8, 1, 16, 2], "texture": "#3"},
				"south": {"uv": [8, 2, 16, 3], "texture": "#3"},
				"west": {"uv": [8, 3, 16, 4], "texture": "#3"},
				"up": {"uv": [8, 8, 0, 0], "texture": "#3"},
				"down": {"uv": [8, 8, 0, 16], "texture": "#3"}
			}
		}
	],
	"gui_light": "front",
	"display": {
		"thirdperson_righthand": {
			"rotation": [0, -30, 0],
			"translation": [0, 4.25, 0],
			"scale": [0.5, 0.5, 0.5]
		},
		"thirdperson_lefthand": {
			"rotation": [0, -25, 0],
			"translation": [0.25, 2.25, 0],
			"scale": [0.5, 0.5, 0.5]
		},
		"firstperson_righthand": {
			"translation": [4.75, 0, 1.5]
		},
		"firstperson_lefthand": {
			"translation": [6.75, 0, 0]
		},
		"ground": {
			"translation": [0, 3, 0],
			"scale": [0.8, 0.8, 0.8]
		},
		"gui": {
			"rotation": [0, 156, 0]
		},
		"head": {
			"translation": [0, 10, 0]
		}
	}
}