{
	"credit": "Made with Blockbench",
	"texture_size": [32, 32],
	"textures": {
		"0": "pumpkin/Villager",
		"1": "pumpkin/Villager1",
		"particle": "pumpkin/Villager"
	},
	"elements": [
		{
			"from": [4, 14, 4],
			"to": [12, 18, 12],
			"faces": {
				"north": {"uv": [8, 0, 16, 4], "texture": "#0"},
				"east": {"uv": [8, 4, 16, 8], "texture": "#0"},
				"south": {"uv": [8, 8, 16, 12], "texture": "#0"},
				"west": {"uv": [8, 12, 16, 16], "texture": "#0"},
				"up": {"uv": [8, 8, 0, 0], "texture": "#0"},
				"down": {"uv": [8, 8, 0, 16], "texture": "#0"}
			}
		},
		{
			"from": [1, 14, 1],
			"to": [15, 14, 15],
			"faces": {
				"north": {"uv": [0, 0, 7, 0], "texture": "#1"},
				"east": {"uv": [0, 0, 7, 0], "texture": "#1"},
				"south": {"uv": [0, 0, 7, 0], "texture": "#1"},
				"west": {"uv": [0, 0, 7, 0], "texture": "#1"},
				"up": {"uv": [7, 7, 0, 0], "texture": "#1"},
				"down": {"uv": [7, 7, 0, 14], "texture": "#1"}
			}
		}
	],
	"gui_light": "front",
	"display": {
		"thirdperson_righthand": {
			"translation": [0, -5.75, 0]
		},
		"thirdperson_lefthand": {
			"translation": [0, -5.75, 0]
		},
		"firstperson_righthand": {
			"translation": [0, -3.5, 0]
		},
		"firstperson_lefthand": {
			"translation": [3.25, -5.75, 0]
		},
		"ground": {
			"translation": [0, -14.25, 0],
			"scale": [2, 2, 2]
		},
		"gui": {
			"rotation": [21, -46, 0],
			"translation": [0, -9.5, 0],
			"scale": [1.5, 1.5, 1.5]
		},
		"head": {
			"translation": [0, -10.5, 0],
			"scale": [2, 2, 2]
		},
		"fixed": {
			"rotation": [-90.5, 0, 0],
			"translation": [0, 0, 11.75],
			"scale": [2, 2, 2]
		}
	}
}