{
	"credit": "Made with Blockbench",
	"textures": {
		"0": "pumpkin/witch",
		"1": "pumpkin/witch1",
		"2": "pumpkin/witch2",
		"3": "pumpkin/witch3",
		"4": "pumpkin/witch4",
		"5": "pumpkin/witch5",
		"particle": "pumpkin/witch"
	},
	"elements": [
		{
			"from": [3, 0, 3],
			"to": [13, 2, 13],
			"faces": {
				"north": {"uv": [5, 0, 10, 1], "texture": "#0"},
				"east": {"uv": [5, 1, 10, 2], "texture": "#0"},
				"south": {"uv": [5, 2, 10, 3], "texture": "#0"},
				"west": {"uv": [5, 3, 10, 4], "texture": "#0"},
				"up": {"uv": [5, 5, 0, 0], "texture": "#0"},
				"down": {"uv": [5, 5, 0, 10], "texture": "#0"}
			}
		},
		{
			"from": [4, 2, 4],
			"to": [12, 4, 12],
			"faces": {
				"north": {"uv": [8, 0, 16, 2], "texture": "#1"},
				"east": {"uv": [8, 2, 16, 4], "texture": "#1"},
				"south": {"uv": [8, 4, 16, 6], "texture": "#1"},
				"west": {"uv": [8, 6, 16, 8], "texture": "#1"},
				"up": {"uv": [8, 8, 0, 0], "texture": "#1"},
				"down": {"uv": [8, 8, 0, 16], "texture": "#1"}
			}
		},
		{
			"from": [5, 5, 3],
			"to": [11, 9, 9],
			"rotation": {"angle": 22.5, "axis": "x", "origin": [0, 0, 0]},
			"faces": {
				"north": {"uv": [6, 0, 12, 4], "texture": "#2"},
				"east": {"uv": [6, 4, 12, 8], "texture": "#2"},
				"south": {"uv": [6, 8, 12, 12], "texture": "#2"},
				"west": {"uv": [0, 12, 6, 16], "texture": "#2"},
				"up": {"uv": [6, 6, 0, 0], "texture": "#2"},
				"down": {"uv": [6, 6, 0, 12], "texture": "#2"}
			}
		},
		{
			"from": [6, 9, 0],
			"to": [10, 13, 4],
			"rotation": {"angle": 45, "axis": "x", "origin": [0, 0, 0]},
			"faces": {
				"north": {"uv": [0, 0, 4, 4], "texture": "#3"},
				"east": {"uv": [0, 4, 4, 8], "texture": "#3"},
				"south": {"uv": [4, 0, 8, 4], "texture": "#3"},
				"west": {"uv": [4, 4, 8, 8], "texture": "#3"},
				"up": {"uv": [4, 12, 0, 8], "texture": "#3"},
				"down": {"uv": [12, 0, 8, 4], "texture": "#3"}
			}
		},
		{
			"from": [7, 2, 11],
			"to": [9, 4, 15],
			"rotation": {"angle": -22.5, "axis": "x", "origin": [0, 0, 0]},
			"faces": {
				"north": {"uv": [2, 4, 4, 6], "texture": "#4"},
				"east": {"uv": [0, 0, 4, 2], "texture": "#4"},
				"south": {"uv": [4, 4, 6, 6], "texture": "#4"},
				"west": {"uv": [0, 2, 4, 4], "texture": "#4"},
				"up": {"uv": [2, 8, 0, 4], "texture": "#4"},
				"down": {"uv": [6, 0, 4, 4], "texture": "#4"}
			}
		},
		{
			"from": [10, 3, 12],
			"to": [12, 5, 14],
			"rotation": {"angle": 22.5, "axis": "z", "origin": [0, 0, 0]},
			"faces": {
				"north": {"uv": [0, 0, 2, 2], "texture": "#5"},
				"east": {"uv": [0, 2, 2, 4], "texture": "#5"},
				"south": {"uv": [2, 0, 4, 2], "texture": "#5"},
				"west": {"uv": [2, 2, 4, 4], "texture": "#5"},
				"up": {"uv": [2, 6, 0, 4], "texture": "#5"},
				"down": {"uv": [6, 0, 4, 2], "texture": "#5"}
			}
		}
	],
	"gui_light": "front",
	"display": {
		"thirdperson_righthand": {
			"translation": [0, 6.75, 0]
		},
		"thirdperson_lefthand": {
			"translation": [0, 6.5, 0]
		},
		"firstperson_righthand": {
			"rotation": [0, -31, 0],
			"translation": [3, 7, 0]
		},
		"firstperson_lefthand": {
			"translation": [4.25, 5.25, 0]
		},
		"ground": {
			"translation": [0, 12, 0],
			"scale": [2, 2, 2]
		},
		"gui": {
			"rotation": [0, 144, 0],
			"translation": [0, 7.5, 0],
			"scale": [2, 2, 2]
		},
		"head": {
			"rotation": [8, 0, 0],
			"translation": [0, 17, 2.25],
			"scale": [2, 2, 2]
		},
		"fixed": {
			"translation": [0, 8.25, -3.75],
			"scale": [2, 2, 2]
		}
	}
}