﻿{
	"parent": "minecraft:item/handheld",
	"textures": {
	"layer0": "minecraft:item/diamond_sword"
	},
	
	"overrides": [
		{"predicate": {"custom_model_data":1}, "model": "item/sword/epee1"},
		{"predicate": {"custom_model_data":2}, "model": "item/sword/epee2"},
		{"predicate": {"custom_model_data":3}, "model": "item/sword/epee3"},
		{"predicate": {"custom_model_data":4}, "model": "item/sword/epee4"},
		{"predicate": {"custom_model_data":5}, "model": "item/sword/epee5"},
		{"predicate": {"custom_model_data":6}, "model": "item/sword/epee6"},
		{"predicate": {"custom_model_data":7}, "model": "item/sword/epee7"},
		{"predicate": {"custom_model_data":8}, "model": "item/sword/epee8"},
		{"predicate": {"custom_model_data":9}, "model": "item/sword/epee9"},
		{"predicate": {"custom_model_data":10}, "model": "item/sword/epee10"},
		{"predicate": {"custom_model_data":11}, "model": "item/sword/epee11"},
		{"predicate": {"custom_model_data":12}, "model": "item/sword/epee12"},
		{"predicate": {"custom_model_data":13}, "model": "item/sword/epee13"},
		{"predicate": {"custom_model_data":14}, "model": "item/sword/epee14"},
		{"predicate": {"custom_model_data":15}, "model": "item/sword/epee15"},
		{"predicate": {"custom_model_data":16}, "model": "item/sword/epee16"},
		{"predicate": {"custom_model_data":17}, "model": "item/sword/epee17"},
		{"predicate": {"custom_model_data":18}, "model": "item/sword/epee18"},
		{"predicate": {"custom_model_data":19}, "model": "item/sword/epee19"},
    {"predicate": {"custom_model_data":20}, "model": "item/Mistsplitter"},
	{"predicate": {"custom_model_data":21}, "model": "item/watersword"},
	{"predicate": {"custom_model_data":22}, "model": "item/k1"},
	{"predicate": {"custom_model_data":23}, "model": "item/k2"}
	]
   }