{
	"credit": "Made with Blockbench",
	"parent": "item/generated",
	"textures": {
		"layer0": "item/legende1"
	},
	"display": {
		"thirdperson_righthand": {
			"rotation": [89.56, -89.31, 131.34],
			"translation": [0, 11, 2.5],
			"scale": [2.3, 2.3, 1]
		},
		"thirdperson_lefthand": {
			"rotation": [65.8, 1.86, 177.96],
			"translation": [-5.25, -6.25, 7.75],
			"scale": [1.99, 1.99, 1]
		},
		"firstperson_righthand": {
			"rotation": [170.04, -72.64, -153.49],
			"translation": [3.5, 9, 0.25],
			"scale": [1.53, 1.53, 0.46]
		},
		"firstperson_lefthand": {
			"rotation": [-129.5, -86.25, 180],
			"translation": [3.75, 7, 0],
			"scale": [0, 0, 0]
		},
		"ground": {
			"rotation": [85.81, -2.23, 4.52],
			"translation": [0, -2.75, -0.75],
			"scale": [1, 1, 0.6]
		},
		"gui": {
			"rotation": [176.06, 8.73, -88.6]
		},
		"head": {
			"translation": [0, 0, 3.25]
		}
	}
}