{
	"credit": "Made with Blockbench",
	"texture_size": [32, 32],
	"textures": {
		"0": "item/10k_downloads",
		"particle": "item/10k_downloads"
	},
	"elements": [
		{
			"from": [8, 3, 8.5],
			"to": [8.5, 5, 9],
			"faces": {
				"north": {"uv": [1, 0.75, 1.25, 1.75], "texture": "#0"},
				"east": {"uv": [1, 0.75, 1.25, 1.75], "texture": "#0"},
				"south": {"uv": [1, 1.25, 1.25, 2.25], "texture": "#0"},
				"west": {"uv": [1, 1.25, 1.25, 2.25], "texture": "#0"},
				"up": {"uv": [0, 0, 0.25, 0.25], "texture": "#missing"},
				"down": {"uv": [1, 0.75, 1.25, 1], "texture": "#0"}
			}
		},
		{
			"from": [7.5, 1, 8],
			"to": [8, 3, 8.5],
			"faces": {
				"north": {"uv": [1, 1, 1.25, 2], "texture": "#0"},
				"east": {"uv": [1, 1, 1.25, 2], "texture": "#0"},
				"south": {"uv": [1, 1, 1.25, 2], "texture": "#0"},
				"west": {"uv": [1, 1, 1.25, 2], "texture": "#0"},
				"up": {"uv": [1, 1, 1.25, 1.25], "texture": "#0"},
				"down": {"uv": [1, 1, 1.25, 1.25], "texture": "#0"}
			}
		},
		{
			"from": [8, -3, 8.5],
			"to": [8.5, -1, 9],
			"faces": {
				"north": {"uv": [1, 1, 1.25, 2], "texture": "#0"},
				"east": {"uv": [1, 1, 1.25, 2], "texture": "#0"},
				"south": {"uv": [1, 1, 1.25, 2], "texture": "#0"},
				"west": {"uv": [1, 1, 1.25, 2], "texture": "#0"},
				"up": {"uv": [1, 1, 1.25, 1.25], "texture": "#0"},
				"down": {"uv": [1, 1, 1.25, 1.25], "texture": "#0"}
			}
		},
		{
			"from": [8, -1, 8],
			"to": [8.5, 1, 8.5],
			"faces": {
				"north": {"uv": [1, 1, 1.25, 2], "texture": "#0"},
				"east": {"uv": [1, 1, 1.25, 2], "texture": "#0"},
				"south": {"uv": [1, 1, 1.25, 2], "texture": "#0"},
				"west": {"uv": [1, 1, 1.25, 2], "texture": "#0"},
				"up": {"uv": [1, 1, 1.25, 1.25], "texture": "#0"},
				"down": {"uv": [1, 1, 1.25, 1.25], "texture": "#0"}
			}
		},
		{
			"from": [7, 3, 8.5],
			"to": [7.5, 5, 9],
			"faces": {
				"north": {"uv": [8, 7.5, 8.25, 8.5], "texture": "#0"},
				"east": {"uv": [8, 7.5, 8.25, 8.5], "texture": "#0"},
				"south": {"uv": [8, 8, 8.25, 9], "texture": "#0"},
				"west": {"uv": [8, 8, 8.25, 9], "texture": "#0"},
				"up": {"uv": [7, 6.75, 7.25, 7], "texture": "#missing"},
				"down": {"uv": [8, 7.5, 8.25, 7.75], "texture": "#0"}
			}
		},
		{
			"from": [7, 1, 8],
			"to": [7.5, 3, 8.5],
			"faces": {
				"north": {"uv": [8, 7.75, 8.25, 8.75], "texture": "#0"},
				"east": {"uv": [8, 7.75, 8.25, 8.75], "texture": "#0"},
				"south": {"uv": [8, 7.75, 8.25, 8.75], "texture": "#0"},
				"west": {"uv": [8, 7.75, 8.25, 8.75], "texture": "#0"},
				"up": {"uv": [8, 7.75, 8.25, 8], "texture": "#0"},
				"down": {"uv": [8, 7.75, 8.25, 8], "texture": "#0"}
			}
		},
		{
			"from": [8, -3, 8.5],
			"to": [8.5, -1, 9],
			"faces": {
				"north": {"uv": [8, 7.75, 8.25, 8.75], "texture": "#0"},
				"east": {"uv": [8, 7.75, 8.25, 8.75], "texture": "#0"},
				"south": {"uv": [8, 7.75, 8.25, 8.75], "texture": "#0"},
				"west": {"uv": [8, 7.75, 8.25, 8.75], "texture": "#0"},
				"up": {"uv": [8, 7.75, 8.25, 8], "texture": "#0"},
				"down": {"uv": [8, 7.75, 8.25, 8], "texture": "#0"}
			}
		},
		{
			"from": [7.5, -1, 8],
			"to": [8, 1, 8.5],
			"faces": {
				"north": {"uv": [8, 7.75, 8.25, 8.75], "texture": "#0"},
				"east": {"uv": [8, 7.75, 8.25, 8.75], "texture": "#0"},
				"south": {"uv": [8, 7.75, 8.25, 8.75], "texture": "#0"},
				"west": {"uv": [8, 7.75, 8.25, 8.75], "texture": "#0"},
				"up": {"uv": [8, 7.75, 8.25, 8], "texture": "#0"},
				"down": {"uv": [8, 7.75, 8.25, 8], "texture": "#0"}
			}
		},
		{
			"from": [5, 6, 5],
			"to": [12, 11, 12],
			"faces": {
				"north": {"uv": [0, 0, 5.75, 3], "texture": "#0"},
				"east": {"uv": [0, 0, 5.75, 3], "texture": "#0"},
				"south": {"uv": [0, 0, 5.75, 3], "texture": "#0"},
				"west": {"uv": [0, 0, 5.75, 3], "texture": "#0"},
				"up": {"uv": [3, 9, 0, 6], "texture": "#0"},
				"down": {"uv": [9, 0, 6, 3], "texture": "#0"}
			}
		},
		{
			"from": [6, 5, 5],
			"to": [11, 6, 12],
			"faces": {
				"north": {"uv": [0, 3, 3, 6], "texture": "#0"},
				"east": {"uv": [0, 3, 3, 6], "texture": "#0"},
				"south": {"uv": [3, 3, 6, 6], "texture": "#0"},
				"west": {"uv": [3, 3, 6, 6], "texture": "#0"},
				"up": {"uv": [3, 9, 0, 6], "texture": "#0"},
				"down": {"uv": [9, 0, 6, 3], "texture": "#0"}
			}
		},
		{
			"from": [6, 11, 5],
			"to": [11, 12, 12],
			"faces": {
				"north": {"uv": [0, 3, 3, 6], "texture": "#0"},
				"east": {"uv": [0, 3, 3, 6], "texture": "#0"},
				"south": {"uv": [3, 3, 6, 6], "texture": "#0"},
				"west": {"uv": [3, 3, 6, 6], "texture": "#0"},
				"up": {"uv": [3, 9, 0, 6], "texture": "#0"},
				"down": {"uv": [9, 0, 6, 3], "texture": "#0"}
			}
		},
		{
			"from": [11, 11, 6],
			"to": [12, 12, 11],
			"faces": {
				"north": {"uv": [0, 3, 3, 6], "texture": "#0"},
				"east": {"uv": [0, 3, 3, 6], "texture": "#0"},
				"south": {"uv": [3, 3, 6, 6], "texture": "#0"},
				"west": {"uv": [3, 3, 6, 6], "texture": "#0"},
				"up": {"uv": [3, 9, 0, 6], "texture": "#0"},
				"down": {"uv": [9, 0, 6, 3], "texture": "#0"}
			}
		},
		{
			"from": [5, 11, 6],
			"to": [6, 12, 11],
			"faces": {
				"north": {"uv": [0, 3, 3, 6], "texture": "#0"},
				"east": {"uv": [0, 3, 3, 6], "texture": "#0"},
				"south": {"uv": [3, 3, 6, 6], "texture": "#0"},
				"west": {"uv": [3, 3, 6, 6], "texture": "#0"},
				"up": {"uv": [3, 9, 0, 6], "texture": "#0"},
				"down": {"uv": [9, 0, 6, 3], "texture": "#0"}
			}
		},
		{
			"from": [5, 5, 6],
			"to": [6, 6, 11],
			"faces": {
				"north": {"uv": [0, 3, 3, 6], "texture": "#0"},
				"east": {"uv": [0, 3, 3, 6], "texture": "#0"},
				"south": {"uv": [3, 3, 6, 6], "texture": "#0"},
				"west": {"uv": [3, 3, 6, 6], "texture": "#0"},
				"up": {"uv": [3, 9, 0, 6], "texture": "#0"},
				"down": {"uv": [9, 0, 6, 3], "texture": "#0"}
			}
		},
		{
			"from": [11, 5, 6],
			"to": [12, 6, 11],
			"faces": {
				"north": {"uv": [0, 3, 3, 6], "texture": "#0"},
				"east": {"uv": [0, 3, 3, 6], "texture": "#0"},
				"south": {"uv": [3, 3, 6, 6], "texture": "#0"},
				"west": {"uv": [3, 3, 6, 6], "texture": "#0"},
				"up": {"uv": [3, 9, 0, 6], "texture": "#0"},
				"down": {"uv": [9, 0, 6, 3], "texture": "#0"}
			}
		},
		{
			"from": [4, 6, 4],
			"to": [11, 11, 11],
			"faces": {
				"north": {"uv": [7, 7, 12.75, 10], "texture": "#0"},
				"east": {"uv": [7, 7, 12.75, 10], "texture": "#0"},
				"south": {"uv": [7, 7, 12.75, 10], "texture": "#0"},
				"west": {"uv": [7, 7, 12.75, 10], "texture": "#0"},
				"up": {"uv": [10, 16, 7, 13], "texture": "#0"},
				"down": {"uv": [16, 7, 13, 10], "texture": "#0"}
			}
		},
		{
			"from": [5, 5, 4],
			"to": [10, 6, 11],
			"faces": {
				"north": {"uv": [7, 10, 10, 13], "texture": "#0"},
				"east": {"uv": [7, 10, 10, 13], "texture": "#0"},
				"south": {"uv": [10, 10, 13, 13], "texture": "#0"},
				"west": {"uv": [10, 10, 13, 13], "texture": "#0"},
				"up": {"uv": [10, 16, 7, 13], "texture": "#0"},
				"down": {"uv": [16, 7, 13, 10], "texture": "#0"}
			}
		},
		{
			"from": [5, 11, 4],
			"to": [10, 12, 11],
			"faces": {
				"north": {"uv": [7, 10, 10, 13], "texture": "#0"},
				"east": {"uv": [7, 10, 10, 13], "texture": "#0"},
				"south": {"uv": [10, 10, 13, 13], "texture": "#0"},
				"west": {"uv": [10, 10, 13, 13], "texture": "#0"},
				"up": {"uv": [10, 16, 7, 13], "texture": "#0"},
				"down": {"uv": [16, 7, 13, 10], "texture": "#0"}
			}
		},
		{
			"from": [10, 11, 5],
			"to": [11, 12, 10],
			"faces": {
				"north": {"uv": [7, 10, 10, 13], "texture": "#0"},
				"east": {"uv": [7, 10, 10, 13], "texture": "#0"},
				"south": {"uv": [10, 10, 13, 13], "texture": "#0"},
				"west": {"uv": [10, 10, 13, 13], "texture": "#0"},
				"up": {"uv": [10, 16, 7, 13], "texture": "#0"},
				"down": {"uv": [16, 7, 13, 10], "texture": "#0"}
			}
		},
		{
			"from": [4, 11, 5],
			"to": [5, 12, 10],
			"faces": {
				"north": {"uv": [7, 10, 10, 13], "texture": "#0"},
				"east": {"uv": [7, 10, 10, 13], "texture": "#0"},
				"south": {"uv": [10, 10, 13, 13], "texture": "#0"},
				"west": {"uv": [10, 10, 13, 13], "texture": "#0"},
				"up": {"uv": [10, 16, 7, 13], "texture": "#0"},
				"down": {"uv": [16, 7, 13, 10], "texture": "#0"}
			}
		},
		{
			"from": [4, 5, 5],
			"to": [5, 6, 10],
			"faces": {
				"north": {"uv": [7, 10, 10, 13], "texture": "#0"},
				"east": {"uv": [7, 10, 10, 13], "texture": "#0"},
				"south": {"uv": [10, 10, 13, 13], "texture": "#0"},
				"west": {"uv": [10, 10, 13, 13], "texture": "#0"},
				"up": {"uv": [10, 16, 7, 13], "texture": "#0"},
				"down": {"uv": [16, 7, 13, 10], "texture": "#0"}
			}
		},
		{
			"from": [10, 5, 5],
			"to": [11, 6, 10],
			"faces": {
				"north": {"uv": [7, 10, 10, 13], "texture": "#0"},
				"east": {"uv": [7, 10, 10, 13], "texture": "#0"},
				"south": {"uv": [10, 10, 13, 13], "texture": "#0"},
				"west": {"uv": [10, 10, 13, 13], "texture": "#0"},
				"up": {"uv": [10, 16, 7, 13], "texture": "#0"},
				"down": {"uv": [16, 7, 13, 10], "texture": "#0"}
			}
		}
	],
	"display": {
		"thirdperson_righthand": {
			"scale": [0.61133, 0.61133, 0.61133]
		},
		"thirdperson_lefthand": {
			"rotation": [69, 0, 0],
			"translation": [1, 1.75, 18.75],
			"scale": [0.8, 0.8, 0.8]
		},
		"firstperson_lefthand": {
			"translation": [22, -4.25, 0]
		},
		"gui": {
			"rotation": [5, 36, 0],
			"translation": [1, 2.75, 0],
			"scale": [0.9, 0.9, 0.9]
		},
		"head": {
			"translation": [0, 15.75, 0]
		},
		"fixed": {
			"translation": [0, 2, 0]
		}
	},
	"groups": [
		{
			"name": "String1",
			"origin": [0, 0, 0],
			"color": 0,
			"children": [0, 1, 2, 3]
		},
		{
			"name": "String2",
			"origin": [0, 0, 0],
			"color": 0,
			"children": [4, 5, 6, 7]
		},
		{
			"name": "Balloon1",
			"origin": [0, 0, 0],
			"color": 0,
			"children": [8, 9, 10, 11, 12, 13, 14]
		},
		{
			"name": "Balloon2",
			"origin": [0, 0, 0],
			"color": 0,
			"children": [15, 16, 17, 18, 19, 20, 21]
		}
	]
}