{
	"credit": "Made with Blockbench",
	"texture_size": [64, 64],
	"textures": {
		"0": "item/bread",
		"particle": "item/bread"
	},
	
	"overrides":
	[
			{
			"predicate":
			{
				"custom_model_data":101
			},
			"model":"item/bread_slice"
		},
		{
			"predicate":
			{
				"custom_model_data":102
			},
			"model":"item/bread_sandwich"
		}
	],
	"elements": [
		{
			"from": [4, 0, 3],
			"to": [12, 4, 13],
			"faces": {
				"north": {"uv": [4, 0, 6, 1], "texture": "#0"},
				"east": {"uv": [3, 2.5, 5.5, 3.5], "texture": "#0"},
				"south": {"uv": [4, 1, 6, 2], "texture": "#0"},
				"west": {"uv": [3, 3.5, 5.5, 4.5], "texture": "#0"},
				"up": {"uv": [2, 2.5, 0, 0], "texture": "#0"},
				"down": {"uv": [4, 0, 2, 2.5], "texture": "#0"}
			}
		},
		{
			"from": [5, 3.5, 4],
			"to": [11, 4.5, 12],
			"faces": {
				"north": {"uv": [2.75, 7, 4.25, 7.25], "texture": "#0"},
				"east": {"uv": [6.25, 0.5, 8.25, 0.75], "texture": "#0"},
				"south": {"uv": [7, 2.75, 8.5, 3], "texture": "#0"},
				"west": {"uv": [6.25, 0.75, 8.25, 1], "texture": "#0"},
				"up": {"uv": [1.5, 4.5, 0, 2.5], "texture": "#0"},
				"down": {"uv": [3, 2.5, 1.5, 4.5], "texture": "#0"}
			}
		},
		{
			"from": [4, 1, 2],
			"to": [12, 3, 3],
			"faces": {
				"north": {"uv": [4, 2, 6, 2.5], "texture": "#0"},
				"east": {"uv": [1.5, 6.5, 1.75, 7], "texture": "#0"},
				"south": {"uv": [0, 4.5, 2, 5], "texture": "#0"},
				"west": {"uv": [1.75, 6.5, 2, 7], "texture": "#0"},
				"up": {"uv": [7.5, 4.25, 5.5, 4], "texture": "#0"},
				"down": {"uv": [7.5, 4.25, 5.5, 4.5], "texture": "#0"}
			}
		},
		{
			"from": [4.5, 1, 1],
			"to": [11.5, 3, 2],
			"faces": {
				"north": {"uv": [0, 5, 1.75, 5.5], "texture": "#0"},
				"east": {"uv": [6.25, 7.5, 6.5, 8], "texture": "#0"},
				"south": {"uv": [1.75, 5, 3.5, 5.5], "texture": "#0"},
				"west": {"uv": [6.5, 7.5, 6.75, 8], "texture": "#0"},
				"up": {"uv": [8, 1.25, 6.25, 1], "texture": "#0"},
				"down": {"uv": [8, 1.25, 6.25, 1.5], "texture": "#0"}
			}
		},
		{
			"from": [5, 1.5, 0.5],
			"to": [11, 2.5, 1.5],
			"faces": {
				"north": {"uv": [7, 5, 8.5, 5.25], "texture": "#0"},
				"east": {"uv": [3.75, 7.75, 4, 8], "texture": "#0"},
				"south": {"uv": [7, 5.25, 8.5, 5.5], "texture": "#0"},
				"west": {"uv": [4, 7.75, 4.25, 8], "texture": "#0"},
				"up": {"uv": [7.75, 7.25, 6.25, 7], "texture": "#0"},
				"down": {"uv": [1.5, 7.25, 0, 7.5], "texture": "#0"}
			}
		},
		{
			"from": [5, 1.5, 14.5],
			"to": [11, 2.5, 15.5],
			"faces": {
				"north": {"uv": [2.75, 7.25, 4.25, 7.5], "texture": "#0"},
				"east": {"uv": [7.75, 5.75, 8, 6], "texture": "#0"},
				"south": {"uv": [6.25, 7.25, 7.75, 7.5], "texture": "#0"},
				"west": {"uv": [7.75, 6, 8, 6.25], "texture": "#0"},
				"up": {"uv": [1.5, 7.75, 0, 7.5], "texture": "#0"},
				"down": {"uv": [4.25, 7.5, 2.75, 7.75], "texture": "#0"}
			}
		},
		{
			"from": [5, 3, 2],
			"to": [11, 4, 3],
			"faces": {
				"north": {"uv": [6.25, 2, 7.75, 2.25], "texture": "#0"},
				"east": {"uv": [0.25, 7.75, 0.5, 8], "texture": "#0"},
				"south": {"uv": [2.75, 6.25, 4.25, 6.5], "texture": "#0"},
				"west": {"uv": [0.5, 7.75, 0.75, 8], "texture": "#0"},
				"up": {"uv": [7.75, 6.25, 6.25, 6], "texture": "#0"},
				"down": {"uv": [7.75, 6.25, 6.25, 6.5], "texture": "#0"}
			}
		},
		{
			"from": [5, 0, 1],
			"to": [11, 1, 3],
			"faces": {
				"north": {"uv": [2.75, 6.75, 4.25, 7], "texture": "#0"},
				"east": {"uv": [1.5, 7.5, 2, 7.75], "texture": "#0"},
				"south": {"uv": [6.25, 6.75, 7.75, 7], "texture": "#0"},
				"west": {"uv": [7.5, 4, 8, 4.25], "texture": "#0"},
				"up": {"uv": [1.5, 6, 0, 5.5], "texture": "#0"},
				"down": {"uv": [3, 5.5, 1.5, 6], "texture": "#0"}
			}
		},
		{
			"from": [5, 3, 13],
			"to": [11, 4, 14],
			"faces": {
				"north": {"uv": [0, 6.5, 1.5, 6.75], "texture": "#0"},
				"east": {"uv": [0.75, 7.75, 1, 8], "texture": "#0"},
				"south": {"uv": [2.75, 6.5, 4.25, 6.75], "texture": "#0"},
				"west": {"uv": [1, 7.75, 1.25, 8], "texture": "#0"},
				"up": {"uv": [7.75, 6.75, 6.25, 6.5], "texture": "#0"},
				"down": {"uv": [1.5, 6.75, 0, 7], "texture": "#0"}
			}
		},
		{
			"from": [5, 0, 13],
			"to": [11, 1, 15],
			"faces": {
				"north": {"uv": [0, 7, 1.5, 7.25], "texture": "#0"},
				"east": {"uv": [7.5, 4.25, 8, 4.5], "texture": "#0"},
				"south": {"uv": [7, 2.5, 8.5, 2.75], "texture": "#0"},
				"west": {"uv": [7.5, 5.5, 8, 5.75], "texture": "#0"},
				"up": {"uv": [7, 3, 5.5, 2.5], "texture": "#0"},
				"down": {"uv": [4.5, 5.5, 3, 6], "texture": "#0"}
			}
		},
		{
			"from": [4, 1, 13],
			"to": [12, 3, 14],
			"faces": {
				"north": {"uv": [2, 4.5, 4, 5], "texture": "#0"},
				"east": {"uv": [1.5, 7, 1.75, 7.5], "texture": "#0"},
				"south": {"uv": [4, 4.5, 6, 5], "texture": "#0"},
				"west": {"uv": [1.75, 7, 2, 7.5], "texture": "#0"},
				"up": {"uv": [7.5, 5.75, 5.5, 5.5], "texture": "#0"},
				"down": {"uv": [7.5, 5.75, 5.5, 6], "texture": "#0"}
			}
		},
		{
			"from": [4.5, 1, 14],
			"to": [11.5, 3, 15],
			"faces": {
				"north": {"uv": [3.5, 5, 5.25, 5.5], "texture": "#0"},
				"east": {"uv": [6.75, 7.5, 7, 8], "texture": "#0"},
				"south": {"uv": [5.25, 5, 7, 5.5], "texture": "#0"},
				"west": {"uv": [7, 7.5, 7.25, 8], "texture": "#0"},
				"up": {"uv": [8, 1.75, 6.25, 1.5], "texture": "#0"},
				"down": {"uv": [8, 1.75, 6.25, 2], "texture": "#0"}
			}
		},
		{
			"from": [3.5, 1.5, 2.5],
			"to": [4.5, 2.5, 13.5],
			"faces": {
				"north": {"uv": [7.5, 5.75, 7.75, 6], "texture": "#0"},
				"east": {"uv": [5.5, 3, 8.25, 3.25], "texture": "#0"},
				"south": {"uv": [7.25, 7.5, 7.5, 7.75], "texture": "#0"},
				"west": {"uv": [5.5, 3.25, 8.25, 3.5], "texture": "#0"},
				"up": {"uv": [4.75, 8.25, 4.5, 5.5], "texture": "#0"},
				"down": {"uv": [5, 5.5, 4.75, 8.25], "texture": "#0"}
			}
		},
		{
			"from": [3.5, 2.5, 4],
			"to": [4.5, 3.5, 12],
			"faces": {
				"north": {"uv": [7.5, 7.5, 7.75, 7.75], "texture": "#0"},
				"east": {"uv": [0, 6, 2, 6.25], "texture": "#0"},
				"south": {"uv": [0, 7.75, 0.25, 8], "texture": "#0"},
				"west": {"uv": [6, 0, 8, 0.25], "texture": "#0"},
				"up": {"uv": [6.25, 2.25, 6, 0.25], "texture": "#0"},
				"down": {"uv": [2.25, 6, 2, 8], "texture": "#0"}
			}
		},
		{
			"from": [3.5, 0.5, 4],
			"to": [4.5, 1.5, 12],
			"faces": {
				"north": {"uv": [1.25, 7.75, 1.5, 8], "texture": "#0"},
				"east": {"uv": [2.25, 6, 4.25, 6.25], "texture": "#0"},
				"south": {"uv": [1.5, 7.75, 1.75, 8], "texture": "#0"},
				"west": {"uv": [6, 2.25, 8, 2.5], "texture": "#0"},
				"up": {"uv": [4.5, 8, 4.25, 6], "texture": "#0"},
				"down": {"uv": [5.75, 6, 5.5, 8], "texture": "#0"}
			}
		},
		{
			"from": [11.5, 2.5, 4],
			"to": [12.5, 3.5, 12],
			"faces": {
				"north": {"uv": [3.25, 7.75, 3.5, 8], "texture": "#0"},
				"east": {"uv": [0, 6.25, 2, 6.5], "texture": "#0"},
				"south": {"uv": [3.5, 7.75, 3.75, 8], "texture": "#0"},
				"west": {"uv": [6.25, 0.25, 8.25, 0.5], "texture": "#0"},
				"up": {"uv": [2.5, 8.25, 2.25, 6.25], "texture": "#0"},
				"down": {"uv": [2.75, 6.25, 2.5, 8.25], "texture": "#0"}
			}
		},
		{
			"from": [11.5, 1.5, 2.5],
			"to": [12.5, 2.5, 13.5],
			"faces": {
				"north": {"uv": [2.75, 7.75, 3, 8], "texture": "#0"},
				"east": {"uv": [5.5, 3.5, 8.25, 3.75], "texture": "#0"},
				"south": {"uv": [3, 7.75, 3.25, 8], "texture": "#0"},
				"west": {"uv": [5.5, 3.75, 8.25, 4], "texture": "#0"},
				"up": {"uv": [5.25, 8.25, 5, 5.5], "texture": "#0"},
				"down": {"uv": [5.5, 5.5, 5.25, 8.25], "texture": "#0"}
			}
		},
		{
			"from": [11.5, 0.5, 4],
			"to": [12.5, 1.5, 12],
			"faces": {
				"north": {"uv": [1.75, 7.75, 2, 8], "texture": "#0"},
				"east": {"uv": [6, 4.5, 8, 4.75], "texture": "#0"},
				"south": {"uv": [7.75, 2, 8, 2.25], "texture": "#0"},
				"west": {"uv": [6, 4.75, 8, 5], "texture": "#0"},
				"up": {"uv": [6, 8, 5.75, 6], "texture": "#0"},
				"down": {"uv": [6.25, 6, 6, 8], "texture": "#0"}
			}
		}
	],
	"display": {
		"thirdperson_righthand": {
			"rotation": [80.26, 51.03, -9.98],
			"translation": [-0.75, 3.25, 3],
			"scale": [0.7, 0.7, 0.7]
		},
		"thirdperson_lefthand": {
			"rotation": [80.26, 51.03, -9.98],
			"translation": [-0.75, 3.25, 3],
			"scale": [0.7, 0.7, 0.7]
		},
		"firstperson_righthand": {
			"rotation": [15.21, 59.06, 8.16],
			"translation": [1.25, 5.75, 0.75]
		},
		"firstperson_lefthand": {
			"rotation": [15.21, 59.06, 8.16],
			"translation": [1.25, 5.75, 0.75]
		},
		"ground": {
			"rotation": [-17.54, 0.87, -5.62],
			"translation": [0, 5.75, 0]
		},
		"gui": {
			"rotation": [95.15, 47.73, -46.65],
			"translation": [3.75, 3.25, 0],
			"scale": [1.2, 1.2, 1.2]
		},
		"head": {
			"rotation": [0, -37.25, 0],
			"translation": [0, 19, 0],
			"scale": [1.6, 1.6, 1.6]
		},
		"fixed": {
			"rotation": [-90, -15.5, 0],
			"translation": [0, 0, -16],
			"scale": [2, 2, 2]
		}
	}
}