{
	"credit": "Made with Blockbench",
	"texture_size": [64, 64],
	"textures": {
		"0": "item/bread_slice",
		"particle": "item/bread_slice"
	},
	"elements": [
		{
			"from": [6.14312, 0.25, 3.60688],
			"to": [10.14312, 1.25, 11.60688],
			"rotation": {"angle": 0, "axis": "y", "origin": [8.875, 2.6875, 7.73188]},
			"faces": {
				"north": {"uv": [3, 3.5, 3.25, 4.5], "rotation": 270, "texture": "#0"},
				"east": {"uv": [0, 0, 2, 0.25], "texture": "#0"},
				"south": {"uv": [3, 2.5, 3.25, 3.5], "rotation": 90, "texture": "#0"},
				"west": {"uv": [2, 0, 4, 0.25], "rotation": 180, "texture": "#0"},
				"up": {"uv": [4, 0, 6, 1], "rotation": 90, "texture": "#0"},
				"down": {"uv": [4, 1, 6, 2], "rotation": 90, "texture": "#0"}
			}
		},
		{
			"from": [10.14312, 0.25, 4.60688],
			"to": [10.64312, 1.25, 10.60688],
			"rotation": {"angle": 0, "axis": "y", "origin": [8.875, 2.6875, 7.73188]},
			"faces": {
				"north": {"uv": [0, 0, 0.25, 0.125], "rotation": 270, "texture": "#0"},
				"east": {"uv": [0, 2.5, 1.5, 2.75], "texture": "#0"},
				"south": {"uv": [0, 0, 0.25, 0.125], "rotation": 90, "texture": "#0"},
				"west": {"uv": [3.25, 2.75, 4.75, 3], "rotation": 180, "texture": "#0"},
				"up": {"uv": [3.5, 4, 5, 4.125], "rotation": 90, "texture": "#0"},
				"down": {"uv": [3.25, 3, 4.75, 3.125], "rotation": 90, "texture": "#0"}
			}
		},
		{
			"from": [6.64312, 0.25, 11.60688],
			"to": [9.64312, 1.25, 12.10688],
			"rotation": {"angle": 0, "axis": "y", "origin": [8.875, 2.6875, 7.73188]},
			"faces": {
				"north": {"uv": [4.75, 2.5, 5, 3.25], "rotation": 270, "texture": "#0"},
				"east": {"uv": [4.25, 2.5, 4.375, 2.75], "texture": "#0"},
				"south": {"uv": [5.25, 2.5, 5.5, 3.25], "rotation": 90, "texture": "#0"},
				"west": {"uv": [5, 4.25, 5.125, 4.5], "rotation": 180, "texture": "#0"},
				"up": {"uv": [4.75, 2.75, 5, 3.5], "rotation": 90, "texture": "#0"},
				"down": {"uv": [5.25, 3.5, 5.5, 4.25], "rotation": 90, "texture": "#0"}
			}
		},
		{
			"from": [6.64312, 0.25, 3.10688],
			"to": [9.64312, 1.25, 3.60688],
			"rotation": {"angle": 0, "axis": "y", "origin": [8.875, 2.6875, 7.73188]},
			"faces": {
				"north": {"uv": [3, 2.5, 3.25, 3.25], "rotation": 270, "texture": "#0"},
				"east": {"uv": [2.75, 3.25, 2.875, 3.5], "texture": "#0"},
				"south": {"uv": [3, 2.5, 3.25, 3.25], "rotation": 90, "texture": "#0"},
				"west": {"uv": [3, 4.25, 3.125, 4.5], "rotation": 180, "texture": "#0"},
				"up": {"uv": [3, 2.5, 3.125, 3.25], "rotation": 90, "texture": "#0"},
				"down": {"uv": [3, 2.5, 3.125, 3.25], "rotation": 90, "texture": "#0"}
			}
		},
		{
			"from": [3.15018, 2.57453, 6.60688],
			"to": [11.15018, 3.57453, 10.60688],
			"rotation": {"angle": 22.5, "axis": "z", "origin": [8.875, 2.6875, 7.73188]},
			"faces": {
				"north": {"uv": [2, 0.25, 4, 0], "rotation": 180, "texture": "#0"},
				"east": {"uv": [3.25, 3.5, 3, 4.5], "rotation": 270, "texture": "#0"},
				"south": {"uv": [0, 0.25, 2, 0], "texture": "#0"},
				"west": {"uv": [3.25, 2.5, 3, 3.5], "rotation": 90, "texture": "#0"},
				"up": {"uv": [6, 1, 4, 2], "rotation": 180, "texture": "#0"},
				"down": {"uv": [6, 0, 4, 1], "texture": "#0"}
			}
		},
		{
			"from": [4.15018, 2.57453, 10.60688],
			"to": [10.15018, 3.57453, 11.10688],
			"rotation": {"angle": 22.5, "axis": "z", "origin": [8.875, 2.6875, 7.73188]},
			"faces": {
				"north": {"uv": [3.25, 3, 4.75, 2.75], "rotation": 180, "texture": "#0"},
				"east": {"uv": [0.25, 0, 0, 0.125], "rotation": 270, "texture": "#0"},
				"south": {"uv": [0, 2.75, 1.5, 2.5], "texture": "#0"},
				"west": {"uv": [0.25, 0, 0, 0.125], "rotation": 90, "texture": "#0"},
				"up": {"uv": [4.75, 3, 3.25, 3.125], "rotation": 180, "texture": "#0"},
				"down": {"uv": [5, 4, 3.5, 4.125], "texture": "#0"}
			}
		},
		{
			"from": [2.65018, 2.57453, 7.10688],
			"to": [3.15018, 3.57453, 10.10688],
			"rotation": {"angle": 22.5, "axis": "z", "origin": [8.875, 2.6875, 7.73188]},
			"faces": {
				"north": {"uv": [5, 4.5, 5.125, 4.25], "rotation": 180, "texture": "#0"},
				"east": {"uv": [5, 2.5, 4.75, 3.25], "rotation": 270, "texture": "#0"},
				"south": {"uv": [4.25, 2.75, 4.375, 2.5], "texture": "#0"},
				"west": {"uv": [5.5, 2.5, 5.25, 3.25], "rotation": 90, "texture": "#0"},
				"up": {"uv": [5.5, 3.5, 5.25, 4.25], "rotation": 180, "texture": "#0"},
				"down": {"uv": [5, 2.75, 4.75, 3.5], "texture": "#0"}
			}
		},
		{
			"from": [11.15018, 2.57453, 7.10688],
			"to": [11.65018, 3.57453, 10.10688],
			"rotation": {"angle": 22.5, "axis": "z", "origin": [8.875, 2.6875, 7.73188]},
			"faces": {
				"north": {"uv": [3, 4.5, 3.125, 4.25], "rotation": 180, "texture": "#0"},
				"east": {"uv": [3.25, 2.5, 3, 3.25], "rotation": 270, "texture": "#0"},
				"south": {"uv": [2.75, 3.5, 2.875, 3.25], "texture": "#0"},
				"west": {"uv": [3.25, 2.5, 3, 3.25], "rotation": 90, "texture": "#0"},
				"up": {"uv": [3.125, 2.5, 3, 3.25], "rotation": 180, "texture": "#0"},
				"down": {"uv": [3.125, 2.5, 3, 3.25], "texture": "#0"}
			}
		},
		{
			"from": [11.54312, 0, 7.85688],
			"to": [15.54312, 4, 11.85688],
			"rotation": {"angle": 0, "axis": "y", "origin": [8.875, 2.4375, 7.73188]},
			"faces": {
				"north": {"uv": [12, 0.25, 13, 1.25], "texture": "#0"},
				"east": {"uv": [11, 0.25, 12, 1.25], "texture": "#0"},
				"south": {"uv": [12.5, 1.25, 13.5, 2.25], "texture": "#0"},
				"west": {"uv": [10, 0.25, 11, 1.25], "texture": "#0"},
				"up": {"uv": [11.5, 1.25, 12.5, 2.25], "rotation": 270, "texture": "#0"},
				"down": {"uv": [10.5, 1.25, 11.5, 2.25], "rotation": 90, "texture": "#0"}
			}
		},
		{
			"from": [12.04312, 3.5, 8.35688],
			"to": [15.04312, 4.5, 11.35688],
			"rotation": {"angle": 0, "axis": "y", "origin": [8.875, 2.4375, 7.73188]},
			"faces": {
				"north": {"uv": [8.25, 2.25, 8.75, 2.5], "texture": "#0"},
				"east": {"uv": [8.75, 2, 9.25, 2.25], "texture": "#0"},
				"south": {"uv": [8.25, 2, 8.75, 2.25], "texture": "#0"},
				"west": {"uv": [8.75, 2.25, 9.25, 2.5], "texture": "#0"},
				"up": {"uv": [8.75, 1.5, 9.25, 2], "rotation": 270, "texture": "#0"},
				"down": {"uv": [8.25, 1.5, 8.75, 2], "rotation": 90, "texture": "#0"}
			}
		},
		{
			"from": [12.79312, 4, 11.35688],
			"to": [13.79312, 4.5, 12.35688],
			"rotation": {"angle": 0, "axis": "y", "origin": [8.875, 2.4375, 7.73188]},
			"faces": {
				"north": {"uv": [9.75, 4, 10, 4.125], "texture": "#0"},
				"east": {"uv": [9.75, 3.75, 10, 3.875], "texture": "#0"},
				"south": {"uv": [9.25, 4, 9.5, 4.125], "texture": "#0"},
				"west": {"uv": [9.25, 3.75, 9.5, 3.875], "texture": "#0"},
				"up": {"uv": [9.5, 4, 9.75, 4.25], "rotation": 270, "texture": "#0"},
				"down": {"uv": [9.5, 3.75, 9.75, 4], "rotation": 90, "texture": "#0"}
			}
		},
		{
			"from": [14.04312, 4, 11.35688],
			"to": [15.04312, 4.5, 12.35688],
			"rotation": {"angle": 0, "axis": "y", "origin": [8.875, 2.4375, 7.73188]},
			"faces": {
				"north": {"uv": [10.5, 3.25, 10.75, 3.375], "texture": "#0"},
				"east": {"uv": [10, 3.5, 10.25, 3.625], "texture": "#0"},
				"south": {"uv": [10, 3.25, 10.25, 3.375], "texture": "#0"},
				"west": {"uv": [10.5, 3.5, 10.75, 3.625], "texture": "#0"},
				"up": {"uv": [10.25, 3.5, 10.5, 3.75], "rotation": 270, "texture": "#0"},
				"down": {"uv": [10.25, 3.25, 10.5, 3.5], "rotation": 90, "texture": "#0"}
			}
		},
		{
			"from": [12.79312, 1.5, 11.85688],
			"to": [13.79312, 4, 12.35688],
			"rotation": {"angle": 0, "axis": "y", "origin": [8.875, 2.4375, 7.73188]},
			"faces": {
				"north": {"uv": [9.75, 2.5, 10, 3.125], "texture": "#0"},
				"east": {"uv": [9.5, 2.5, 9.625, 3.125], "texture": "#0"},
				"south": {"uv": [9.75, 1.75, 10, 2.375], "texture": "#0"},
				"west": {"uv": [9.5, 1.75, 9.625, 2.375], "texture": "#0"},
				"up": {"uv": [10.25, 2.5, 10.375, 2.75], "rotation": 270, "texture": "#0"},
				"down": {"uv": [10.25, 2, 10.375, 2.25], "rotation": 90, "texture": "#0"}
			}
		},
		{
			"from": [14.04312, 0.5, 11.85688],
			"to": [15.04312, 4, 12.35688],
			"rotation": {"angle": 0, "axis": "y", "origin": [8.875, 2.4375, 7.73188]},
			"faces": {
				"north": {"uv": [11.5, 2.5, 11.75, 3.375], "texture": "#0"},
				"east": {"uv": [11.25, 3.5, 11.375, 4.375], "texture": "#0"},
				"south": {"uv": [11.25, 2.5, 11.5, 3.375], "texture": "#0"},
				"west": {"uv": [11.5, 3.5, 11.625, 4.375], "texture": "#0"},
				"up": {"uv": [11.75, 3.5, 11.875, 3.75], "rotation": 270, "texture": "#0"},
				"down": {"uv": [11.75, 3.75, 11.875, 4], "rotation": 90, "texture": "#0"}
			}
		},
		{
			"from": [12.04312, 4.5, 8.35688],
			"to": [15.04312, 5.25, 11.35688],
			"rotation": {"angle": 0, "axis": "y", "origin": [8.875, 2.4375, 7.73188]},
			"faces": {
				"north": {"uv": [9, 0.75, 9.5, 0.9375], "texture": "#0"},
				"east": {"uv": [8.25, 1, 8.75, 1.1875], "texture": "#0"},
				"south": {"uv": [8.25, 0.75, 8.75, 0.9375], "texture": "#0"},
				"west": {"uv": [9, 1, 9.5, 1.1875], "texture": "#0"},
				"up": {"uv": [9, 0.25, 9.5, 0.75], "rotation": 270, "texture": "#0"},
				"down": {"uv": [8.25, 0.25, 8.75, 0.75], "rotation": 90, "texture": "#0"}
			}
		},
		{
			"from": [2.28166, -0.05, 2.62597],
			"to": [12.28166, 0.2, 12.62597],
			"rotation": {"angle": 22.5, "axis": "y", "origin": [8.875, 2.4375, 7.73188]},
			"faces": {
				"north": {"uv": [12.75, 7.5, 15.25, 7.5625], "texture": "#0"},
				"east": {"uv": [12.75, 8.25, 15.25, 8.3125], "texture": "#0"},
				"south": {"uv": [12.75, 8, 15.25, 8.0625], "texture": "#0"},
				"west": {"uv": [12.75, 7.75, 15.25, 7.8125], "texture": "#0"},
				"up": {"uv": [12.75, 5, 15.25, 7.5], "texture": "#0"},
				"down": {"uv": [12.75, 2.5, 15.25, 5], "texture": "#0"}
			}
		}
	],
	"display": {
		"thirdperson_righthand": {
			"rotation": [-124.2, -46.78, 171.41],
			"translation": [0.5, 4.75, 5.5],
			"scale": [0.7, 0.7, 0.7]
		},
		"thirdperson_lefthand": {
			"rotation": [-124.2, -46.78, 171.41],
			"translation": [0.5, 4.75, 5.5],
			"scale": [0.7, 0.7, 0.7]
		},
		"firstperson_righthand": {
			"rotation": [180, 53, -180],
			"translation": [1, 8, 0.75]
		},
		"firstperson_lefthand": {
			"rotation": [180, 53, -180],
			"translation": [1, 8, 0.75]
		},
		"ground": {
			"rotation": [-17.54, 0.87, -5.62],
			"translation": [0, 5.75, 0]
		},
		"gui": {
			"rotation": [-130.63, -4.81, -167.84],
			"translation": [2.5, 5.5, 0],
			"scale": [1.2, 1.2, 1.2]
		},
		"head": {
			"rotation": [0, -14.5, 0],
			"translation": [-1.5, 19.75, -2],
			"scale": [1.6, 1.6, 1.6]
		},
		"fixed": {
			"rotation": [-90, 8.25, 0],
			"translation": [-0.5, -1, -16],
			"scale": [2, 2, 2]
		}
	},
	"groups": [
		{
			"name": "slice",
			"origin": [0, 0, 0],
			"color": 0,
			"children": [0, 1, 2, 3]
		},
		{
			"name": "slice top",
			"origin": [0, 0, 0],
			"color": 0,
			"children": [4, 5, 6, 7]
		},
		{
			"name": "group",
			"origin": [0, 0, 0],
			"color": 0,
			"children": [8, 9, 10, 11, 12, 13, 14]
		},
		15
	]
}