{
  "parent": "minecraft:item/generated",
  "textures": {
    "layer0": "minecraft:item/bread"
},
"overrides": [
      {"predicate":{"custom_model_data": 32200},"model": "item/bread1"}, 
        {"predicate":{"custom_model_data": 32201},"model": "item/bread_sandwich"}, 
        {"predicate":{"custom_model_data": 32202},"model": "item/bread_slice2"}, 
        {"predicate":{"custom_model_data": 32203},"model": "item/cauldron2"},
        {"predicate":{"custom_model_data": 32204},"model": "item/pumpkin_pie2"},
        {"predicate":{"custom_model_data": 32205},"model": "item/pumpkin_pie_slice3"}
  ]
}
