{
	"__comment": "Designed by MrZoom31 with Cubik Studio - https://cubik.studio",
	"textures": {
		"diamond_axe": "items/dai6"
	},
	"elements": [ 	 
		{
			"__comment": "Voxels",
			"from": [ -16, 7, 8 ],
			"to": [ 25, 10, 9 ],
			"faces": {
				"down": { "uv": [ 0, 14.25, 10.25, 14.5 ], "texture": "#diamond_axe" },
				"up": { "uv": [ 0, 14.25, 10.25, 14 ], "texture": "#diamond_axe" },
				"north": { "uv": [ 10.25, 15.25, 0, 16 ], "texture": "#diamond_axe" },
				"south": { "uv": [ 0, 14.5, 10.25, 15.25 ], "texture": "#diamond_axe" },
				"west": { "uv": [ 7.5, 2.5, 7.75, 3.25 ], "texture": "#diamond_axe" },
				"east": { "uv": [ 8, 3.25, 7.75, 4 ], "texture": "#diamond_axe" }
			}
		},
		{
			"__comment": "Voxels",
			"from": [ -16, 8, 7 ],
			"to": [ 25, 9, 8 ],
			"faces": {
				"down": { "uv": [ 0, 13.75, 10.25, 14 ], "texture": "#diamond_axe" },
				"up": { "uv": [ 0, 13.75, 10.25, 13.5 ], "texture": "#diamond_axe" },
				"north": { "uv": [ 10.25, 13.25, 0, 13.5 ], "texture": "#diamond_axe" },
				"south": { "uv": [ 0, 13, 10.25, 13.25 ], "texture": "#diamond_axe" },
				"west": { "uv": [ 1.5, 0.25, 1.75, 0.5 ], "texture": "#diamond_axe" },
				"east": { "uv": [ 1.75, 0, 1.5, 0.25 ], "texture": "#diamond_axe" }
			}
		},
		{
			"__comment": "Voxels",
			"from": [ -16, 8, 9 ],
			"to": [ 25, 9, 10 ],
			"faces": {
				"down": { "uv": [ 0, 12.75, 10.25, 13 ], "texture": "#diamond_axe" },
				"up": { "uv": [ 0, 12.75, 10.25, 12.5 ], "texture": "#diamond_axe" },
				"north": { "uv": [ 10.25, 12.25, 0, 12.5 ], "texture": "#diamond_axe" },
				"south": { "uv": [ 0, 12, 10.25, 12.25 ], "texture": "#diamond_axe" },
				"west": { "uv": [ 15.75, 11.75, 16, 12 ], "texture": "#diamond_axe" },
				"east": { "uv": [ 11.75, 0.25, 11.5, 0.5 ], "texture": "#diamond_axe" }
			}
		},
		{
			"__comment": "Voxels",
			"from": [ -15, 6, 8 ],
			"to": [ -10, 7, 9 ],
			"faces": {
				"down": { "uv": [ 11.5, 8.5, 12.75, 8.75 ], "texture": "#diamond_axe" },
				"up": { "uv": [ 10.25, 8.75, 11.5, 8.5 ], "texture": "#diamond_axe" },
				"north": { "uv": [ 10.25, 8.5, 9, 8.75 ], "texture": "#diamond_axe" },
				"south": { "uv": [ 12.75, 9, 14, 9.25 ], "texture": "#diamond_axe" },
				"west": { "uv": [ 11.5, 0.5, 11.75, 0.75 ], "texture": "#diamond_axe" },
				"east": { "uv": [ 11.75, 1.75, 11.5, 2 ], "texture": "#diamond_axe" }
			}
		},
		{
			"__comment": "Voxels",
			"from": [ -15, 7, 7 ],
			"to": [ -8, 8, 8 ],
			"faces": {
				"down": { "uv": [ 14.25, 13.25, 16, 13.5 ], "texture": "#diamond_axe" },
				"up": { "uv": [ 14.25, 13.25, 16, 13 ], "texture": "#diamond_axe" },
				"north": { "uv": [ 16, 12.75, 14.25, 13 ], "texture": "#diamond_axe" },
				"south": { "uv": [ 14.25, 12.5, 16, 12.75 ], "texture": "#diamond_axe" },
				"west": { "uv": [ 11.5, 2, 11.75, 2.25 ], "texture": "#diamond_axe" },
				"east": { "uv": [ 14, 4.25, 13.75, 4.5 ], "texture": "#diamond_axe" }
			}
		},
		{
			"__comment": "Voxels",
			"from": [ -15, 7, 9 ],
			"to": [ -8, 8, 10 ],
			"faces": {
				"down": { "uv": [ 0, 9.25, 1.75, 9.5 ], "texture": "#diamond_axe" },
				"up": { "uv": [ 0, 9.25, 1.75, 9 ], "texture": "#diamond_axe" },
				"north": { "uv": [ 1.75, 8.75, 0, 9 ], "texture": "#diamond_axe" },
				"south": { "uv": [ 0, 8.5, 1.75, 8.75 ], "texture": "#diamond_axe" },
				"west": { "uv": [ 13.5, 4.25, 13.75, 4.5 ], "texture": "#diamond_axe" },
				"east": { "uv": [ 13.5, 4.25, 13.25, 4.5 ], "texture": "#diamond_axe" }
			}
		},
		{
			"__comment": "Voxels",
			"from": [ -15, 9, 7 ],
			"to": [ -8, 10, 8 ],
			"faces": {
				"down": { "uv": [ 0, 8, 1.75, 8.25 ], "texture": "#diamond_axe" },
				"up": { "uv": [ 0, 8, 1.75, 7.75 ], "texture": "#diamond_axe" },
				"north": { "uv": [ 1.75, 7.5, 0, 7.75 ], "texture": "#diamond_axe" },
				"south": { "uv": [ 0, 7.25, 1.75, 7.5 ], "texture": "#diamond_axe" },
				"west": { "uv": [ 13, 4.25, 13.25, 4.5 ], "texture": "#diamond_axe" },
				"east": { "uv": [ 12.5, 4.25, 12.25, 4.5 ], "texture": "#diamond_axe" }
			}
		},
		{
			"__comment": "Voxels",
			"from": [ -15, 9, 9 ],
			"to": [ -8, 10, 10 ],
			"faces": {
				"down": { "uv": [ 0, 6.5, 1.75, 6.75 ], "texture": "#diamond_axe" },
				"up": { "uv": [ 0, 6.5, 1.75, 6.25 ], "texture": "#diamond_axe" },
				"north": { "uv": [ 1.75, 6, 0, 6.25 ], "texture": "#diamond_axe" },
				"south": { "uv": [ 0, 6.75, 1.75, 7 ], "texture": "#diamond_axe" },
				"west": { "uv": [ 12, 4.25, 12.25, 4.5 ], "texture": "#diamond_axe" },
				"east": { "uv": [ 12, 4.25, 11.75, 4.5 ], "texture": "#diamond_axe" }
			}
		},
		{
			"__comment": "Voxels",
			"from": [ -15, 10, 8 ],
			"to": [ -10, 11, 9 ],
			"faces": {
				"down": { "uv": [ 11.5, 8.75, 12.75, 9 ], "texture": "#diamond_axe" },
				"up": { "uv": [ 9, 9, 10.25, 8.75 ], "texture": "#diamond_axe" },
				"north": { "uv": [ 10.25, 9, 9, 9.25 ], "texture": "#diamond_axe" },
				"south": { "uv": [ 7.75, 8.75, 9, 9 ], "texture": "#diamond_axe" },
				"west": { "uv": [ 11.5, 4.25, 11.75, 4.5 ], "texture": "#diamond_axe" },
				"east": { "uv": [ 11.5, 0.5, 11.25, 0.75 ], "texture": "#diamond_axe" }
			}
		},
		{
			"__comment": "Voxels",
			"from": [ -14, 5, 8 ],
			"to": [ -12, 6, 9 ],
			"faces": {
				"down": { "uv": [ 15.5, 14, 16, 14.25 ], "texture": "#diamond_axe" },
				"up": { "uv": [ 15.5, 14, 16, 13.75 ], "texture": "#diamond_axe" },
				"north": { "uv": [ 16, 13.5, 15.5, 13.75 ], "texture": "#diamond_axe" },
				"south": { "uv": [ 4.5, 9, 5, 9.25 ], "texture": "#diamond_axe" },
				"west": { "uv": [ 11.25, 0.75, 11.5, 1 ], "texture": "#diamond_axe" },
				"east": { "uv": [ 11.5, 1, 11.25, 1.25 ], "texture": "#diamond_axe" }
			}
		},
		{
			"__comment": "Voxels",
			"from": [ -14, 6, 7 ],
			"to": [ -12, 7, 8 ],
			"faces": {
				"down": { "uv": [ 4.5, 8.75, 5, 9 ], "texture": "#diamond_axe" },
				"up": { "uv": [ 4.5, 8.75, 5, 8.5 ], "texture": "#diamond_axe" },
				"north": { "uv": [ 5, 8.25, 4.5, 8.5 ], "texture": "#diamond_axe" },
				"south": { "uv": [ 4.5, 8, 5, 8.25 ], "texture": "#diamond_axe" },
				"west": { "uv": [ 11.25, 1.25, 11.5, 1.5 ], "texture": "#diamond_axe" },
				"east": { "uv": [ 11.5, 3.5, 11.25, 3.75 ], "texture": "#diamond_axe" }
			}
		},
		{
			"__comment": "Voxels",
			"from": [ -14, 6, 9 ],
			"to": [ -12, 7, 10 ],
			"faces": {
				"down": { "uv": [ 4.5, 7.75, 5, 8 ], "texture": "#diamond_axe" },
				"up": { "uv": [ 4.5, 7.75, 5, 7.5 ], "texture": "#diamond_axe" },
				"north": { "uv": [ 5, 7.25, 4.5, 7.5 ], "texture": "#diamond_axe" },
				"south": { "uv": [ 4.5, 7, 5, 7.25 ], "texture": "#diamond_axe" },
				"west": { "uv": [ 11.25, 3.75, 11.5, 4 ], "texture": "#diamond_axe" },
				"east": { "uv": [ 11.5, 4, 11.25, 4.25 ], "texture": "#diamond_axe" }
			}
		},
		{
			"__comment": "Voxels",
			"from": [ -14, 8, 6 ],
			"to": [ -12, 9, 7 ],
			"faces": {
				"down": { "uv": [ 4.5, 6.75, 5, 7 ], "texture": "#diamond_axe" },
				"up": { "uv": [ 4.5, 6.75, 5, 6.5 ], "texture": "#diamond_axe" },
				"north": { "uv": [ 5, 6.25, 4.5, 6.5 ], "texture": "#diamond_axe" },
				"south": { "uv": [ 4.5, 6, 5, 6.25 ], "texture": "#diamond_axe" },
				"west": { "uv": [ 11.25, 4.25, 11.5, 4.5 ], "texture": "#diamond_axe" },
				"east": { "uv": [ 15.5, 4.5, 15.25, 4.75 ], "texture": "#diamond_axe" }
			}
		},
		{
			"__comment": "Voxels",
			"from": [ -14, 8, 10 ],
			"to": [ -12, 9, 11 ],
			"faces": {
				"down": { "uv": [ 4.5, 5.75, 5, 6 ], "texture": "#diamond_axe" },
				"up": { "uv": [ 4.5, 5.75, 5, 5.5 ], "texture": "#diamond_axe" },
				"north": { "uv": [ 5, 5.25, 4.5, 5.5 ], "texture": "#diamond_axe" },
				"south": { "uv": [ 4.5, 5, 5, 5.25 ], "texture": "#diamond_axe" },
				"west": { "uv": [ 15, 4.5, 15.25, 4.75 ], "texture": "#diamond_axe" },
				"east": { "uv": [ 15, 4.5, 14.75, 4.75 ], "texture": "#diamond_axe" }
			}
		},
		{
			"__comment": "Voxels",
			"from": [ -14, 10, 7 ],
			"to": [ -12, 11, 8 ],
			"faces": {
				"down": { "uv": [ 4.5, 4.75, 5, 5 ], "texture": "#diamond_axe" },
				"up": { "uv": [ 4.5, 4.75, 5, 4.5 ], "texture": "#diamond_axe" },
				"north": { "uv": [ 5, 4.25, 4.5, 4.5 ], "texture": "#diamond_axe" },
				"south": { "uv": [ 4.5, 4, 5, 4.25 ], "texture": "#diamond_axe" },
				"west": { "uv": [ 14.5, 4.5, 14.75, 4.75 ], "texture": "#diamond_axe" },
				"east": { "uv": [ 14, 4.5, 13.75, 4.75 ], "texture": "#diamond_axe" }
			}
		},
		{
			"__comment": "Voxels",
			"from": [ -14, 10, 9 ],
			"to": [ -12, 11, 10 ],
			"faces": {
				"down": { "uv": [ 4.5, 3.75, 5, 4 ], "texture": "#diamond_axe" },
				"up": { "uv": [ 4.5, 3.75, 5, 3.5 ], "texture": "#diamond_axe" },
				"north": { "uv": [ 5, 3.25, 4.5, 3.5 ], "texture": "#diamond_axe" },
				"south": { "uv": [ 4.5, 3, 5, 3.25 ], "texture": "#diamond_axe" },
				"west": { "uv": [ 13.5, 4.5, 13.75, 4.75 ], "texture": "#diamond_axe" },
				"east": { "uv": [ 13.5, 4.5, 13.25, 4.75 ], "texture": "#diamond_axe" }
			}
		},
		{
			"__comment": "Voxels",
			"from": [ -14, 11, 8 ],
			"to": [ -12, 12, 9 ],
			"faces": {
				"down": { "uv": [ 4.5, 2.75, 5, 3 ], "texture": "#diamond_axe" },
				"up": { "uv": [ 4.5, 2.75, 5, 2.5 ], "texture": "#diamond_axe" },
				"north": { "uv": [ 5, 2.25, 4.5, 2.5 ], "texture": "#diamond_axe" },
				"south": { "uv": [ 4.5, 2, 5, 2.25 ], "texture": "#diamond_axe" },
				"west": { "uv": [ 13, 4.5, 13.25, 4.75 ], "texture": "#diamond_axe" },
				"east": { "uv": [ 12.5, 4.5, 12.25, 4.75 ], "texture": "#diamond_axe" }
			}
		},
		{
			"__comment": "Voxels",
			"from": [ -11, 6, 7 ],
			"to": [ -10, 7, 8 ],
			"faces": {
				"down": { "uv": [ 12, 4.5, 12.25, 4.75 ], "texture": "#diamond_axe" },
				"up": { "uv": [ 11.75, 4.75, 12, 4.5 ], "texture": "#diamond_axe" },
				"north": { "uv": [ 11.75, 4.5, 11.5, 4.75 ], "texture": "#diamond_axe" },
				"south": { "uv": [ 13.75, 5, 14, 5.25 ], "texture": "#diamond_axe" },
				"west": { "uv": [ 13.5, 5, 13.75, 5.25 ], "texture": "#diamond_axe" },
				"east": { "uv": [ 13.5, 5, 13.25, 5.25 ], "texture": "#diamond_axe" }
			}
		},
		{
			"__comment": "Voxels",
			"from": [ -11, 6, 9 ],
			"to": [ -10, 7, 10 ],
			"faces": {
				"down": { "uv": [ 13, 5, 13.25, 5.25 ], "texture": "#diamond_axe" },
				"up": { "uv": [ 10.5, 1.5, 10.75, 1.25 ], "texture": "#diamond_axe" },
				"north": { "uv": [ 10.75, 1.5, 10.5, 1.75 ], "texture": "#diamond_axe" },
				"south": { "uv": [ 10.5, 1.75, 10.75, 2 ], "texture": "#diamond_axe" },
				"west": { "uv": [ 10.5, 2, 10.75, 2.25 ], "texture": "#diamond_axe" },
				"east": { "uv": [ 10.75, 2.75, 10.5, 3 ], "texture": "#diamond_axe" }
			}
		},
		{
			"__comment": "Voxels",
			"from": [ -11, 7, 6 ],
			"to": [ -10, 10, 7 ],
			"faces": {
				"down": { "uv": [ 13.75, 5.75, 14, 6 ], "texture": "#diamond_axe" },
				"up": { "uv": [ 10.5, 3.25, 10.75, 3 ], "texture": "#diamond_axe" },
				"north": { "uv": [ 7.75, 3.25, 7.5, 4 ], "texture": "#diamond_axe" },
				"south": { "uv": [ 7.75, 4, 8, 4.75 ], "texture": "#diamond_axe" },
				"west": { "uv": [ 7.5, 4, 7.75, 4.75 ], "texture": "#diamond_axe" },
				"east": { "uv": [ 8.5, 2.25, 8.25, 3 ], "texture": "#diamond_axe" }
			}
		},
		{
			"__comment": "Voxels",
			"from": [ -11, 7, 10 ],
			"to": [ -10, 10, 11 ],
			"faces": {
				"down": { "uv": [ 10.5, 3.25, 10.75, 3.5 ], "texture": "#diamond_axe" },
				"up": { "uv": [ 10.5, 3.75, 10.75, 3.5 ], "texture": "#diamond_axe" },
				"north": { "uv": [ 8.25, 2.25, 8, 3 ], "texture": "#diamond_axe" },
				"south": { "uv": [ 7.75, 0.25, 8, 1 ], "texture": "#diamond_axe" },
				"west": { "uv": [ 7.5, 0.25, 7.75, 1 ], "texture": "#diamond_axe" },
				"east": { "uv": [ 8, 1, 7.75, 1.75 ], "texture": "#diamond_axe" }
			}
		},
		{
			"__comment": "Voxels",
			"from": [ -11, 10, 7 ],
			"to": [ -10, 11, 8 ],
			"faces": {
				"down": { "uv": [ 10.5, 4.25, 10.75, 4.5 ], "texture": "#diamond_axe" },
				"up": { "uv": [ 10.5, 4.75, 10.75, 4.5 ], "texture": "#diamond_axe" },
				"north": { "uv": [ 15.5, 5.25, 15.25, 5.5 ], "texture": "#diamond_axe" },
				"south": { "uv": [ 15, 5.25, 15.25, 5.5 ], "texture": "#diamond_axe" },
				"west": { "uv": [ 13.75, 5.25, 14, 5.5 ], "texture": "#diamond_axe" },
				"east": { "uv": [ 13.75, 5.25, 13.5, 5.5 ], "texture": "#diamond_axe" }
			}
		},
		{
			"__comment": "Voxels",
			"from": [ -11, 10, 9 ],
			"to": [ -10, 11, 10 ],
			"faces": {
				"down": { "uv": [ 13.25, 5.25, 13.5, 5.5 ], "texture": "#diamond_axe" },
				"up": { "uv": [ 13, 5.5, 13.25, 5.25 ], "texture": "#diamond_axe" },
				"north": { "uv": [ 12.5, 5.25, 12.25, 5.5 ], "texture": "#diamond_axe" },
				"south": { "uv": [ 12, 5.25, 12.25, 5.5 ], "texture": "#diamond_axe" },
				"west": { "uv": [ 11.75, 5.25, 12, 5.5 ], "texture": "#diamond_axe" },
				"east": { "uv": [ 11.75, 5.25, 11.5, 5.5 ], "texture": "#diamond_axe" }
			}
		},
		{
			"__comment": "Voxels",
			"from": [ -7, 7, 7 ],
			"to": [ -6, 8, 8 ],
			"faces": {
				"down": { "uv": [ 11.25, 5.25, 11.5, 5.5 ], "texture": "#diamond_axe" },
				"up": { "uv": [ 11, 5.5, 11.25, 5.25 ], "texture": "#diamond_axe" },
				"north": { "uv": [ 11, 5.25, 10.75, 5.5 ], "texture": "#diamond_axe" },
				"south": { "uv": [ 10.5, 5.25, 10.75, 5.5 ], "texture": "#diamond_axe" },
				"west": { "uv": [ 10.25, 0.5, 10.5, 0.75 ], "texture": "#diamond_axe" },
				"east": { "uv": [ 10.5, 0.75, 10.25, 1 ], "texture": "#diamond_axe" }
			}
		},
		{
			"__comment": "Voxels",
			"from": [ -7, 7, 9 ],
			"to": [ -6, 8, 10 ],
			"faces": {
				"down": { "uv": [ 10.25, 1, 10.5, 1.25 ], "texture": "#diamond_axe" },
				"up": { "uv": [ 10.25, 1.5, 10.5, 1.25 ], "texture": "#diamond_axe" },
				"north": { "uv": [ 10.5, 4, 10.25, 4.25 ], "texture": "#diamond_axe" },
				"south": { "uv": [ 10.25, 4.25, 10.5, 4.5 ], "texture": "#diamond_axe" },
				"west": { "uv": [ 10.25, 4.5, 10.5, 4.75 ], "texture": "#diamond_axe" },
				"east": { "uv": [ 10.5, 4.75, 10.25, 5 ], "texture": "#diamond_axe" }
			}
		},
		{
			"__comment": "Voxels",
			"from": [ -7, 9, 7 ],
			"to": [ -6, 10, 8 ],
			"faces": {
				"down": { "uv": [ 15.75, 5.5, 16, 5.75 ], "texture": "#diamond_axe" },
				"up": { "uv": [ 15.5, 5.75, 15.75, 5.5 ], "texture": "#diamond_axe" },
				"north": { "uv": [ 15.5, 5.5, 15.25, 5.75 ], "texture": "#diamond_axe" },
				"south": { "uv": [ 15, 5.5, 15.25, 5.75 ], "texture": "#diamond_axe" },
				"west": { "uv": [ 14.25, 5.5, 14.5, 5.75 ], "texture": "#diamond_axe" },
				"east": { "uv": [ 14.25, 5.5, 14, 5.75 ], "texture": "#diamond_axe" }
			}
		},
		{
			"__comment": "Voxels",
			"from": [ -7, 9, 9 ],
			"to": [ -6, 10, 10 ],
			"faces": {
				"down": { "uv": [ 13.75, 5.5, 14, 5.75 ], "texture": "#diamond_axe" },
				"up": { "uv": [ 13.5, 5.75, 13.75, 5.5 ], "texture": "#diamond_axe" },
				"north": { "uv": [ 13, 5.5, 12.75, 5.75 ], "texture": "#diamond_axe" },
				"south": { "uv": [ 12.5, 5.5, 12.75, 5.75 ], "texture": "#diamond_axe" },
				"west": { "uv": [ 12.25, 5.5, 12.5, 5.75 ], "texture": "#diamond_axe" },
				"east": { "uv": [ 12.25, 5.5, 12, 5.75 ], "texture": "#diamond_axe" }
			}
		},
		{
			"__comment": "Voxels",
			"from": [ 5, 0, 8 ],
			"to": [ 7, 2, 9 ],
			"faces": {
				"down": { "uv": [ 4.5, 1.75, 5, 2 ], "texture": "#diamond_axe" },
				"up": { "uv": [ 4.5, 1.75, 5, 1.5 ], "texture": "#diamond_axe" },
				"north": { "uv": [ 8, 6.75, 7.5, 7.25 ], "texture": "#diamond_axe" },
				"south": { "uv": [ 7.5, 7.25, 8, 7.75 ], "texture": "#diamond_axe" },
				"west": { "uv": [ 8.25, 1, 8.5, 1.5 ], "texture": "#diamond_axe" },
				"east": { "uv": [ 8.75, 1, 8.5, 1.5 ], "texture": "#diamond_axe" }
			}
		},
		{
			"__comment": "Voxels",
			"from": [ 6, 2, 8 ],
			"to": [ 12, 3, 9 ],
			"faces": {
				"down": { "uv": [ 5, 3.5, 6.5, 3.75 ], "texture": "#diamond_axe" },
				"up": { "uv": [ 5, 4, 6.5, 3.75 ], "texture": "#diamond_axe" },
				"north": { "uv": [ 6.5, 5, 5, 5.25 ], "texture": "#diamond_axe" },
				"south": { "uv": [ 5, 3.25, 6.5, 3.5 ], "texture": "#diamond_axe" },
				"west": { "uv": [ 11.25, 5.5, 11.5, 5.75 ], "texture": "#diamond_axe" },
				"east": { "uv": [ 11.25, 5.5, 11, 5.75 ], "texture": "#diamond_axe" }
			}
		},
		{
			"__comment": "Voxels",
			"from": [ 7, 1, 8 ],
			"to": [ 28, 2, 9 ],
			"faces": {
				"down": { "uv": [ 10.25, 14.25, 15.5, 14.5 ], "texture": "#diamond_axe" },
				"up": { "uv": [ 10.25, 14.25, 15.5, 14 ], "texture": "#diamond_axe" },
				"north": { "uv": [ 15.5, 13.75, 10.25, 14 ], "texture": "#diamond_axe" },
				"south": { "uv": [ 10.25, 13.5, 15.5, 13.75 ], "texture": "#diamond_axe" },
				"west": { "uv": [ 10.75, 5.5, 11, 5.75 ], "texture": "#diamond_axe" },
				"east": { "uv": [ 10.75, 5.5, 10.5, 5.75 ], "texture": "#diamond_axe" }
			}
		},
		{
			"__comment": "Voxels",
			"from": [ 7, 5, 8 ],
			"to": [ 8, 7, 9 ],
			"faces": {
				"down": { "uv": [ 10, 0.25, 10.25, 0.5 ], "texture": "#diamond_axe" },
				"up": { "uv": [ 10, 0.75, 10.25, 0.5 ], "texture": "#diamond_axe" },
				"north": { "uv": [ 8.25, 0.5, 8, 1 ], "texture": "#diamond_axe" },
				"south": { "uv": [ 8.25, 0.5, 8.5, 1 ], "texture": "#diamond_axe" },
				"west": { "uv": [ 8.5, 0.5, 8.75, 1 ], "texture": "#diamond_axe" },
				"east": { "uv": [ 8.25, 0, 8, 0.5 ], "texture": "#diamond_axe" }
			}
		},
		{
			"__comment": "Voxels",
			"from": [ 7, 7, 7 ],
			"to": [ 9, 8, 8 ],
			"faces": {
				"down": { "uv": [ 4.5, 1.25, 5, 1.5 ], "texture": "#diamond_axe" },
				"up": { "uv": [ 4.5, 1.25, 5, 1 ], "texture": "#diamond_axe" },
				"north": { "uv": [ 5, 0.75, 4.5, 1 ], "texture": "#diamond_axe" },
				"south": { "uv": [ 4.5, 0.5, 5, 0.75 ], "texture": "#diamond_axe" },
				"west": { "uv": [ 10, 0.75, 10.25, 1 ], "texture": "#diamond_axe" },
				"east": { "uv": [ 10.25, 1, 10, 1.25 ], "texture": "#diamond_axe" }
			}
		},
		{
			"__comment": "Voxels",
			"from": [ 7, 7, 9 ],
			"to": [ 9, 8, 10 ],
			"faces": {
				"down": { "uv": [ 15.5, 10.5, 16, 10.75 ], "texture": "#diamond_axe" },
				"up": { "uv": [ 15.5, 8.5, 16, 8.25 ], "texture": "#diamond_axe" },
				"north": { "uv": [ 8, 0, 7.5, 0.25 ], "texture": "#diamond_axe" },
				"south": { "uv": [ 15.5, 7.75, 16, 8 ], "texture": "#diamond_axe" },
				"west": { "uv": [ 10, 1.75, 10.25, 2 ], "texture": "#diamond_axe" },
				"east": { "uv": [ 10.25, 2, 10, 2.25 ], "texture": "#diamond_axe" }
			}
		},
		{
			"__comment": "Voxels",
			"from": [ 7, 8, 5 ],
			"to": [ 8, 9, 7 ],
			"faces": {
				"down": { "uv": [ 8.25, 0, 8.5, 0.5 ], "texture": "#diamond_axe" },
				"up": { "uv": [ 8.5, 0.5, 8.75, 0 ], "texture": "#diamond_axe" },
				"north": { "uv": [ 10.25, 2.25, 10, 2.5 ], "texture": "#diamond_axe" },
				"south": { "uv": [ 10, 2.5, 10.25, 2.75 ], "texture": "#diamond_axe" },
				"west": { "uv": [ 15.5, 7.5, 16, 7.75 ], "texture": "#diamond_axe" },
				"east": { "uv": [ 16, 7.25, 15.5, 7.5 ], "texture": "#diamond_axe" }
			}
		},
		{
			"__comment": "Voxels",
			"from": [ 7, 8, 10 ],
			"to": [ 9, 9, 11 ],
			"faces": {
				"down": { "uv": [ 8.75, 7, 9.25, 7.25 ], "texture": "#diamond_axe" },
				"up": { "uv": [ 9.25, 7.25, 9.75, 7 ], "texture": "#diamond_axe" },
				"north": { "uv": [ 10.25, 7, 9.75, 7.25 ], "texture": "#diamond_axe" },
				"south": { "uv": [ 10.25, 7, 10.75, 7.25 ], "texture": "#diamond_axe" },
				"west": { "uv": [ 10, 3.25, 10.25, 3.5 ], "texture": "#diamond_axe" },
				"east": { "uv": [ 10.25, 3.5, 10, 3.75 ], "texture": "#diamond_axe" }
			}
		},
		{
			"__comment": "Voxels",
			"from": [ 7, 8, 11 ],
			"to": [ 8, 9, 12 ],
			"faces": {
				"down": { "uv": [ 10, 3.75, 10.25, 4 ], "texture": "#diamond_axe" },
				"up": { "uv": [ 10, 4.25, 10.25, 4 ], "texture": "#diamond_axe" },
				"north": { "uv": [ 10.25, 4.75, 10, 5 ], "texture": "#diamond_axe" },
				"south": { "uv": [ 10, 5, 10.25, 5.25 ], "texture": "#diamond_axe" },
				"west": { "uv": [ 10, 5.25, 10.25, 5.5 ], "texture": "#diamond_axe" },
				"east": { "uv": [ 10.25, 5.5, 10, 5.75 ], "texture": "#diamond_axe" }
			}
		},
		{
			"__comment": "Voxels",
			"from": [ 7, 9, 7 ],
			"to": [ 9, 10, 8 ],
			"faces": {
				"down": { "uv": [ 10.75, 7, 11.25, 7.25 ], "texture": "#diamond_axe" },
				"up": { "uv": [ 11.25, 7.25, 11.75, 7 ], "texture": "#diamond_axe" },
				"north": { "uv": [ 12.25, 7, 11.75, 7.25 ], "texture": "#diamond_axe" },
				"south": { "uv": [ 12.25, 7, 12.75, 7.25 ], "texture": "#diamond_axe" },
				"west": { "uv": [ 15.25, 5.75, 15.5, 6 ], "texture": "#diamond_axe" },
				"east": { "uv": [ 15.25, 5.75, 15, 6 ], "texture": "#diamond_axe" }
			}
		},
		{
			"__comment": "Voxels",
			"from": [ 7, 9, 9 ],
			"to": [ 9, 10, 10 ],
			"faces": {
				"down": { "uv": [ 12.75, 7, 13.25, 7.25 ], "texture": "#diamond_axe" },
				"up": { "uv": [ 13.25, 7.25, 13.75, 7 ], "texture": "#diamond_axe" },
				"north": { "uv": [ 14.25, 7, 13.75, 7.25 ], "texture": "#diamond_axe" },
				"south": { "uv": [ 14.25, 7, 14.75, 7.25 ], "texture": "#diamond_axe" },
				"west": { "uv": [ 14.75, 5.75, 15, 6 ], "texture": "#diamond_axe" },
				"east": { "uv": [ 14.75, 5.75, 14.5, 6 ], "texture": "#diamond_axe" }
			}
		},
		{
			"__comment": "Voxels",
			"from": [ 7, 10, 8 ],
			"to": [ 9, 11, 9 ],
			"faces": {
				"down": { "uv": [ 13.25, 6.75, 13.75, 7 ], "texture": "#diamond_axe" },
				"up": { "uv": [ 14.75, 7.25, 15.25, 7 ], "texture": "#diamond_axe" },
				"north": { "uv": [ 15.75, 7, 15.25, 7.25 ], "texture": "#diamond_axe" },
				"south": { "uv": [ 8.75, 6.75, 9.25, 7 ], "texture": "#diamond_axe" },
				"west": { "uv": [ 13.5, 5.75, 13.75, 6 ], "texture": "#diamond_axe" },
				"east": { "uv": [ 13.5, 5.75, 13.25, 6 ], "texture": "#diamond_axe" }
			}
		},
		{
			"__comment": "Voxels",
			"from": [ 7, 11, 8 ],
			"to": [ 8, 12, 9 ],
			"faces": {
				"down": { "uv": [ 13, 5.75, 13.25, 6 ], "texture": "#diamond_axe" },
				"up": { "uv": [ 12.25, 6, 12.5, 5.75 ], "texture": "#diamond_axe" },
				"north": { "uv": [ 12.25, 5.75, 12, 6 ], "texture": "#diamond_axe" },
				"south": { "uv": [ 11.75, 5.75, 12, 6 ], "texture": "#diamond_axe" },
				"west": { "uv": [ 11.5, 5.75, 11.75, 6 ], "texture": "#diamond_axe" },
				"east": { "uv": [ 11, 5.75, 10.75, 6 ], "texture": "#diamond_axe" }
			}
		},
		{
			"__comment": "Voxels",
			"from": [ 8, -1, 8 ],
			"to": [ 27, 1, 9 ],
			"faces": {
				"down": { "uv": [ 10.25, 14.5, 15, 14.75 ], "texture": "#diamond_axe" },
				"up": { "uv": [ 10.25, 15.5, 15, 15.25 ], "texture": "#diamond_axe" },
				"north": { "uv": [ 15, 14.75, 10.25, 15.25 ], "texture": "#diamond_axe" },
				"south": { "uv": [ 10.25, 15.5, 15, 16 ], "texture": "#diamond_axe" },
				"west": { "uv": [ 8.75, 6.25, 9, 6.75 ], "texture": "#diamond_axe" },
				"east": { "uv": [ 9, 5.75, 8.75, 6.25 ], "texture": "#diamond_axe" }
			}
		},
		{
			"__comment": "Voxels",
			"from": [ 8, 3, 8 ],
			"to": [ 10, 4, 9 ],
			"faces": {
				"down": { "uv": [ 9.25, 6.75, 9.75, 7 ], "texture": "#diamond_axe" },
				"up": { "uv": [ 9.75, 7, 10.25, 6.75 ], "texture": "#diamond_axe" },
				"north": { "uv": [ 10.75, 6.75, 10.25, 7 ], "texture": "#diamond_axe" },
				"south": { "uv": [ 10.75, 6.75, 11.25, 7 ], "texture": "#diamond_axe" },
				"west": { "uv": [ 10.5, 5.75, 10.75, 6 ], "texture": "#diamond_axe" },
				"east": { "uv": [ 10.5, 5.75, 10.25, 6 ], "texture": "#diamond_axe" }
			}
		},
		{
			"__comment": "Voxels",
			"from": [ 8, 6, 8 ],
			"to": [ 9, 7, 9 ],
			"faces": {
				"down": { "uv": [ 10, 5.75, 10.25, 6 ], "texture": "#diamond_axe" },
				"up": { "uv": [ 9.75, 0.75, 10, 0.5 ], "texture": "#diamond_axe" },
				"north": { "uv": [ 10, 0.75, 9.75, 1 ], "texture": "#diamond_axe" },
				"south": { "uv": [ 9.75, 1, 10, 1.25 ], "texture": "#diamond_axe" },
				"west": { "uv": [ 9.75, 1.25, 10, 1.5 ], "texture": "#diamond_axe" },
				"east": { "uv": [ 10, 2, 9.75, 2.25 ], "texture": "#diamond_axe" }
			}
		},
		{
			"__comment": "Voxels",
			"from": [ 8, 8, 6 ],
			"to": [ 9, 9, 7 ],
			"faces": {
				"down": { "uv": [ 9.75, 2.25, 10, 2.5 ], "texture": "#diamond_axe" },
				"up": { "uv": [ 9.75, 2.75, 10, 2.5 ], "texture": "#diamond_axe" },
				"north": { "uv": [ 10, 2.75, 9.75, 3 ], "texture": "#diamond_axe" },
				"south": { "uv": [ 9.75, 3.5, 10, 3.75 ], "texture": "#diamond_axe" },
				"west": { "uv": [ 9.75, 3.75, 10, 4 ], "texture": "#diamond_axe" },
				"east": { "uv": [ 10, 4, 9.75, 4.25 ], "texture": "#diamond_axe" }
			}
		},
		{
			"__comment": "Voxels",
			"from": [ 9, -3, 8 ],
			"to": [ 10, -1, 9 ],
			"faces": {
				"down": { "uv": [ 9.75, 4.25, 10, 4.5 ], "texture": "#diamond_axe" },
				"up": { "uv": [ 9.75, 5.25, 10, 5 ], "texture": "#diamond_axe" },
				"north": { "uv": [ 9, 5.25, 8.75, 5.75 ], "texture": "#diamond_axe" },
				"south": { "uv": [ 8.75, 4.75, 9, 5.25 ], "texture": "#diamond_axe" },
				"west": { "uv": [ 8.75, 4.25, 9, 4.75 ], "texture": "#diamond_axe" },
				"east": { "uv": [ 9, 3.75, 8.75, 4.25 ], "texture": "#diamond_axe" }
			}
		},
		{
			"__comment": "Voxels",
			"from": [ 9, 0, 7 ],
			"to": [ 10, 2, 8 ],
			"faces": {
				"down": { "uv": [ 9.75, 5.25, 10, 5.5 ], "texture": "#diamond_axe" },
				"up": { "uv": [ 9.75, 5.75, 10, 5.5 ], "texture": "#diamond_axe" },
				"north": { "uv": [ 9, 3.25, 8.75, 3.75 ], "texture": "#diamond_axe" },
				"south": { "uv": [ 8.75, 2.75, 9, 3.25 ], "texture": "#diamond_axe" },
				"west": { "uv": [ 8.75, 2.25, 9, 2.75 ], "texture": "#diamond_axe" },
				"east": { "uv": [ 9, 1.75, 8.75, 2.25 ], "texture": "#diamond_axe" }
			}
		},
		{
			"__comment": "Voxels",
			"from": [ 9, 0, 9 ],
			"to": [ 10, 2, 10 ],
			"faces": {
				"down": { "uv": [ 9.75, 5.75, 10, 6 ], "texture": "#diamond_axe" },
				"up": { "uv": [ 9.5, 0.75, 9.75, 0.5 ], "texture": "#diamond_axe" },
				"north": { "uv": [ 9, 1.25, 8.75, 1.75 ], "texture": "#diamond_axe" },
				"south": { "uv": [ 8.75, 0.75, 9, 1.25 ], "texture": "#diamond_axe" },
				"west": { "uv": [ 8.75, 0.25, 9, 0.75 ], "texture": "#diamond_axe" },
				"east": { "uv": [ 9.25, 6.25, 9, 6.75 ], "texture": "#diamond_axe" }
			}
		},
		{
			"__comment": "Voxels",
			"from": [ 10, -2, 8 ],
			"to": [ 26, -1, 9 ],
			"faces": {
				"down": { "uv": [ 10.25, 13.25, 14.25, 13.5 ], "texture": "#diamond_axe" },
				"up": { "uv": [ 10.25, 13.25, 14.25, 13 ], "texture": "#diamond_axe" },
				"north": { "uv": [ 14.25, 12.75, 10.25, 13 ], "texture": "#diamond_axe" },
				"south": { "uv": [ 10.25, 12.5, 14.25, 12.75 ], "texture": "#diamond_axe" },
				"west": { "uv": [ 9.5, 0.75, 9.75, 1 ], "texture": "#diamond_axe" },
				"east": { "uv": [ 9.75, 1, 9.5, 1.25 ], "texture": "#diamond_axe" }
			}
		},
		{
			"__comment": "Voxels",
			"from": [ 10, -1, 7 ],
			"to": [ 14, 0, 8 ],
			"faces": {
				"down": { "uv": [ 6.5, 2.5, 7.5, 2.75 ], "texture": "#diamond_axe" },
				"up": { "uv": [ 6.5, 2.5, 7.5, 2.25 ], "texture": "#diamond_axe" },
				"north": { "uv": [ 7.5, 2, 6.5, 2.25 ], "texture": "#diamond_axe" },
				"south": { "uv": [ 6.5, 1.75, 7.5, 2 ], "texture": "#diamond_axe" },
				"west": { "uv": [ 9.5, 2, 9.75, 2.25 ], "texture": "#diamond_axe" },
				"east": { "uv": [ 9.75, 2.25, 9.5, 2.5 ], "texture": "#diamond_axe" }
			}
		},
		{
			"__comment": "Voxels",
			"from": [ 10, -1, 9 ],
			"to": [ 14, 0, 10 ],
			"faces": {
				"down": { "uv": [ 6.5, 1.5, 7.5, 1.75 ], "texture": "#diamond_axe" },
				"up": { "uv": [ 6.5, 1.5, 7.5, 1.25 ], "texture": "#diamond_axe" },
				"north": { "uv": [ 7.5, 1, 6.5, 1.25 ], "texture": "#diamond_axe" },
				"south": { "uv": [ 6.5, 0.75, 7.5, 1 ], "texture": "#diamond_axe" },
				"west": { "uv": [ 9.5, 2.5, 9.75, 2.75 ], "texture": "#diamond_axe" },
				"east": { "uv": [ 9.75, 2.75, 9.5, 3 ], "texture": "#diamond_axe" }
			}
		},
		{
			"__comment": "Voxels",
			"from": [ 10, 1, 7 ],
			"to": [ 11, 2, 8 ],
			"faces": {
				"down": { "uv": [ 9.5, 3.5, 9.75, 3.75 ], "texture": "#diamond_axe" },
				"up": { "uv": [ 9.5, 4, 9.75, 3.75 ], "texture": "#diamond_axe" },
				"north": { "uv": [ 9.75, 4, 9.5, 4.25 ], "texture": "#diamond_axe" },
				"south": { "uv": [ 9.5, 4.25, 9.75, 4.5 ], "texture": "#diamond_axe" },
				"west": { "uv": [ 9.5, 5, 9.75, 5.25 ], "texture": "#diamond_axe" },
				"east": { "uv": [ 9.75, 5.25, 9.5, 5.5 ], "texture": "#diamond_axe" }
			}
		},
		{
			"__comment": "Voxels",
			"from": [ 10, 1, 9 ],
			"to": [ 11, 2, 10 ],
			"faces": {
				"down": { "uv": [ 9.5, 5.5, 9.75, 5.75 ], "texture": "#diamond_axe" },
				"up": { "uv": [ 9.5, 6, 9.75, 5.75 ], "texture": "#diamond_axe" },
				"north": { "uv": [ 15.5, 6, 15.25, 6.25 ], "texture": "#diamond_axe" },
				"south": { "uv": [ 15, 6, 15.25, 6.25 ], "texture": "#diamond_axe" },
				"west": { "uv": [ 14.75, 6, 15, 6.25 ], "texture": "#diamond_axe" },
				"east": { "uv": [ 14.75, 6, 14.5, 6.25 ], "texture": "#diamond_axe" }
			}
		},
		{
			"__comment": "Voxels",
			"from": [ 10, 7, 7 ],
			"to": [ 24, 8, 8 ],
			"faces": {
				"down": { "uv": [ 5.25, 10.75, 8.75, 11 ], "texture": "#diamond_axe" },
				"up": { "uv": [ 10.25, 12.25, 13.75, 12 ], "texture": "#diamond_axe" },
				"north": { "uv": [ 13.75, 12.25, 10.25, 12.5 ], "texture": "#diamond_axe" },
				"south": { "uv": [ 1.75, 10.75, 5.25, 11 ], "texture": "#diamond_axe" },
				"west": { "uv": [ 13.75, 6, 14, 6.25 ], "texture": "#diamond_axe" },
				"east": { "uv": [ 13.75, 6, 13.5, 6.25 ], "texture": "#diamond_axe" }
			}
		},
		{
			"__comment": "Voxels",
			"from": [ 10, 7, 9 ],
			"to": [ 24, 8, 10 ],
			"faces": {
				"down": { "uv": [ 12.25, 11, 15.75, 11.25 ], "texture": "#diamond_axe" },
				"up": { "uv": [ 8.75, 11.25, 12.25, 11 ], "texture": "#diamond_axe" },
				"north": { "uv": [ 8.75, 11, 5.25, 11.25 ], "texture": "#diamond_axe" },
				"south": { "uv": [ 1.75, 11, 5.25, 11.25 ], "texture": "#diamond_axe" },
				"west": { "uv": [ 13.25, 6, 13.5, 6.25 ], "texture": "#diamond_axe" },
				"east": { "uv": [ 13.25, 6, 13, 6.25 ], "texture": "#diamond_axe" }
			}
		},
		{
			"__comment": "Voxels",
			"from": [ 10, 9, 7 ],
			"to": [ 24, 10, 8 ],
			"faces": {
				"down": { "uv": [ 12.25, 11.25, 15.75, 11.5 ], "texture": "#diamond_axe" },
				"up": { "uv": [ 8.75, 11.5, 12.25, 11.25 ], "texture": "#diamond_axe" },
				"north": { "uv": [ 8.75, 11.25, 5.25, 11.5 ], "texture": "#diamond_axe" },
				"south": { "uv": [ 1.75, 11.25, 5.25, 11.5 ], "texture": "#diamond_axe" },
				"west": { "uv": [ 12.25, 6, 12.5, 6.25 ], "texture": "#diamond_axe" },
				"east": { "uv": [ 12.25, 6, 12, 6.25 ], "texture": "#diamond_axe" }
			}
		},
		{
			"__comment": "Voxels",
			"from": [ 10, 9, 9 ],
			"to": [ 24, 10, 10 ],
			"faces": {
				"down": { "uv": [ 12.25, 11.5, 15.75, 11.75 ], "texture": "#diamond_axe" },
				"up": { "uv": [ 8.75, 11.75, 12.25, 11.5 ], "texture": "#diamond_axe" },
				"north": { "uv": [ 8.75, 11.5, 5.25, 11.75 ], "texture": "#diamond_axe" },
				"south": { "uv": [ 1.75, 11.5, 5.25, 11.75 ], "texture": "#diamond_axe" },
				"west": { "uv": [ 11.75, 6, 12, 6.25 ], "texture": "#diamond_axe" },
				"east": { "uv": [ 11.75, 6, 11.5, 6.25 ], "texture": "#diamond_axe" }
			}
		},
		{
			"__comment": "Voxels",
			"from": [ 11, -3, 8 ],
			"to": [ 25, -2, 9 ],
			"faces": {
				"down": { "uv": [ 12.25, 11.75, 15.75, 12 ], "texture": "#diamond_axe" },
				"up": { "uv": [ 8.75, 12, 12.25, 11.75 ], "texture": "#diamond_axe" },
				"north": { "uv": [ 8.75, 11.75, 5.25, 12 ], "texture": "#diamond_axe" },
				"south": { "uv": [ 1.75, 11.75, 5.25, 12 ], "texture": "#diamond_axe" },
				"west": { "uv": [ 10.75, 6, 11, 6.25 ], "texture": "#diamond_axe" },
				"east": { "uv": [ 10.75, 6, 10.5, 6.25 ], "texture": "#diamond_axe" }
			}
		},
		{
			"__comment": "Voxels",
			"from": [ 11, 0, 7 ],
			"to": [ 24, 1, 8 ],
			"faces": {
				"down": { "uv": [ 1.75, 10.5, 5, 10.75 ], "texture": "#diamond_axe" },
				"up": { "uv": [ 1.75, 10.5, 5, 10.25 ], "texture": "#diamond_axe" },
				"north": { "uv": [ 12, 10.75, 8.75, 11 ], "texture": "#diamond_axe" },
				"south": { "uv": [ 1.75, 10, 5, 10.25 ], "texture": "#diamond_axe" },
				"west": { "uv": [ 10.25, 6, 10.5, 6.25 ], "texture": "#diamond_axe" },
				"east": { "uv": [ 10.25, 6, 10, 6.25 ], "texture": "#diamond_axe" }
			}
		},
		{
			"__comment": "Voxels",
			"from": [ 11, 0, 9 ],
			"to": [ 24, 1, 10 ],
			"faces": {
				"down": { "uv": [ 1.75, 9.75, 5, 10 ], "texture": "#diamond_axe" },
				"up": { "uv": [ 1.75, 9.75, 5, 9.5 ], "texture": "#diamond_axe" },
				"north": { "uv": [ 5, 9.25, 1.75, 9.5 ], "texture": "#diamond_axe" },
				"south": { "uv": [ 12, 10.75, 15.25, 11 ], "texture": "#diamond_axe" },
				"west": { "uv": [ 9.25, 0.5, 9.5, 0.75 ], "texture": "#diamond_axe" },
				"east": { "uv": [ 9.5, 0.75, 9.25, 1 ], "texture": "#diamond_axe" }
			}
		},
		{
			"__comment": "Voxels",
			"from": [ 11, 6, 7 ],
			"to": [ 22, 7, 8 ],
			"faces": {
				"down": { "uv": [ 1.75, 5, 4.5, 5.25 ], "texture": "#diamond_axe" },
				"up": { "uv": [ 1.75, 5.5, 4.5, 5.25 ], "texture": "#diamond_axe" },
				"north": { "uv": [ 4.5, 5.5, 1.75, 5.75 ], "texture": "#diamond_axe" },
				"south": { "uv": [ 1.75, 4.75, 4.5, 5 ], "texture": "#diamond_axe" },
				"west": { "uv": [ 9.25, 1, 9.5, 1.25 ], "texture": "#diamond_axe" },
				"east": { "uv": [ 9.5, 1.25, 9.25, 1.5 ], "texture": "#diamond_axe" }
			}
		},
		{
			"__comment": "Voxels",
			"from": [ 11, 6, 9 ],
			"to": [ 22, 7, 10 ],
			"faces": {
				"down": { "uv": [ 1.75, 0.25, 4.5, 0.5 ], "texture": "#diamond_axe" },
				"up": { "uv": [ 7.75, 10.75, 10.5, 10.5 ], "texture": "#diamond_axe" },
				"north": { "uv": [ 4.5, 9, 1.75, 9.25 ], "texture": "#diamond_axe" },
				"south": { "uv": [ 1.75, 3.25, 4.5, 3.5 ], "texture": "#diamond_axe" },
				"west": { "uv": [ 9.25, 2, 9.5, 2.25 ], "texture": "#diamond_axe" },
				"east": { "uv": [ 9.5, 2.25, 9.25, 2.5 ], "texture": "#diamond_axe" }
			}
		},
		{
			"__comment": "Voxels",
			"from": [ 11, 7, 6 ],
			"to": [ 22, 8, 7 ],
			"faces": {
				"down": { "uv": [ 1.75, 2, 4.5, 2.25 ], "texture": "#diamond_axe" },
				"up": { "uv": [ 1.75, 4.5, 4.5, 4.25 ], "texture": "#diamond_axe" },
				"north": { "uv": [ 4.5, 4, 1.75, 4.25 ], "texture": "#diamond_axe" },
				"south": { "uv": [ 1.75, 3.5, 4.5, 3.75 ], "texture": "#diamond_axe" },
				"west": { "uv": [ 9.25, 2.5, 9.5, 2.75 ], "texture": "#diamond_axe" },
				"east": { "uv": [ 9.25, 0, 9, 0.25 ], "texture": "#diamond_axe" }
			}
		},
		{
			"__comment": "Voxels",
			"from": [ 11, 7, 10 ],
			"to": [ 22, 8, 11 ],
			"faces": {
				"down": { "uv": [ 1.75, 1, 4.5, 1.25 ], "texture": "#diamond_axe" },
				"up": { "uv": [ 1.75, 1, 4.5, 0.75 ], "texture": "#diamond_axe" },
				"north": { "uv": [ 13.25, 10.5, 10.5, 10.75 ], "texture": "#diamond_axe" },
				"south": { "uv": [ 1.75, 4.5, 4.5, 4.75 ], "texture": "#diamond_axe" },
				"west": { "uv": [ 15.75, 7, 16, 7.25 ], "texture": "#diamond_axe" },
				"east": { "uv": [ 8.75, 2.25, 8.5, 2.5 ], "texture": "#diamond_axe" }
			}
		},
		{
			"__comment": "Voxels",
			"from": [ 11, 9, 6 ],
			"to": [ 22, 10, 7 ],
			"faces": {
				"down": { "uv": [ 1.75, 3.75, 4.5, 4 ], "texture": "#diamond_axe" },
				"up": { "uv": [ 1.75, 3.25, 4.5, 3 ], "texture": "#diamond_axe" },
				"north": { "uv": [ 4.5, 2.75, 1.75, 3 ], "texture": "#diamond_axe" },
				"south": { "uv": [ 1.75, 2.5, 4.5, 2.75 ], "texture": "#diamond_axe" },
				"west": { "uv": [ 15.75, 8, 16, 8.25 ], "texture": "#diamond_axe" },
				"east": { "uv": [ 6.5, 0, 6.25, 0.25 ], "texture": "#diamond_axe" }
			}
		},
		{
			"__comment": "Voxels",
			"from": [ 11, 9, 10 ],
			"to": [ 22, 10, 11 ],
			"faces": {
				"down": { "uv": [ 1.75, 1.75, 4.5, 2 ], "texture": "#diamond_axe" },
				"up": { "uv": [ 1.75, 1.75, 4.5, 1.5 ], "texture": "#diamond_axe" },
				"north": { "uv": [ 4.5, 1.25, 1.75, 1.5 ], "texture": "#diamond_axe" },
				"south": { "uv": [ 1.75, 0, 4.5, 0.25 ], "texture": "#diamond_axe" },
				"west": { "uv": [ 11.5, 1.5, 11.75, 1.75 ], "texture": "#diamond_axe" },
				"east": { "uv": [ 11.75, 2.25, 11.5, 2.5 ], "texture": "#diamond_axe" }
			}
		},
		{
			"__comment": "Voxels",
			"from": [ 11, 10, 7 ],
			"to": [ 22, 11, 8 ],
			"faces": {
				"down": { "uv": [ 5, 10.5, 7.75, 10.75 ], "texture": "#diamond_axe" },
				"up": { "uv": [ 1.75, 2.5, 4.5, 2.25 ], "texture": "#diamond_axe" },
				"north": { "uv": [ 4.5, 0.5, 1.75, 0.75 ], "texture": "#diamond_axe" },
				"south": { "uv": [ 1.75, 8.75, 4.5, 9 ], "texture": "#diamond_axe" },
				"west": { "uv": [ 11.5, 2.5, 11.75, 2.75 ], "texture": "#diamond_axe" },
				"east": { "uv": [ 11.25, 3.25, 11, 3.5 ], "texture": "#diamond_axe" }
			}
		},
		{
			"__comment": "Voxels",
			"from": [ 11, 10, 9 ],
			"to": [ 22, 11, 10 ],
			"faces": {
				"down": { "uv": [ 1.75, 8.5, 4.5, 8.75 ], "texture": "#diamond_axe" },
				"up": { "uv": [ 1.75, 8, 4.5, 7.75 ], "texture": "#diamond_axe" },
				"north": { "uv": [ 4.5, 7.5, 1.75, 7.75 ], "texture": "#diamond_axe" },
				"south": { "uv": [ 1.75, 5.75, 4.5, 6 ], "texture": "#diamond_axe" },
				"west": { "uv": [ 11, 4, 11.25, 4.25 ], "texture": "#diamond_axe" },
				"east": { "uv": [ 16, 4.75, 15.75, 5 ], "texture": "#diamond_axe" }
			}
		},
		{
			"__comment": "Voxels",
			"from": [ 12, -4, 8 ],
			"to": [ 14, -3, 9 ],
			"faces": {
				"down": { "uv": [ 11.25, 6.75, 11.75, 7 ], "texture": "#diamond_axe" },
				"up": { "uv": [ 11.75, 7, 12.25, 6.75 ], "texture": "#diamond_axe" },
				"north": { "uv": [ 12.75, 6.75, 12.25, 7 ], "texture": "#diamond_axe" },
				"south": { "uv": [ 12.75, 6.75, 13.25, 7 ], "texture": "#diamond_axe" },
				"west": { "uv": [ 15.5, 4.75, 15.75, 5 ], "texture": "#diamond_axe" },
				"east": { "uv": [ 15.5, 4.75, 15.25, 5 ], "texture": "#diamond_axe" }
			}
		},
		{
			"__comment": "Voxels",
			"from": [ 12, -2, 7 ],
			"to": [ 23, -1, 8 ],
			"faces": {
				"down": { "uv": [ 1.75, 6, 4.5, 6.25 ], "texture": "#diamond_axe" },
				"up": { "uv": [ 1.75, 6.5, 4.5, 6.25 ], "texture": "#diamond_axe" },
				"north": { "uv": [ 4.5, 6.5, 1.75, 6.75 ], "texture": "#diamond_axe" },
				"south": { "uv": [ 1.75, 6.75, 4.5, 7 ], "texture": "#diamond_axe" },
				"west": { "uv": [ 14, 4.75, 14.25, 5 ], "texture": "#diamond_axe" },
				"east": { "uv": [ 14, 4.75, 13.75, 5 ], "texture": "#diamond_axe" }
			}
		},
		{
			"__comment": "Voxels",
			"from": [ 12, -2, 9 ],
			"to": [ 23, -1, 10 ],
			"faces": {
				"down": { "uv": [ 1.75, 7, 4.5, 7.25 ], "texture": "#diamond_axe" },
				"up": { "uv": [ 1.75, 7.5, 4.5, 7.25 ], "texture": "#diamond_axe" },
				"north": { "uv": [ 4.5, 8, 1.75, 8.25 ], "texture": "#diamond_axe" },
				"south": { "uv": [ 1.75, 8.25, 4.5, 8.5 ], "texture": "#diamond_axe" },
				"west": { "uv": [ 13.5, 4.75, 13.75, 5 ], "texture": "#diamond_axe" },
				"east": { "uv": [ 13, 4.75, 12.75, 5 ], "texture": "#diamond_axe" }
			}
		},
		{
			"__comment": "Voxels",
			"from": [ 13, 6, 8 ],
			"to": [ 22, 7, 9 ],
			"faces": {
				"down": { "uv": [ 9.5, 9.75, 11.75, 10 ], "texture": "#diamond_axe" },
				"up": { "uv": [ 11.75, 10, 14, 9.75 ], "texture": "#diamond_axe" },
				"north": { "uv": [ 7.25, 9.5, 5, 9.75 ], "texture": "#diamond_axe" },
				"south": { "uv": [ 7.25, 9.5, 9.5, 9.75 ], "texture": "#diamond_axe" },
				"west": { "uv": [ 12, 4.75, 12.25, 5 ], "texture": "#diamond_axe" },
				"east": { "uv": [ 10.75, 3.75, 10.5, 4 ], "texture": "#diamond_axe" }
			}
		},
		{
			"__comment": "Voxels",
			"from": [ 13, 8, 6 ],
			"to": [ 22, 9, 7 ],
			"faces": {
				"down": { "uv": [ 7.25, 9.75, 9.5, 10 ], "texture": "#diamond_axe" },
				"up": { "uv": [ 9.5, 9.75, 11.75, 9.5 ], "texture": "#diamond_axe" },
				"north": { "uv": [ 14, 9.5, 11.75, 9.75 ], "texture": "#diamond_axe" },
				"south": { "uv": [ 5, 9.25, 7.25, 9.5 ], "texture": "#diamond_axe" },
				"west": { "uv": [ 10.5, 4, 10.75, 4.25 ], "texture": "#diamond_axe" },
				"east": { "uv": [ 10.75, 4.75, 10.5, 5 ], "texture": "#diamond_axe" }
			}
		},
		{
			"__comment": "Voxels",
			"from": [ 13, 8, 10 ],
			"to": [ 22, 9, 11 ],
			"faces": {
				"down": { "uv": [ 13.75, 12.25, 16, 12.5 ], "texture": "#diamond_axe" },
				"up": { "uv": [ 13.75, 12.25, 16, 12 ], "texture": "#diamond_axe" },
				"north": { "uv": [ 15.5, 10.5, 13.25, 10.75 ], "texture": "#diamond_axe" },
				"south": { "uv": [ 5, 10.25, 7.25, 10.5 ], "texture": "#diamond_axe" },
				"west": { "uv": [ 15.5, 5.25, 15.75, 5.5 ], "texture": "#diamond_axe" },
				"east": { "uv": [ 15, 5.25, 14.75, 5.5 ], "texture": "#diamond_axe" }
			}
		},
		{
			"__comment": "Voxels",
			"from": [ 13, 10, 8 ],
			"to": [ 22, 11, 9 ],
			"faces": {
				"down": { "uv": [ 9.5, 10.25, 11.75, 10.5 ], "texture": "#diamond_axe" },
				"up": { "uv": [ 5, 10, 7.25, 9.75 ], "texture": "#diamond_axe" },
				"north": { "uv": [ 9.5, 10, 7.25, 10.25 ], "texture": "#diamond_axe" },
				"south": { "uv": [ 9.5, 10, 11.75, 10.25 ], "texture": "#diamond_axe" },
				"west": { "uv": [ 14.5, 5.25, 14.75, 5.5 ], "texture": "#diamond_axe" },
				"east": { "uv": [ 10.5, 0, 10.25, 0.25 ], "texture": "#diamond_axe" }
			}
		},
		{
			"__comment": "Voxels",
			"from": [ 14, 2, 8 ],
			"to": [ 22, 3, 9 ],
			"faces": {
				"down": { "uv": [ 14, 10.25, 16, 10.5 ], "texture": "#diamond_axe" },
				"up": { "uv": [ 14, 10, 16, 9.75 ], "texture": "#diamond_axe" },
				"north": { "uv": [ 16, 9.5, 14, 9.75 ], "texture": "#diamond_axe" },
				"south": { "uv": [ 7.25, 9.25, 9.25, 9.5 ], "texture": "#diamond_axe" },
				"west": { "uv": [ 10.25, 1.75, 10.5, 2 ], "texture": "#diamond_axe" },
				"east": { "uv": [ 13.5, 5.5, 13.25, 5.75 ], "texture": "#diamond_axe" }
			}
		},
		{
			"__comment": "Voxels",
			"from": [ 14, 4, 8 ],
			"to": [ 15, 6, 9 ],
			"faces": {
				"down": { "uv": [ 13, 5.5, 13.25, 5.75 ], "texture": "#diamond_axe" },
				"up": { "uv": [ 11.75, 5.75, 12, 5.5 ], "texture": "#diamond_axe" },
				"north": { "uv": [ 9.25, 5.75, 9, 6.25 ], "texture": "#diamond_axe" },
				"south": { "uv": [ 9, 5.25, 9.25, 5.75 ], "texture": "#diamond_axe" },
				"west": { "uv": [ 9, 4.75, 9.25, 5.25 ], "texture": "#diamond_axe" },
				"east": { "uv": [ 9.25, 4.25, 9, 4.75 ], "texture": "#diamond_axe" }
			}
		},
		{
			"__comment": "Voxels",
			"from": [ 14, 11, 8 ],
			"to": [ 16, 12, 9 ],
			"faces": {
				"down": { "uv": [ 15.25, 6.75, 15.75, 7 ], "texture": "#diamond_axe" },
				"up": { "uv": [ 13.75, 7, 14.25, 6.75 ], "texture": "#diamond_axe" },
				"north": { "uv": [ 14.75, 6.75, 14.25, 7 ], "texture": "#diamond_axe" },
				"south": { "uv": [ 14.75, 6.75, 15.25, 7 ], "texture": "#diamond_axe" },
				"west": { "uv": [ 9.5, 3.25, 9.75, 3.5 ], "texture": "#diamond_axe" },
				"east": { "uv": [ 9.75, 3, 9.5, 3.25 ], "texture": "#diamond_axe" }
			}
		},
		{
			"__comment": "Voxels",
			"from": [ 14, 12, 8 ],
			"to": [ 15, 13, 9 ],
			"faces": {
				"down": { "uv": [ 9.5, 1.25, 9.75, 1.5 ], "texture": "#diamond_axe" },
				"up": { "uv": [ 9.75, 2, 10, 1.75 ], "texture": "#diamond_axe" },
				"north": { "uv": [ 10, 1.5, 9.75, 1.75 ], "texture": "#diamond_axe" },
				"south": { "uv": [ 10, 0, 10.25, 0.25 ], "texture": "#diamond_axe" },
				"west": { "uv": [ 10.25, 5.5, 10.5, 5.75 ], "texture": "#diamond_axe" },
				"east": { "uv": [ 11.75, 5.5, 11.5, 5.75 ], "texture": "#diamond_axe" }
			}
		},
		{
			"__comment": "Voxels",
			"from": [ 14, 14, 8 ],
			"to": [ 21, 15, 9 ],
			"faces": {
				"down": { "uv": [ 0, 2.5, 1.75, 2.75 ], "texture": "#diamond_axe" },
				"up": { "uv": [ 0, 4.5, 1.75, 4.25 ], "texture": "#diamond_axe" },
				"north": { "uv": [ 1.75, 5.5, 0, 5.75 ], "texture": "#diamond_axe" },
				"south": { "uv": [ 0, 2.25, 1.75, 2.5 ], "texture": "#diamond_axe" },
				"west": { "uv": [ 10.25, 1.5, 10.5, 1.75 ], "texture": "#diamond_axe" },
				"east": { "uv": [ 10.5, 0.25, 10.25, 0.5 ], "texture": "#diamond_axe" }
			}
		},
		{
			"__comment": "Voxels",
			"from": [ 14, 20, 8 ],
			"to": [ 21, 21, 9 ],
			"faces": {
				"down": { "uv": [ 0, 5.75, 1.75, 6 ], "texture": "#diamond_axe" },
				"up": { "uv": [ 0, 5.5, 1.75, 5.25 ], "texture": "#diamond_axe" },
				"north": { "uv": [ 1.75, 4.5, 0, 4.75 ], "texture": "#diamond_axe" },
				"south": { "uv": [ 0, 4.75, 1.75, 5 ], "texture": "#diamond_axe" },
				"west": { "uv": [ 15.75, 5.25, 16, 5.5 ], "texture": "#diamond_axe" },
				"east": { "uv": [ 10.75, 5, 10.5, 5.25 ], "texture": "#diamond_axe" }
			}
		},
		{
			"__comment": "Voxels",
			"from": [ 15, -1, 7 ],
			"to": [ 21, 0, 8 ],
			"faces": {
				"down": { "uv": [ 5, 5.75, 6.5, 6 ], "texture": "#diamond_axe" },
				"up": { "uv": [ 5, 4.5, 6.5, 4.25 ], "texture": "#diamond_axe" },
				"north": { "uv": [ 6.5, 7, 5, 7.25 ], "texture": "#diamond_axe" },
				"south": { "uv": [ 5, 7.25, 6.5, 7.5 ], "texture": "#diamond_axe" },
				"west": { "uv": [ 12.25, 4.75, 12.5, 5 ], "texture": "#diamond_axe" },
				"east": { "uv": [ 12.75, 4.75, 12.5, 5 ], "texture": "#diamond_axe" }
			}
		},
		{
			"__comment": "Voxels",
			"from": [ 15, -1, 9 ],
			"to": [ 21, 0, 10 ],
			"faces": {
				"down": { "uv": [ 5, 4.5, 6.5, 4.75 ], "texture": "#diamond_axe" },
				"up": { "uv": [ 5, 5.5, 6.5, 5.25 ], "texture": "#diamond_axe" },
				"north": { "uv": [ 6.5, 4, 5, 4.25 ], "texture": "#diamond_axe" },
				"south": { "uv": [ 5, 8.75, 6.5, 9 ], "texture": "#diamond_axe" },
				"west": { "uv": [ 14.25, 4.75, 14.5, 5 ], "texture": "#diamond_axe" },
				"east": { "uv": [ 15.25, 4.75, 15, 5 ], "texture": "#diamond_axe" }
			}
		},
		{
			"__comment": "Voxels",
			"from": [ 15, 1, 7 ],
			"to": [ 21, 2, 8 ],
			"faces": {
				"down": { "uv": [ 5, 4.75, 6.5, 5 ], "texture": "#diamond_axe" },
				"up": { "uv": [ 5, 6.5, 6.5, 6.25 ], "texture": "#diamond_axe" },
				"north": { "uv": [ 6.5, 7.5, 5, 7.75 ], "texture": "#diamond_axe" },
				"south": { "uv": [ 5, 6, 6.5, 6.25 ], "texture": "#diamond_axe" },
				"west": { "uv": [ 11, 3.75, 11.25, 4 ], "texture": "#diamond_axe" },
				"east": { "uv": [ 11.25, 3.5, 11, 3.75 ], "texture": "#diamond_axe" }
			}
		},
		{
			"__comment": "Voxels",
			"from": [ 15, 1, 9 ],
			"to": [ 21, 2, 10 ],
			"faces": {
				"down": { "uv": [ 5, 5.5, 6.5, 5.75 ], "texture": "#diamond_axe" },
				"up": { "uv": [ 5, 8.5, 6.5, 8.25 ], "texture": "#diamond_axe" },
				"north": { "uv": [ 6.5, 8.5, 5, 8.75 ], "texture": "#diamond_axe" },
				"south": { "uv": [ 5, 1.5, 6.5, 1.75 ], "texture": "#diamond_axe" },
				"west": { "uv": [ 11.5, 1.25, 11.75, 1.5 ], "texture": "#diamond_axe" },
				"east": { "uv": [ 11.75, 1, 11.5, 1.25 ], "texture": "#diamond_axe" }
			}
		},
		{
			"__comment": "Voxels",
			"from": [ 15, 5, 8 ],
			"to": [ 16, 6, 9 ],
			"faces": {
				"down": { "uv": [ 11.5, 0.75, 11.75, 1 ], "texture": "#diamond_axe" },
				"up": { "uv": [ 11.5, 0.25, 11.75, 0 ], "texture": "#diamond_axe" },
				"north": { "uv": [ 12, 4, 11.75, 4.25 ], "texture": "#diamond_axe" },
				"south": { "uv": [ 15.75, 11.5, 16, 11.75 ], "texture": "#diamond_axe" },
				"west": { "uv": [ 15.75, 11.25, 16, 11.5 ], "texture": "#diamond_axe" },
				"east": { "uv": [ 16, 11, 15.75, 11.25 ], "texture": "#diamond_axe" }
			}
		},
		{
			"__comment": "Voxels",
			"from": [ 15, 8, 5 ],
			"to": [ 22, 9, 6 ],
			"faces": {
				"down": { "uv": [ 0, 9.5, 1.75, 9.75 ], "texture": "#diamond_axe" },
				"up": { "uv": [ 0, 8.5, 1.75, 8.25 ], "texture": "#diamond_axe" },
				"north": { "uv": [ 1.75, 9.75, 0, 10 ], "texture": "#diamond_axe" },
				"south": { "uv": [ 0, 3.25, 1.75, 3.5 ], "texture": "#diamond_axe" },
				"west": { "uv": [ 15.75, 6.75, 16, 7 ], "texture": "#diamond_axe" },
				"east": { "uv": [ 9, 0, 8.75, 0.25 ], "texture": "#diamond_axe" }
			}
		},
		{
			"__comment": "Voxels",
			"from": [ 15, 8, 11 ],
			"to": [ 22, 9, 12 ],
			"faces": {
				"down": { "uv": [ 0, 4, 1.75, 4.25 ], "texture": "#diamond_axe" },
				"up": { "uv": [ 0, 3, 1.75, 2.75 ], "texture": "#diamond_axe" },
				"north": { "uv": [ 1.75, 3.5, 0, 3.75 ], "texture": "#diamond_axe" },
				"south": { "uv": [ 0, 3.75, 1.75, 4 ], "texture": "#diamond_axe" },
				"west": { "uv": [ 9.25, 1.75, 9.5, 2 ], "texture": "#diamond_axe" },
				"east": { "uv": [ 9.5, 1.5, 9.25, 1.75 ], "texture": "#diamond_axe" }
			}
		},
		{
			"__comment": "Voxels",
			"from": [ 15, 15, 8 ],
			"to": [ 22, 16, 9 ],
			"faces": {
				"down": { "uv": [ 0, 7, 1.75, 7.25 ], "texture": "#diamond_axe" },
				"up": { "uv": [ 0, 2.25, 1.75, 2 ], "texture": "#diamond_axe" },
				"north": { "uv": [ 1.75, 0.5, 0, 0.75 ], "texture": "#diamond_axe" },
				"south": { "uv": [ 0, 0.75, 1.75, 1 ], "texture": "#diamond_axe" },
				"west": { "uv": [ 9.25, 0.25, 9.5, 0.5 ], "texture": "#diamond_axe" },
				"east": { "uv": [ 9.5, 0, 9.25, 0.25 ], "texture": "#diamond_axe" }
			}
		},
		{
			"__comment": "Voxels",
			"from": [ 15, 19, 8 ],
			"to": [ 22, 20, 9 ],
			"faces": {
				"down": { "uv": [ 0, 1, 1.75, 1.25 ], "texture": "#diamond_axe" },
				"up": { "uv": [ 0, 1.5, 1.75, 1.25 ], "texture": "#diamond_axe" },
				"north": { "uv": [ 1.75, 1.5, 0, 1.75 ], "texture": "#diamond_axe" },
				"south": { "uv": [ 0, 1.75, 1.75, 2 ], "texture": "#diamond_axe" },
				"west": { "uv": [ 11, 6, 11.25, 6.25 ], "texture": "#diamond_axe" },
				"east": { "uv": [ 11.5, 6, 11.25, 6.25 ], "texture": "#diamond_axe" }
			}
		},
		{
			"__comment": "Voxels",
			"from": [ 15, 21, 8 ],
			"to": [ 20, 22, 9 ],
			"faces": {
				"down": { "uv": [ 14, 8.75, 15.25, 9 ], "texture": "#diamond_axe" },
				"up": { "uv": [ 12.75, 9, 14, 8.75 ], "texture": "#diamond_axe" },
				"north": { "uv": [ 7.75, 8.5, 6.5, 8.75 ], "texture": "#diamond_axe" },
				"south": { "uv": [ 10.25, 8.75, 11.5, 9 ], "texture": "#diamond_axe" },
				"west": { "uv": [ 12.5, 6, 12.75, 6.25 ], "texture": "#diamond_axe" },
				"east": { "uv": [ 13, 6, 12.75, 6.25 ], "texture": "#diamond_axe" }
			}
		},
		{
			"__comment": "Voxels",
			"from": [ 16, 3, 8 ],
			"to": [ 21, 4, 9 ],
			"faces": {
				"down": { "uv": [ 14, 8.5, 15.25, 8.75 ], "texture": "#diamond_axe" },
				"up": { "uv": [ 14, 9.25, 15.25, 9 ], "texture": "#diamond_axe" },
				"north": { "uv": [ 12.75, 9, 11.5, 9.25 ], "texture": "#diamond_axe" },
				"south": { "uv": [ 10.25, 9, 11.5, 9.25 ], "texture": "#diamond_axe" },
				"west": { "uv": [ 14, 6, 14.25, 6.25 ], "texture": "#diamond_axe" },
				"east": { "uv": [ 14.5, 6, 14.25, 6.25 ], "texture": "#diamond_axe" }
			}
		},
		{
			"__comment": "Voxels",
			"from": [ 16, 13, 8 ],
			"to": [ 21, 14, 9 ],
			"faces": {
				"down": { "uv": [ 7.75, 9, 9, 9.25 ], "texture": "#diamond_axe" },
				"up": { "uv": [ 6.5, 9, 7.75, 8.75 ], "texture": "#diamond_axe" },
				"north": { "uv": [ 14, 8.5, 12.75, 8.75 ], "texture": "#diamond_axe" },
				"south": { "uv": [ 7.75, 8.5, 9, 8.75 ], "texture": "#diamond_axe" },
				"west": { "uv": [ 15.5, 6, 15.75, 6.25 ], "texture": "#diamond_axe" },
				"east": { "uv": [ 16, 6, 15.75, 6.25 ], "texture": "#diamond_axe" }
			}
		},
		{
			"__comment": "Voxels",
			"from": [ 16, 16, 8 ],
			"to": [ 24, 17, 9 ],
			"faces": {
				"down": { "uv": [ 14, 10, 16, 10.25 ], "texture": "#diamond_axe" },
				"up": { "uv": [ 9.25, 9.5, 11.25, 9.25 ], "texture": "#diamond_axe" },
				"north": { "uv": [ 13.25, 9.25, 11.25, 9.5 ], "texture": "#diamond_axe" },
				"south": { "uv": [ 13.25, 9.25, 15.25, 9.5 ], "texture": "#diamond_axe" },
				"west": { "uv": [ 9.5, 4.75, 9.75, 5 ], "texture": "#diamond_axe" },
				"east": { "uv": [ 9.75, 4.5, 9.5, 4.75 ], "texture": "#diamond_axe" }
			}
		},
		{
			"__comment": "Voxels",
			"from": [ 16, 17, 8 ],
			"to": [ 23, 19, 9 ],
			"faces": {
				"down": { "uv": [ 0, 3, 1.75, 3.25 ], "texture": "#diamond_axe" },
				"up": { "uv": [ 0, 5.25, 1.75, 5 ], "texture": "#diamond_axe" },
				"north": { "uv": [ 1.75, 11, 0, 11.5 ], "texture": "#diamond_axe" },
				"south": { "uv": [ 0, 11.5, 1.75, 12 ], "texture": "#diamond_axe" },
				"west": { "uv": [ 9, 3.75, 9.25, 4.25 ], "texture": "#diamond_axe" },
				"east": { "uv": [ 9.25, 3.25, 9, 3.75 ], "texture": "#diamond_axe" }
			}
		},
		{
			"__comment": "Voxels",
			"from": [ 16, 20, 7 ],
			"to": [ 19, 21, 8 ],
			"faces": {
				"down": { "uv": [ 8, 1.5, 8.75, 1.75 ], "texture": "#diamond_axe" },
				"up": { "uv": [ 15, 8.25, 15.75, 8 ], "texture": "#diamond_axe" },
				"north": { "uv": [ 16, 9, 15.25, 9.25 ], "texture": "#diamond_axe" },
				"south": { "uv": [ 15.25, 9.25, 16, 9.5 ], "texture": "#diamond_axe" },
				"west": { "uv": [ 9.5, 1.75, 9.75, 2 ], "texture": "#diamond_axe" },
				"east": { "uv": [ 9.75, 1.5, 9.5, 1.75 ], "texture": "#diamond_axe" }
			}
		},
		{
			"__comment": "Voxels",
			"from": [ 16, 20, 9 ],
			"to": [ 19, 21, 10 ],
			"faces": {
				"down": { "uv": [ 15.25, 10.75, 16, 11 ], "texture": "#diamond_axe" },
				"up": { "uv": [ 8, 3.5, 8.75, 3.25 ], "texture": "#diamond_axe" },
				"north": { "uv": [ 8.75, 3.5, 8, 3.75 ], "texture": "#diamond_axe" },
				"south": { "uv": [ 14.75, 7.25, 15.5, 7.5 ], "texture": "#diamond_axe" },
				"west": { "uv": [ 9.5, 0.25, 9.75, 0.5 ], "texture": "#diamond_axe" },
				"east": { "uv": [ 9.75, 0, 9.5, 0.25 ], "texture": "#diamond_axe" }
			}
		},
		{
			"__comment": "Voxels",
			"from": [ 17, 2, 7 ],
			"to": [ 20, 3, 8 ],
			"faces": {
				"down": { "uv": [ 13.25, 7.25, 14, 7.5 ], "texture": "#diamond_axe" },
				"up": { "uv": [ 8.75, 7.5, 9.5, 7.25 ], "texture": "#diamond_axe" },
				"north": { "uv": [ 8.75, 7.25, 8, 7.5 ], "texture": "#diamond_axe" },
				"south": { "uv": [ 8.75, 7.5, 9.5, 7.75 ], "texture": "#diamond_axe" },
				"west": { "uv": [ 9.75, 4.75, 10, 5 ], "texture": "#diamond_axe" },
				"east": { "uv": [ 10, 4.5, 9.75, 4.75 ], "texture": "#diamond_axe" }
			}
		},
		{
			"__comment": "Voxels",
			"from": [ 17, 2, 9 ],
			"to": [ 20, 3, 10 ],
			"faces": {
				"down": { "uv": [ 8, 7.5, 8.75, 7.75 ], "texture": "#diamond_axe" },
				"up": { "uv": [ 9.5, 8, 10.25, 7.75 ], "texture": "#diamond_axe" },
				"north": { "uv": [ 9.5, 7.75, 8.75, 8 ], "texture": "#diamond_axe" },
				"south": { "uv": [ 15.25, 8.5, 16, 8.75 ], "texture": "#diamond_axe" },
				"west": { "uv": [ 9.75, 3.25, 10, 3.5 ], "texture": "#diamond_axe" },
				"east": { "uv": [ 10, 3, 9.75, 3.25 ], "texture": "#diamond_axe" }
			}
		},
		{
			"__comment": "Voxels",
			"from": [ 17, 4, 8 ],
			"to": [ 21, 6, 9 ],
			"faces": {
				"down": { "uv": [ 6.5, 4, 7.5, 4.25 ], "texture": "#diamond_axe" },
				"up": { "uv": [ 6.5, 4.5, 7.5, 4.25 ], "texture": "#diamond_axe" },
				"north": { "uv": [ 16, 15.5, 15, 16 ], "texture": "#diamond_axe" },
				"south": { "uv": [ 15, 14.75, 16, 15.25 ], "texture": "#diamond_axe" },
				"west": { "uv": [ 9, 2.75, 9.25, 3.25 ], "texture": "#diamond_axe" },
				"east": { "uv": [ 9.25, 2.25, 9, 2.75 ], "texture": "#diamond_axe" }
			}
		},
		{
			"__comment": "Voxels",
			"from": [ 17, 6, 6 ],
			"to": [ 21, 7, 7 ],
			"faces": {
				"down": { "uv": [ 6.5, 4.5, 7.5, 4.75 ], "texture": "#diamond_axe" },
				"up": { "uv": [ 6.5, 5, 7.5, 4.75 ], "texture": "#diamond_axe" },
				"north": { "uv": [ 7.5, 5, 6.5, 5.25 ], "texture": "#diamond_axe" },
				"south": { "uv": [ 6.5, 5.25, 7.5, 5.5 ], "texture": "#diamond_axe" },
				"west": { "uv": [ 9.75, 0.25, 10, 0.5 ], "texture": "#diamond_axe" },
				"east": { "uv": [ 10, 0, 9.75, 0.25 ], "texture": "#diamond_axe" }
			}
		},
		{
			"__comment": "Voxels",
			"from": [ 17, 6, 10 ],
			"to": [ 21, 7, 11 ],
			"faces": {
				"down": { "uv": [ 6.5, 5.5, 7.5, 5.75 ], "texture": "#diamond_axe" },
				"up": { "uv": [ 6.5, 6, 7.5, 5.75 ], "texture": "#diamond_axe" },
				"north": { "uv": [ 7.5, 6, 6.5, 6.25 ], "texture": "#diamond_axe" },
				"south": { "uv": [ 6.5, 6.25, 7.5, 6.5 ], "texture": "#diamond_axe" },
				"west": { "uv": [ 11, 5.75, 11.25, 6 ], "texture": "#diamond_axe" },
				"east": { "uv": [ 11.5, 5.75, 11.25, 6 ], "texture": "#diamond_axe" }
			}
		},
		{
			"__comment": "Voxels",
			"from": [ 17, 7, 5 ],
			"to": [ 21, 8, 6 ],
			"faces": {
				"down": { "uv": [ 6.5, 3.75, 7.5, 4 ], "texture": "#diamond_axe" },
				"up": { "uv": [ 6.5, 7, 7.5, 6.75 ], "texture": "#diamond_axe" },
				"north": { "uv": [ 7.5, 7, 6.5, 7.25 ], "texture": "#diamond_axe" },
				"south": { "uv": [ 6.5, 7.25, 7.5, 7.5 ], "texture": "#diamond_axe" },
				"west": { "uv": [ 12.5, 5.75, 12.75, 6 ], "texture": "#diamond_axe" },
				"east": { "uv": [ 13, 5.75, 12.75, 6 ], "texture": "#diamond_axe" }
			}
		},
		{
			"__comment": "Voxels",
			"from": [ 17, 7, 11 ],
			"to": [ 21, 8, 12 ],
			"faces": {
				"down": { "uv": [ 6.5, 7.5, 7.5, 7.75 ], "texture": "#diamond_axe" },
				"up": { "uv": [ 6.5, 8, 7.5, 7.75 ], "texture": "#diamond_axe" },
				"north": { "uv": [ 7.5, 8, 6.5, 8.25 ], "texture": "#diamond_axe" },
				"south": { "uv": [ 6.5, 8.25, 7.5, 8.5 ], "texture": "#diamond_axe" },
				"west": { "uv": [ 14, 5.75, 14.25, 6 ], "texture": "#diamond_axe" },
				"east": { "uv": [ 14.5, 5.75, 14.25, 6 ], "texture": "#diamond_axe" }
			}
		},
		{
			"__comment": "Voxels",
			"from": [ 17, 9, 5 ],
			"to": [ 21, 10, 6 ],
			"faces": {
				"down": { "uv": [ 5.5, 1.75, 6.5, 2 ], "texture": "#diamond_axe" },
				"up": { "uv": [ 5.5, 2.25, 6.5, 2 ], "texture": "#diamond_axe" },
				"north": { "uv": [ 6.5, 2.25, 5.5, 2.5 ], "texture": "#diamond_axe" },
				"south": { "uv": [ 15, 14.5, 16, 14.75 ], "texture": "#diamond_axe" },
				"west": { "uv": [ 15.5, 5.75, 15.75, 6 ], "texture": "#diamond_axe" },
				"east": { "uv": [ 16, 5.75, 15.75, 6 ], "texture": "#diamond_axe" }
			}
		},
		{
			"__comment": "Voxels",
			"from": [ 17, 9, 11 ],
			"to": [ 21, 10, 12 ],
			"faces": {
				"down": { "uv": [ 15, 15.25, 16, 15.5 ], "texture": "#diamond_axe" },
				"up": { "uv": [ 14, 8.25, 15, 8 ], "texture": "#diamond_axe" },
				"north": { "uv": [ 14, 8, 13, 8.25 ], "texture": "#diamond_axe" },
				"south": { "uv": [ 12, 8, 13, 8.25 ], "texture": "#diamond_axe" },
				"west": { "uv": [ 10, 4.5, 10.25, 4.75 ], "texture": "#diamond_axe" },
				"east": { "uv": [ 10.25, 4.25, 10, 4.5 ], "texture": "#diamond_axe" }
			}
		},
		{
			"__comment": "Voxels",
			"from": [ 17, 10, 6 ],
			"to": [ 21, 11, 7 ],
			"faces": {
				"down": { "uv": [ 11, 8, 12, 8.25 ], "texture": "#diamond_axe" },
				"up": { "uv": [ 10, 8.25, 11, 8 ], "texture": "#diamond_axe" },
				"north": { "uv": [ 10, 8, 9, 8.25 ], "texture": "#diamond_axe" },
				"south": { "uv": [ 6.5, 6.5, 7.5, 6.75 ], "texture": "#diamond_axe" },
				"west": { "uv": [ 10, 3, 10.25, 3.25 ], "texture": "#diamond_axe" },
				"east": { "uv": [ 10.25, 2.75, 10, 3 ], "texture": "#diamond_axe" }
			}
		},
		{
			"__comment": "Voxels",
			"from": [ 17, 10, 10 ],
			"to": [ 21, 11, 11 ],
			"faces": {
				"down": { "uv": [ 8, 8, 9, 8.25 ], "texture": "#diamond_axe" },
				"up": { "uv": [ 14.5, 8.5, 15.5, 8.25 ], "texture": "#diamond_axe" },
				"north": { "uv": [ 14.5, 8.25, 13.5, 8.5 ], "texture": "#diamond_axe" },
				"south": { "uv": [ 12.5, 8.25, 13.5, 8.5 ], "texture": "#diamond_axe" },
				"west": { "uv": [ 10, 1.5, 10.25, 1.75 ], "texture": "#diamond_axe" },
				"east": { "uv": [ 10.25, 1.25, 10, 1.5 ], "texture": "#diamond_axe" }
			}
		},
		{
			"__comment": "Voxels",
			"from": [ 17, 11, 8 ],
			"to": [ 22, 13, 9 ],
			"faces": {
				"down": { "uv": [ 5, 0, 6.25, 0.25 ], "texture": "#diamond_axe" },
				"up": { "uv": [ 6.5, 9.25, 7.75, 9 ], "texture": "#diamond_axe" },
				"north": { "uv": [ 1.25, 10, 0, 10.5 ], "texture": "#diamond_axe" },
				"south": { "uv": [ 0, 10.5, 1.25, 11 ], "texture": "#diamond_axe" },
				"west": { "uv": [ 9, 1.75, 9.25, 2.25 ], "texture": "#diamond_axe" },
				"east": { "uv": [ 9.25, 1.25, 9, 1.75 ], "texture": "#diamond_axe" }
			}
		},
		{
			"__comment": "Voxels",
			"from": [ 17, 14, 7 ],
			"to": [ 20, 16, 8 ],
			"faces": {
				"down": { "uv": [ 8, 3, 8.75, 3.25 ], "texture": "#diamond_axe" },
				"up": { "uv": [ 8, 4, 8.75, 3.75 ], "texture": "#diamond_axe" },
				"north": { "uv": [ 6.5, 7.75, 5.75, 8.25 ], "texture": "#diamond_axe" },
				"south": { "uv": [ 5, 7.75, 5.75, 8.25 ], "texture": "#diamond_axe" },
				"west": { "uv": [ 9, 0.75, 9.25, 1.25 ], "texture": "#diamond_axe" },
				"east": { "uv": [ 9.25, 0.25, 9, 0.75 ], "texture": "#diamond_axe" }
			}
		},
		{
			"__comment": "Voxels",
			"from": [ 17, 14, 9 ],
			"to": [ 20, 16, 10 ],
			"faces": {
				"down": { "uv": [ 8, 4.25, 8.75, 4.5 ], "texture": "#diamond_axe" },
				"up": { "uv": [ 8, 4.25, 8.75, 4 ], "texture": "#diamond_axe" },
				"north": { "uv": [ 6.5, 6.5, 5.75, 7 ], "texture": "#diamond_axe" },
				"south": { "uv": [ 5, 6.5, 5.75, 7 ], "texture": "#diamond_axe" },
				"west": { "uv": [ 9.25, 6.25, 9.5, 6.75 ], "texture": "#diamond_axe" },
				"east": { "uv": [ 9.5, 5.75, 9.25, 6.25 ], "texture": "#diamond_axe" }
			}
		},
		{
			"__comment": "Voxels",
			"from": [ 17, 18, 7 ],
			"to": [ 21, 19, 8 ],
			"faces": {
				"down": { "uv": [ 6.5, 3.5, 7.5, 3.75 ], "texture": "#diamond_axe" },
				"up": { "uv": [ 6.5, 3.5, 7.5, 3.25 ], "texture": "#diamond_axe" },
				"north": { "uv": [ 7.5, 3, 6.5, 3.25 ], "texture": "#diamond_axe" },
				"south": { "uv": [ 6.5, 2.75, 7.5, 3 ], "texture": "#diamond_axe" },
				"west": { "uv": [ 14.5, 5.5, 14.75, 5.75 ], "texture": "#diamond_axe" },
				"east": { "uv": [ 15, 5.5, 14.75, 5.75 ], "texture": "#diamond_axe" }
			}
		},
		{
			"__comment": "Voxels",
			"from": [ 17, 18, 9 ],
			"to": [ 21, 19, 10 ],
			"faces": {
				"down": { "uv": [ 6.5, 0.5, 7.5, 0.75 ], "texture": "#diamond_axe" },
				"up": { "uv": [ 6.5, 0.5, 7.5, 0.25 ], "texture": "#diamond_axe" },
				"north": { "uv": [ 7.5, 0, 6.5, 0.25 ], "texture": "#diamond_axe" },
				"south": { "uv": [ 7.5, 8.25, 8.5, 8.5 ], "texture": "#diamond_axe" },
				"west": { "uv": [ 10.25, 5.25, 10.5, 5.5 ], "texture": "#diamond_axe" },
				"east": { "uv": [ 10.5, 5, 10.25, 5.25 ], "texture": "#diamond_axe" }
			}
		},
		{
			"__comment": "Voxels",
			"from": [ 17, 19, 7 ],
			"to": [ 20, 20, 8 ],
			"faces": {
				"down": { "uv": [ 11, 7.5, 11.75, 7.75 ], "texture": "#diamond_axe" },
				"up": { "uv": [ 13.25, 7.75, 14, 7.5 ], "texture": "#diamond_axe" },
				"north": { "uv": [ 14.75, 7.5, 14, 7.75 ], "texture": "#diamond_axe" },
				"south": { "uv": [ 14.75, 7.5, 15.5, 7.75 ], "texture": "#diamond_axe" },
				"west": { "uv": [ 10.25, 3.75, 10.5, 4 ], "texture": "#diamond_axe" },
				"east": { "uv": [ 10.5, 3.5, 10.25, 3.75 ], "texture": "#diamond_axe" }
			}
		},
		{
			"__comment": "Voxels",
			"from": [ 17, 19, 9 ],
			"to": [ 18, 20, 10 ],
			"faces": {
				"down": { "uv": [ 10.25, 3.25, 10.5, 3.5 ], "texture": "#diamond_axe" },
				"up": { "uv": [ 10.25, 3.25, 10.5, 3 ], "texture": "#diamond_axe" },
				"north": { "uv": [ 10.5, 2.75, 10.25, 3 ], "texture": "#diamond_axe" },
				"south": { "uv": [ 10.25, 2.5, 10.5, 2.75 ], "texture": "#diamond_axe" },
				"west": { "uv": [ 10.25, 2.25, 10.5, 2.5 ], "texture": "#diamond_axe" },
				"east": { "uv": [ 10.5, 2, 10.25, 2.25 ], "texture": "#diamond_axe" }
			}
		},
		{
			"__comment": "Voxels",
			"from": [ 18, 3, 7 ],
			"to": [ 20, 6, 8 ],
			"faces": {
				"down": { "uv": [ 9.5, 6.5, 10, 6.75 ], "texture": "#diamond_axe" },
				"up": { "uv": [ 10, 6.75, 10.5, 6.5 ], "texture": "#diamond_axe" },
				"north": { "uv": [ 5.5, 2.5, 5, 3.25 ], "texture": "#diamond_axe" },
				"south": { "uv": [ 5.5, 2.5, 6, 3.25 ], "texture": "#diamond_axe" },
				"west": { "uv": [ 7.75, 2.5, 8, 3.25 ], "texture": "#diamond_axe" },
				"east": { "uv": [ 7.75, 1.75, 7.5, 2.5 ], "texture": "#diamond_axe" }
			}
		},
		{
			"__comment": "Voxels",
			"from": [ 18, 3, 9 ],
			"to": [ 20, 6, 10 ],
			"faces": {
				"down": { "uv": [ 10.5, 6.5, 11, 6.75 ], "texture": "#diamond_axe" },
				"up": { "uv": [ 11, 6.75, 11.5, 6.5 ], "texture": "#diamond_axe" },
				"north": { "uv": [ 6.5, 2.5, 6, 3.25 ], "texture": "#diamond_axe" },
				"south": { "uv": [ 5, 1.75, 5.5, 2.5 ], "texture": "#diamond_axe" },
				"west": { "uv": [ 7.75, 1.75, 8, 2.5 ], "texture": "#diamond_axe" },
				"east": { "uv": [ 7.75, 1, 7.5, 1.75 ], "texture": "#diamond_axe" }
			}
		},
		{
			"__comment": "Voxels",
			"from": [ 18, 11, 7 ],
			"to": [ 21, 12, 8 ],
			"faces": {
				"down": { "uv": [ 14, 7.25, 14.75, 7.5 ], "texture": "#diamond_axe" },
				"up": { "uv": [ 8, 7, 8.75, 6.75 ], "texture": "#diamond_axe" },
				"north": { "uv": [ 8.75, 4.5, 8, 4.75 ], "texture": "#diamond_axe" },
				"south": { "uv": [ 8, 6.5, 8.75, 6.75 ], "texture": "#diamond_axe" },
				"west": { "uv": [ 12.5, 5.25, 12.75, 5.5 ], "texture": "#diamond_axe" },
				"east": { "uv": [ 13, 5.25, 12.75, 5.5 ], "texture": "#diamond_axe" }
			}
		},
		{
			"__comment": "Voxels",
			"from": [ 18, 11, 9 ],
			"to": [ 21, 12, 10 ],
			"faces": {
				"down": { "uv": [ 8, 6.25, 8.75, 6.5 ], "texture": "#diamond_axe" },
				"up": { "uv": [ 8, 6.25, 8.75, 6 ], "texture": "#diamond_axe" },
				"north": { "uv": [ 8.75, 5.25, 8, 5.5 ], "texture": "#diamond_axe" },
				"south": { "uv": [ 8, 5, 8.75, 5.25 ], "texture": "#diamond_axe" },
				"west": { "uv": [ 14, 5.25, 14.25, 5.5 ], "texture": "#diamond_axe" },
				"east": { "uv": [ 14.5, 5.25, 14.25, 5.5 ], "texture": "#diamond_axe" }
			}
		},
		{
			"__comment": "Voxels",
			"from": [ 18, 12, 7 ],
			"to": [ 20, 14, 8 ],
			"faces": {
				"down": { "uv": [ 11.5, 6.5, 12, 6.75 ], "texture": "#diamond_axe" },
				"up": { "uv": [ 12, 6.75, 12.5, 6.5 ], "texture": "#diamond_axe" },
				"north": { "uv": [ 8, 6.25, 7.5, 6.75 ], "texture": "#diamond_axe" },
				"south": { "uv": [ 7.5, 5.75, 8, 6.25 ], "texture": "#diamond_axe" },
				"west": { "uv": [ 9.25, 5.25, 9.5, 5.75 ], "texture": "#diamond_axe" },
				"east": { "uv": [ 9.5, 4.75, 9.25, 5.25 ], "texture": "#diamond_axe" }
			}
		},
		{
			"__comment": "Voxels",
			"from": [ 18, 12, 9 ],
			"to": [ 20, 14, 10 ],
			"faces": {
				"down": { "uv": [ 12.5, 6.5, 13, 6.75 ], "texture": "#diamond_axe" },
				"up": { "uv": [ 13, 6.75, 13.5, 6.5 ], "texture": "#diamond_axe" },
				"north": { "uv": [ 8, 5.25, 7.5, 5.75 ], "texture": "#diamond_axe" },
				"south": { "uv": [ 7.5, 4.75, 8, 5.25 ], "texture": "#diamond_axe" },
				"west": { "uv": [ 9.25, 4.25, 9.5, 4.75 ], "texture": "#diamond_axe" },
				"east": { "uv": [ 9.5, 3.75, 9.25, 4.25 ], "texture": "#diamond_axe" }
			}
		},
		{
			"__comment": "Voxels",
			"from": [ 18, 16, 7 ],
			"to": [ 21, 17, 8 ],
			"faces": {
				"down": { "uv": [ 8, 2, 8.75, 2.25 ], "texture": "#diamond_axe" },
				"up": { "uv": [ 8, 2, 8.75, 1.75 ], "texture": "#diamond_axe" },
				"north": { "uv": [ 12.5, 7.5, 11.75, 7.75 ], "texture": "#diamond_axe" },
				"south": { "uv": [ 15.25, 8.75, 16, 9 ], "texture": "#diamond_axe" },
				"west": { "uv": [ 10.5, 2.5, 10.75, 2.75 ], "texture": "#diamond_axe" },
				"east": { "uv": [ 10.75, 2.25, 10.5, 2.5 ], "texture": "#diamond_axe" }
			}
		},
		{
			"__comment": "Voxels",
			"from": [ 18, 16, 9 ],
			"to": [ 21, 17, 10 ],
			"faces": {
				"down": { "uv": [ 9.5, 7.5, 10.25, 7.75 ], "texture": "#diamond_axe" },
				"up": { "uv": [ 10.25, 7.75, 11, 7.5 ], "texture": "#diamond_axe" },
				"north": { "uv": [ 13.25, 7.5, 12.5, 7.75 ], "texture": "#diamond_axe" },
				"south": { "uv": [ 9.5, 7.25, 10.25, 7.5 ], "texture": "#diamond_axe" },
				"west": { "uv": [ 10.5, 1, 10.75, 1.25 ], "texture": "#diamond_axe" },
				"east": { "uv": [ 10.75, 0.75, 10.5, 1 ], "texture": "#diamond_axe" }
			}
		},
		{
			"__comment": "Voxels",
			"from": [ 18, 17, 7 ],
			"to": [ 19, 18, 8 ],
			"faces": {
				"down": { "uv": [ 10.5, 0.5, 10.75, 0.75 ], "texture": "#diamond_axe" },
				"up": { "uv": [ 10.5, 0.5, 10.75, 0.25 ], "texture": "#diamond_axe" },
				"north": { "uv": [ 10.75, 0, 10.5, 0.25 ], "texture": "#diamond_axe" },
				"south": { "uv": [ 10.75, 5, 11, 5.25 ], "texture": "#diamond_axe" },
				"west": { "uv": [ 11, 5, 11.25, 5.25 ], "texture": "#diamond_axe" },
				"east": { "uv": [ 11.5, 5, 11.25, 5.25 ], "texture": "#diamond_axe" }
			}
		},
		{
			"__comment": "Voxels",
			"from": [ 18, 17, 9 ],
			"to": [ 19, 18, 10 ],
			"faces": {
				"down": { "uv": [ 11.5, 5, 11.75, 5.25 ], "texture": "#diamond_axe" },
				"up": { "uv": [ 11.75, 5.25, 12, 5 ], "texture": "#diamond_axe" },
				"north": { "uv": [ 12.25, 5, 12, 5.25 ], "texture": "#diamond_axe" },
				"south": { "uv": [ 12.25, 5, 12.5, 5.25 ], "texture": "#diamond_axe" },
				"west": { "uv": [ 12.5, 5, 12.75, 5.25 ], "texture": "#diamond_axe" },
				"east": { "uv": [ 13, 5, 12.75, 5.25 ], "texture": "#diamond_axe" }
			}
		},
		{
			"__comment": "Voxels",
			"from": [ 19, -4, 8 ],
			"to": [ 23, -3, 9 ],
			"faces": {
				"down": { "uv": [ 11.5, 8.25, 12.5, 8.5 ], "texture": "#diamond_axe" },
				"up": { "uv": [ 10.5, 8.5, 11.5, 8.25 ], "texture": "#diamond_axe" },
				"north": { "uv": [ 10.5, 8.25, 9.5, 8.5 ], "texture": "#diamond_axe" },
				"south": { "uv": [ 8.5, 8.25, 9.5, 8.5 ], "texture": "#diamond_axe" },
				"west": { "uv": [ 14, 5, 14.25, 5.25 ], "texture": "#diamond_axe" },
				"east": { "uv": [ 14.5, 5, 14.25, 5.25 ], "texture": "#diamond_axe" }
			}
		},
		{
			"__comment": "Voxels",
			"from": [ 19, 6, 5 ],
			"to": [ 20, 7, 6 ],
			"faces": {
				"down": { "uv": [ 14.5, 5, 14.75, 5.25 ], "texture": "#diamond_axe" },
				"up": { "uv": [ 14.75, 5.25, 15, 5 ], "texture": "#diamond_axe" },
				"north": { "uv": [ 15.25, 5, 15, 5.25 ], "texture": "#diamond_axe" },
				"south": { "uv": [ 15.25, 5, 15.5, 5.25 ], "texture": "#diamond_axe" },
				"west": { "uv": [ 15.5, 5, 15.75, 5.25 ], "texture": "#diamond_axe" },
				"east": { "uv": [ 16, 5, 15.75, 5.25 ], "texture": "#diamond_axe" }
			}
		},
		{
			"__comment": "Voxels",
			"from": [ 19, 6, 11 ],
			"to": [ 20, 7, 12 ],
			"faces": {
				"down": { "uv": [ 10.75, 4.75, 11, 5 ], "texture": "#diamond_axe" },
				"up": { "uv": [ 10.75, 4.75, 11, 4.5 ], "texture": "#diamond_axe" },
				"north": { "uv": [ 11, 4.25, 10.75, 4.5 ], "texture": "#diamond_axe" },
				"south": { "uv": [ 10.75, 4, 11, 4.25 ], "texture": "#diamond_axe" },
				"west": { "uv": [ 10.75, 3.75, 11, 4 ], "texture": "#diamond_axe" },
				"east": { "uv": [ 11, 3.5, 10.75, 3.75 ], "texture": "#diamond_axe" }
			}
		},
		{
			"__comment": "Voxels",
			"from": [ 19, 10, 5 ],
			"to": [ 20, 11, 6 ],
			"faces": {
				"down": { "uv": [ 10.75, 3.25, 11, 3.5 ], "texture": "#diamond_axe" },
				"up": { "uv": [ 10.75, 3.25, 11, 3 ], "texture": "#diamond_axe" },
				"north": { "uv": [ 11, 2.75, 10.75, 3 ], "texture": "#diamond_axe" },
				"south": { "uv": [ 10.75, 2.5, 11, 2.75 ], "texture": "#diamond_axe" },
				"west": { "uv": [ 10.75, 2.25, 11, 2.5 ], "texture": "#diamond_axe" },
				"east": { "uv": [ 11, 2, 10.75, 2.25 ], "texture": "#diamond_axe" }
			}
		},
		{
			"__comment": "Voxels",
			"from": [ 19, 10, 11 ],
			"to": [ 20, 11, 12 ],
			"faces": {
				"down": { "uv": [ 10.75, 1.75, 11, 2 ], "texture": "#diamond_axe" },
				"up": { "uv": [ 10.75, 1.75, 11, 1.5 ], "texture": "#diamond_axe" },
				"north": { "uv": [ 11, 1.25, 10.75, 1.5 ], "texture": "#diamond_axe" },
				"south": { "uv": [ 10.75, 1, 11, 1.25 ], "texture": "#diamond_axe" },
				"west": { "uv": [ 10.75, 0.75, 11, 1 ], "texture": "#diamond_axe" },
				"east": { "uv": [ 11, 0.5, 10.75, 0.75 ], "texture": "#diamond_axe" }
			}
		},
		{
			"__comment": "Voxels",
			"from": [ 19, 19, 9 ],
			"to": [ 20, 20, 10 ],
			"faces": {
				"down": { "uv": [ 10.75, 0.25, 11, 0.5 ], "texture": "#diamond_axe" },
				"up": { "uv": [ 10.75, 0.25, 11, 0 ], "texture": "#diamond_axe" },
				"north": { "uv": [ 11.25, 4.75, 11, 5 ], "texture": "#diamond_axe" },
				"south": { "uv": [ 11.25, 4.75, 11.5, 5 ], "texture": "#diamond_axe" },
				"west": { "uv": [ 11.5, 4.75, 11.75, 5 ], "texture": "#diamond_axe" },
				"east": { "uv": [ 12, 4.75, 11.75, 5 ], "texture": "#diamond_axe" }
			}
		},
		{
			"__comment": "Voxels",
			"from": [ 20, -3, 7 ],
			"to": [ 22, -2, 8 ],
			"faces": {
				"down": { "uv": [ 13.5, 6.5, 14, 6.75 ], "texture": "#diamond_axe" },
				"up": { "uv": [ 14, 6.75, 14.5, 6.5 ], "texture": "#diamond_axe" },
				"north": { "uv": [ 15, 6.5, 14.5, 6.75 ], "texture": "#diamond_axe" },
				"south": { "uv": [ 15, 6.5, 15.5, 6.75 ], "texture": "#diamond_axe" },
				"west": { "uv": [ 13, 4.75, 13.25, 5 ], "texture": "#diamond_axe" },
				"east": { "uv": [ 13.5, 4.75, 13.25, 5 ], "texture": "#diamond_axe" }
			}
		},
		{
			"__comment": "Voxels",
			"from": [ 20, -3, 9 ],
			"to": [ 22, -2, 10 ],
			"faces": {
				"down": { "uv": [ 15.5, 6.5, 16, 6.75 ], "texture": "#diamond_axe" },
				"up": { "uv": [ 9.5, 6.5, 10, 6.25 ], "texture": "#diamond_axe" },
				"north": { "uv": [ 10.5, 6.25, 10, 6.5 ], "texture": "#diamond_axe" },
				"south": { "uv": [ 10.5, 6.25, 11, 6.5 ], "texture": "#diamond_axe" },
				"west": { "uv": [ 14.5, 4.75, 14.75, 5 ], "texture": "#diamond_axe" },
				"east": { "uv": [ 15, 4.75, 14.75, 5 ], "texture": "#diamond_axe" }
			}
		},
		{
			"__comment": "Voxels",
			"from": [ 20, 17, 7 ],
			"to": [ 22, 18, 8 ],
			"faces": {
				"down": { "uv": [ 11, 6.25, 11.5, 6.5 ], "texture": "#diamond_axe" },
				"up": { "uv": [ 11.5, 6.5, 12, 6.25 ], "texture": "#diamond_axe" },
				"north": { "uv": [ 12.5, 6.25, 12, 6.5 ], "texture": "#diamond_axe" },
				"south": { "uv": [ 12.5, 6.25, 13, 6.5 ], "texture": "#diamond_axe" },
				"west": { "uv": [ 11, 4.5, 11.25, 4.75 ], "texture": "#diamond_axe" },
				"east": { "uv": [ 11.25, 4.25, 11, 4.5 ], "texture": "#diamond_axe" }
			}
		},
		{
			"__comment": "Voxels",
			"from": [ 20, 17, 9 ],
			"to": [ 22, 18, 10 ],
			"faces": {
				"down": { "uv": [ 13, 6.25, 13.5, 6.5 ], "texture": "#diamond_axe" },
				"up": { "uv": [ 13.5, 6.5, 14, 6.25 ], "texture": "#diamond_axe" },
				"north": { "uv": [ 14.5, 6.25, 14, 6.5 ], "texture": "#diamond_axe" },
				"south": { "uv": [ 14.5, 6.25, 15, 6.5 ], "texture": "#diamond_axe" },
				"west": { "uv": [ 11, 3, 11.25, 3.25 ], "texture": "#diamond_axe" },
				"east": { "uv": [ 11.25, 2.75, 11, 3 ], "texture": "#diamond_axe" }
			}
		},
		{
			"__comment": "Voxels",
			"from": [ 21, -5, 8 ],
			"to": [ 22, -4, 9 ],
			"faces": {
				"down": { "uv": [ 11, 2.5, 11.25, 2.75 ], "texture": "#diamond_axe" },
				"up": { "uv": [ 11, 2.5, 11.25, 2.25 ], "texture": "#diamond_axe" },
				"north": { "uv": [ 11.25, 2, 11, 2.25 ], "texture": "#diamond_axe" },
				"south": { "uv": [ 11, 1.75, 11.25, 2 ], "texture": "#diamond_axe" },
				"west": { "uv": [ 11, 1.5, 11.25, 1.75 ], "texture": "#diamond_axe" },
				"east": { "uv": [ 11.25, 1.25, 11, 1.5 ], "texture": "#diamond_axe" }
			}
		},
		{
			"__comment": "Voxels",
			"from": [ 21, 5, 8 ],
			"to": [ 22, 6, 9 ],
			"faces": {
				"down": { "uv": [ 11, 1, 11.25, 1.25 ], "texture": "#diamond_axe" },
				"up": { "uv": [ 11, 1, 11.25, 0.75 ], "texture": "#diamond_axe" },
				"north": { "uv": [ 11.25, 0.5, 11, 0.75 ], "texture": "#diamond_axe" },
				"south": { "uv": [ 11, 0.25, 11.25, 0.5 ], "texture": "#diamond_axe" },
				"west": { "uv": [ 11, 0, 11.25, 0.25 ], "texture": "#diamond_axe" },
				"east": { "uv": [ 11.5, 4.5, 11.25, 4.75 ], "texture": "#diamond_axe" }
			}
		},
		{
			"__comment": "Voxels",
			"from": [ 22, -1, 7 ],
			"to": [ 25, 0, 8 ],
			"faces": {
				"down": { "uv": [ 10.25, 7.25, 11, 7.5 ], "texture": "#diamond_axe" },
				"up": { "uv": [ 11, 7.5, 11.75, 7.25 ], "texture": "#diamond_axe" },
				"north": { "uv": [ 12.5, 7.25, 11.75, 7.5 ], "texture": "#diamond_axe" },
				"south": { "uv": [ 8, 7, 8.75, 7.25 ], "texture": "#diamond_axe" },
				"west": { "uv": [ 12.5, 4.5, 12.75, 4.75 ], "texture": "#diamond_axe" },
				"east": { "uv": [ 13, 4.5, 12.75, 4.75 ], "texture": "#diamond_axe" }
			}
		},
		{
			"__comment": "Voxels",
			"from": [ 22, -1, 9 ],
			"to": [ 25, 0, 10 ],
			"faces": {
				"down": { "uv": [ 8, 5.75, 8.75, 6 ], "texture": "#diamond_axe" },
				"up": { "uv": [ 8, 5.75, 8.75, 5.5 ], "texture": "#diamond_axe" },
				"north": { "uv": [ 8.75, 4.75, 8, 5 ], "texture": "#diamond_axe" },
				"south": { "uv": [ 8, 7.75, 8.75, 8 ], "texture": "#diamond_axe" },
				"west": { "uv": [ 14, 4.5, 14.25, 4.75 ], "texture": "#diamond_axe" },
				"east": { "uv": [ 14.5, 4.5, 14.25, 4.75 ], "texture": "#diamond_axe" }
			}
		},
		{
			"__comment": "Voxels",
			"from": [ 23, 2, 8 ],
			"to": [ 29, 3, 9 ],
			"faces": {
				"down": { "uv": [ 5, 9, 6.5, 9.25 ], "texture": "#diamond_axe" },
				"up": { "uv": [ 0, 0.25, 1.5, 0 ], "texture": "#diamond_axe" },
				"north": { "uv": [ 1.5, 0.25, 0, 0.5 ], "texture": "#diamond_axe" },
				"south": { "uv": [ 5, 0.25, 6.5, 0.5 ], "texture": "#diamond_axe" },
				"west": { "uv": [ 15.5, 4.5, 15.75, 4.75 ], "texture": "#diamond_axe" },
				"east": { "uv": [ 16, 4.5, 15.75, 4.75 ], "texture": "#diamond_axe" }
			}
		},
		{
			"__comment": "Voxels",
			"from": [ 23, 4, 8 ],
			"to": [ 32, 5, 9 ],
			"faces": {
				"down": { "uv": [ 11.75, 10, 14, 10.25 ], "texture": "#diamond_axe" },
				"up": { "uv": [ 5, 10.25, 7.25, 10 ], "texture": "#diamond_axe" },
				"north": { "uv": [ 14, 10.25, 11.75, 10.5 ], "texture": "#diamond_axe" },
				"south": { "uv": [ 7.25, 10.25, 9.5, 10.5 ], "texture": "#diamond_axe" },
				"west": { "uv": [ 11.25, 3.25, 11.5, 3.5 ], "texture": "#diamond_axe" },
				"east": { "uv": [ 11.5, 3, 11.25, 3.25 ], "texture": "#diamond_axe" }
			}
		},
		{
			"__comment": "Voxels",
			"from": [ 23, 15, 8 ],
			"to": [ 24, 16, 9 ],
			"faces": {
				"down": { "uv": [ 11.25, 2.75, 11.5, 3 ], "texture": "#diamond_axe" },
				"up": { "uv": [ 11.25, 2.75, 11.5, 2.5 ], "texture": "#diamond_axe" },
				"north": { "uv": [ 11.5, 2.25, 11.25, 2.5 ], "texture": "#diamond_axe" },
				"south": { "uv": [ 11.25, 2, 11.5, 2.25 ], "texture": "#diamond_axe" },
				"west": { "uv": [ 11.25, 1.75, 11.5, 2 ], "texture": "#diamond_axe" },
				"east": { "uv": [ 11.5, 1.5, 11.25, 1.75 ], "texture": "#diamond_axe" }
			}
		},
		{
			"__comment": "Voxels",
			"from": [ 24, 1, 7 ],
			"to": [ 27, 2, 8 ],
			"faces": {
				"down": { "uv": [ 10.25, 7.75, 11, 8 ], "texture": "#diamond_axe" },
				"up": { "uv": [ 11, 8, 11.75, 7.75 ], "texture": "#diamond_axe" },
				"north": { "uv": [ 12.5, 7.75, 11.75, 8 ], "texture": "#diamond_axe" },
				"south": { "uv": [ 12.5, 7.75, 13.25, 8 ], "texture": "#diamond_axe" },
				"west": { "uv": [ 11.25, 0.25, 11.5, 0.5 ], "texture": "#diamond_axe" },
				"east": { "uv": [ 11.5, 0, 11.25, 0.25 ], "texture": "#diamond_axe" }
			}
		},
		{
			"__comment": "Voxels",
			"from": [ 24, 1, 9 ],
			"to": [ 27, 2, 10 ],
			"faces": {
				"down": { "uv": [ 13.25, 7.75, 14, 8 ], "texture": "#diamond_axe" },
				"up": { "uv": [ 14, 8, 14.75, 7.75 ], "texture": "#diamond_axe" },
				"north": { "uv": [ 13.25, 7.25, 12.5, 7.5 ], "texture": "#diamond_axe" },
				"south": { "uv": [ 14.75, 7.75, 15.5, 8 ], "texture": "#diamond_axe" },
				"west": { "uv": [ 12.5, 4.25, 12.75, 4.5 ], "texture": "#diamond_axe" },
				"east": { "uv": [ 13, 4.25, 12.75, 4.5 ], "texture": "#diamond_axe" }
			}
		},
		{
			"__comment": "Voxels",
			"from": [ 24, 3, 8 ],
			"to": [ 30, 4, 9 ],
			"faces": {
				"down": { "uv": [ 5, 0.5, 6.5, 0.75 ], "texture": "#diamond_axe" },
				"up": { "uv": [ 5, 1, 6.5, 0.75 ], "texture": "#diamond_axe" },
				"north": { "uv": [ 6.5, 1, 5, 1.25 ], "texture": "#diamond_axe" },
				"south": { "uv": [ 5, 1.25, 6.5, 1.5 ], "texture": "#diamond_axe" },
				"west": { "uv": [ 14, 4.25, 14.25, 4.5 ], "texture": "#diamond_axe" },
				"east": { "uv": [ 14.5, 4.25, 14.25, 4.5 ], "texture": "#diamond_axe" }
			}
		},
		{
			"__comment": "Voxels",
			"from": [ 25, 0, 7 ],
			"to": [ 26, 1, 8 ],
			"faces": {
				"down": { "uv": [ 14.5, 4.25, 14.75, 4.5 ], "texture": "#diamond_axe" },
				"up": { "uv": [ 14.75, 4.5, 15, 4.25 ], "texture": "#diamond_axe" },
				"north": { "uv": [ 15.25, 4.25, 15, 4.5 ], "texture": "#diamond_axe" },
				"south": { "uv": [ 15.25, 4.25, 15.5, 4.5 ], "texture": "#diamond_axe" },
				"west": { "uv": [ 15.5, 4.25, 15.75, 4.5 ], "texture": "#diamond_axe" },
				"east": { "uv": [ 16, 4.25, 15.75, 4.5 ], "texture": "#diamond_axe" }
			}
		},
		{
			"__comment": "Voxels",
			"from": [ 25, 0, 9 ],
			"to": [ 26, 1, 10 ],
			"faces": {
				"down": { "uv": [ 11.5, 4, 11.75, 4.25 ], "texture": "#diamond_axe" },
				"up": { "uv": [ 11.5, 4, 11.75, 3.75 ], "texture": "#diamond_axe" },
				"north": { "uv": [ 11.75, 3.5, 11.5, 3.75 ], "texture": "#diamond_axe" },
				"south": { "uv": [ 11.5, 3.25, 11.75, 3.5 ], "texture": "#diamond_axe" },
				"west": { "uv": [ 11.5, 3, 11.75, 3.25 ], "texture": "#diamond_axe" },
				"east": { "uv": [ 11.75, 2.75, 11.5, 3 ], "texture": "#diamond_axe" }
			}
		},
		{
			"__comment": "Voxels",
			"from": [ 25, 2, 7 ],
			"to": [ 27, 4, 8 ],
			"faces": {
				"down": { "uv": [ 15, 6.25, 15.5, 6.5 ], "texture": "#diamond_axe" },
				"up": { "uv": [ 15.5, 6.5, 16, 6.25 ], "texture": "#diamond_axe" },
				"north": { "uv": [ 8, 7.75, 7.5, 8.25 ], "texture": "#diamond_axe" },
				"south": { "uv": [ 4.5, 0, 5, 0.5 ], "texture": "#diamond_axe" },
				"west": { "uv": [ 9.25, 3.25, 9.5, 3.75 ], "texture": "#diamond_axe" },
				"east": { "uv": [ 9.5, 2.75, 9.25, 3.25 ], "texture": "#diamond_axe" }
			}
		},
		{
			"__comment": "Voxels",
			"from": [ 25, 2, 9 ],
			"to": [ 27, 4, 10 ],
			"faces": {
				"down": { "uv": [ 9.5, 6, 10, 6.25 ], "texture": "#diamond_axe" },
				"up": { "uv": [ 15.5, 14.5, 16, 14.25 ], "texture": "#diamond_axe" },
				"north": { "uv": [ 1.75, 10, 1.25, 10.5 ], "texture": "#diamond_axe" },
				"south": { "uv": [ 1.25, 10.5, 1.75, 11 ], "texture": "#diamond_axe" },
				"west": { "uv": [ 8.5, 2.5, 8.75, 3 ], "texture": "#diamond_axe" },
				"east": { "uv": [ 8.25, 1, 8, 1.5 ], "texture": "#diamond_axe" }
			}
		},
		{
			"__comment": "Voxels",
			"from": [ 25, 8, 8 ],
			"to": [ 26, 9, 9 ],
			"faces": {
				"down": { "uv": [ 12, 4, 12.25, 4.25 ], "texture": "#diamond_axe" },
				"up": { "uv": [ 12.25, 4.25, 12.5, 4 ], "texture": "#diamond_axe" },
				"north": { "uv": [ 12.75, 4, 12.5, 4.25 ], "texture": "#diamond_axe" },
				"south": { "uv": [ 12.75, 4, 13, 4.25 ], "texture": "#diamond_axe" },
				"west": { "uv": [ 13, 4, 13.25, 4.25 ], "texture": "#diamond_axe" },
				"east": { "uv": [ 13.5, 4, 13.25, 4.25 ], "texture": "#diamond_axe" }
			}
		},
		{
			"__comment": "Voxels",
			"from": [ 27, 0, 8 ],
			"to": [ 28, 1, 9 ],
			"faces": {
				"down": { "uv": [ 13.5, 4, 13.75, 4.25 ], "texture": "#diamond_axe" },
				"up": { "uv": [ 13.75, 4.25, 14, 4 ], "texture": "#diamond_axe" },
				"north": { "uv": [ 14.25, 4, 14, 4.25 ], "texture": "#diamond_axe" },
				"south": { "uv": [ 14.25, 4, 14.5, 4.25 ], "texture": "#diamond_axe" },
				"west": { "uv": [ 14.5, 4, 14.75, 4.25 ], "texture": "#diamond_axe" },
				"east": { "uv": [ 15, 4, 14.75, 4.25 ], "texture": "#diamond_axe" }
			}
		},
		{
			"__comment": "Voxels",
			"from": [ 27, 3, 7 ],
			"to": [ 28, 4, 8 ],
			"faces": {
				"down": { "uv": [ 15, 4, 15.25, 4.25 ], "texture": "#diamond_axe" },
				"up": { "uv": [ 15.25, 4.25, 15.5, 4 ], "texture": "#diamond_axe" },
				"north": { "uv": [ 15.75, 4, 15.5, 4.25 ], "texture": "#diamond_axe" },
				"south": { "uv": [ 15.75, 4, 16, 4.25 ], "texture": "#diamond_axe" },
				"west": { "uv": [ 11.75, 3.75, 12, 4 ], "texture": "#diamond_axe" },
				"east": { "uv": [ 12, 3.5, 11.75, 3.75 ], "texture": "#diamond_axe" }
			}
		},
		{
			"__comment": "Voxels",
			"from": [ 27, 3, 9 ],
			"to": [ 28, 4, 10 ],
			"faces": {
				"down": { "uv": [ 11.75, 3.25, 12, 3.5 ], "texture": "#diamond_axe" },
				"up": { "uv": [ 11.75, 3.25, 12, 3 ], "texture": "#diamond_axe" },
				"north": { "uv": [ 12, 2.75, 11.75, 3 ], "texture": "#diamond_axe" },
				"south": { "uv": [ 11.75, 2.5, 12, 2.75 ], "texture": "#diamond_axe" },
				"west": { "uv": [ 11.75, 2.25, 12, 2.5 ], "texture": "#diamond_axe" },
				"east": { "uv": [ 12, 2, 11.75, 2.25 ], "texture": "#diamond_axe" }
			}
		}
	],
	"display": {
		"thirdperson_righthand": {
			"rotation":  [ 90, 90, 0 ],
			"translation":  [ 0, 5, 1.6 ],
			"scale":  [ 0.72, 0.62, 0.6 ]
		},
		"thirdperson_lefthand": {
			"rotation":  [ 90, -90, 0 ],
			"translation":  [ 0.4, 5, 1.6 ],
			"scale":  [ 0.72, 0.62, 0.6 ]
		},
		"firstperson_righthand": {
			"rotation":  [ 0, 115, 73 ],
			"translation":  [ 13, 8, -14 ],
			"scale":  [ 1.2, 1.1, 1.2 ]
		},
		"firstperson_lefthand": {
			"rotation":  [ 0, -65, -75 ],
			"translation":  [ 13, 8, -14 ],
			"scale":  [ 1.2, 1.1, 1.2 ]
		},
		"gui": {
			"rotation":  [ 0, 0, 48 ],
			"translation":  [ -0.5, 0, 0 ],
			"scale":  [ 0.38, 0.34, 0.4 ]
		},
		"ground": {
			"rotation":  [ 90, 0, 0 ],
			"scale":  [ 1.5, 1.3, 1.3 ]
		},
		"fixed": {
			"rotation":  [ 0, 0, 90 ],
			"translation":  [ 0.5, 8, -3 ],
			"scale":  [ 2, 1.75, 2 ]
		}
	}
}