{
	"credit": "Made with Blockbench",
	"texture_size": [64, 32],
	"textures": {
		"0": "item/creeper1",
		"particle": "item/creeper1"
	},
	"elements": [
		{
			"name": "head",
			"from": [4.64, 4.2, 4.64],
			"to": [11.36, 10.92, 11.36],
			"rotation": {"angle": 0, "axis": "y", "origin": [1.28, -0.84, 1.28]},
			"faces": {
				"north": {"uv": [2, 2, 4, 4], "texture": "#0"},
				"east": {"uv": [0, 2, 2, 4], "texture": "#0"},
				"south": {"uv": [6, 2, 8, 4], "texture": "#0"},
				"west": {"uv": [4, 2, 6, 4], "texture": "#0"},
				"up": {"uv": [4, 2, 2, 0], "texture": "#0"},
				"down": {"uv": [6, 0, 4, 2], "texture": "#0"}
			}
		},
		{
			"name": "head_2nd_layer",
			"from": [4.22, 3.9, 4.22],
			"to": [11.78, 11.46, 11.78],
			"rotation": {"angle": 0, "axis": "y", "origin": [1.28, -0.84, 1.28]},
			"faces": {
				"north": {"uv": [2, 4, 4, 8], "texture": "#0"},
				"east": {"uv": [0, 4, 2, 8], "texture": "#0"},
				"south": {"uv": [6, 4, 8, 8], "texture": "#0"},
				"west": {"uv": [4, 4, 6, 8], "texture": "#0"},
				"up": {"uv": [4, 4, 2, 0], "texture": "#0"},
				"down": {"uv": [6, 0, 4, 4], "texture": "#0"}
			}
		},
		{
			"name": "body",
			"from": [6.8736, 1.7152, 7.4368],
			"to": [9.1264, 4.1728, 8.5632],
			"rotation": {"angle": 0, "axis": "y", "origin": [5.7472, -0.64, 5.7472]},
			"faces": {
				"north": {"uv": [5, 11, 7, 13.98], "texture": "#0"},
				"east": {"uv": [4, 11, 5, 14], "texture": "#0"},
				"south": {"uv": [8, 11, 10, 14], "texture": "#0"},
				"west": {"uv": [7, 11, 8, 13.98], "texture": "#0"},
				"up": {"uv": [7, 11, 5, 10], "texture": "#0"},
				"down": {"uv": [9, 10, 7, 11], "texture": "#0"}
			}
		},
		{
			"name": "right_leg",
			"from": [8, -0.07569, 6.4368],
			"to": [9.1264, 1.74096, 7.5632],
			"rotation": {"angle": 0, "axis": "y", "origin": [5.7472, 0, 5.7472]},
			"faces": {
				"north": {"uv": [1, 10, 2, 13], "texture": "#0"},
				"east": {"uv": [0, 10, 1, 13], "texture": "#0"},
				"south": {"uv": [3, 10, 4, 13], "texture": "#0"},
				"west": {"uv": [2, 10, 3, 13], "texture": "#0"},
				"up": {"uv": [2, 10, 1, 8], "texture": "#0"},
				"down": {"uv": [3, 8, 2, 10], "texture": "#0"}
			}
		},
		{
			"name": "left_leg",
			"from": [6.8736, -0.07569, 6.4368],
			"to": [8, 1.74096, 7.5632],
			"rotation": {"angle": 0, "axis": "y", "origin": [5.7472, 0, 5.7472]},
			"faces": {
				"north": {"uv": [1, 10, 2, 13], "texture": "#0"},
				"east": {"uv": [0, 10, 1, 13], "texture": "#0"},
				"south": {"uv": [3, 10, 4, 13], "texture": "#0"},
				"west": {"uv": [2, 10, 3, 13], "texture": "#0"},
				"up": {"uv": [2.25, 10, 1, 8], "texture": "#0"},
				"down": {"uv": [3, 8, 2, 10], "texture": "#0"}
			}
		},
		{
			"name": "right_leg_b",
			"from": [8, -0.07569, 8.4368],
			"to": [9.1264, 1.74096, 9.5632],
			"rotation": {"angle": 0, "axis": "y", "origin": [5.7472, 0, 5.7472]},
			"faces": {
				"north": {"uv": [1, 10, 2, 13], "texture": "#0"},
				"east": {"uv": [0, 10, 1, 13], "texture": "#0"},
				"south": {"uv": [3, 10, 4, 13], "texture": "#0"},
				"west": {"uv": [2, 10, 3, 13], "texture": "#0"},
				"up": {"uv": [2, 10, 1, 8], "texture": "#0"},
				"down": {"uv": [3, 8, 2, 10], "texture": "#0"}
			}
		},
		{
			"name": "left_leg_b",
			"from": [6.8736, -0.07569, 8.4368],
			"to": [8, 1.74096, 9.5632],
			"rotation": {"angle": 0, "axis": "y", "origin": [5.7472, 0, 5.7472]},
			"faces": {
				"north": {"uv": [1, 10, 2, 13], "texture": "#0"},
				"east": {"uv": [0, 10, 1, 13], "texture": "#0"},
				"south": {"uv": [3, 10, 4, 13], "texture": "#0"},
				"west": {"uv": [2, 10, 3, 13], "texture": "#0"},
				"up": {"uv": [2.25, 10, 1, 8], "texture": "#0"},
				"down": {"uv": [3, 8, 2, 10], "texture": "#0"}
			}
		}
	],
	"display": {
		"thirdperson_righthand": {
			"scale": [0.4, 0.4, 0.4]
		},
		"thirdperson_lefthand": {
			"scale": [0.4, 0.4, 0.4]
		},
		"firstperson_righthand": {
			"translation": [2.5, 2.25, 0],
			"scale": [0.4, 0.4, 0.4]
		},
		"firstperson_lefthand": {
			"translation": [2.5, 2.25, 0],
			"scale": [0.4, 0.4, 0.4]
		},
		"ground": {
			"rotation": [90, 10, 0]
		},
		"gui": {
			"rotation": [0, 163, -7],
			"translation": [0, 1.5, 0]
		},
		"head": {
			"translation": [0, 19.25, 0],
			"scale": [1.6, 1.6, 1.6]
		},
		"fixed": {
			"translation": [0, 1.5, -1],
			"scale": [1.2, 1.2, 1.2]
		}
	},
	"groups": [
		{
			"name": "steve",
			"origin": [8, 8, 8],
			"color": 0,
			"children": [0, 1, 2, 3, 4]
		},
		5,
		6
	]
}