{
	"credit": "Made with Blockbench",
	"texture_size": [64, 32],
	"textures": {
		"0": "item/enderman_sm",
		"1": "item/enderman_eyes_sm",
		"particle": "item/enderman_eyes_sm"
	},
	"elements": [
		{
			"name": "head",
			"from": [1.85548, 9.23493, 2.03264],
			"to": [14.67274, 22.05219, 14.84989],
			"rotation": {"angle": 0, "axis": "y", "origin": [6.80343, 23.73522, 2.46168]},
			"faces": {
				"north": {"uv": [2, 4, 4, 8], "texture": "#0"},
				"east": {"uv": [0, 4, 2, 8], "texture": "#0"},
				"south": {"uv": [6, 4, 8, 8], "texture": "#0"},
				"west": {"uv": [4, 4, 6, 8], "texture": "#0"},
				"up": {"uv": [4, 4, 2, 0], "texture": "#0"},
				"down": {"uv": [6, 0, 4, 4], "texture": "#0"}
			}
		},
		{
			"name": "eyeL",
			"from": [1.85548, 14.05093, 2.03264],
			"to": [6.66195, 15.65309, 3.63479],
			"rotation": {"angle": 0, "axis": "y", "origin": [6.80343, 23.73522, 2.46168]},
			"faces": {
				"north": {"uv": [2, 6, 2.75, 6.5], "texture": "#1"},
				"east": {"uv": [0, 1.5, 0.25, 2], "texture": "#1"},
				"south": {"uv": [0, 0.5, 2, 1], "texture": "#1"},
				"west": {"uv": [0, 1, 0.25, 1.5], "texture": "#1"},
				"up": {"uv": [2, 1, 0, 0.5], "texture": "#1"},
				"down": {"uv": [0.75, 0.5, 0, 1], "texture": "#1"}
			}
		},
		{
			"name": "eyeR",
			"from": [9.87068, 14.05093, 2.03264],
			"to": [14.67715, 15.65309, 3.63479],
			"rotation": {"angle": 0, "axis": "y", "origin": [6.80343, 23.73522, 2.46168]},
			"faces": {
				"north": {"uv": [2, 6, 2.75, 6.5], "texture": "#1"},
				"east": {"uv": [0, 1.5, 0.25, 2], "texture": "#1"},
				"south": {"uv": [0, 0.5, 2, 1], "texture": "#1"},
				"west": {"uv": [0, 1, 0.25, 1.5], "texture": "#1"},
				"up": {"uv": [2, 1, 0, 0.5], "texture": "#1"},
				"down": {"uv": [0.75, 0.5, 0, 1], "texture": "#1"}
			}
		},
		{
			"name": "headwear",
			"from": [2.28548, 9.90911, 2.46264],
			"to": [13.50059, 21.12422, 13.67774],
			"rotation": {"angle": 0, "axis": "y", "origin": [6.73979, 23.53666, 6.12378]},
			"faces": {
				"north": {"uv": [2, 12, 4, 16], "texture": "#0"},
				"east": {"uv": [0, 12, 2, 16], "texture": "#0"},
				"south": {"uv": [6, 12, 8, 16], "texture": "#0"},
				"west": {"uv": [4, 12, 6, 16], "texture": "#0"},
				"up": {"uv": [4, 12, 2, 8], "texture": "#0"},
				"down": {"uv": [6, 8, 4, 12], "texture": "#0"}
			}
		},
		{
			"name": "body",
			"from": [6.55576, 5.9146, 7.20557],
			"to": [9.58499, 10.45844, 8.72019],
			"rotation": {"angle": 0, "axis": "y", "origin": [5.07037, 12.18652, 3.96288]},
			"faces": {
				"north": {"uv": [9, 10, 11, 16], "texture": "#0"},
				"east": {"uv": [8, 10, 9, 16], "texture": "#0"},
				"south": {"uv": [12, 10, 14, 16], "texture": "#0"},
				"west": {"uv": [11, 10, 12, 16], "texture": "#0"},
				"up": {"uv": [11, 10, 9, 8], "texture": "#0"},
				"down": {"uv": [13, 8, 11, 10], "texture": "#0"}
			}
		},
		{
			"name": "right_arm",
			"from": [9.58499, 2.13292, 7.58423],
			"to": [10.34229, 10.45844, 8.34153],
			"rotation": {"angle": 0, "axis": "y", "origin": [5.07037, 8.59174, 3.96288]},
			"faces": {
				"north": {"uv": [14.5, 1, 15, 16], "texture": "#0"},
				"east": {"uv": [14, 1, 14.5, 16], "texture": "#0"},
				"south": {"uv": [15.5, 1, 16, 16], "texture": "#0"},
				"west": {"uv": [15, 1, 15.5, 16], "texture": "#0"},
				"up": {"uv": [15, 1, 14.5, 0], "texture": "#0"},
				"down": {"uv": [15.5, 0, 15, 1], "texture": "#0"}
			}
		},
		{
			"name": "left_arm",
			"from": [5.79845, 2.13292, 7.58423],
			"to": [6.55576, 10.45844, 8.34153],
			"shade": false,
			"rotation": {"angle": 0, "axis": "y", "origin": [5.07037, 8.59174, 3.96288]},
			"faces": {
				"north": {"uv": [15, 1, 14.5, 16], "texture": "#0"},
				"east": {"uv": [15.5, 1, 15, 16], "texture": "#0"},
				"south": {"uv": [16, 1, 15.5, 16], "texture": "#0"},
				"west": {"uv": [14.5, 1, 14, 16], "texture": "#0"},
				"up": {"uv": [14.5, 1, 15, 0], "texture": "#0"},
				"down": {"uv": [15, 0, 15.5, 1], "texture": "#0"}
			}
		},
		{
			"name": "right_leg",
			"from": [8.44903, -0.2636, 7.58423],
			"to": [9.20633, 6.0392, 8.34153],
			"rotation": {"angle": 0, "axis": "y", "origin": [5.07037, 8.59174, 3.96288]},
			"faces": {
				"north": {"uv": [14.5, 1, 15, 16], "texture": "#0"},
				"east": {"uv": [14, 1, 14.5, 16], "texture": "#0"},
				"south": {"uv": [15.5, 1, 16, 16], "texture": "#0"},
				"west": {"uv": [15, 1, 15.5, 16], "texture": "#0"},
				"up": {"uv": [15, 1, 14.5, 0], "texture": "#0"},
				"down": {"uv": [15.5, 0, 15, 1], "texture": "#0"}
			}
		},
		{
			"name": "left_leg",
			"from": [6.93441, -0.2636, 7.58423],
			"to": [7.69172, 6.0392, 8.34153],
			"shade": false,
			"rotation": {"angle": 0, "axis": "y", "origin": [5.07037, 8.59174, 3.96288]},
			"faces": {
				"north": {"uv": [15, 1, 14.5, 16], "texture": "#0"},
				"east": {"uv": [15.5, 1, 15, 16], "texture": "#0"},
				"south": {"uv": [16, 1, 15.5, 16], "texture": "#0"},
				"west": {"uv": [14.5, 1, 14, 16], "texture": "#0"},
				"up": {"uv": [14.5, 1, 15, 0], "texture": "#0"},
				"down": {"uv": [15, 0, 15.5, 1], "texture": "#0"}
			}
		}
	],
	"display": {
		"thirdperson_righthand": {
			"scale": [0.4, 0.4, 0.4]
		},
		"thirdperson_lefthand": {
			"scale": [0.4, 0.4, 0.4]
		},
		"firstperson_righthand": {
			"translation": [-0.75, 1.25, 0],
			"scale": [0.4, 0.4, 0.4]
		},
		"firstperson_lefthand": {
			"translation": [-0.25, 1.25, 0],
			"scale": [0.4, 0.4, 0.4]
		},
		"ground": {
			"rotation": [90, 10, 0],
			"translation": [0, 0, -2.75],
			"scale": [0.6, 0.6, 0.6]
		},
		"gui": {
			"rotation": [0, 163, 7],
			"translation": [0, -2.5, 0],
			"scale": [0.6, 0.6, 0.6]
		},
		"head": {
			"translation": [-0.75, 13.5, -0.5]
		},
		"fixed": {
			"rotation": [0, 0, 10],
			"translation": [0, -3.5, -1],
			"scale": [0.8, 0.8, 0.8]
		}
	},
	"groups": [
		{
			"name": "head",
			"origin": [0, 16.5216, 0],
			"color": 0,
			"children": [0, 1, 2]
		},
		{
			"name": "headwear",
			"origin": [0, 16.5216, 0],
			"color": 0,
			"children": [3]
		},
		{
			"name": "body",
			"origin": [0, 14.6016, 0],
			"color": 0,
			"children": [4]
		},
		{
			"name": "right_arm",
			"origin": [-1.872, 13.8528, 0],
			"color": 0,
			"children": [5]
		},
		{
			"name": "left_arm",
			"origin": [1.872, 13.8528, 0],
			"color": 0,
			"shade": false,
			"children": [6]
		},
		{
			"name": "right_leg",
			"origin": [-0.7488, 11.232, 0],
			"color": 0,
			"children": [7]
		},
		{
			"name": "left_leg",
			"origin": [0.7488, 11.232, 0],
			"color": 0,
			"shade": false,
			"children": [8]
		}
	]
}