{
	"credit": "Made with Blockbench",
	"parent": "item/generated",
	"textures": {
		"layer0": "items/lance5"
	},
	"display": {
		"thirdperson_righthand": {
			"rotation": [-4.49, 88.4, 114.6],
			"translation": [-0.75, 12.25, 29.25],
			"scale": [4, 4, 1.04]
		},
		"thirdperson_lefthand": {
			"rotation": [-112.55, -87.51, 134.17],
			"translation": [-9.75, 4, 33],
			"scale": [4, 4, 1]
		},
		"firstperson_righthand": {
			"rotation": [56, 90, 0],
			"translation": [5.75, 13, 0.25],
			"scale": [4, 4, 1]
		},
		"firstperson_lefthand": {
			"rotation": [-129.5, -86.25, 180],
			"translation": [3.75, 7, 0],
			"scale": [0, 0, 0]
		},
		"ground": {
			"rotation": [85.81, -2.23, 4.52],
			"translation": [0, -2.75, -0.75]
		},
		"head": {
			"translation": [0, 0, 3.25]
		}
	}
}