{
	"credit": "Made with Blockbench",
	"textures": {
		"0": "customhats:item/monocle",
		"particle": "customhats:item/monocle"
	},
	"elements": [
		{
			"name": "monocleTop",
			"from": [4, 6, 0],
			"to": [6, 7, 0.3],
			"faces": {
				"north": {"uv": [0, 0, 2, 1], "texture": "#0"},
				"east": {"uv": [6, 0, 7, 1], "texture": "#0"},
				"south": {"uv": [0, 1, 2, 2], "texture": "#0"},
				"west": {"uv": [6, 1, 7, 2], "texture": "#0"},
				"up": {"uv": [2, 3, 0, 2], "texture": "#0"},
				"down": {"uv": [4, 0, 2, 1], "texture": "#0"}
			}
		},
		{
			"name": "monocleRight",
			"from": [3, 4, 0],
			"to": [4, 6, 0.3],
			"faces": {
				"north": {"uv": [2, 1, 3, 3], "texture": "#0"},
				"east": {"uv": [0, 3, 1, 5], "texture": "#0"},
				"south": {"uv": [1, 3, 2, 5], "texture": "#0"},
				"west": {"uv": [3, 1, 4, 3], "texture": "#0"},
				"up": {"uv": [7, 3, 6, 2], "texture": "#0"},
				"down": {"uv": [7, 3, 6, 4], "texture": "#0"}
			}
		},
		{
			"name": "monocleBottom",
			"from": [4, 3, 0],
			"to": [6, 4, 0.3],
			"faces": {
				"north": {"uv": [2, 3, 4, 4], "texture": "#0"},
				"east": {"uv": [4, 6, 5, 7], "texture": "#0"},
				"south": {"uv": [4, 0, 6, 1], "texture": "#0"},
				"west": {"uv": [6, 4, 7, 5], "texture": "#0"},
				"up": {"uv": [6, 2, 4, 1], "texture": "#0"},
				"down": {"uv": [4, 4, 2, 5], "texture": "#0"}
			}
		},
		{
			"name": "monocleLeft",
			"from": [6, 4, 0],
			"to": [7, 6, 0.3],
			"faces": {
				"north": {"uv": [4, 2, 5, 4], "texture": "#0"},
				"east": {"uv": [4, 4, 5, 6], "texture": "#0"},
				"south": {"uv": [0, 5, 1, 7], "texture": "#0"},
				"west": {"uv": [1, 5, 2, 7], "texture": "#0"},
				"up": {"uv": [6, 7, 5, 6], "texture": "#0"},
				"down": {"uv": [7, 5, 6, 6], "texture": "#0"}
			}
		},
		{
			"name": "monocleChain1",
			"from": [3, 1, 0],
			"to": [4, 3, 0.3],
			"faces": {
				"north": {"uv": [2, 5, 3, 7], "texture": "#0"},
				"east": {"uv": [5, 2, 6, 4], "texture": "#0"},
				"south": {"uv": [3, 5, 4, 7], "texture": "#0"},
				"west": {"uv": [5, 4, 6, 6], "texture": "#0"},
				"up": {"uv": [7, 7, 6, 6], "texture": "#0"},
				"down": {"uv": [1, 7, 0, 8], "texture": "#0"}
			}
		},
		{
			"name": "monocleChain2",
			"from": [2.5, 0, 0],
			"to": [3.5, 1, 0.3],
			"faces": {
				"north": {"uv": [7, 0, 8, 1], "texture": "#0"},
				"east": {"uv": [1, 7, 2, 8], "texture": "#0"},
				"south": {"uv": [7, 1, 8, 2], "texture": "#0"},
				"west": {"uv": [2, 7, 3, 8], "texture": "#0"},
				"up": {"uv": [8, 3, 7, 2], "texture": "#0"},
				"down": {"uv": [4, 7, 3, 8], "texture": "#0"}
			}
		}
	],
	"display": {
		"thirdperson_righthand": {
			"translation": [4, 4, 7.5]
		},
		"thirdperson_lefthand": {
			"translation": [-4, 4, 7.5]
		},
		"firstperson_righthand": {
			"translation": [4, 4, 7.5]
		},
		"firstperson_lefthand": {
			"translation": [-4, 4, 7.5]
		},
		"ground": {
			"translation": [3.5, 6, 8]
		},
		"gui": {
			"rotation": [30, -135, 0],
			"translation": [-11.5, 8, 0],
			"scale": [1.5, 1.5, 1.5]
		},
		"head": {
			"translation": [1, 3.5, 5],
			"scale": [1.5, 1.5, 1.5]
		},
		"fixed": {
			"translation": [4, 8.5, 10.5],
			"scale": [1.5, 1.5, 1.5]
		}
	},
	"groups": [
		{
			"name": "monocle",
			"origin": [0, 0, 0],
			"color": 0,
			"children": [0, 1, 2, 3, 4, 5]
		}
	]
}