{
  "parent": "minecraft:item/generated",
  "textures": {
    "layer0": "minecraft:item/black_dye"
},
"overrides": [
  {
    "predicate": {
      "custom_model_data": 31100
    },
    "model": "hats/mrsirman_hat"
  },
  {
    "predicate": {
      "custom_model_data": 31101
    },
    "model": "hats/monocle"
  },
  {
    "predicate": {
      "custom_model_data": 31102
    },
    "model": "hats/bmo"
  },
  {
    "predicate": {
      "custom_model_data": 31103
    },
    "model": "hats/piemol"
  },
  {
    "predicate": {
      "custom_model_data": 31104

    },
    "model": "hats/be_mrsirman"
  },
  {
    "predicate": {
      "custom_model_data": 31105

    },
    "model": "hats/be_toupie"
  },
  {
    "predicate": {
      "custom_model_data": 31106

    },
    "model": "hats/buisness_tophat"
  },
  {
    "predicate": {
      "custom_model_data": 31107
    },
    "model": "hats/mushroom"
  },
  {
    "predicate": {
      "custom_model_data": 31108

    },
    "model": "hats/tree"
  },
  {
    "predicate": {
      "custom_model_data": 31109
    },
    "model": "hats/bandana"
  },
  {
    "predicate": {
      "custom_model_data": 31110
    },
    "model": "hats/tiny_grass_block"
  },
  {
    "predicate": {
      "custom_model_data": 31111
    },
    "model": "hats/3d_goggles"
  },
  {
    "predicate": {
      "custom_model_data": 31112
    },
    "model": "hats/batman"
  },
      {"predicate":{"custom_model_data": 32200},"model": "item/slimee"}, 
        {"predicate":{"custom_model_data": 32201},"model": "customhats:item/hat1"}, 
        {"predicate":{"custom_model_data": 32202},"model": "customhats:item/strawhat"}, 
        {"predicate":{"custom_model_data": 32203},"model": "customhats:item/axolotlhat"},
        {"predicate":{"custom_model_data": 32204},"model": "customhats:item/partyhat"},
        {"predicate":{"custom_model_data": 32205},"model": "customhats:item/baseballhat"},
        {"predicate":{"custom_model_data": 32206},"model": "customhats:item/witchhat"},
        {"predicate":{"custom_model_data": 32207},"model": "customhats:item/monocle"},
        {"predicate":{"custom_model_data": 32208},"model": "customhats:item/dripleafhat"},
        {"predicate":{"custom_model_data": 32209},"model": "customhats:item/anim_propellerhat"},
        {"predicate":{"custom_model_data": 32210},"model": "customhats:item/pumpkinscarecrow"},
        {"predicate":{"custom_model_data": 32211},"model": "customhats:item/tophat"},
        {"predicate":{"custom_model_data": 32212},"model": "customhats:item/leprechaunhat"},
        {"predicate":{"custom_model_data": 32213},"model": "customhats:item/dum"},
        {"predicate":{"custom_model_data": 32214},"model": "customhats:item/santahat"},
        {"predicate":{"custom_model_data": 32215},"model": "customhats:item/buddyelfhat"},
        {"predicate":{"custom_model_data": 32216},"model": "customhats:item/villagernose"},
        {"predicate":{"custom_model_data": 32217},"model": "customhats:item/mustache"},
        {"predicate":{"custom_model_data": 32218},"model": "customhats:item/codpods"},
        {"predicate":{"custom_model_data": 32219},"model": "customhats:item/codpodsblue"},
        {"predicate":{"custom_model_data": 32220},"model": "customhats:item/codpodsred"},
        {"predicate":{"custom_model_data": 32221},"model": "customhats:item/bigtree"},
        {"predicate":{"custom_model_data": 32222},"model": "item/kapelusz"}
  ]
}
