{
	"credit": "Designed by Misza (https://www.planetminecraft.com/member/misza/) with Blockbench",
	"textures": {
		"atlas": "item/hat-movie-wybuchowykapelusz",
		"particle": "item/hat-movie-wybuchowykapelusz"
	},
	"elements": [
		{
			"name": "Element",
			"from": [4.87216, 1.25, 4.86213],
			"to": [11.12216, 3.5, 11.11213],
			"faces": {
				"north": {"uv": [3, 14.875, 4.5625, 15.4375], "texture": "#atlas"},
				"east": {"uv": [3, 13.75, 4.5625, 14.3125], "texture": "#atlas"},
				"south": {"uv": [3, 15.4375, 4.5625, 16], "texture": "#atlas"},
				"west": {"uv": [3, 14.3125, 4.5625, 14.875], "texture": "#atlas"},
				"up": {"uv": [0, 12.875, 1.5625, 14.4375], "rotation": 180, "texture": "#atlas"},
				"down": {"uv": [0, 11.3125, 1.5625, 12.875], "rotation": 180, "texture": "#atlas"}
			}
		},
		{
			"name": "Element",
			"from": [4.99716, 1.5, 4.98713],
			"to": [10.99716, 3.25, 10.98713],
			"faces": {
				"north": {"uv": [3, 8.125, 4.4375, 8.5625], "texture": "#atlas"},
				"east": {"uv": [3, 8.5625, 4.4375, 9], "texture": "#atlas"},
				"south": {"uv": [4.5625, 13.8125, 6, 14.25], "texture": "#atlas"},
				"west": {"uv": [3, 9, 4.4375, 9.4375], "texture": "#atlas"},
				"up": {"uv": [1.5625, 13.125, 3, 14.5625], "rotation": 180, "texture": "#atlas"},
				"down": {"uv": [0, 8.3125, 1.4375, 9.75], "rotation": 180, "texture": "#atlas"}
			}
		},
		{
			"name": "Element",
			"from": [7.75656, 5.6073, 12.85913],
			"to": [8.25656, 6.3573, 13.35913],
			"faces": {
				"north": {"uv": [6.1875, 8.0625, 6.375, 8.1875], "rotation": 90, "texture": "#atlas"},
				"east": {"uv": [2.875, 8.0625, 3, 8.25], "texture": "#atlas"},
				"south": {"uv": [6.9375, 12.125, 7.125, 12.25], "rotation": 270, "texture": "#atlas"},
				"west": {"uv": [2.875, 10.875, 3, 11.0625], "rotation": 180, "texture": "#atlas"},
				"up": {"uv": [6.25, 10.625, 6.375, 10.75], "rotation": 270, "texture": "#atlas"},
				"down": {"uv": [7.625, 14.75, 7.75, 14.875], "rotation": 270, "texture": "#atlas"}
			}
		},
		{
			"name": "Element",
			"from": [7.62216, 4.6115, 12.74023],
			"to": [8.37216, 5.6115, 13.49023],
			"rotation": {"angle": -45, "axis": "y", "origin": [8.00129, 5.12086, 13.12047]},
			"faces": {
				"north": {"uv": [5.5, 10.375, 5.6875, 10.625], "texture": "#atlas"},
				"east": {"uv": [4.25, 11.0625, 4.5, 11.25], "rotation": 270, "texture": "#atlas"},
				"south": {"uv": [5.3125, 10.375, 5.5, 10.625], "rotation": 180, "texture": "#atlas"},
				"west": {"uv": [5.6875, 10.4375, 5.9375, 10.625], "rotation": 90, "texture": "#atlas"},
				"up": {"uv": [6.1875, 8.9375, 6.375, 9.125], "rotation": 180, "texture": "#atlas"},
				"down": {"uv": [6.1875, 8.1875, 6.375, 8.375], "texture": "#atlas"}
			}
		},
		{
			"name": "Element",
			"from": [7.87996, 3.8488, 12.99223],
			"to": [8.12996, 4.5988, 13.24223],
			"faces": {
				"north": {"uv": [6.1875, 8, 6.375, 8.0625], "rotation": 90, "texture": "#atlas"},
				"east": {"uv": [4.5, 11.375, 4.5625, 11.5625], "rotation": 180, "texture": "#atlas"},
				"south": {"uv": [6.0625, 9.625, 6.25, 9.6875], "rotation": 270, "texture": "#atlas"},
				"west": {"uv": [4.5, 11.6875, 4.5625, 11.875], "texture": "#atlas"},
				"up": {"uv": [7.6875, 13.5625, 7.75, 13.625], "rotation": 270, "texture": "#atlas"},
				"down": {"uv": [7.6875, 11, 7.75, 11.0625], "rotation": 270, "texture": "#atlas"}
			}
		},
		{
			"name": "Element",
			"from": [6.49616, 4.1241, 4.79963],
			"to": [6.74616, 5.6241, 5.04963],
			"rotation": {"angle": 22.5, "axis": "z", "origin": [5.74712, 4.87407, 5.01749]},
			"faces": {
				"north": {"uv": [8.1875, 11.625, 8.5625, 11.6875], "rotation": 90, "texture": "#atlas"},
				"east": {"uv": [8.1875, 11.6875, 8.5625, 11.75], "rotation": 90, "texture": "#atlas"},
				"south": {"uv": [8.1875, 11.5625, 8.5625, 11.625], "rotation": 270, "texture": "#atlas"},
				"west": {"uv": [8.125, 11.375, 8.5, 11.4375], "rotation": 90, "texture": "#atlas"},
				"up": {"uv": [6.375, 8, 6.4375, 8.0625], "rotation": 270, "texture": "#atlas"},
				"down": {"uv": [6.4375, 8, 6.5, 8.0625], "rotation": 270, "texture": "#atlas"}
			}
		},
		{
			"name": "Element",
			"from": [6.74616, 3.8741, 5.04963],
			"to": [6.99616, 5.8741, 5.29963],
			"rotation": {"angle": 22.5, "axis": "z", "origin": [5.74712, 4.87407, 5.01749]},
			"faces": {
				"north": {"uv": [7.75, 12.25, 8.25, 12.3125], "rotation": 90, "texture": "#atlas"},
				"east": {"uv": [7.75, 13.0625, 8.25, 13.125], "rotation": 90, "texture": "#atlas"},
				"south": {"uv": [7.75, 12.375, 8.25, 12.4375], "rotation": 270, "texture": "#atlas"},
				"west": {"uv": [7.75, 13, 8.25, 13.0625], "rotation": 90, "texture": "#atlas"},
				"up": {"uv": [6.75, 8, 6.8125, 8.0625], "rotation": 270, "texture": "#atlas"},
				"down": {"uv": [6.8125, 8, 6.875, 8.0625], "rotation": 270, "texture": "#atlas"}
			}
		},
		{
			"name": "Element",
			"from": [4.99616, 3.8741, 4.79963],
			"to": [6.49616, 4.1241, 5.04963],
			"rotation": {"angle": 22.5, "axis": "z", "origin": [5.74712, 4.87407, 5.01749]},
			"faces": {
				"north": {"uv": [4.5, 8.625, 4.5625, 9], "rotation": 90, "texture": "#atlas"},
				"east": {"uv": [7.0625, 8, 7.125, 8.0625], "rotation": 90, "texture": "#atlas"},
				"south": {"uv": [4.4375, 8.1875, 4.5, 8.5625], "rotation": 270, "texture": "#atlas"},
				"west": {"uv": [7.0625, 8.1875, 7.125, 8.25], "rotation": 90, "texture": "#atlas"},
				"up": {"uv": [6.25, 10, 6.3125, 10.375], "rotation": 270, "texture": "#atlas"},
				"down": {"uv": [6.3125, 10, 6.375, 10.375], "rotation": 270, "texture": "#atlas"}
			}
		},
		{
			"name": "Element",
			"from": [4.74616, 3.6241, 5.04963],
			"to": [6.74616, 6.1241, 5.29963],
			"rotation": {"angle": 22.5, "axis": "z", "origin": [5.74712, 4.87407, 5.01749]},
			"faces": {
				"north": {"uv": [7.125, 12.0625, 7.75, 12.5625], "rotation": 90, "texture": "#atlas"},
				"east": {"uv": [0, 8, 0.625, 8.0625], "rotation": 90, "texture": "#atlas"},
				"south": {"uv": [7.125, 12.5625, 7.75, 13.0625], "rotation": 270, "texture": "#atlas"},
				"west": {"uv": [7.125, 8.5, 7.75, 8.5625], "rotation": 90, "texture": "#atlas"},
				"up": {"uv": [1.4375, 9.25, 1.5, 9.75], "rotation": 270, "texture": "#atlas"},
				"down": {"uv": [1.5, 9.25, 1.5625, 9.75], "rotation": 270, "texture": "#atlas"}
			}
		},
		{
			"name": "Element",
			"from": [4.49616, 3.8741, 5.04963],
			"to": [4.74616, 5.8741, 5.29963],
			"rotation": {"angle": 22.5, "axis": "z", "origin": [5.74712, 4.87407, 5.01749]},
			"faces": {
				"north": {"uv": [7.75, 12.75, 8.25, 12.8125], "rotation": 90, "texture": "#atlas"},
				"east": {"uv": [7.75, 12.6875, 8.25, 12.75], "rotation": 90, "texture": "#atlas"},
				"south": {"uv": [7.75, 12.9375, 8.25, 13], "rotation": 270, "texture": "#atlas"},
				"west": {"uv": [7.75, 12.625, 8.25, 12.6875], "rotation": 90, "texture": "#atlas"},
				"up": {"uv": [6.3125, 10.375, 6.375, 10.4375], "rotation": 270, "texture": "#atlas"},
				"down": {"uv": [7.0625, 10.875, 7.125, 10.9375], "rotation": 270, "texture": "#atlas"}
			}
		},
		{
			"name": "Element",
			"from": [4.74616, 4.1241, 4.79963],
			"to": [4.99616, 5.6241, 5.04963],
			"rotation": {"angle": 22.5, "axis": "z", "origin": [5.74712, 4.87407, 5.01749]},
			"faces": {
				"north": {"uv": [8.1875, 12.125, 8.5625, 12.1875], "rotation": 90, "texture": "#atlas"},
				"east": {"uv": [8.1875, 12.0625, 8.5625, 12.125], "rotation": 90, "texture": "#atlas"},
				"south": {"uv": [6, 13.8125, 6.375, 13.875], "rotation": 270, "texture": "#atlas"},
				"west": {"uv": [8.1875, 12, 8.5625, 12.0625], "rotation": 90, "texture": "#atlas"},
				"up": {"uv": [4.5, 8.125, 4.5625, 8.1875], "rotation": 270, "texture": "#atlas"},
				"down": {"uv": [6.3125, 11.1875, 6.375, 11.25], "rotation": 270, "texture": "#atlas"}
			}
		},
		{
			"name": "Element",
			"from": [5.62116, 3.9991, 4.92463],
			"to": [5.87116, 5.7491, 5.42463],
			"rotation": {"angle": -22.5, "axis": "z", "origin": [5.74712, 4.87407, 5.01749]},
			"faces": {
				"north": {"uv": [7.75, 11.75, 8.1875, 11.8125], "rotation": 90, "texture": "#atlas"},
				"east": {"uv": [7.75, 11.6875, 8.1875, 11.75], "rotation": 90, "texture": "#atlas"},
				"south": {"uv": [7.75, 11.8125, 8.1875, 11.875], "rotation": 270, "texture": "#atlas"},
				"west": {"uv": [7.75, 11.625, 8.1875, 11.6875], "rotation": 90, "texture": "#atlas"},
				"up": {"uv": [7.625, 10.9375, 7.6875, 11], "rotation": 270, "texture": "#atlas"},
				"down": {"uv": [6.5625, 8, 6.625, 8.0625], "rotation": 270, "texture": "#atlas"}
			}
		},
		{
			"name": "Element",
			"from": [4.87116, 4.7491, 4.86213],
			"to": [6.62116, 4.9991, 5.36213],
			"rotation": {"angle": -22.5, "axis": "z", "origin": [5.74712, 4.87407, 5.01749]},
			"faces": {
				"north": {"uv": [2.9375, 11.8125, 3, 12.25], "rotation": 90, "texture": "#atlas"},
				"east": {"uv": [6.6875, 8, 6.75, 8.0625], "rotation": 90, "texture": "#atlas"},
				"south": {"uv": [2.875, 11.8125, 2.9375, 12.25], "rotation": 270, "texture": "#atlas"},
				"west": {"uv": [6.625, 8, 6.6875, 8.0625], "rotation": 90, "texture": "#atlas"},
				"up": {"uv": [2.9375, 12.25, 3, 12.6875], "rotation": 270, "texture": "#atlas"},
				"down": {"uv": [2.875, 12.25, 2.9375, 12.6875], "rotation": 270, "texture": "#atlas"}
			}
		},
		{
			"name": "Element",
			"from": [4.99616, 5.6241, 4.79963],
			"to": [6.49616, 5.8741, 5.04963],
			"rotation": {"angle": 22.5, "axis": "z", "origin": [5.74712, 4.87407, 5.01749]},
			"faces": {
				"north": {"uv": [4.4375, 8.625, 4.5, 9], "rotation": 90, "texture": "#atlas"},
				"east": {"uv": [7.0625, 14.3125, 7.125, 14.375], "rotation": 90, "texture": "#atlas"},
				"south": {"uv": [4.5, 12.625, 4.5625, 13], "rotation": 270, "texture": "#atlas"},
				"west": {"uv": [7.625, 11, 7.6875, 11.0625], "rotation": 90, "texture": "#atlas"},
				"up": {"uv": [4.5, 13, 4.5625, 13.375], "rotation": 270, "texture": "#atlas"},
				"down": {"uv": [4.5, 13.375, 4.5625, 13.75], "rotation": 270, "texture": "#atlas"}
			}
		},
		{
			"name": "Element",
			"from": [8.99716, 3.875, 5.04963],
			"to": [11.49716, 5.875, 5.29963],
			"rotation": {"angle": -22.5, "axis": "z", "origin": [10.24712, 4.87407, 5.01749]},
			"faces": {
				"north": {"uv": [7.125, 11.5625, 7.75, 12.0625], "texture": "#atlas"},
				"east": {"uv": [1.4375, 8.75, 1.5, 9.25], "texture": "#atlas"},
				"south": {"uv": [7.125, 13.0625, 7.75, 13.5625], "texture": "#atlas"},
				"west": {"uv": [1.5, 8.75, 1.5625, 9.25], "texture": "#atlas"},
				"up": {"uv": [7.125, 8.4375, 7.75, 8.5], "rotation": 180, "texture": "#atlas"},
				"down": {"uv": [7.125, 8.25, 7.75, 8.3125], "rotation": 180, "texture": "#atlas"}
			}
		},
		{
			"name": "Element",
			"from": [9.37306, 4.749, 4.86213],
			"to": [11.12306, 4.999, 5.36213],
			"rotation": {"angle": 22.5, "axis": "z", "origin": [10.24712, 4.87407, 5.01749]},
			"faces": {
				"north": {"uv": [2.875, 12.6875, 2.9375, 13.125], "rotation": 270, "texture": "#atlas"},
				"east": {"uv": [4.4375, 8.125, 4.5, 8.1875], "rotation": 270, "texture": "#atlas"},
				"south": {"uv": [1.5, 8.3125, 1.5625, 8.75], "rotation": 90, "texture": "#atlas"},
				"west": {"uv": [4.5, 8.5625, 4.5625, 8.625], "rotation": 270, "texture": "#atlas"},
				"up": {"uv": [1.4375, 8.3125, 1.5, 8.75], "rotation": 90, "texture": "#atlas"},
				"down": {"uv": [2.9375, 12.6875, 3, 13.125], "rotation": 90, "texture": "#atlas"}
			}
		},
		{
			"name": "Element",
			"from": [10.12306, 3.999, 4.92463],
			"to": [10.37306, 5.749, 5.42463],
			"rotation": {"angle": 22.5, "axis": "z", "origin": [10.24712, 4.87407, 5.01749]},
			"faces": {
				"north": {"uv": [7.75, 12, 8.1875, 12.0625], "rotation": 270, "texture": "#atlas"},
				"east": {"uv": [7.75, 11.9375, 8.1875, 12], "rotation": 270, "texture": "#atlas"},
				"south": {"uv": [7.75, 12.0625, 8.1875, 12.125], "rotation": 90, "texture": "#atlas"},
				"west": {"uv": [7.75, 11.875, 8.1875, 11.9375], "rotation": 270, "texture": "#atlas"},
				"up": {"uv": [4.4375, 9, 4.5, 9.0625], "rotation": 90, "texture": "#atlas"},
				"down": {"uv": [4.4375, 8.5625, 4.5, 8.625], "rotation": 90, "texture": "#atlas"}
			}
		},
		{
			"name": "Element",
			"from": [9.49716, 3.875, 4.79963],
			"to": [10.99716, 4.125, 5.04963],
			"rotation": {"angle": -22.5, "axis": "z", "origin": [10.24712, 4.87407, 5.01749]},
			"faces": {
				"north": {"uv": [8.1875, 11.75, 8.5625, 11.8125], "texture": "#atlas"},
				"east": {"uv": [4.5, 11.0625, 4.5625, 11.125], "texture": "#atlas"},
				"south": {"uv": [8.1875, 11.8125, 8.5625, 11.875], "texture": "#atlas"},
				"west": {"uv": [2.9375, 8, 3, 8.0625], "texture": "#atlas"},
				"up": {"uv": [8.1875, 11.875, 8.5625, 11.9375], "rotation": 180, "texture": "#atlas"},
				"down": {"uv": [8.1875, 11.9375, 8.5625, 12], "rotation": 180, "texture": "#atlas"}
			}
		},
		{
			"name": "Element",
			"from": [9.24716, 3.625, 5.04963],
			"to": [11.24716, 3.875, 5.29963],
			"rotation": {"angle": -22.5, "axis": "z", "origin": [10.24712, 4.87407, 5.01749]},
			"faces": {
				"north": {"uv": [7.75, 12.5, 8.25, 12.5625], "texture": "#atlas"},
				"south": {"uv": [7.75, 12.1875, 8.25, 12.25], "texture": "#atlas"},
				"west": {"uv": [4.5, 9, 4.5625, 9.0625], "texture": "#atlas"},
				"up": {"uv": [7.75, 12.875, 8.25, 12.9375], "rotation": 180, "texture": "#atlas"},
				"down": {"uv": [7.75, 12.8125, 8.25, 12.875], "rotation": 180, "texture": "#atlas"}
			}
		},
		{
			"name": "Element",
			"from": [9.49716, 5.625, 4.79963],
			"to": [10.99716, 5.875, 5.04963],
			"rotation": {"angle": -22.5, "axis": "z", "origin": [10.24712, 4.87407, 5.01749]},
			"faces": {
				"north": {"uv": [7.75, 11.375, 8.125, 11.4375], "texture": "#atlas"},
				"east": {"uv": [6.9375, 10.875, 7, 10.9375], "texture": "#atlas"},
				"south": {"uv": [8.125, 11.4375, 8.5, 11.5], "texture": "#atlas"},
				"west": {"uv": [7.0625, 8.0625, 7.125, 8.125], "texture": "#atlas"},
				"up": {"uv": [7.75, 11.4375, 8.125, 11.5], "rotation": 180, "texture": "#atlas"},
				"down": {"uv": [8.1875, 11.5, 8.5625, 11.5625], "rotation": 180, "texture": "#atlas"}
			}
		},
		{
			"name": "Element",
			"from": [9.24716, 5.875, 5.04963],
			"to": [11.24716, 6.125, 5.29963],
			"rotation": {"angle": -22.5, "axis": "z", "origin": [10.24712, 4.87407, 5.01749]},
			"faces": {
				"north": {"uv": [7.75, 12.3125, 8.25, 12.375], "texture": "#atlas"},
				"east": {"uv": [7, 10.875, 7.0625, 10.9375], "texture": "#atlas"},
				"south": {"uv": [7.75, 12.5625, 8.25, 12.625], "texture": "#atlas"},
				"west": {"uv": [6.5, 8, 6.5625, 8.0625], "texture": "#atlas"},
				"up": {"uv": [7.75, 13.125, 8.25, 13.1875], "rotation": 180, "texture": "#atlas"},
				"down": {"uv": [7.75, 12.4375, 8.25, 12.5], "rotation": 180, "texture": "#atlas"}
			}
		},
		{
			"name": "Element",
			"from": [9.24716, 4.125, 4.79963],
			"to": [9.49716, 5.625, 5.04963],
			"rotation": {"angle": -22.5, "axis": "z", "origin": [10.24712, 4.87407, 5.01749]},
			"faces": {
				"north": {"uv": [4.5, 11.875, 4.5625, 12.25], "texture": "#atlas"},
				"east": {"uv": [4.4375, 9.0625, 4.5, 9.4375], "texture": "#atlas"},
				"south": {"uv": [4.5, 12.25, 4.5625, 12.625], "texture": "#atlas"},
				"west": {"uv": [4.5, 9.0625, 4.5625, 9.4375], "texture": "#atlas"},
				"up": {"uv": [7.625, 13.5625, 7.6875, 13.625], "rotation": 180, "texture": "#atlas"},
				"down": {"uv": [2.875, 8, 2.9375, 8.0625], "rotation": 180, "texture": "#atlas"}
			}
		},
		{
			"name": "Element",
			"from": [10.99716, 4.125, 4.79963],
			"to": [11.24716, 5.625, 5.04963],
			"rotation": {"angle": -22.5, "axis": "z", "origin": [10.24712, 4.87407, 5.01749]},
			"faces": {
				"north": {"uv": [6.3125, 11.5, 6.375, 11.875], "texture": "#atlas"},
				"east": {"uv": [6.25, 9.625, 6.3125, 10], "texture": "#atlas"},
				"south": {"uv": [6.3125, 12.1875, 6.375, 12.5625], "texture": "#atlas"},
				"west": {"uv": [4.5, 8.1875, 4.5625, 8.5625], "texture": "#atlas"},
				"up": {"uv": [7.625, 11.0625, 7.6875, 11.125], "rotation": 180, "texture": "#atlas"},
				"down": {"uv": [7.6875, 11.0625, 7.75, 11.125], "rotation": 180, "texture": "#atlas"}
			}
		},
		{
			"name": "Element",
			"from": [4.87216, 1, 4.86213],
			"to": [11.12216, 1.25, 11.11213],
			"faces": {
				"north": {"uv": [14.3125, 15.3125, 15.875, 15.375], "texture": "#atlas"},
				"east": {"uv": [14.3125, 15.375, 15.875, 15.4375], "texture": "#atlas"},
				"south": {"uv": [14.3125, 15.25, 15.875, 15.3125], "texture": "#atlas"},
				"west": {"uv": [3, 8.0625, 4.5625, 8.125], "texture": "#atlas"},
				"up": {"uv": [0, 9.75, 1.5625, 11.3125], "rotation": 180, "texture": "#atlas"},
				"down": {"uv": [0, 14.4375, 1.5625, 16], "rotation": 180, "texture": "#atlas"}
			}
		},
		{
			"name": "Element",
			"from": [5.37216, 3.75, 5.36213],
			"to": [10.62216, 5.25, 10.61213],
			"faces": {
				"north": {"uv": [4.5625, 10, 5.875, 10.375], "texture": "#atlas"},
				"east": {"uv": [4.5625, 9.625, 5.875, 10], "texture": "#atlas"},
				"south": {"uv": [4.5625, 8.875, 5.875, 9.25], "texture": "#atlas"},
				"west": {"uv": [4.5625, 9.25, 5.875, 9.625], "texture": "#atlas"},
				"up": {"uv": [1.5625, 11.8125, 2.875, 13.125], "rotation": 180, "texture": "#atlas"}
			}
		},
		{
			"name": "Element",
			"from": [5.12216, 1.25, 5.11213],
			"to": [10.87216, 3.75, 10.86213],
			"faces": {
				"north": {"uv": [1.5625, 8.875, 3, 9.5], "texture": "#atlas"},
				"east": {"uv": [1.5625, 8.25, 3, 8.875], "texture": "#atlas"},
				"south": {"uv": [1.5625, 9.5, 3, 10.125], "texture": "#atlas"},
				"west": {"uv": [1.5625, 10.125, 3, 10.75], "texture": "#atlas"},
				"up": {"uv": [1.5625, 14.5625, 3, 16], "rotation": 180, "texture": "#atlas"}
			}
		},
		{
			"name": "Element",
			"from": [5.87216, 5.25, 5.86213],
			"to": [10.12216, 6.25, 10.11213],
			"faces": {
				"north": {"uv": [1.5625, 8, 2.625, 8.25], "texture": "#atlas"},
				"east": {"uv": [8.5625, 15.25, 9.625, 15.5], "texture": "#atlas"},
				"south": {"uv": [0, 8.0625, 1.0625, 8.3125], "texture": "#atlas"},
				"west": {"uv": [9.625, 15.25, 10.6875, 15.5], "texture": "#atlas"},
				"up": {"uv": [1.5625, 10.75, 2.625, 11.8125], "rotation": 180, "texture": "#atlas"}
			}
		},
		{
			"name": "Element",
			"from": [6.37216, 5.75, 7.11213],
			"to": [9.62216, 7.25, 10.36213],
			"rotation": {"angle": 22.5, "axis": "x", "origin": [8.12216, 8, 7.86213]},
			"faces": {
				"north": {"uv": [5.375, 8, 6.1875, 8.375], "texture": "#atlas"},
				"east": {"uv": [7.75, 14.75, 8.5625, 15.125], "texture": "#atlas"},
				"south": {"uv": [4.5625, 8, 5.375, 8.375], "texture": "#atlas"},
				"west": {"uv": [7.75, 15.125, 8.5625, 15.5], "texture": "#atlas"},
				"up": {"uv": [3, 10.25, 3.8125, 11.0625], "rotation": 180, "texture": "#atlas"},
				"down": {"uv": [3, 9.4375, 3.8125, 10.25], "rotation": 180, "texture": "#atlas"}
			}
		},
		{
			"name": "Element",
			"from": [6.49716, 6.75, 7.61213],
			"to": [9.49716, 9, 10.36213],
			"rotation": {"angle": 45, "axis": "x", "origin": [8.12216, 8, 7.86213]},
			"faces": {
				"north": {"uv": [6.375, 15.4375, 7.125, 16], "texture": "#atlas"},
				"east": {"uv": [6.375, 14.875, 7.0625, 15.4375], "texture": "#atlas"},
				"south": {"uv": [5.3125, 10.625, 6.0625, 11.1875], "texture": "#atlas"},
				"west": {"uv": [6.375, 14.3125, 7.0625, 14.875], "texture": "#atlas"},
				"up": {"uv": [3.8125, 9.5625, 4.5625, 10.25], "rotation": 180, "texture": "#atlas"},
				"down": {"uv": [3.8125, 10.375, 4.5625, 11.0625], "rotation": 180, "texture": "#atlas"}
			}
		},
		{
			"name": "Element",
			"from": [6.74716, 6.125, 8.23713],
			"to": [9.24716, 8.375, 10.98713],
			"rotation": {"angle": -22.5, "axis": "x", "origin": [8.12216, 8, 7.86213]},
			"faces": {
				"north": {"uv": [7.125, 15.4375, 7.75, 16], "texture": "#atlas"},
				"east": {"uv": [6.375, 11.5625, 6.9375, 12.25], "rotation": 270, "texture": "#atlas"},
				"south": {"uv": [7.125, 14.875, 7.75, 15.4375], "rotation": 180, "texture": "#atlas"},
				"west": {"uv": [6.375, 10.875, 6.9375, 11.5625], "rotation": 90, "texture": "#atlas"},
				"up": {"uv": [5.3125, 11.1875, 5.9375, 11.875], "rotation": 180, "texture": "#atlas"},
				"down": {"uv": [5.3125, 11.875, 5.9375, 12.5625], "texture": "#atlas"}
			}
		},
		{
			"name": "Element",
			"from": [6.99716, 8.375, 9.73713],
			"to": [8.99716, 10.375, 11.73713],
			"rotation": {"angle": 22.5, "axis": "x", "origin": [8.12216, 8, 7.86213]},
			"faces": {
				"north": {"uv": [7.125, 9.5625, 7.625, 10.0625], "texture": "#atlas"},
				"east": {"uv": [7.125, 10.0625, 7.625, 10.5625], "rotation": 270, "texture": "#atlas"},
				"south": {"uv": [7.125, 9.0625, 7.625, 9.5625], "rotation": 180, "texture": "#atlas"},
				"west": {"uv": [7.125, 10.5625, 7.625, 11.0625], "rotation": 90, "texture": "#atlas"},
				"up": {"uv": [7.125, 8.5625, 7.625, 9.0625], "rotation": 180, "texture": "#atlas"},
				"down": {"uv": [7.125, 11.0625, 7.625, 11.5625], "texture": "#atlas"}
			}
		},
		{
			"name": "Element",
			"from": [7.24716, 3.75, 9.86213],
			"to": [8.74716, 5.25, 11.36213],
			"rotation": {"angle": -45, "axis": "x", "origin": [8.12216, 8, 7.86213]},
			"faces": {
				"north": {"uv": [2.625, 11.0625, 3, 11.4375], "rotation": 180, "texture": "#atlas"},
				"east": {"uv": [5.875, 10, 6.25, 10.375], "rotation": 180, "texture": "#atlas"},
				"south": {"uv": [6, 13.875, 6.375, 14.25], "rotation": 180, "texture": "#atlas"},
				"west": {"uv": [2.625, 11.4375, 3, 11.8125], "rotation": 180, "texture": "#atlas"},
				"up": {"uv": [5.9375, 12.1875, 6.3125, 12.5625], "rotation": 180, "texture": "#atlas"},
				"down": {"uv": [5.9375, 11.5, 6.3125, 11.875], "rotation": 180, "texture": "#atlas"}
			}
		},
		{
			"name": "Element",
			"from": [7.49716, 4.25, 11.48713],
			"to": [8.49716, 5.5, 12.48713],
			"rotation": {"angle": -22.5, "axis": "x", "origin": [8.12216, 8, 7.86213]},
			"faces": {
				"north": {"uv": [2.625, 10.75, 2.875, 11.0625], "rotation": 180, "texture": "#atlas"},
				"east": {"uv": [4.25, 11.25, 4.5, 11.5625], "rotation": 180, "texture": "#atlas"},
				"south": {"uv": [1.3125, 8, 1.5625, 8.3125], "rotation": 180, "texture": "#atlas"},
				"west": {"uv": [1.0625, 8, 1.3125, 8.3125], "rotation": 180, "texture": "#atlas"},
				"up": {"uv": [2.625, 8, 2.875, 8.25], "rotation": 180, "texture": "#atlas"},
				"down": {"uv": [5.9375, 11.9375, 6.1875, 12.1875], "rotation": 180, "texture": "#atlas"}
			}
		},
		{
			"name": "Element",
			"from": [11.12252, 0.49345, 4.86313],
			"to": [11.62252, 0.74345, 11.11313],
			"rotation": {"angle": 0, "axis": "y", "origin": [8.00036, 7.99345, 8.001]},
			"faces": {
				"west": {"uv": [3, 8, 4.5625, 8.0625], "texture": "#atlas"},
				"up": {"uv": [8, 13.1875, 8.125, 14.75], "rotation": 180, "texture": "#atlas"},
				"down": {"uv": [7.75, 13.1875, 7.875, 14.75], "rotation": 180, "texture": "#atlas"}
			}
		},
		{
			"name": "Element",
			"from": [11.56799, 0.74076, 3.61213],
			"to": [12.56799, 0.99076, 12.36213],
			"rotation": {"angle": -22.5, "axis": "z", "origin": [11.61829, 0.85922, 7.99282]},
			"faces": {
				"north": {"uv": [5.9375, 11.875, 6.1875, 11.9375], "texture": "#atlas"},
				"east": {"uv": [8.5625, 15.0625, 10.75, 15.125], "texture": "#atlas"},
				"south": {"uv": [5.6875, 10.375, 5.9375, 10.4375], "texture": "#atlas"},
				"west": {"uv": [8.5625, 15, 10.75, 15.0625], "texture": "#atlas"},
				"up": {"uv": [4.8125, 10.375, 5.0625, 12.5625], "rotation": 180, "texture": "#atlas"},
				"down": {"uv": [5.0625, 10.375, 5.3125, 12.5625], "rotation": 180, "texture": "#atlas"}
			}
		},
		{
			"name": "Element",
			"from": [11.61947, 0.27231, 2.61213],
			"to": [12.36947, 0.77231, 3.86213],
			"rotation": {"angle": -22.5, "axis": "z", "origin": [11.56474, 0.75439, 7.99266]},
			"faces": {
				"north": {"uv": [6.9375, 11.1875, 7.125, 11.3125], "texture": "#atlas"},
				"east": {"uv": [7.125, 8.125, 7.4375, 8.25], "texture": "#atlas"},
				"south": {"uv": [6.9375, 11.0625, 7.125, 11.1875], "texture": "#atlas"},
				"up": {"uv": [6.125, 11.1875, 6.3125, 11.5], "rotation": 180, "texture": "#atlas"},
				"down": {"uv": [6.1875, 11.875, 6.375, 12.1875], "rotation": 180, "texture": "#atlas"}
			}
		},
		{
			"name": "Element",
			"from": [11.71627, 0.04035, 2.11313],
			"to": [12.37252, 0.54035, 2.61313],
			"rotation": {"angle": -22.5, "axis": "z", "origin": [11.56779, 0.75673, 7.99366]},
			"faces": {
				"north": {"uv": [6.875, 8, 7.0625, 8.125], "texture": "#atlas", "cullface": "down"},
				"east": {"uv": [7.625, 14.375, 7.75, 14.5], "texture": "#atlas", "cullface": "down"},
				"south": {"uv": [15.8125, 15.625, 16, 15.75], "texture": "#atlas", "cullface": "down"},
				"up": {"uv": [8.25, 13.625, 8.4375, 13.75], "rotation": 180, "texture": "#atlas", "cullface": "down"},
				"down": {"uv": [8.25, 13.5, 8.4375, 13.625], "rotation": 180, "texture": "#atlas", "cullface": "down"}
			}
		},
		{
			"name": "Element",
			"from": [12.37252, 0.04035, 2.11313],
			"to": [13.62252, 0.54035, 2.61313],
			"rotation": {"angle": -22.5, "axis": "z", "origin": [11.56779, 0.75673, 7.99366]},
			"faces": {
				"north": {"uv": [8.25, 13.875, 8.5625, 14], "texture": "#atlas", "cullface": "down"},
				"east": {"uv": [6.25, 11.0625, 6.375, 11.1875], "texture": "#atlas", "cullface": "down"},
				"south": {"uv": [8.25, 14, 8.5625, 14.125], "texture": "#atlas", "cullface": "down"},
				"west": {"uv": [6.25, 10.9375, 6.375, 11.0625], "texture": "#atlas", "cullface": "down"},
				"up": {"uv": [8.25, 14.625, 8.5625, 14.75], "rotation": 180, "texture": "#atlas", "cullface": "down"},
				"down": {"uv": [15.1875, 15.75, 15.5, 15.875], "rotation": 180, "texture": "#atlas", "cullface": "down"}
			}
		},
		{
			"name": "Element",
			"from": [12.36947, 0.27241, 2.61213],
			"to": [13.61947, 0.77241, 13.36213],
			"rotation": {"angle": -22.5, "axis": "z", "origin": [11.56474, 0.75439, 7.99266]},
			"faces": {
				"north": {"uv": [4.125, 10.25, 4.4375, 10.375], "texture": "#atlas", "cullface": "down"},
				"east": {"uv": [7.75, 15.5, 10.4375, 15.625], "texture": "#atlas", "cullface": "down"},
				"south": {"uv": [3.8125, 10.25, 4.125, 10.375], "texture": "#atlas", "cullface": "down"},
				"west": {"uv": [7.75, 15.625, 10.4375, 15.75], "texture": "#atlas", "cullface": "down"},
				"up": {"uv": [3.3125, 11.0625, 3.625, 13.75], "rotation": 180, "texture": "#atlas", "cullface": "down"},
				"down": {"uv": [3.625, 11.0625, 3.9375, 13.75], "rotation": 180, "texture": "#atlas", "cullface": "down"}
			}
		},
		{
			"name": "Element",
			"from": [13.62252, 0.04035, 2.36313],
			"to": [14.12252, 0.54035, 13.61313],
			"rotation": {"angle": -22.5, "axis": "z", "origin": [11.56779, 0.75673, 7.99366]},
			"faces": {
				"north": {"uv": [4.4375, 9.4375, 4.5625, 9.5625], "texture": "#atlas", "cullface": "down"},
				"east": {"uv": [7.75, 15.75, 10.5625, 15.875], "texture": "#atlas", "cullface": "down"},
				"south": {"uv": [6.25, 10.75, 6.375, 10.875], "texture": "#atlas", "cullface": "down"},
				"west": {"uv": [10.5625, 15.75, 13.375, 15.875], "texture": "#atlas", "cullface": "down"},
				"up": {"uv": [6.5, 8.0625, 6.625, 10.875], "rotation": 180, "texture": "#atlas", "cullface": "down"},
				"down": {"uv": [6.75, 8.0625, 6.875, 10.875], "rotation": 180, "texture": "#atlas", "cullface": "down"}
			}
		},
		{
			"name": "Element",
			"from": [13.62252, 0.04035, 13.61313],
			"to": [13.87252, 0.54035, 13.86313],
			"rotation": {"angle": -22.5, "axis": "z", "origin": [11.56779, 0.75673, 7.99366]},
			"faces": {
				"north": {"uv": [7.0625, 14.375, 7.125, 14.5], "texture": "#atlas", "cullface": "down"},
				"east": {"uv": [7.0625, 15.1875, 7.125, 15.3125], "texture": "#atlas", "cullface": "down"},
				"south": {"uv": [7.0625, 15.0625, 7.125, 15.1875], "texture": "#atlas", "cullface": "down"},
				"west": {"uv": [6.3125, 11.25, 6.375, 11.375], "texture": "#atlas", "cullface": "down"},
				"up": {"uv": [7.0625, 14.875, 7.125, 14.9375], "rotation": 180, "texture": "#atlas", "cullface": "down"},
				"down": {"uv": [7.0625, 8.125, 7.125, 8.1875], "rotation": 180, "texture": "#atlas", "cullface": "down"}
			}
		},
		{
			"name": "Element",
			"from": [12.37252, 0.04035, 13.36313],
			"to": [13.62252, 0.54035, 13.86313],
			"rotation": {"angle": -22.5, "axis": "z", "origin": [11.56779, 0.75673, 7.99366]},
			"faces": {
				"north": {"uv": [8.25, 14.125, 8.5625, 14.25], "texture": "#atlas", "cullface": "down"},
				"east": {"uv": [5.9375, 10.375, 6.0625, 10.5], "texture": "#atlas", "cullface": "down"},
				"south": {"uv": [8.25, 14.25, 8.5625, 14.375], "texture": "#atlas", "cullface": "down"},
				"west": {"uv": [5.9375, 10.5, 6.0625, 10.625], "texture": "#atlas", "cullface": "down"},
				"up": {"uv": [8.25, 14.375, 8.5625, 14.5], "rotation": 180, "texture": "#atlas", "cullface": "down"},
				"down": {"uv": [8.25, 14.5, 8.5625, 14.625], "rotation": 180, "texture": "#atlas", "cullface": "down"}
			}
		},
		{
			"name": "Element",
			"from": [11.71627, 0.04035, 13.36313],
			"to": [12.37252, 0.54035, 13.86313],
			"rotation": {"angle": -22.5, "axis": "z", "origin": [11.56779, 0.75673, 7.99366]},
			"faces": {
				"north": {"uv": [8.25, 13.375, 8.4375, 13.5], "texture": "#atlas", "cullface": "down"},
				"east": {"uv": [7.625, 11.1875, 7.75, 11.3125], "texture": "#atlas", "cullface": "down"},
				"south": {"uv": [8.25, 13.25, 8.4375, 13.375], "texture": "#atlas", "cullface": "down"},
				"up": {"uv": [8.25, 13.75, 8.4375, 13.875], "rotation": 180, "texture": "#atlas", "cullface": "down"},
				"down": {"uv": [15.8125, 15.75, 16, 15.875], "rotation": 180, "texture": "#atlas", "cullface": "down"}
			}
		},
		{
			"name": "Element",
			"from": [11.49752, 0.49345, 3.86313],
			"to": [12.24752, 0.74345, 12.11313],
			"rotation": {"angle": 0, "axis": "y", "origin": [8.00036, 7.99345, 8.001]},
			"faces": {
				"north": {"uv": [6.9375, 11.5625, 7.125, 11.625], "texture": "#atlas"},
				"east": {"uv": [10.75, 15, 12.8125, 15.0625], "texture": "#atlas"},
				"south": {"uv": [5.875, 9.625, 6.0625, 9.6875], "texture": "#atlas"},
				"west": {"uv": [12.8125, 15, 14.875, 15.0625], "texture": "#atlas"},
				"up": {"uv": [6.375, 12.25, 6.5625, 14.3125], "rotation": 180, "texture": "#atlas"},
				"down": {"uv": [6.5625, 12.25, 6.75, 14.3125], "rotation": 180, "texture": "#atlas"}
			}
		},
		{
			"name": "Element",
			"from": [13.62252, 0.04035, 2.11313],
			"to": [13.87252, 0.54035, 2.36313],
			"rotation": {"angle": -22.5, "axis": "z", "origin": [11.56779, 0.75673, 7.99366]},
			"faces": {
				"north": {"uv": [6.3125, 9.75, 6.375, 9.875], "texture": "#atlas", "cullface": "down"},
				"east": {"uv": [4.5, 11.125, 4.5625, 11.25], "texture": "#atlas", "cullface": "down"},
				"south": {"uv": [4.5, 11.5625, 4.5625, 11.6875], "texture": "#atlas", "cullface": "down"},
				"west": {"uv": [4.5, 11.25, 4.5625, 11.375], "texture": "#atlas", "cullface": "down"},
				"up": {"uv": [6.25, 10.875, 6.3125, 10.9375], "rotation": 180, "texture": "#atlas", "cullface": "down"},
				"down": {"uv": [6.3125, 10.875, 6.375, 10.9375], "rotation": 180, "texture": "#atlas", "cullface": "down"}
			}
		},
		{
			"name": "Element",
			"from": [11.61947, 0.27231, 12.11213],
			"to": [12.36947, 0.77231, 13.36213],
			"rotation": {"angle": -22.5, "axis": "z", "origin": [11.56474, 0.75439, 7.99266]},
			"faces": {
				"north": {"uv": [6.9375, 10.9375, 7.125, 11.0625], "texture": "#atlas"},
				"east": {"uv": [5.875, 8.875, 6.1875, 9], "texture": "#atlas"},
				"south": {"uv": [6.875, 8.125, 7.0625, 8.25], "texture": "#atlas"},
				"up": {"uv": [6.0625, 10.5625, 6.25, 10.875], "rotation": 180, "texture": "#atlas"},
				"down": {"uv": [5.875, 9.3125, 6.0625, 9.625], "rotation": 180, "texture": "#atlas"}
			}
		},
		{
			"name": "Element",
			"from": [3.76266, 0.5, 3.87313],
			"to": [4.51266, 0.75, 12.12313],
			"faces": {
				"north": {"uv": [5.875, 9.25, 6.0625, 9.3125], "texture": "#atlas"},
				"east": {"uv": [10.625, 14.9375, 12.6875, 15], "texture": "#atlas"},
				"south": {"uv": [6.1875, 8.875, 6.375, 8.9375], "texture": "#atlas"},
				"west": {"uv": [8.5625, 14.9375, 10.625, 15], "texture": "#atlas"},
				"up": {"uv": [6.75, 12.25, 6.9375, 14.3125], "texture": "#atlas"},
				"down": {"uv": [6.9375, 12.25, 7.125, 14.3125], "texture": "#atlas"}
			}
		},
		{
			"name": "Element",
			"from": [2.37485, 0.27242, 2.61213],
			"to": [3.62485, 0.77242, 13.36213],
			"rotation": {"angle": 22.5, "axis": "z", "origin": [4.42962, 0.7544, 7.98166]},
			"faces": {
				"north": {"uv": [6.0625, 9.5, 6.375, 9.625], "texture": "#atlas", "cullface": "down"},
				"east": {"uv": [13.125, 15.625, 15.8125, 15.75], "texture": "#atlas", "cullface": "down"},
				"south": {"uv": [4.125, 9.4375, 4.4375, 9.5625], "texture": "#atlas", "cullface": "down"},
				"west": {"uv": [10.4375, 15.625, 13.125, 15.75], "texture": "#atlas", "cullface": "down"},
				"up": {"uv": [3, 11.0625, 3.3125, 13.75], "texture": "#atlas", "cullface": "down"},
				"down": {"uv": [3.9375, 11.0625, 4.25, 13.75], "texture": "#atlas", "cullface": "down"}
			}
		},
		{
			"name": "Element",
			"from": [3.6218, 0.04035, 2.11313],
			"to": [4.27805, 0.54035, 2.61313],
			"rotation": {"angle": 22.5, "axis": "z", "origin": [4.42652, 0.75673, 7.98266]},
			"faces": {
				"north": {"uv": [8.3125, 11.25, 8.5, 11.375], "texture": "#atlas", "cullface": "down"},
				"south": {"uv": [8.125, 11.25, 8.3125, 11.375], "texture": "#atlas", "cullface": "down"},
				"west": {"uv": [7.625, 11.3125, 7.75, 11.4375], "texture": "#atlas", "cullface": "down"},
				"up": {"uv": [7.9375, 11.25, 8.125, 11.375], "texture": "#atlas", "cullface": "down"},
				"down": {"uv": [7.75, 11.25, 7.9375, 11.375], "texture": "#atlas", "cullface": "down"}
			}
		},
		{
			"name": "Element",
			"from": [2.37175, 0.04035, 2.11313],
			"to": [3.62175, 0.54035, 2.61313],
			"rotation": {"angle": 22.5, "axis": "z", "origin": [4.42652, 0.75673, 7.98266]},
			"faces": {
				"north": {"uv": [7.125, 8.3125, 7.4375, 8.4375], "texture": "#atlas", "cullface": "down"},
				"east": {"uv": [7.625, 13.875, 7.75, 14], "texture": "#atlas", "cullface": "down"},
				"south": {"uv": [7.4375, 8.3125, 7.75, 8.4375], "texture": "#atlas", "cullface": "down"},
				"west": {"uv": [7.625, 11.4375, 7.75, 11.5625], "texture": "#atlas", "cullface": "down"},
				"up": {"uv": [7.125, 8, 7.4375, 8.125], "texture": "#atlas", "cullface": "down"},
				"down": {"uv": [15.1875, 15.875, 15.5, 16], "texture": "#atlas", "cullface": "down"}
			}
		},
		{
			"name": "Element",
			"from": [3.62485, 0.27232, 2.61213],
			"to": [4.37485, 0.77232, 3.86213],
			"rotation": {"angle": 22.5, "axis": "z", "origin": [4.42962, 0.7544, 7.98166]},
			"faces": {
				"north": {"uv": [6.9375, 11.75, 7.125, 11.875], "texture": "#atlas"},
				"south": {"uv": [6.9375, 11.625, 7.125, 11.75], "texture": "#atlas"},
				"west": {"uv": [6.0625, 10.4375, 6.375, 10.5625], "texture": "#atlas"},
				"up": {"uv": [5.875, 9.6875, 6.0625, 10], "texture": "#atlas"},
				"down": {"uv": [6.0625, 9.6875, 6.25, 10], "texture": "#atlas"}
			}
		},
		{
			"name": "Element",
			"from": [2.12175, 0.04035, 2.11313],
			"to": [2.37175, 0.54035, 2.36313],
			"rotation": {"angle": 22.5, "axis": "z", "origin": [4.42652, 0.75673, 7.98266]},
			"faces": {
				"north": {"uv": [7.0625, 14.625, 7.125, 14.75], "texture": "#atlas", "cullface": "down"},
				"east": {"uv": [7.0625, 14.75, 7.125, 14.875], "texture": "#atlas", "cullface": "down"},
				"south": {"uv": [7.0625, 14.5, 7.125, 14.625], "texture": "#atlas", "cullface": "down"},
				"west": {"uv": [7.0625, 14.9375, 7.125, 15.0625], "texture": "#atlas", "cullface": "down"},
				"up": {"uv": [7.625, 11.125, 7.6875, 11.1875], "texture": "#atlas", "cullface": "down"},
				"down": {"uv": [7.6875, 11.125, 7.75, 11.1875], "texture": "#atlas", "cullface": "down"}
			}
		},
		{
			"name": "Element",
			"from": [1.87175, 0.04035, 2.36313],
			"to": [2.37175, 0.54035, 13.61313],
			"rotation": {"angle": 22.5, "axis": "z", "origin": [4.42652, 0.75673, 7.98266]},
			"faces": {
				"north": {"uv": [2.875, 10.75, 3, 10.875], "texture": "#atlas", "cullface": "down"},
				"east": {"uv": [7.75, 15.875, 10.5625, 16], "texture": "#atlas", "cullface": "down"},
				"south": {"uv": [4.4375, 10.25, 4.5625, 10.375], "texture": "#atlas", "cullface": "down"},
				"west": {"uv": [10.5625, 15.875, 13.375, 16], "texture": "#atlas", "cullface": "down"},
				"up": {"uv": [6.375, 8.0625, 6.5, 10.875], "texture": "#atlas", "cullface": "down"},
				"down": {"uv": [6.625, 8.0625, 6.75, 10.875], "texture": "#atlas", "cullface": "down"}
			}
		},
		{
			"name": "Element",
			"from": [2.37175, 0.04035, 13.36313],
			"to": [3.62175, 0.54035, 13.86313],
			"rotation": {"angle": 22.5, "axis": "z", "origin": [4.42652, 0.75673, 7.98266]},
			"faces": {
				"north": {"uv": [6.0625, 9.375, 6.375, 9.5], "texture": "#atlas", "cullface": "down"},
				"east": {"uv": [7.625, 13.75, 7.75, 13.875], "texture": "#atlas", "cullface": "down"},
				"south": {"uv": [6.0625, 9.25, 6.375, 9.375], "texture": "#atlas", "cullface": "down"},
				"west": {"uv": [7.625, 13.625, 7.75, 13.75], "texture": "#atlas", "cullface": "down"},
				"up": {"uv": [5.875, 9.125, 6.1875, 9.25], "texture": "#atlas", "cullface": "down"},
				"down": {"uv": [5.875, 9, 6.1875, 9.125], "texture": "#atlas", "cullface": "down"}
			}
		},
		{
			"name": "Element",
			"from": [2.12175, 0.04035, 13.61313],
			"to": [2.37175, 0.54035, 13.86313],
			"rotation": {"angle": 22.5, "axis": "z", "origin": [4.42652, 0.75673, 7.98266]},
			"faces": {
				"north": {"uv": [7.0625, 15.3125, 7.125, 15.4375], "texture": "#atlas", "cullface": "down"},
				"east": {"uv": [6.3125, 9.625, 6.375, 9.75], "texture": "#atlas", "cullface": "down"},
				"south": {"uv": [6.3125, 11.375, 6.375, 11.5], "texture": "#atlas", "cullface": "down"},
				"west": {"uv": [6.3125, 9.875, 6.375, 10], "texture": "#atlas", "cullface": "down"},
				"up": {"uv": [6.25, 10.5625, 6.3125, 10.625], "texture": "#atlas", "cullface": "down"},
				"down": {"uv": [6.3125, 10.5625, 6.375, 10.625], "texture": "#atlas", "cullface": "down"}
			}
		},
		{
			"name": "Element",
			"from": [3.42632, 0.74078, 3.61213],
			"to": [4.42632, 0.99078, 12.36213],
			"rotation": {"angle": 22.5, "axis": "z", "origin": [4.37606, 0.85924, 7.98139]},
			"faces": {
				"north": {"uv": [8.25, 13.125, 8.5, 13.1875], "texture": "#atlas"},
				"east": {"uv": [10.75, 15.0625, 12.9375, 15.125], "texture": "#atlas"},
				"south": {"uv": [6.0625, 10.375, 6.3125, 10.4375], "texture": "#atlas"},
				"west": {"uv": [12.9375, 15.0625, 15.125, 15.125], "texture": "#atlas"},
				"up": {"uv": [4.25, 11.5625, 4.5, 13.75], "texture": "#atlas"},
				"down": {"uv": [4.5625, 10.375, 4.8125, 12.5625], "texture": "#atlas"}
			}
		},
		{
			"name": "Element",
			"from": [3.62485, 0.27232, 12.11213],
			"to": [4.37485, 0.77232, 13.36213],
			"rotation": {"angle": 22.5, "axis": "z", "origin": [4.42962, 0.7544, 7.98166]},
			"faces": {
				"north": {"uv": [6.9375, 12, 7.125, 12.125], "texture": "#atlas"},
				"south": {"uv": [6.9375, 11.875, 7.125, 12], "texture": "#atlas"},
				"west": {"uv": [3.8125, 9.4375, 4.125, 9.5625], "texture": "#atlas"},
				"up": {"uv": [5.9375, 11.1875, 6.125, 11.5], "texture": "#atlas"},
				"down": {"uv": [6.0625, 10.875, 6.25, 11.1875], "texture": "#atlas"}
			}
		},
		{
			"name": "Element",
			"from": [3.6218, 0.04035, 13.36313],
			"to": [4.27805, 0.54035, 13.86313],
			"rotation": {"angle": 22.5, "axis": "z", "origin": [4.42652, 0.75673, 7.98266]},
			"faces": {
				"north": {"uv": [15.8125, 15.875, 16, 16], "texture": "#atlas", "cullface": "down"},
				"south": {"uv": [6.9375, 11.3125, 7.125, 11.4375], "texture": "#atlas", "cullface": "down"},
				"west": {"uv": [7.625, 14, 7.75, 14.125], "texture": "#atlas", "cullface": "down"},
				"up": {"uv": [6.9375, 11.4375, 7.125, 11.5625], "texture": "#atlas", "cullface": "down"},
				"down": {"uv": [6.1875, 9.125, 6.375, 9.25], "texture": "#atlas", "cullface": "down"}
			}
		},
		{
			"name": "Element",
			"from": [4.37216, 0.5, 3.86213],
			"to": [11.62216, 0.75, 4.86213],
			"faces": {
				"south": {"uv": [14, 15.125, 15.8125, 15.1875], "texture": "#atlas"},
				"down": {"uv": [4.5625, 8.375, 6.375, 8.625], "rotation": 180, "texture": "#atlas"}
			}
		},
		{
			"name": "Element",
			"from": [4.37216, 0.5, 11.11213],
			"to": [11.62216, 0.75, 12.11213],
			"faces": {
				"north": {"uv": [14, 15.1875, 15.8125, 15.25], "texture": "#atlas"},
				"down": {"uv": [4.5625, 8.625, 6.375, 8.875], "rotation": 180, "texture": "#atlas"}
			}
		},
		{
			"name": "Element",
			"from": [4.37216, 0, 13.36313],
			"to": [11.62216, 0.5, 13.86213],
			"faces": {
				"north": {"uv": [10.4375, 15.5, 12.25, 15.625], "texture": "#atlas"},
				"east": {"uv": [7.625, 14.25, 7.75, 14.375], "texture": "#atlas"},
				"south": {"uv": [14.0625, 15.5, 15.875, 15.625], "texture": "#atlas"},
				"west": {"uv": [7.625, 14.125, 7.75, 14.25], "texture": "#atlas"},
				"up": {"uv": [10.6875, 15.375, 12.5, 15.5], "rotation": 180, "texture": "#atlas"},
				"down": {"uv": [12.5, 15.375, 14.3125, 15.5], "rotation": 180, "texture": "#atlas", "cullface": "down"}
			}
		},
		{
			"name": "Element",
			"from": [4.37216, 0.25, 12.11213],
			"to": [11.62216, 0.75, 13.36213],
			"faces": {
				"north": {"uv": [12.5, 15.25, 14.3125, 15.375], "texture": "#atlas"},
				"east": {"uv": [7.4375, 8, 7.75, 8.125], "texture": "#atlas"},
				"south": {"uv": [8.5625, 15.125, 10.375, 15.25], "texture": "#atlas"},
				"west": {"uv": [7.4375, 8.125, 7.75, 8.25], "texture": "#atlas"},
				"up": {"uv": [4.5625, 12.5625, 6.375, 12.875], "rotation": 180, "texture": "#atlas"},
				"down": {"uv": [4.5625, 12.875, 6.375, 13.1875], "rotation": 180, "texture": "#atlas"}
			}
		},
		{
			"name": "Element",
			"from": [4.37216, 0.75, 10.61213],
			"to": [11.62216, 1, 12.36213],
			"faces": {
				"north": {"uv": [12.1875, 14.875, 14, 14.9375], "texture": "#atlas"},
				"east": {"uv": [0.625, 8, 1.0625, 8.0625], "texture": "#atlas"},
				"south": {"uv": [10.375, 14.875, 12.1875, 14.9375], "texture": "#atlas"},
				"west": {"uv": [7.75, 12.125, 8.1875, 12.1875], "texture": "#atlas"},
				"up": {"uv": [4.5625, 14.6875, 6.375, 15.125], "rotation": 180, "texture": "#atlas"},
				"down": {"uv": [4.5625, 15.125, 6.375, 15.5625], "rotation": 180, "texture": "#atlas"}
			}
		},
		{
			"name": "Element",
			"from": [10.62216, 0.75, 5.36213],
			"to": [11.62216, 1, 10.61213],
			"faces": {
				"east": {"uv": [9.875, 14.8125, 11.1875, 14.875], "texture": "#atlas"},
				"west": {"uv": [14.5, 14.9375, 15.8125, 15], "texture": "#atlas"},
				"up": {"uv": [7.375, 13.5625, 7.625, 14.875], "rotation": 180, "texture": "#atlas"},
				"down": {"uv": [6.875, 8.25, 7.125, 9.5625], "rotation": 180, "texture": "#atlas"}
			}
		},
		{
			"name": "Element",
			"from": [4.37216, 0.75, 5.36213],
			"to": [5.37216, 1, 10.61213],
			"faces": {
				"east": {"uv": [14, 14.875, 15.3125, 14.9375], "texture": "#atlas"},
				"west": {"uv": [8.5625, 14.8125, 9.875, 14.875], "texture": "#atlas"},
				"up": {"uv": [7.125, 13.5625, 7.375, 14.875], "rotation": 180, "texture": "#atlas"},
				"down": {"uv": [6.875, 9.5625, 7.125, 10.875], "rotation": 180, "texture": "#atlas"}
			}
		},
		{
			"name": "Element",
			"from": [4.37216, 0.75, 3.61213],
			"to": [11.62216, 1, 5.36213],
			"faces": {
				"north": {"uv": [8.5625, 14.875, 10.375, 14.9375], "texture": "#atlas"},
				"east": {"uv": [7.75, 11.5, 8.1875, 11.5625], "texture": "#atlas"},
				"south": {"uv": [12.6875, 14.9375, 14.5, 15], "texture": "#atlas"},
				"west": {"uv": [7.75, 11.5625, 8.1875, 11.625], "texture": "#atlas"},
				"up": {"uv": [4.5625, 15.5625, 6.375, 16], "rotation": 180, "texture": "#atlas"},
				"down": {"uv": [4.5625, 14.25, 6.375, 14.6875], "rotation": 180, "texture": "#atlas"}
			}
		},
		{
			"name": "Element",
			"from": [4.37216, 0.25, 2.61213],
			"to": [11.62216, 0.75, 3.86213],
			"faces": {
				"north": {"uv": [10.6875, 15.25, 12.5, 15.375], "texture": "#atlas"},
				"east": {"uv": [15.5, 15.75, 15.8125, 15.875], "texture": "#atlas"},
				"south": {"uv": [12.25, 15.5, 14.0625, 15.625], "texture": "#atlas"},
				"west": {"uv": [15.5, 15.875, 15.8125, 16], "texture": "#atlas"},
				"up": {"uv": [4.5625, 13.1875, 6.375, 13.5], "rotation": 180, "texture": "#atlas"},
				"down": {"uv": [4.5625, 13.5, 6.375, 13.8125], "rotation": 180, "texture": "#atlas"}
			}
		},
		{
			"name": "Element",
			"from": [4.37216, 0, 2.11313],
			"to": [11.62216, 0.5, 2.61213],
			"faces": {
				"north": {"uv": [12.1875, 15.125, 14, 15.25], "texture": "#atlas"},
				"east": {"uv": [7.625, 14.625, 7.75, 14.75], "texture": "#atlas"},
				"south": {"uv": [13.375, 15.875, 15.1875, 16], "texture": "#atlas"},
				"west": {"uv": [7.625, 14.5, 7.75, 14.625], "texture": "#atlas"},
				"up": {"uv": [10.375, 15.125, 12.1875, 15.25], "rotation": 180, "texture": "#atlas"},
				"down": {"uv": [13.375, 15.75, 15.1875, 15.875], "rotation": 180, "texture": "#atlas", "cullface": "down"}
			}
		},
		{
			"name": "Element",
			"from": [4.37216, 0.5, 4.86213],
			"to": [4.87216, 0.75, 11.11213],
			"faces": {
				"east": {"uv": [14.3125, 15.4375, 15.875, 15.5], "texture": "#atlas"},
				"up": {"uv": [8.125, 13.1875, 8.25, 14.75], "rotation": 180, "texture": "#atlas"},
				"down": {"uv": [7.875, 13.1875, 8, 14.75], "rotation": 180, "texture": "#atlas"}
			}
		}
	],
	"display": {
		"thirdperson_righthand": {
			"rotation": [180, -8, -90],
			"translation": [6, -1.5, -4],
			"scale": [0.75, 0.75, 0.75]
		},
		"thirdperson_lefthand": {
			"rotation": [180, -8, -90],
			"translation": [6, -1.5, -4],
			"scale": [0.75, 0.75, 0.75]
		},
		"firstperson_righthand": {
			"rotation": [0, 95, 0],
			"translation": [0, 5, -1],
			"scale": [0.5, 0.5, 0.5]
		},
		"firstperson_lefthand": {
			"rotation": [0, 95, 0],
			"translation": [0, 5, -1],
			"scale": [0.5, 0.5, 0.5]
		},
		"ground": {
			"rotation": [0, 180, 0],
			"translation": [0, 1, 0],
			"scale": [0.5, 0.5, 0.5]
		},
		"gui": {
			"rotation": [30, 135, 0],
			"translation": [0, 3, 0],
			"scale": [0.85, 0.85, 0.85]
		},
		"head": {
			"translation": [0, 22, 0],
			"scale": [2.65, 2.65, 2.65]
		},
		"fixed": {
			"rotation": [-90, 0, 0],
			"translation": [0, 0, -9.75],
			"scale": [1.125, 1.125, 1.125]
		}
	},
	"groups": [
		{
			"name": "Hat",
			"origin": [8, 8, 8],
			"children": [
				{
					"name": "Top",
					"origin": [8.12216, 8, 7.86213],
					"children": [
						{
							"name": "ZigZag",
							"origin": [8.12216, 8, 7.86213],
							"children": [0, 1]
						},
						{
							"name": "Tail",
							"origin": [8.12216, 8, 7.86213],
							"children": [2, 3, 4]
						},
						{
							"name": "ButtonR",
							"origin": [10.37504, 4.87407, 10.84464],
							"children": [5, 6, 7, 8, 9, 10, 11, 12, 13]
						},
						{
							"name": "ButtonL",
							"origin": [5.87504, 4.87407, 10.84464],
							"children": [14, 15, 16, 17, 18, 19, 20, 21, 22]
						}, 23, 24, 25, 26, 27, 28, 29, 30, 31, 32]
				},
				{
					"name": "Bottom",
					"origin": [8.12216, 8, 7.86213],
					"children": [
						{
							"name": "Right",
							"origin": [11.56743, 0.76328, 7.99266],
							"children": [33, 34, 35, 36, 37, 38, 39, 40, 41, 42, 43, 44, 45]
						},
						{
							"name": "Left",
							"origin": [4.44243, 0.76328, 7.99266],
							"children": [46, 47, 48, 49, 50, 51, 52, 53, 54, 55, 56, 57]
						},
						{
							"name": "Center",
							"origin": [8.12216, 8, 7.86213],
							"children": [58, 59, 60, 61, 62, 63, 64, 65, 66, 67, 68]
						}
					]
				}
			]
		}
	]
}