{
	"credit": "Made with Blockbench",
	"textures": {
		"0": "hat_textures/3d_goggles",
		"particle": "hat_textures/3d_goggles"
	},
	"elements": [
		{
			"from": [9, 1, 7.275],
			"to": [11, 2, 7.275],
			"faces": {
				"north": {"uv": [0, 0, 2, 1], "texture": "#0"},
				"east": {"uv": [0, 0, 2, 1], "texture": "#0"},
				"south": {"uv": [0, 0, 2, 1], "texture": "#0"},
				"west": {"uv": [6, 0, 8, 1], "texture": "#0"},
				"up": {"uv": [0, 0, 2, 1], "texture": "#0"},
				"down": {"uv": [0, 0, 2, 1], "texture": "#0"}
			}
		},
		{
			"from": [5, 1, 7.275],
			"to": [7, 2, 7.275],
			"faces": {
				"north": {"uv": [3, 0, 5, 1], "texture": "#0"},
				"east": {"uv": [3, 0, 5, 1], "texture": "#0"},
				"south": {"uv": [3, 0, 5, 1], "texture": "#0"},
				"west": {"uv": [3, 0, 5, 1], "texture": "#0"},
				"up": {"uv": [3, 0, 5, 1], "texture": "#0"},
				"down": {"uv": [3, 0, 5, 1], "texture": "#0"}
			}
		},
		{
			"from": [9, 2, 7.25],
			"to": [12, 2.5, 7.3],
			"faces": {
				"north": {"uv": [6, 0, 9, 0.5], "texture": "#0"},
				"east": {"uv": [6, 0, 9, 0.5], "texture": "#0"},
				"south": {"uv": [6, 0, 9, 0.5], "texture": "#0"},
				"west": {"uv": [6, 0, 9, 0.5], "texture": "#0"},
				"up": {"uv": [6, 0, 9, 0.5], "texture": "#0"},
				"down": {"uv": [6, 0, 9, 0.5], "texture": "#0"}
			}
		},
		{
			"from": [9, 0.5, 7.25],
			"to": [11, 1, 7.3],
			"faces": {
				"north": {"uv": [6, 0, 8, 0.5], "texture": "#0"},
				"east": {"uv": [6, 0, 8, 0.5], "texture": "#0"},
				"south": {"uv": [6, 0, 8, 0.5], "texture": "#0"},
				"west": {"uv": [6, 0, 8, 0.5], "texture": "#0"},
				"up": {"uv": [6, 0, 8, 0.5], "texture": "#0"},
				"down": {"uv": [6, 0, 8, 0.5], "texture": "#0"}
			}
		},
		{
			"from": [5, 0.5, 7.25],
			"to": [7, 1, 7.3],
			"faces": {
				"north": {"uv": [6, 0, 8, 0.5], "texture": "#0"},
				"east": {"uv": [6, 0, 8, 0.5], "texture": "#0"},
				"south": {"uv": [6, 0, 8, 0.5], "texture": "#0"},
				"west": {"uv": [6, 0, 8, 0.5], "texture": "#0"},
				"up": {"uv": [6, 0, 8, 0.5], "texture": "#0"},
				"down": {"uv": [6, 0, 8, 0.5], "texture": "#0"}
			}
		},
		{
			"from": [11, 0.5, 7.25],
			"to": [11.5, 2, 7.3],
			"faces": {
				"north": {"uv": [6, 0, 6.5, 1.5], "texture": "#0"},
				"east": {"uv": [6, 0, 6.5, 1.5], "texture": "#0"},
				"south": {"uv": [6, 0, 6.5, 1.5], "texture": "#0"},
				"west": {"uv": [6, 0, 6.5, 1.5], "texture": "#0"},
				"up": {"uv": [6, 0, 6.5, 1.5], "texture": "#0"},
				"down": {"uv": [6, 0, 6.5, 1.5], "texture": "#0"}
			}
		},
		{
			"from": [4.5, 0.5, 7.25],
			"to": [5, 2, 7.3],
			"faces": {
				"north": {"uv": [6, 0, 6.5, 1.5], "texture": "#0"},
				"east": {"uv": [6, 0, 6.5, 1.5], "texture": "#0"},
				"south": {"uv": [6, 0, 6.5, 1.5], "texture": "#0"},
				"west": {"uv": [6, 0, 6.5, 1.5], "texture": "#0"},
				"up": {"uv": [6, 0, 6.5, 1.5], "texture": "#0"},
				"down": {"uv": [6, 0, 6.5, 1.5], "texture": "#0"}
			}
		},
		{
			"from": [8.5, 1, 7.25],
			"to": [9, 2, 7.3],
			"faces": {
				"north": {"uv": [6, 0, 6.5, 1], "texture": "#0"},
				"east": {"uv": [6, 0, 6.5, 1], "texture": "#0"},
				"south": {"uv": [6, 0, 6.5, 1], "texture": "#0"},
				"west": {"uv": [6, 0, 6.5, 1], "texture": "#0"},
				"up": {"uv": [6, 0, 6.5, 1], "texture": "#0"},
				"down": {"uv": [6, 0, 6.5, 1], "texture": "#0"}
			}
		},
		{
			"from": [7, 2, 7.25],
			"to": [9, 2.5, 7.3],
			"faces": {
				"north": {"uv": [6, 0, 8, 0.5], "texture": "#0"},
				"east": {"uv": [6, 0, 8, 0.5], "texture": "#0"},
				"south": {"uv": [6, 0, 8, 0.5], "texture": "#0"},
				"west": {"uv": [6, 0, 8, 0.5], "texture": "#0"},
				"up": {"uv": [6, 0, 8, 0.5], "texture": "#0"},
				"down": {"uv": [6, 0, 8, 0.5], "texture": "#0"}
			}
		},
		{
			"from": [7, 1, 7.25],
			"to": [7.5, 2, 7.3],
			"faces": {
				"north": {"uv": [6, 0, 6.5, 1], "texture": "#0"},
				"east": {"uv": [6, 0, 6.5, 1], "texture": "#0"},
				"south": {"uv": [6, 0, 6.5, 1], "texture": "#0"},
				"west": {"uv": [6, 0, 6.5, 1], "texture": "#0"},
				"up": {"uv": [6, 0, 6.5, 1], "texture": "#0"},
				"down": {"uv": [6, 0, 6.5, 1], "texture": "#0"}
			}
		},
		{
			"from": [4, 2, 7.25],
			"to": [7, 2.5, 7.3],
			"faces": {
				"north": {"uv": [6, 0, 9, 0.5], "texture": "#0"},
				"east": {"uv": [6, 0, 9, 0.5], "texture": "#0"},
				"south": {"uv": [6, 0, 9, 0.5], "texture": "#0"},
				"west": {"uv": [6, 0, 9, 0.5], "texture": "#0"},
				"up": {"uv": [6, 0, 9, 0.5], "texture": "#0"},
				"down": {"uv": [6, 0, 9, 0.5], "texture": "#0"}
			}
		},
		{
			"from": [4, 2.15, 7.3],
			"to": [4.05, 2.5, 10.7],
			"faces": {
				"north": {"uv": [6, 0, 6.05, 0.35], "texture": "#0"},
				"east": {"uv": [6, 0, 6.05, 0.35], "texture": "#0"},
				"south": {"uv": [6, 0, 6.05, 0.35], "texture": "#0"},
				"west": {"uv": [6, 0, 6.05, 0.35], "texture": "#0"},
				"up": {"uv": [6, 0, 6.05, 0.35], "texture": "#0"},
				"down": {"uv": [6, 0, 6.05, 0.35], "texture": "#0"}
			}
		},
		{
			"from": [11.95, 2.15, 7.3],
			"to": [12, 2.5, 10.7],
			"faces": {
				"north": {"uv": [6, 0, 6.05, 0.35], "texture": "#0"},
				"east": {"uv": [6, 0, 6.05, 0.35], "texture": "#0"},
				"south": {"uv": [6, 0, 6.05, 0.35], "texture": "#0"},
				"west": {"uv": [6, 0, 6.05, 0.35], "texture": "#0"},
				"up": {"uv": [6, 0, 6.05, 0.35], "texture": "#0"},
				"down": {"uv": [6, 0, 6.05, 0.35], "texture": "#0"}
			}
		},
		{
			"from": [4, 2.25, 10.7],
			"to": [4.05, 2.5, 12.9],
			"faces": {
				"north": {"uv": [6, 0, 6.05, 0.25], "texture": "#0"},
				"east": {"uv": [6, 0, 6.05, 0.25], "texture": "#0"},
				"south": {"uv": [6, 0, 6.05, 0.25], "texture": "#0"},
				"west": {"uv": [6, 0, 6.05, 0.25], "texture": "#0"},
				"up": {"uv": [6, 0, 6.05, 0.25], "texture": "#0"},
				"down": {"uv": [6, 0, 6.05, 0.25], "texture": "#0"}
			}
		},
		{
			"from": [11.95, 2.25, 10.7],
			"to": [12, 2.5, 12.9],
			"faces": {
				"north": {"uv": [6, 0, 6.05, 0.25], "texture": "#0"},
				"east": {"uv": [6, 0, 6.05, 0.25], "texture": "#0"},
				"south": {"uv": [6, 0, 6.05, 0.25], "texture": "#0"},
				"west": {"uv": [6, 0, 6.05, 0.25], "texture": "#0"},
				"up": {"uv": [6, 0, 6.05, 0.25], "texture": "#0"},
				"down": {"uv": [6, 0, 6.05, 0.25], "texture": "#0"}
			}
		},
		{
			"from": [11.95, 2.2, 12.9],
			"to": [12, 2.45, 13.15],
			"faces": {
				"north": {"uv": [6, 0, 6.05, 0.25], "texture": "#0"},
				"east": {"uv": [6, 0, 6.05, 0.25], "texture": "#0"},
				"south": {"uv": [6, 0, 6.05, 0.25], "texture": "#0"},
				"west": {"uv": [6, 0, 6.05, 0.25], "texture": "#0"},
				"up": {"uv": [6, 0, 6.05, 0.25], "texture": "#0"},
				"down": {"uv": [6, 0, 6.05, 0.25], "texture": "#0"}
			}
		},
		{
			"from": [11.95, 2.1, 13.15],
			"to": [12, 2.35, 13.4],
			"faces": {
				"north": {"uv": [6, 0, 6.05, 0.25], "texture": "#0"},
				"east": {"uv": [6, 0, 6.05, 0.25], "texture": "#0"},
				"south": {"uv": [6, 0, 6.05, 0.25], "texture": "#0"},
				"west": {"uv": [6, 0, 6.05, 0.25], "texture": "#0"},
				"up": {"uv": [6, 0, 6.05, 0.25], "texture": "#0"},
				"down": {"uv": [6, 0, 6.05, 0.25], "texture": "#0"}
			}
		},
		{
			"from": [11.95, 1.7, 13.3],
			"to": [12, 2.1, 13.55],
			"faces": {
				"north": {"uv": [6, 0, 6.05, 0.4], "texture": "#0"},
				"east": {"uv": [6, 0, 6.05, 0.4], "texture": "#0"},
				"south": {"uv": [6, 0, 6.05, 0.4], "texture": "#0"},
				"west": {"uv": [6, 0, 6.05, 0.4], "texture": "#0"},
				"up": {"uv": [6, 0, 6.05, 0.4], "texture": "#0"},
				"down": {"uv": [6, 0, 6.05, 0.4], "texture": "#0"}
			}
		},
		{
			"from": [4, 2.2, 12.9],
			"to": [4.05, 2.45, 13.15],
			"faces": {
				"north": {"uv": [6, 0, 6.05, 0.25], "texture": "#0"},
				"east": {"uv": [6, 0, 6.05, 0.25], "texture": "#0"},
				"south": {"uv": [6, 0, 6.05, 0.25], "texture": "#0"},
				"west": {"uv": [6, 0, 6.05, 0.25], "texture": "#0"},
				"up": {"uv": [6, 0, 6.05, 0.25], "texture": "#0"},
				"down": {"uv": [6, 0, 6.05, 0.25], "texture": "#0"}
			}
		},
		{
			"from": [4, 2.1, 13.15],
			"to": [4.05, 2.35, 13.4],
			"faces": {
				"north": {"uv": [6, 0, 6.05, 0.25], "texture": "#0"},
				"east": {"uv": [6, 0, 6.05, 0.25], "texture": "#0"},
				"south": {"uv": [6, 0, 6.05, 0.25], "texture": "#0"},
				"west": {"uv": [6, 0, 6.05, 0.25], "texture": "#0"},
				"up": {"uv": [6, 0, 6.05, 0.25], "texture": "#0"},
				"down": {"uv": [6, 0, 6.05, 0.25], "texture": "#0"}
			}
		},
		{
			"from": [4, 1.7, 13.3],
			"to": [4.05, 2.1, 13.55],
			"faces": {
				"north": {"uv": [6, 0, 6.05, 0.4], "texture": "#0"},
				"east": {"uv": [6, 0, 6.05, 0.4], "texture": "#0"},
				"south": {"uv": [6, 0, 6.05, 0.4], "texture": "#0"},
				"west": {"uv": [6, 0, 6.05, 0.4], "texture": "#0"},
				"up": {"uv": [6, 0, 6.05, 0.4], "texture": "#0"},
				"down": {"uv": [6, 0, 6.05, 0.4], "texture": "#0"}
			}
		}
	],
	"display": {
		"thirdperson_righthand": {
			"rotation": [90, 0, 90],
			"translation": [-6.25, 0.5, -3.25]
		},
		"thirdperson_lefthand": {
			"rotation": [90, 0, 90],
			"translation": [-6.25, 0.5, -3.25]
		},
		"firstperson_righthand": {
			"translation": [0.75, 7.5, 0]
		},
		"firstperson_lefthand": {
			"translation": [0.75, 7.5, 0]
		},
		"ground": {
			"translation": [0, 10.75, -5],
			"scale": [1.8, 1.8, 1.8]
		},
		"gui": {
			"rotation": [8, 165, 0],
			"translation": [-0.75, 12.5, 0],
			"scale": [2.1, 2.1, 2.1]
		},
		"head": {
			"translation": [0, 9.75, -6.25],
			"scale": [1.75, 1.75, 1.75]
		},
		"fixed": {
			"translation": [0, 14.75, 0],
			"scale": [2.35, 2.35, 2.35]
		}
	}
}