{
	"credit": "Made with Blockbench",
	"textures": {
		"0": "hat_textures/be_toupie",
		"particle": "hat_textures/be_toupie"
	},
	"elements": [
		{
			"from": [6.5, 0.5, 5],
			"to": [9.5, 1, 7],
			"faces": {
				"north": {"uv": [0, 0, 3, 0.5], "texture": "#0"},
				"east": {"uv": [0, 0, 3, 0.5], "texture": "#0"},
				"south": {"uv": [0, 0, 3, 0.5], "texture": "#0"},
				"west": {"uv": [0, 0, 3, 0.5], "texture": "#0"},
				"up": {"uv": [6, 0, 13, 9.5], "texture": "#0"},
				"down": {"uv": [0, 0, 3, 0.5], "texture": "#0"}
			}
		},
		{
			"from": [7, 0.1, 5.5],
			"to": [9, 0.5, 7],
			"faces": {
				"north": {"uv": [3, 0, 5.5, 0.4], "texture": "#0"},
				"east": {"uv": [3, 0, 5.5, 0.4], "texture": "#0"},
				"south": {"uv": [3, 0, 5.5, 0.4], "texture": "#0"},
				"west": {"uv": [3, 0, 5.5, 0.4], "texture": "#0"},
				"up": {"uv": [3, 0, 5.5, 0.4], "texture": "#0"},
				"down": {"uv": [3, 0, 5.5, 0.4], "texture": "#0"}
			}
		},
		{
			"from": [9, 0.75, 6.85],
			"to": [10.5, 0.9, 7],
			"faces": {
				"north": {"uv": [0, 4, 1.5, 4.15], "texture": "#0"},
				"east": {"uv": [0, 4, 1.5, 4.15], "texture": "#0"},
				"south": {"uv": [0, 4, 1.5, 4.15], "texture": "#0"},
				"west": {"uv": [0, 4, 1.5, 4.15], "texture": "#0"},
				"up": {"uv": [0.5, 4.75, 1, 4.4], "texture": "#0"},
				"down": {"uv": [0, 4, 1.5, 4.15], "texture": "#0"}
			}
		},
		{
			"from": [5.5, 0.75, 6.85],
			"to": [7, 0.9, 7],
			"faces": {
				"north": {"uv": [0, 4, 1.5, 4.15], "texture": "#0"},
				"east": {"uv": [0, 4, 1.5, 4.15], "texture": "#0"},
				"south": {"uv": [0, 4, 1.5, 4.15], "texture": "#0"},
				"west": {"uv": [0, 4, 1.5, 4.15], "texture": "#0"},
				"up": {"uv": [0.5, 4.75, 1, 4.4], "texture": "#0"},
				"down": {"uv": [0, 4, 1.5, 4.15], "texture": "#0"}
			}
		},
		{
			"from": [10.35, 0.75, 7],
			"to": [10.5, 0.9, 11.5],
			"rotation": {"angle": 0, "axis": "y", "origin": [9.75, 0.825, 6.875]},
			"faces": {
				"north": {"uv": [0, 4, 4.5, 4.15], "rotation": 90, "texture": "#0"},
				"east": {"uv": [0, 4, 4.5, 4.15], "rotation": 90, "texture": "#0"},
				"south": {"uv": [0, 4, 4.5, 4.15], "rotation": 90, "texture": "#0"},
				"west": {"uv": [0, 4, 4.5, 4.15], "rotation": 90, "texture": "#0"},
				"up": {"uv": [0.5, 4.75, 4, 4.4], "rotation": 90, "texture": "#0"},
				"down": {"uv": [0, 4, 4.5, 4.15], "rotation": 90, "texture": "#0"}
			}
		},
		{
			"from": [5.5, 0.75, 7],
			"to": [5.65, 0.9, 11.5],
			"rotation": {"angle": 0, "axis": "y", "origin": [9.75, 0.825, 6.875]},
			"faces": {
				"north": {"uv": [0, 4.25, 4.5, 4.4], "rotation": 90, "texture": "#0"},
				"east": {"uv": [0.5, 4.5, 4.5, 4.65], "rotation": 90, "texture": "#0"},
				"south": {"uv": [0, 4.25, 4.5, 4.4], "rotation": 90, "texture": "#0"},
				"west": {"uv": [0, 4.5, 4.5, 4.65], "rotation": 90, "texture": "#0"},
				"up": {"uv": [0.5, 4.75, 4, 4.4], "rotation": 90, "texture": "#0"},
				"down": {"uv": [0, 4.25, 4.5, 4.4], "rotation": 90, "texture": "#0"}
			}
		},
		{
			"from": [5.5, 0.75, 11.5],
			"to": [10.5, 0.9, 11.65],
			"rotation": {"angle": 0, "axis": "y", "origin": [10.375, 0.825, 9.25]},
			"faces": {
				"north": {"uv": [0, 4, 5, 4.15], "texture": "#0"},
				"east": {"uv": [0, 4, 5, 4.15], "texture": "#0"},
				"south": {"uv": [0, 4, 5, 4.15], "texture": "#0"},
				"west": {"uv": [0, 4, 5, 4.15], "texture": "#0"},
				"up": {"uv": [0.5, 4.75, 4.5, 4.4], "texture": "#0"},
				"down": {"uv": [0, 4, 5, 4.15], "texture": "#0"}
			}
		}
	],
	"display": {
		"thirdperson_righthand": {
			"rotation": [0, 0, -90],
			"translation": [12.5, -2, -5.5],
			"scale": [1.75, 1.75, 1.75]
		},
		"thirdperson_lefthand": {
			"rotation": [0, 0, -90],
			"translation": [12.5, -2, -5.5],
			"scale": [1.75, 1.75, 1.75]
		},
		"firstperson_righthand": {
			"translation": [7.25, 11.5, -2.25],
			"scale": [1.85, 1.85, 1.85]
		},
		"firstperson_lefthand": {
			"translation": [7.25, 11.5, -2.25],
			"scale": [1.85, 1.85, 1.85]
		},
		"ground": {
			"translation": [0, 19.25, 0],
			"scale": [2.85, 2.85, 2.85]
		},
		"gui": {
			"rotation": [0, 144, 0],
			"translation": [-0.5, 28.25, 0],
			"scale": [4, 4, 0.7]
		},
		"head": {
			"translation": [0, 16.75, -3.5],
			"scale": [2.72, 2.8, 2.8]
		},
		"fixed": {
			"translation": [0, 25.5, 4],
			"scale": [4, 4, 4]
		}
	}
}