{
	"credit": "Made with Blockbench",
	"textures": {
		"2": "hat_textures/monocle",
		"particle": "hat_textures/monocle"
	},
	"elements": [
		{
			"from": [4.65, 5.65, 3],
			"to": [6.35, 7.35, 3.1],
			"faces": {
				"north": {"uv": [0, 0, 1.7, 1.7], "texture": "#2"},
				"east": {"uv": [0, 0, 1.7, 1.7], "texture": "#2"},
				"south": {"uv": [0, 0, 1.7, 1.7], "texture": "#2"},
				"west": {"uv": [0, 0, 1.7, 1.7], "texture": "#2"},
				"up": {"uv": [0, 0, 1.7, 1.7], "texture": "#2"},
				"down": {"uv": [0, 0, 1.7, 1.7], "texture": "#2"}
			}
		},
		{
			"from": [4.3, 5.6, 2.9],
			"to": [4.7, 7.4, 3.2],
			"faces": {
				"north": {"uv": [2, 0, 2.3, 2], "texture": "#2"},
				"east": {"uv": [2, 0, 2.3, 2], "texture": "#2"},
				"south": {"uv": [2, 0, 2.3, 2], "texture": "#2"},
				"west": {"uv": [2, 0, 2.3, 2], "texture": "#2"},
				"up": {"uv": [2, 0, 2.3, 2], "texture": "#2"},
				"down": {"uv": [2, 0, 2.3, 2], "texture": "#2"}
			}
		},
		{
			"from": [6.3, 5.6, 2.9],
			"to": [6.7, 7.4, 3.2],
			"faces": {
				"north": {"uv": [2, 0, 2.3, 2], "texture": "#2"},
				"east": {"uv": [2, 0, 2.3, 2], "texture": "#2"},
				"south": {"uv": [2, 0, 2.3, 2], "texture": "#2"},
				"west": {"uv": [2, 0, 2.3, 2], "texture": "#2"},
				"up": {"uv": [2, 0, 2.3, 2], "texture": "#2"},
				"down": {"uv": [2, 0, 2.3, 2], "texture": "#2"}
			}
		},
		{
			"from": [4.6, 5.3, 2.9],
			"to": [6.4, 5.7, 3.2],
			"faces": {
				"north": {"uv": [2, 0, 2.3, 2], "rotation": 90, "texture": "#2"},
				"east": {"uv": [2, 0, 2.3, 2], "rotation": 90, "texture": "#2"},
				"south": {"uv": [2, 0, 2.3, 2], "rotation": 90, "texture": "#2"},
				"west": {"uv": [2, 0, 2.3, 2], "rotation": 90, "texture": "#2"},
				"up": {"uv": [2, 0, 2.3, 2], "rotation": 90, "texture": "#2"},
				"down": {"uv": [2, 0, 2.3, 2], "rotation": 90, "texture": "#2"}
			}
		},
		{
			"from": [4.6, 7.3, 2.9],
			"to": [6.4, 7.7, 3.2],
			"faces": {
				"north": {"uv": [2, 0, 2.3, 2], "rotation": 90, "texture": "#2"},
				"east": {"uv": [2, 0, 2.3, 2], "rotation": 90, "texture": "#2"},
				"south": {"uv": [2, 0, 2.3, 2], "rotation": 90, "texture": "#2"},
				"west": {"uv": [2, 0, 2.3, 2], "rotation": 90, "texture": "#2"},
				"up": {"uv": [2, 0, 2.3, 2], "rotation": 90, "texture": "#2"},
				"down": {"uv": [2, 0, 2.3, 2], "rotation": 90, "texture": "#2"}
			}
		},
		{
			"from": [3.7, 5.7, 3],
			"to": [4.4, 5.9, 3.1],
			"faces": {
				"north": {"uv": [3, 0, 3.2, 0.7], "rotation": 90, "texture": "#2"},
				"east": {"uv": [3, 0, 3.2, 0.7], "rotation": 90, "texture": "#2"},
				"south": {"uv": [3, 0, 3.2, 0.7], "rotation": 90, "texture": "#2"},
				"west": {"uv": [3, 0, 3.2, 0.7], "rotation": 90, "texture": "#2"},
				"up": {"uv": [3, 0, 3.2, 0.7], "rotation": 90, "texture": "#2"},
				"down": {"uv": [3, 0, 3.2, 0.7], "rotation": 90, "texture": "#2"}
			}
		},
		{
			"from": [3, 5.5, 3],
			"to": [3.7, 5.7, 3.1],
			"faces": {
				"north": {"uv": [3, 1, 3.2, 1.7], "rotation": 90, "texture": "#2"},
				"east": {"uv": [3, 1, 3.2, 1.7], "rotation": 90, "texture": "#2"},
				"south": {"uv": [3, 1, 3.2, 1.7], "rotation": 90, "texture": "#2"},
				"west": {"uv": [3, 1, 3.2, 1.7], "rotation": 90, "texture": "#2"},
				"up": {"uv": [3, 1, 3.2, 1.7], "rotation": 90, "texture": "#2"},
				"down": {"uv": [3, 1, 3.2, 1.7], "rotation": 90, "texture": "#2"}
			}
		},
		{
			"from": [2.8, 5.1, 3],
			"to": [3, 5.5, 3.1],
			"faces": {
				"north": {"uv": [3, 0, 3.2, 0.7], "rotation": 90, "texture": "#2"},
				"east": {"uv": [3, 0, 3.2, 0.7], "rotation": 90, "texture": "#2"},
				"south": {"uv": [3, 0, 3.2, 0.7], "rotation": 90, "texture": "#2"},
				"west": {"uv": [3, 0, 3.2, 0.7], "rotation": 90, "texture": "#2"},
				"up": {"uv": [3, 0, 3.2, 0.7], "rotation": 90, "texture": "#2"},
				"down": {"uv": [3, 0, 3.2, 0.7], "rotation": 90, "texture": "#2"}
			}
		},
		{
			"from": [2.6, 4.1, 3],
			"to": [2.8, 5.1, 3.1],
			"faces": {
				"north": {"uv": [3, 1, 3.2, 1.7], "rotation": 90, "texture": "#2"},
				"east": {"uv": [3, 1, 3.2, 1.7], "rotation": 90, "texture": "#2"},
				"south": {"uv": [3, 1, 3.2, 1.7], "rotation": 90, "texture": "#2"},
				"west": {"uv": [3, 1, 3.2, 1.7], "rotation": 90, "texture": "#2"},
				"up": {"uv": [3, 1, 3.2, 1.7], "rotation": 90, "texture": "#2"},
				"down": {"uv": [3, 1, 3.2, 1.7], "rotation": 90, "texture": "#2"}
			}
		},
		{
			"from": [2.4, 0.8, 3],
			"to": [2.6, 4.1, 3.1],
			"faces": {
				"north": {"uv": [3, 0, 3.2, 0.7], "rotation": 90, "texture": "#2"},
				"east": {"uv": [3, 0, 3.2, 0.7], "rotation": 90, "texture": "#2"},
				"south": {"uv": [3, 0, 3.2, 0.7], "rotation": 90, "texture": "#2"},
				"west": {"uv": [3, 0, 3.2, 0.7], "rotation": 90, "texture": "#2"},
				"up": {"uv": [3, 0, 3.2, 0.7], "rotation": 90, "texture": "#2"},
				"down": {"uv": [3, 0, 3.2, 0.7], "rotation": 90, "texture": "#2"}
			}
		},
		{
			"from": [2.4, 0.8, 3.1],
			"to": [2.6, 0.9, 6.4],
			"faces": {
				"north": {"uv": [3, 1, 3.2, 1.7], "rotation": 270, "texture": "#2"},
				"east": {"uv": [3, 1, 3.2, 1.7], "rotation": 270, "texture": "#2"},
				"south": {"uv": [3, 1, 3.2, 1.7], "rotation": 270, "texture": "#2"},
				"west": {"uv": [3, 1, 3.2, 1.7], "rotation": 270, "texture": "#2"},
				"up": {"uv": [3, 1, 3.2, 1.7], "rotation": 270, "texture": "#2"},
				"down": {"uv": [3, 1, 3.2, 1.7], "rotation": 270, "texture": "#2"}
			}
		}
	],
	"display": {
		"thirdperson_righthand": {
			"rotation": [0, 90, 0],
			"translation": [2.75, 4, -3.75],
			"scale": [0.8, 0.8, 0.8]
		},
		"thirdperson_lefthand": {
			"rotation": [0, -90, 0],
			"translation": [2.75, 4, -3.75],
			"scale": [0.8, 0.8, -0.8]
		},
		"firstperson_righthand": {
			"translation": [0.25, 3, 4.25],
			"scale": [-1.5, 1.5, 1.5]
		},
		"firstperson_lefthand": {
			"translation": [0.25, 3, 4.25],
			"scale": [1.5, 1.5, 1.5]
		},
		"ground": {
			"rotation": [90, 0, 0],
			"translation": [2.25, -8.5, 2.25]
		},
		"gui": {
			"translation": [8.5, 6.75, 0],
			"scale": [2.85, 2.85, 1]
		},
		"head": {
			"translation": [0, 0.75, -2.5]
		},
		"fixed": {
			"rotation": [0, 0, -180],
			"translation": [-5.75, -7.25, 5],
			"scale": [2.25, 2.25, 1]
		}
	}
}