{
	"credit": "Made with Blockbench",
	"textures": {
		"1": "hat_textures/mrsirman_hat",
		"particle": "hat_textures/mrsirman_hat"
	},
	"elements": [
		{
			"from": [1, 0, 2],
			"to": [2, 0.25, 14],
			"faces": {
				"north": {"uv": [0, 14, 12, 15], "texture": "#1"},
				"east": {"uv": [0, 14, 12, 15], "texture": "#1"},
				"south": {"uv": [0, 14, 12, 15], "texture": "#1"},
				"west": {"uv": [0, 14, 12, 15], "texture": "#1"},
				"up": {"uv": [0, 14, 12, 15], "texture": "#1"},
				"down": {"uv": [0, 14, 12, 15], "texture": "#1"}
			}
		},
		{
			"from": [2, 0, 14],
			"to": [14, 0.25, 15],
			"faces": {
				"north": {"uv": [0, 14, 12, 15], "texture": "#1"},
				"east": {"uv": [0, 14, 12, 15], "texture": "#1"},
				"south": {"uv": [0, 14, 12, 15], "texture": "#1"},
				"west": {"uv": [0, 14, 12, 15], "texture": "#1"},
				"up": {"uv": [0, 14, 12, 15], "texture": "#1"},
				"down": {"uv": [0, 14, 12, 15], "texture": "#1"}
			}
		},
		{
			"from": [14, 0, 2],
			"to": [15, 0.25, 14],
			"faces": {
				"north": {"uv": [0, 14, 12, 15], "texture": "#1"},
				"east": {"uv": [0, 14, 12, 15], "texture": "#1"},
				"south": {"uv": [0, 14, 12, 15], "texture": "#1"},
				"west": {"uv": [0, 14, 12, 15], "texture": "#1"},
				"up": {"uv": [0, 14, 12, 15], "texture": "#1"},
				"down": {"uv": [0, 14, 12, 15], "texture": "#1"}
			}
		},
		{
			"from": [2, 0, 1],
			"to": [14, 0.25, 2],
			"faces": {
				"north": {"uv": [0, 14, 12, 15], "texture": "#1"},
				"east": {"uv": [0, 14, 12, 15], "texture": "#1"},
				"south": {"uv": [0, 14, 12, 15], "texture": "#1"},
				"west": {"uv": [0, 14, 12, 15], "texture": "#1"},
				"up": {"uv": [0, 14, 12, 15], "texture": "#1"},
				"down": {"uv": [0, 14, 12, 15], "texture": "#1"}
			}
		},
		{
			"from": [3, 0, 2],
			"to": [13, 3.5, 3],
			"faces": {
				"north": {"uv": [0, 10, 10, 13.5], "texture": "#1"},
				"east": {"uv": [0, 10, 10, 10.5], "texture": "#1"},
				"south": {"uv": [0, 10, 10, 10.5], "texture": "#1"},
				"west": {"uv": [0, 10, 10, 10.5], "texture": "#1"},
				"up": {"uv": [0, 10, 10, 10.5], "texture": "#1"},
				"down": {"uv": [0, 10, 10, 10.5], "texture": "#1"}
			}
		},
		{
			"from": [2, 0, 3],
			"to": [3, 3.5, 13],
			"faces": {
				"north": {"uv": [0, 10, 10, 10.5], "texture": "#1"},
				"east": {"uv": [0, 10, 10, 13.5], "texture": "#1"},
				"south": {"uv": [0, 10, 10, 10.5], "texture": "#1"},
				"west": {"uv": [0, 10, 10, 13.5], "texture": "#1"},
				"up": {"uv": [0, 10, 10, 10.5], "texture": "#1"},
				"down": {"uv": [0, 10, 10, 10.5], "texture": "#1"}
			}
		},
		{
			"from": [3, 0, 13],
			"to": [13, 3.5, 14],
			"faces": {
				"north": {"uv": [0, 10, 10, 13.5], "texture": "#1"},
				"east": {"uv": [0, 10, 10, 10.5], "texture": "#1"},
				"south": {"uv": [0, 10, 10, 13.5], "texture": "#1"},
				"west": {"uv": [0, 10, 10, 10.5], "texture": "#1"},
				"up": {"uv": [0, 10, 10, 10.5], "texture": "#1"},
				"down": {"uv": [0, 10, 10, 10.5], "texture": "#1"}
			}
		},
		{
			"from": [13, 0, 3],
			"to": [14, 3.5, 13],
			"faces": {
				"north": {"uv": [0, 10, 10, 10.5], "texture": "#1"},
				"east": {"uv": [0, 10, 10, 13.5], "texture": "#1"},
				"south": {"uv": [0, 10, 10, 10.5], "texture": "#1"},
				"west": {"uv": [0, 10, 10, 13.5], "texture": "#1"},
				"up": {"uv": [0, 10, 10, 10.5], "texture": "#1"},
				"down": {"uv": [0, 10, 10, 10.5], "texture": "#1"}
			}
		},
		{
			"from": [2, 0, 13],
			"to": [3, 2.75, 14],
			"faces": {
				"north": {"uv": [0, 0, 1, 2.75], "texture": "#1"},
				"east": {"uv": [0, 0, 1, 2.75], "texture": "#1"},
				"south": {"uv": [0, 0, 1, 2.75], "texture": "#1"},
				"west": {"uv": [0, 0, 1, 2.75], "texture": "#1"},
				"up": {"uv": [0, 0, 1, 2.75], "texture": "#1"},
				"down": {"uv": [0, 0, 1, 2.75], "texture": "#1"}
			}
		},
		{
			"from": [13, 0, 13],
			"to": [14, 2.75, 14],
			"faces": {
				"north": {"uv": [0, 0, 1, 2.75], "texture": "#1"},
				"east": {"uv": [0, 0, 1, 2.75], "texture": "#1"},
				"south": {"uv": [0, 0, 1, 2.75], "texture": "#1"},
				"west": {"uv": [0, 0, 1, 2.75], "texture": "#1"},
				"up": {"uv": [0, 0, 1, 2.75], "texture": "#1"},
				"down": {"uv": [0, 0, 1, 2.75], "texture": "#1"}
			}
		},
		{
			"from": [13, 0, 2],
			"to": [14, 2.75, 3],
			"faces": {
				"north": {"uv": [0, 0, 1, 2.75], "texture": "#1"},
				"east": {"uv": [0, 0, 1, 2.75], "texture": "#1"},
				"south": {"uv": [0, 0, 1, 2.75], "texture": "#1"},
				"west": {"uv": [0, 0, 1, 2.75], "texture": "#1"},
				"up": {"uv": [0, 0, 1, 2.75], "texture": "#1"},
				"down": {"uv": [0, 0, 1, 2.75], "texture": "#1"}
			}
		},
		{
			"from": [2, 0, 2],
			"to": [3, 2.75, 3],
			"faces": {
				"north": {"uv": [0, 0, 1, 2.75], "texture": "#1"},
				"east": {"uv": [0, 0, 1, 2.75], "texture": "#1"},
				"south": {"uv": [0, 0, 1, 2.75], "texture": "#1"},
				"west": {"uv": [0, 0, 1, 2.75], "texture": "#1"},
				"up": {"uv": [0, 0, 1, 2.75], "texture": "#1"},
				"down": {"uv": [0, 0, 1, 2.75], "texture": "#1"}
			}
		},
		{
			"from": [3, 3, 3],
			"to": [4, 4, 4],
			"faces": {
				"north": {"uv": [0, 8, 1, 9], "texture": "#1"},
				"east": {"uv": [0, 8, 1, 9], "texture": "#1"},
				"south": {"uv": [0, 8, 1, 9], "texture": "#1"},
				"west": {"uv": [0, 8, 1, 9], "texture": "#1"},
				"up": {"uv": [0, 8, 1, 9], "texture": "#1"},
				"down": {"uv": [0, 8, 1, 9], "texture": "#1"}
			}
		},
		{
			"from": [3, 3, 12],
			"to": [4, 4, 13],
			"faces": {
				"north": {"uv": [0, 8, 1, 9], "texture": "#1"},
				"east": {"uv": [0, 8, 1, 9], "texture": "#1"},
				"south": {"uv": [0, 8, 1, 9], "texture": "#1"},
				"west": {"uv": [0, 8, 1, 9], "texture": "#1"},
				"up": {"uv": [0, 8, 1, 9], "texture": "#1"},
				"down": {"uv": [0, 8, 1, 9], "texture": "#1"}
			}
		},
		{
			"from": [12, 3, 12],
			"to": [13, 4, 13],
			"faces": {
				"north": {"uv": [0, 8, 1, 9], "texture": "#1"},
				"east": {"uv": [0, 8, 1, 9], "texture": "#1"},
				"south": {"uv": [0, 8, 1, 9], "texture": "#1"},
				"west": {"uv": [0, 8, 1, 9], "texture": "#1"},
				"up": {"uv": [0, 8, 1, 9], "texture": "#1"},
				"down": {"uv": [0, 8, 1, 9], "texture": "#1"}
			}
		},
		{
			"from": [12, 3, 3],
			"to": [13, 4, 4],
			"faces": {
				"north": {"uv": [0, 8, 1, 9], "texture": "#1"},
				"east": {"uv": [0, 8, 1, 9], "texture": "#1"},
				"south": {"uv": [0, 8, 1, 9], "texture": "#1"},
				"west": {"uv": [0, 8, 1, 9], "texture": "#1"},
				"up": {"uv": [0, 8, 1, 9], "texture": "#1"},
				"down": {"uv": [0, 8, 1, 9], "texture": "#1"}
			}
		},
		{
			"from": [4, 4.5, 4],
			"to": [12, 5.5, 12],
			"faces": {
				"north": {"uv": [0, 0, 8, 1], "texture": "#1"},
				"east": {"uv": [0, 0, 8, 1], "texture": "#1"},
				"south": {"uv": [0, 0, 8, 1], "texture": "#1"},
				"west": {"uv": [0, 0, 8, 1], "texture": "#1"},
				"up": {"uv": [0, 0, 8, 8], "texture": "#1"},
				"down": {"uv": [8, 0, 16, 8], "texture": "#1"}
			}
		},
		{
			"from": [4, 3, 3],
			"to": [12, 5, 4],
			"faces": {
				"north": {"uv": [0, 8, 8, 10], "texture": "#1"},
				"east": {"uv": [0, 8, 1, 10], "texture": "#1"},
				"south": {"uv": [0, 8, 8, 10], "texture": "#1"},
				"west": {"uv": [0, 8, 1, 10], "texture": "#1"},
				"up": {"uv": [0, 8, 8, 9], "texture": "#1"},
				"down": {"uv": [0, 8, 8, 9], "texture": "#1"}
			}
		},
		{
			"from": [4, 3, 12],
			"to": [12, 5, 13],
			"faces": {
				"north": {"uv": [0, 8, 8, 10], "texture": "#1"},
				"east": {"uv": [0, 7, 8, 9], "texture": "#1"},
				"south": {"uv": [0, 8, 8, 10], "texture": "#1"},
				"west": {"uv": [0, 7, 8, 9], "texture": "#1"},
				"up": {"uv": [0, 7, 8, 9], "texture": "#1"},
				"down": {"uv": [0, 7, 8, 9], "texture": "#1"}
			}
		},
		{
			"from": [12, 3, 4],
			"to": [13, 5, 12],
			"faces": {
				"north": {"uv": [0, 8, 1, 10], "texture": "#1"},
				"east": {"uv": [0, 8, 8, 10], "texture": "#1"},
				"south": {"uv": [0, 8, 1, 10], "texture": "#1"},
				"west": {"uv": [0, 8, 8, 10], "texture": "#1"},
				"up": {"uv": [0, 8, 8, 9], "rotation": 270, "texture": "#1"},
				"down": {"uv": [0, 8, 8, 9], "rotation": 90, "texture": "#1"}
			}
		},
		{
			"from": [3, 3, 4],
			"to": [4, 5, 12],
			"faces": {
				"north": {"uv": [0, 8, 1, 10], "texture": "#1"},
				"east": {"uv": [0, 8, 8, 10], "texture": "#1"},
				"south": {"uv": [0, 8, 1, 10], "texture": "#1"},
				"west": {"uv": [0, 8, 8, 10], "texture": "#1"},
				"up": {"uv": [0, 8, 8, 9], "rotation": 270, "texture": "#1"},
				"down": {"uv": [0, 8, 8, 9], "rotation": 90, "texture": "#1"}
			}
		},
		{
			"from": [1.5, 0.25, 1],
			"to": [2, 0.75, 1.5],
			"faces": {
				"north": {"uv": [0, 0, 0.5, 0.5], "texture": "#1"},
				"east": {"uv": [0, 0, 0.5, 0.5], "texture": "#1"},
				"south": {"uv": [0, 0, 0.5, 0.5], "texture": "#1"},
				"west": {"uv": [0, 0, 0.5, 0.5], "texture": "#1"},
				"up": {"uv": [0, 0, 0.5, 0.5], "texture": "#1"},
				"down": {"uv": [0, 0, 0.5, 0.5], "texture": "#1"}
			}
		},
		{
			"from": [1, 0.25, 1.5],
			"to": [1.5, 0.75, 2],
			"faces": {
				"north": {"uv": [0, 0, 0.5, 0.5], "texture": "#1"},
				"east": {"uv": [0, 0, 0.5, 0.5], "texture": "#1"},
				"south": {"uv": [0, 0, 0.5, 0.5], "texture": "#1"},
				"west": {"uv": [0, 0, 0.5, 0.5], "texture": "#1"},
				"up": {"uv": [0, 0, 0.5, 0.5], "texture": "#1"},
				"down": {"uv": [0, 0, 0.5, 0.5], "texture": "#1"}
			}
		},
		{
			"from": [0.5, 0.25, 2],
			"to": [1, 0.75, 14],
			"faces": {
				"north": {"uv": [0, 0, 12, 0.5], "texture": "#1"},
				"east": {"uv": [0, 0, 12, 0.5], "texture": "#1"},
				"south": {"uv": [0, 0, 12, 0.5], "texture": "#1"},
				"west": {"uv": [0, 0, 12, 0.5], "texture": "#1"},
				"up": {"uv": [0, 0, 12, 0.5], "texture": "#1"},
				"down": {"uv": [0, 0, 12, 0.5], "texture": "#1"}
			}
		},
		{
			"from": [1, 0.25, 14],
			"to": [1.5, 0.75, 14.5],
			"faces": {
				"north": {"uv": [0, 0, 0.5, 0.5], "texture": "#1"},
				"east": {"uv": [0, 0, 0.5, 0.5], "texture": "#1"},
				"south": {"uv": [0, 0, 0.5, 0.5], "texture": "#1"},
				"west": {"uv": [0, 0, 0.5, 0.5], "texture": "#1"},
				"up": {"uv": [0, 0, 0.5, 0.5], "texture": "#1"},
				"down": {"uv": [0, 0, 0.5, 0.5], "texture": "#1"}
			}
		},
		{
			"from": [1.5, 0.25, 14.5],
			"to": [2, 0.75, 15],
			"faces": {
				"north": {"uv": [0, 0, 0.5, 0.5], "texture": "#1"},
				"east": {"uv": [0, 0, 0.5, 0.5], "texture": "#1"},
				"south": {"uv": [0, 0, 0.5, 0.5], "texture": "#1"},
				"west": {"uv": [0, 0, 0.5, 0.5], "texture": "#1"},
				"up": {"uv": [0, 0, 0.5, 0.5], "texture": "#1"},
				"down": {"uv": [0, 0, 0.5, 0.5], "texture": "#1"}
			}
		},
		{
			"from": [2, 0.25, 15],
			"to": [14, 0.75, 15.5],
			"faces": {
				"north": {"uv": [0, 0, 12, 0.5], "texture": "#1"},
				"east": {"uv": [0, 0, 12, 0.5], "texture": "#1"},
				"south": {"uv": [0, 0, 12, 0.5], "texture": "#1"},
				"west": {"uv": [0, 0, 12, 0.5], "texture": "#1"},
				"up": {"uv": [0, 0, 12, 0.5], "texture": "#1"},
				"down": {"uv": [0, 0, 12, 0.5], "texture": "#1"}
			}
		},
		{
			"from": [14, 0.25, 14.5],
			"to": [14.5, 0.75, 15],
			"faces": {
				"north": {"uv": [0, 0, 0.5, 0.5], "texture": "#1"},
				"east": {"uv": [0, 0, 0.5, 0.5], "texture": "#1"},
				"south": {"uv": [0, 0, 0.5, 0.5], "texture": "#1"},
				"west": {"uv": [0, 0, 0.5, 0.5], "texture": "#1"},
				"up": {"uv": [0, 0, 0.5, 0.5], "texture": "#1"},
				"down": {"uv": [0, 0, 0.5, 0.5], "texture": "#1"}
			}
		},
		{
			"from": [14.5, 0.25, 14],
			"to": [15, 0.75, 14.5],
			"faces": {
				"north": {"uv": [0, 0, 0.5, 0.5], "texture": "#1"},
				"east": {"uv": [0, 0, 0.5, 0.5], "texture": "#1"},
				"south": {"uv": [0, 0, 0.5, 0.5], "texture": "#1"},
				"west": {"uv": [0, 0, 0.5, 0.5], "texture": "#1"},
				"up": {"uv": [0, 0, 0.5, 0.5], "texture": "#1"},
				"down": {"uv": [0, 0, 0.5, 0.5], "texture": "#1"}
			}
		},
		{
			"from": [15, 0.25, 2],
			"to": [15.5, 0.75, 14],
			"faces": {
				"north": {"uv": [0, 0, 12, 0.5], "texture": "#1"},
				"east": {"uv": [0, 0, 12, 0.5], "texture": "#1"},
				"south": {"uv": [0, 0, 12, 0.5], "texture": "#1"},
				"west": {"uv": [0, 0, 12, 0.5], "texture": "#1"},
				"up": {"uv": [0, 0, 12, 0.5], "texture": "#1"},
				"down": {"uv": [0, 0, 12, 0.5], "texture": "#1"}
			}
		},
		{
			"from": [14.5, 0.25, 1.5],
			"to": [15, 0.75, 2],
			"faces": {
				"north": {"uv": [0, 0, 0.5, 0.5], "texture": "#1"},
				"east": {"uv": [0, 0, 0.5, 0.5], "texture": "#1"},
				"south": {"uv": [0, 0, 0.5, 0.5], "texture": "#1"},
				"west": {"uv": [0, 0, 0.5, 0.5], "texture": "#1"},
				"up": {"uv": [0, 0, 0.5, 0.5], "texture": "#1"},
				"down": {"uv": [0, 0, 0.5, 0.5], "texture": "#1"}
			}
		},
		{
			"from": [14, 0.25, 1],
			"to": [14.5, 0.75, 1.5],
			"faces": {
				"north": {"uv": [0, 0, 0.5, 0.5], "texture": "#1"},
				"east": {"uv": [0, 0, 0.5, 0.5], "texture": "#1"},
				"south": {"uv": [0, 0, 0.5, 0.5], "texture": "#1"},
				"west": {"uv": [0, 0, 0.5, 0.5], "texture": "#1"},
				"up": {"uv": [0, 0, 0.5, 0.5], "texture": "#1"},
				"down": {"uv": [0, 0, 0.5, 0.5], "texture": "#1"}
			}
		},
		{
			"from": [2, 0.25, 0.5],
			"to": [14, 0.75, 1],
			"faces": {
				"north": {"uv": [0, 0, 12, 0.5], "texture": "#1"},
				"east": {"uv": [0, 0, 12, 0.5], "texture": "#1"},
				"south": {"uv": [0, 0, 12, 0.5], "texture": "#1"},
				"west": {"uv": [0, 0, 12, 0.5], "texture": "#1"},
				"up": {"uv": [0, 0, 12, 0.5], "texture": "#1"},
				"down": {"uv": [0, 0, 12, 0.5], "texture": "#1"}
			}
		},
		{
			"from": [1.5, 0, 1.5],
			"to": [2, 0.25, 2],
			"faces": {
				"north": {"uv": [0, 14, 0.5, 14.5], "texture": "#1"},
				"east": {"uv": [0, 14, 0.5, 14.5], "texture": "#1"},
				"south": {"uv": [0, 14, 0.5, 14.5], "texture": "#1"},
				"west": {"uv": [0, 14, 0.5, 14.5], "texture": "#1"},
				"up": {"uv": [0, 14, 0.5, 14.5], "texture": "#1"},
				"down": {"uv": [0, 14, 0.5, 14.5], "texture": "#1"}
			}
		},
		{
			"from": [1.5, 0, 14],
			"to": [2, 0.25, 14.5],
			"faces": {
				"north": {"uv": [0, 14, 0.5, 14.5], "rotation": 270, "texture": "#1"},
				"east": {"uv": [0, 14, 0.5, 14.5], "rotation": 270, "texture": "#1"},
				"south": {"uv": [0, 14, 0.5, 14.5], "rotation": 270, "texture": "#1"},
				"west": {"uv": [0, 14, 0.5, 14.5], "rotation": 270, "texture": "#1"},
				"up": {"uv": [0, 14, 0.5, 14.5], "rotation": 270, "texture": "#1"},
				"down": {"uv": [0, 14, 0.5, 14.5], "rotation": 270, "texture": "#1"}
			}
		},
		{
			"from": [14, 0, 14],
			"to": [14.5, 0.25, 14.5],
			"faces": {
				"north": {"uv": [0, 14, 0.5, 14.5], "rotation": 180, "texture": "#1"},
				"east": {"uv": [0, 14, 0.5, 14.5], "rotation": 180, "texture": "#1"},
				"south": {"uv": [0, 14, 0.5, 14.5], "rotation": 180, "texture": "#1"},
				"west": {"uv": [0, 14, 0.5, 14.5], "rotation": 180, "texture": "#1"},
				"up": {"uv": [0, 14, 0.5, 14.5], "rotation": 180, "texture": "#1"},
				"down": {"uv": [0, 14, 0.5, 14.5], "rotation": 180, "texture": "#1"}
			}
		},
		{
			"from": [14, 0, 1.5],
			"to": [14.5, 0.25, 2],
			"faces": {
				"north": {"uv": [0, 14, 0.5, 14.5], "rotation": 90, "texture": "#1"},
				"east": {"uv": [0, 14, 0.5, 14.5], "rotation": 90, "texture": "#1"},
				"south": {"uv": [0, 14, 0.5, 14.5], "rotation": 90, "texture": "#1"},
				"west": {"uv": [0, 14, 0.5, 14.5], "rotation": 90, "texture": "#1"},
				"up": {"uv": [0, 14, 0.5, 14.5], "rotation": 90, "texture": "#1"},
				"down": {"uv": [0, 14, 0.5, 14.5], "rotation": 90, "texture": "#1"}
			}
		}
	],
	"display": {
		"thirdperson_righthand": {
			"rotation": [0, 0, -90],
			"translation": [6.25, -2.25, -5],
			"scale": [0.8, 0.8, 0.8]
		},
		"thirdperson_lefthand": {
			"rotation": [0, 0, -90],
			"translation": [6.25, -2.25, -5],
			"scale": [0.8, 0.8, 0.8]
		},
		"firstperson_righthand": {
			"rotation": [0, 46, 0],
			"translation": [6.5, 7.75, 0]
		},
		"firstperson_lefthand": {
			"rotation": [0, 46, 0],
			"translation": [6.5, 7.75, 0]
		},
		"ground": {
			"rotation": [-180, 0, 0],
			"translation": [0, -6, 0]
		},
		"gui": {
			"rotation": [24, 45, 0],
			"translation": [0, 4.5, 0]
		},
		"head": {
			"rotation": [9, 0, 0],
			"translation": [0, 14, 1.75],
			"scale": [1.2, 1.3, 1.2]
		},
		"fixed": {
			"rotation": [-90, 0, 0],
			"translation": [0, -9, -16],
			"scale": [1.88, 1.88, 1.88]
		}
	}
}