{
	"credit": "Made with Blockbench",
	"textures": {
		"0": "customhats:item/buddyelfhat",
		"particle": "customhats:item/buddyelfhat"
	},
	"elements": [
		{
			"from": [6, 0, 6],
			"to": [10, 2, 10],
			"faces": {
				"north": {"uv": [4, 6, 8, 8], "texture": "#0"},
				"east": {"uv": [7, 0, 11, 2], "texture": "#0"},
				"south": {"uv": [7, 2, 11, 4], "texture": "#0"},
				"west": {"uv": [7, 4, 11, 6], "texture": "#0"},
				"up": {"uv": [4, 4, 0, 0], "texture": "#0"},
				"down": {"uv": [4, 4, 0, 8], "texture": "#0"}
			}
		},
		{
			"from": [6.5, 2, 6.5],
			"to": [9.5, 4, 9.5],
			"faces": {
				"north": {"uv": [0, 8, 3, 10], "texture": "#0"},
				"east": {"uv": [3, 8, 6, 10], "texture": "#0"},
				"south": {"uv": [6, 8, 9, 10], "texture": "#0"},
				"west": {"uv": [8, 6, 11, 8], "texture": "#0"},
				"up": {"uv": [7, 3, 4, 0], "texture": "#0"},
				"down": {"uv": [7, 3, 4, 6], "texture": "#0"}
			}
		},
		{
			"from": [7, 4, 7],
			"to": [9, 6, 9],
			"faces": {
				"north": {"uv": [9, 8, 11, 10], "texture": "#0"},
				"east": {"uv": [0, 10, 2, 12], "texture": "#0"},
				"south": {"uv": [2, 10, 4, 12], "texture": "#0"},
				"west": {"uv": [4, 10, 6, 12], "texture": "#0"},
				"up": {"uv": [8, 12, 6, 10], "texture": "#0"},
				"down": {"uv": [10, 10, 8, 12], "texture": "#0"}
			}
		}
	],
	"display": {
		"thirdperson_righthand": {
			"translation": [0, 8, 0]
		},
		"thirdperson_lefthand": {
			"translation": [0, 8, 0]
		},
		"firstperson_righthand": {
			"translation": [0, 8, 0]
		},
		"firstperson_lefthand": {
			"translation": [0, 8, 0]
		},
		"ground": {
			"translation": [0, 9, 0],
			"scale": [1.5, 1.5, 1.5]
		},
		"gui": {
			"rotation": [30, 45, 0],
			"translation": [0, 4, 0]
		},
		"head": {
			"translation": [0, 18.5, 0],
			"scale": [1.5, 1.5, 1.5]
		},
		"fixed": {
			"rotation": [-90, 0, 0],
			"translation": [0, 0, -14],
			"scale": [1.75, 1.75, 1.75]
		}
	},
	"groups": [
		{
			"name": "group",
			"origin": [0, 0, 0],
			"color": 0,
			"children": [0, 1, 2]
		}
	]
}