{
	"credit": "Made with Blockbench",
	"texture_size": [32, 32],
	"textures": {
		"0": "customhats:item/santahat",
		"particle": "customhats:item/santahat"
	},
	"elements": [
		{
			"name": "base1",
			"from": [3.5, 0, 3.5],
			"to": [12.5, 3, 12.5],
			"faces": {
				"north": {"uv": [4.5, 7, 9, 8.5], "texture": "#0"},
				"east": {"uv": [8, 0, 12.5, 1.5], "texture": "#0"},
				"south": {"uv": [8, 1.5, 12.5, 3], "texture": "#0"},
				"west": {"uv": [8, 3, 12.5, 4.5], "texture": "#0"},
				"up": {"uv": [4.5, 4.5, 0, 0], "texture": "#0"},
				"down": {"uv": [4.5, 4.5, 0, 9], "texture": "#0"}
			}
		},
		{
			"name": "base2",
			"from": [4.5, 3, 4.5],
			"to": [11.5, 6, 11.5],
			"faces": {
				"north": {"uv": [8, 4.5, 11.5, 6], "texture": "#0"},
				"east": {"uv": [4.5, 8.5, 8, 10], "texture": "#0"},
				"south": {"uv": [8, 8.5, 11.5, 10], "texture": "#0"},
				"west": {"uv": [0, 9, 3.5, 10.5], "texture": "#0"},
				"up": {"uv": [8, 3.5, 4.5, 0], "texture": "#0"},
				"down": {"uv": [8, 3.5, 4.5, 7], "texture": "#0"}
			}
		},
		{
			"name": "top1",
			"from": [6.5, 6, 6.5],
			"to": [9.5, 9, 9.5],
			"faces": {
				"north": {"uv": [9, 6, 10.5, 7.5], "texture": "#0"},
				"east": {"uv": [3.5, 10, 5, 11.5], "texture": "#0"},
				"south": {"uv": [5, 10, 6.5, 11.5], "texture": "#0"},
				"west": {"uv": [6.5, 10, 8, 11.5], "texture": "#0"},
				"up": {"uv": [9.5, 11.5, 8, 10], "texture": "#0"},
				"down": {"uv": [11, 10, 9.5, 11.5], "texture": "#0"}
			}
		},
		{
			"name": "top2",
			"from": [5.5, 9, 7],
			"to": [7.5, 9.75, 9],
			"faces": {
				"north": {"uv": [11.5, 5.5, 12.5, 6], "texture": "#0"},
				"east": {"uv": [11.5, 9.5, 12.5, 10], "texture": "#0"},
				"south": {"uv": [1, 12, 2, 12.5], "texture": "#0"},
				"west": {"uv": [2, 12, 3, 12.5], "texture": "#0"},
				"up": {"uv": [12, 12.5, 11, 11.5], "texture": "#0"},
				"down": {"uv": [1, 12, 0, 13], "texture": "#0"}
			}
		},
		{
			"name": "top3",
			"from": [4.5, 7, 7],
			"to": [6.5, 9, 9],
			"faces": {
				"north": {"uv": [8, 6, 9, 7], "texture": "#0"},
				"east": {"uv": [3.5, 9, 4.5, 10], "texture": "#0"},
				"south": {"uv": [9, 7.5, 10, 8.5], "texture": "#0"},
				"west": {"uv": [10, 7.5, 11, 8.5], "texture": "#0"},
				"up": {"uv": [12, 8.5, 11, 7.5], "texture": "#0"},
				"down": {"uv": [12.5, 4.5, 11.5, 5.5], "texture": "#0"}
			}
		},
		{
			"name": "top4",
			"from": [2.5, 6.5, 7],
			"to": [4.5, 8.5, 9],
			"faces": {
				"north": {"uv": [6, 11.5, 7, 12.5], "texture": "#0"},
				"east": {"uv": [7, 11.5, 8, 12.5], "texture": "#0"},
				"south": {"uv": [8, 11.5, 9, 12.5], "texture": "#0"},
				"west": {"uv": [11.5, 8.5, 12.5, 9.5], "texture": "#0"},
				"up": {"uv": [10, 12.5, 9, 11.5], "texture": "#0"},
				"down": {"uv": [11, 11.5, 10, 12.5], "texture": "#0"}
			}
		},
		{
			"name": "top5",
			"from": [1.5, 6.5, 7],
			"to": [2.5, 7.25, 9],
			"faces": {
				"north": {"uv": [12, 8, 12.5, 8.5], "texture": "#0"},
				"east": {"uv": [12, 6, 13, 6.5], "texture": "#0"},
				"south": {"uv": [12, 11.5, 12.5, 12], "texture": "#0"},
				"west": {"uv": [12, 6.5, 13, 7], "texture": "#0"},
				"up": {"uv": [3.5, 11.5, 3, 10.5], "texture": "#0"},
				"down": {"uv": [12.5, 7, 12, 8], "texture": "#0"}
			}
		},
		{
			"name": "ball",
			"from": [0.5, 3.5, 6.5],
			"to": [3.5, 6.5, 9.5],
			"faces": {
				"north": {"uv": [0, 10.5, 1.5, 12], "texture": "#0"},
				"east": {"uv": [1.5, 10.5, 3, 12], "texture": "#0"},
				"south": {"uv": [10.5, 6, 12, 7.5], "texture": "#0"},
				"west": {"uv": [11, 10, 12.5, 11.5], "texture": "#0"},
				"up": {"uv": [4.5, 13, 3, 11.5], "texture": "#0"},
				"down": {"uv": [6, 11.5, 4.5, 13], "texture": "#0"}
			}
		}
	],
	"display": {
		"thirdperson_righthand": {
			"translation": [0, 6, 0],
			"scale": [0.75, 0.75, 0.75]
		},
		"thirdperson_lefthand": {
			"translation": [0, 6, 0],
			"scale": [0.75, 0.75, 0.75]
		},
		"firstperson_righthand": {
			"translation": [0, 6, 0],
			"scale": [0.75, 0.75, 0.75]
		},
		"firstperson_lefthand": {
			"translation": [0, 6, 0],
			"scale": [0.75, 0.75, 0.75]
		},
		"ground": {
			"translation": [0, 6, 0]
		},
		"gui": {
			"rotation": [30, -135, 0],
			"translation": [0, 3.5, 0]
		},
		"head": {
			"translation": [0, 17, 0],
			"scale": [1.5, 1.5, 1.5]
		},
		"fixed": {
			"rotation": [-90, 0, 0],
			"translation": [0, 0, -12],
			"scale": [1.5, 1.5, 1.5]
		}
	},
	"groups": [
		{
			"name": "group",
			"origin": [0, 0, 0],
			"color": 0,
			"children": [0, 1, 2, 3, 4, 5, 6, 7]
		}
	]
}