{
	"credit": "Made with Blockbench",
	"textures": {
		"book": "#book"
	},
	"elements": [
		{
			"name": "cover outer",
			"from": [5, 7, 3],
			"to": [11, 9, 13],
			"faces": {
				"west": {"uv": [6, 0, 8, 10], "rotation": 270, "texture": "#book"},
				"up": {"uv": [8, 0, 14, 10], "texture": "#book"},
				"down": {"uv": [6, 10, 0, 0], "texture": "#book"}
			}
		},
		{
			"name": "cover inner",
			"from": [5, 9, 3],
			"to": [11, 7, 13],
			"faces": {
				"west": {"uv": [8, 0, 6, 10], "rotation": 270, "texture": "#book"},
				"up": {"uv": [6, 0, 0, 10], "texture": "#book"},
				"down": {"uv": [6, 10, 0, 0], "texture": "#book"}
			}
		},
		{
			"name": "pages",
			"from": [5, 7, 4],
			"to": [10, 9, 12],
			"faces": {
				"north": {"uv": [0, 10, 5, 12], "texture": "#book"},
				"east": {"uv": [0, 12, 8, 14], "texture": "#book"},
				"south": {"uv": [0, 14, 5, 16], "texture": "#book"}
			}
		},
		{
			"name": "ribbon extra",
			"from": [11, 7, 7],
			"to": [11, 9, 9],
			"faces": {
				"east": {"uv": [14, 0, 16, 2], "texture": "#book"},
				"west": {"uv": [16, 2, 14, 4], "texture": "#book"}
			}
		}
	],
	"gui_light": "front",
	"display": {
		"thirdperson_righthand": {
			"rotation": [90, 0, 90],
			"translation": [0, -1.75, -0.5],
			"scale": [0.65, 0.65, 0.65]
		},
		"thirdperson_lefthand": {
			"rotation": [90, 0, -90],
			"translation": [0, -1.75, -0.5],
			"scale": [0.65, 0.65, 0.65]
		},
		"firstperson_righthand": {
			"rotation": [68, 0, 83],
			"translation": [1.13, 2.5, 1.13],
			"scale": [0.68, 0.68, 0.68]
		},
		"firstperson_lefthand": {
			"rotation": [68, 0, 83],
			"translation": [1.13, 2.5, 1.13],
			"scale": [0.68, 0.68, 0.68]
		},
		"ground": {
			"translation": [0, 2, 0],
			"scale": [0.65, 0.65, 0.65]
		},
		"gui": {
			"rotation": [45, -22.5, 0],
			"scale": [1.4, 1.4, 1.4]
		},
		"head": {
			"rotation": [0, 180, 0],
			"translation": [0, 7.5, 0]
		},
		"fixed": {
			"rotation": [-90, 180, 0],
			"scale": [1.3, 1.3, 1.3]
		}
	}
}