﻿{
	"parent": "item/handheld",
  "textures": {
      "layer0": "item/iron_ingot"
  },
	
	"overrides": [
		{"predicate":{"custom_model_data": 1},"model": "item/head1"}, 
        {"predicate":{"custom_model_data": 2},"model": "item/head2"},
        {"predicate":{"custom_model_data": 3},"model": "customhats:item/hat1"}, 
        {"predicate":{"custom_model_data": 4},"model": "customhats:item/strawhat"}, 
        {"predicate":{"custom_model_data": 5},"model": "customhats:item/axolotlhat"},
        {"predicate":{"custom_model_data": 6},"model": "customhats:item/partyhat"},
        {"predicate":{"custom_model_data": 7},"model": "customhats:item/baseballhat"},
        {"predicate":{"custom_model_data": 8},"model": "customhats:item/witchhat"},
        {"predicate":{"custom_model_data": 9},"model": "customhats:item/monocle"},
        {"predicate":{"custom_model_data": 10},"model": "customhats:item/dripleafhat"},
        {"predicate":{"custom_model_data": 11},"model": "customhats:item/anim_propellerhat"},
        {"predicate":{"custom_model_data": 12},"model": "customhats:item/pumpkinscarecrow"},
        {"predicate":{"custom_model_data": 13},"model": "customhats:item/tophat"},
        {"predicate":{"custom_model_data": 14},"model": "customhats:item/leprechaunhat"},
        {"predicate":{"custom_model_data": 15},"model": "customhats:item/dum"},
        {"predicate":{"custom_model_data": 16},"model": "customhats:item/santahat"},
        {"predicate":{"custom_model_data": 17},"model": "customhats:item/buddyelfhat"},
        {"predicate":{"custom_model_data": 18},"model": "customhats:item/villagernose"},
        {"predicate":{"custom_model_data": 19},"model": "customhats:item/mustache"},
        {"predicate":{"custom_model_data": 20},"model": "customhats:item/codpods"},
        {"predicate":{"custom_model_data": 21},"model": "customhats:item/codpodsblue"},
        {"predicate":{"custom_model_data": 22},"model": "customhats:item/codpodsred"},
        {"predicate":{"custom_model_data": 23},"model": "customhats:item/bigtree"}

	]
   }