{
	"credit": "Made with Blockbench",
	"textures": {
		"0": "item/buisness_sword",
		"particle": "item/buisness_sword"
	},
	"elements": [
		{
			"from": [6.5, 0, 6.9],
			"to": [9.5, 0.5, 8.1],
			"faces": {
				"north": {"uv": [0, 13, 16, 16], "texture": "#0"},
				"east": {"uv": [6, 13, 11.95, 16], "texture": "#0"},
				"south": {"uv": [0, 13, 16, 16], "texture": "#0"},
				"west": {"uv": [0, 13, 5.95, 16], "texture": "#0"},
				"up": {"uv": [9, 11, 12, 12.2], "texture": "#0"},
				"down": {"uv": [12, 11, 16, 12.95], "texture": "#0"}
			}
		},
		{
			"from": [6.53033, 0.42678, 6.9],
			"to": [7.78033, 0.92678, 8.1],
			"rotation": {"angle": 45, "axis": "z", "origin": [7.03033, 0.67678, 7.5]},
			"faces": {
				"north": {"uv": [0, 13, 3, 16], "texture": "#0"},
				"east": {"uv": [0, 13, 2.95, 16], "texture": "#0"},
				"south": {"uv": [0, 13, 3, 16], "texture": "#0"},
				"west": {"uv": [0, 13, 2.95, 16], "texture": "#0"},
				"up": {"uv": [9.5, 11, 12, 12.95], "texture": "#0"},
				"down": {"uv": [12.5, 11, 16, 12.95], "texture": "#0"}
			}
		},
		{
			"from": [8.63128, 0.14017, 6.9],
			"to": [9.13128, 1.39017, 8.1],
			"rotation": {"angle": 45, "axis": "z", "origin": [8.88128, 0.76517, 7.5]},
			"faces": {
				"north": {"uv": [13.75, 16, 16, 13], "rotation": 90, "texture": "#0"},
				"east": {"uv": [9, 11, 12, 12.95], "rotation": 270, "texture": "#0"},
				"south": {"uv": [0, 10, 3, 13], "rotation": 270, "texture": "#0"},
				"west": {"uv": [12, 11, 16, 12.95], "rotation": 270, "texture": "#0"},
				"up": {"uv": [0, 10, 2.95, 13], "rotation": 270, "texture": "#0"},
				"down": {"uv": [0, 10, 2.95, 12.75], "rotation": 270, "texture": "#0"}
			}
		},
		{
			"from": [7.38388, 0.88388, 6.9],
			"to": [8.60888, 1.38388, 8.1],
			"rotation": {"angle": 0, "axis": "z", "origin": [7.98388, 0.93388, 7.5]},
			"faces": {
				"north": {"uv": [0, 10, 2.975, 13], "rotation": 180, "texture": "#0"},
				"east": {"uv": [0, 10, 2.95, 13], "rotation": 180, "texture": "#0"},
				"south": {"uv": [0, 10, 2.975, 13], "rotation": 180, "texture": "#0"},
				"west": {"uv": [0, 10, 2.95, 13], "rotation": 180, "texture": "#0"},
				"up": {"uv": [10.5, 11.25, 11.725, 12.45], "rotation": 180, "texture": "#0"},
				"down": {"uv": [14.775, 11, 16, 12.2], "rotation": 180, "texture": "#0"}
			}
		},
		{
			"from": [6.8, 5.35, 6.9],
			"to": [9.2, 6, 8.1],
			"faces": {
				"north": {"uv": [0, 13, 16, 16], "texture": "#0"},
				"east": {"uv": [0, 13, 16, 16], "texture": "#0"},
				"south": {"uv": [0, 13, 16, 16], "texture": "#0"},
				"west": {"uv": [0, 13, 16, 16], "texture": "#0"},
				"up": {"uv": [9, 11, 11.4, 12.2], "texture": "#0"},
				"down": {"uv": [13.6, 11, 16, 12.2], "texture": "#0"}
			}
		},
		{
			"from": [8, 4.875, 6.9],
			"to": [10.25, 5.35, 8.1],
			"faces": {
				"north": {"uv": [0, 13, 16, 16], "texture": "#0"},
				"east": {"uv": [0, 13, 16, 16], "texture": "#0"},
				"south": {"uv": [0, 13, 16, 16], "texture": "#0"},
				"west": {"uv": [0, 13, 16, 16], "texture": "#0"},
				"up": {"uv": [9, 11, 11.25, 12.2], "texture": "#0"},
				"down": {"uv": [13.75, 11, 16, 12.2], "texture": "#0"}
			}
		},
		{
			"from": [5.75, 4.875, 6.9],
			"to": [8, 5.35, 8.1],
			"faces": {
				"north": {"uv": [0, 13, 16, 16], "texture": "#0"},
				"east": {"uv": [0, 13, 16, 16], "texture": "#0"},
				"south": {"uv": [0, 13, 16, 16], "texture": "#0"},
				"west": {"uv": [0, 13, 16, 16], "texture": "#0"},
				"up": {"uv": [9, 11, 11.25, 12.2], "texture": "#0"},
				"down": {"uv": [13.75, 11, 16, 12.2], "texture": "#0"}
			}
		},
		{
			"from": [4.25, 5.5, 6.9],
			"to": [6.8, 6, 8.1],
			"faces": {
				"north": {"uv": [0, 13, 3, 10], "texture": "#0"},
				"east": {"uv": [0, 13, 16, 16], "texture": "#0"},
				"south": {"uv": [0, 13, 16, 16], "texture": "#0"},
				"west": {"uv": [0, 13, 16, 16], "texture": "#0"},
				"up": {"uv": [9, 11, 11.55, 12.2], "texture": "#0"},
				"down": {"uv": [13.45, 11, 16, 12.2], "texture": "#0"}
			}
		},
		{
			"from": [4.27901, 5.19586, 6.9],
			"to": [5.90401, 5.67086, 8.1],
			"rotation": {"angle": -22.5, "axis": "z", "origin": [5.02901, 5.42086, 7.5]},
			"faces": {
				"north": {"uv": [0, 13, 16, 16], "texture": "#0"},
				"east": {"uv": [0, 13, 16, 16], "texture": "#0"},
				"south": {"uv": [0, 13, 16, 16], "texture": "#0"},
				"west": {"uv": [0, 13, 16, 16], "texture": "#0"},
				"up": {"uv": [9, 11, 10.625, 12.2], "texture": "#0"},
				"down": {"uv": [14, 11, 15.625, 12.2], "texture": "#0"}
			}
		},
		{
			"from": [10.09501, 5.17577, 6.9],
			"to": [11.72001, 5.67577, 8.1],
			"rotation": {"angle": 22.5, "axis": "z", "origin": [10.92001, 5.41327, 7.5]},
			"faces": {
				"north": {"uv": [0, 13, 16, 16], "texture": "#0"},
				"east": {"uv": [0, 13, 2.95, 16], "texture": "#0"},
				"south": {"uv": [0, 13, 3, 10], "texture": "#0"},
				"west": {"uv": [0, 13, 2.95, 10], "texture": "#0"},
				"up": {"uv": [9, 11, 10.625, 12.2], "rotation": 180, "texture": "#0"},
				"down": {"uv": [14.375, 11.25, 16, 12.45], "rotation": 180, "texture": "#0"}
			}
		},
		{
			"from": [9.2, 5.5, 6.9],
			"to": [11.75, 6, 8.1],
			"faces": {
				"north": {"uv": [0, 13, 16, 16], "texture": "#0"},
				"east": {"uv": [0, 13, 16, 16], "texture": "#0"},
				"south": {"uv": [0, 13, 16, 16], "texture": "#0"},
				"west": {"uv": [0, 13, 16, 16], "texture": "#0"},
				"up": {"uv": [9, 11, 11.55, 12.2], "texture": "#0"},
				"down": {"uv": [13.45, 11, 16, 12.2], "texture": "#0"}
			}
		},
		{
			"from": [7.25, 1, 7.15],
			"to": [8.75, 2, 7.85],
			"faces": {
				"north": {"uv": [10, 0, 16, 4], "texture": "#0"},
				"east": {"uv": [10, 0, 12.7, 4], "texture": "#0"},
				"south": {"uv": [10, 5, 16, 9], "texture": "#0"},
				"west": {"uv": [10.05, 1, 12.75, 5], "texture": "#0"},
				"up": {"uv": [14.5, 4, 16, 4.7], "texture": "#0"},
				"down": {"uv": [14.5, 4, 16, 4.7], "texture": "#0"}
			}
		},
		{
			"from": [7.25, 2, 7.15],
			"to": [8.75, 3, 7.85],
			"faces": {
				"north": {"uv": [10, 0, 16, 4], "texture": "#0"},
				"east": {"uv": [10, 0, 12.7, 4], "texture": "#0"},
				"south": {"uv": [10, 5, 16, 9], "texture": "#0"},
				"west": {"uv": [10, 1, 12.7, 5], "texture": "#0"},
				"up": {"uv": [14.5, 4, 16, 4.7], "texture": "#0"},
				"down": {"uv": [14.5, 4, 16, 4.7], "texture": "#0"}
			}
		},
		{
			"from": [7.25, 3, 7.15],
			"to": [8.75, 4, 7.85],
			"faces": {
				"north": {"uv": [10, 0, 16, 4], "texture": "#0"},
				"east": {"uv": [10, 0, 12.7, 4], "texture": "#0"},
				"south": {"uv": [10, 5, 16, 9], "texture": "#0"},
				"west": {"uv": [10, 1, 12.7, 5], "texture": "#0"},
				"up": {"uv": [14.5, 4, 16, 4.7], "texture": "#0"},
				"down": {"uv": [14.5, 4, 16, 4.7], "texture": "#0"}
			}
		},
		{
			"from": [7.25, 4, 7.15],
			"to": [8.75, 4.875, 7.85],
			"faces": {
				"north": {"uv": [10, 0, 16, 3.875], "texture": "#0"},
				"east": {"uv": [10, 0, 12.7, 3.875], "texture": "#0"},
				"south": {"uv": [10, 5, 16, 8.875], "texture": "#0"},
				"west": {"uv": [10, 1, 12.7, 4.875], "texture": "#0"},
				"up": {"uv": [14.5, 4, 16, 4.7], "texture": "#0"},
				"down": {"uv": [14.5, 4, 16, 4.7], "texture": "#0"}
			}
		},
		{
			"from": [7.55, 5.3, 6.8],
			"to": [7.7, 5.7, 6.9],
			"faces": {
				"north": {"uv": [7.75, 6, 9.9, 7.65], "texture": "#0"},
				"east": {"uv": [7.5, 3.5, 7.6, 3.9], "texture": "#0"},
				"south": {"uv": [6, 6, 8.15, 7.65], "texture": "#0"},
				"west": {"uv": [6.5, 3.25, 6.6, 3.65], "texture": "#0"},
				"up": {"uv": [6, 6, 8.15, 7.6], "texture": "#0"},
				"down": {"uv": [6, 6, 8.15, 7.6], "texture": "#0"}
			}
		},
		{
			"from": [7.1, 5.05, 6.8],
			"to": [7.25, 5.95, 6.9],
			"faces": {
				"north": {"uv": [8, 1, 9.9, 10.9], "texture": "#0"},
				"east": {"uv": [7, 1, 7.85, 10.9], "texture": "#0"},
				"south": {"uv": [6, 1, 7.9, 10.9], "texture": "#0"},
				"west": {"uv": [6, 1, 7.1, 10.9], "texture": "#0"},
				"up": {"uv": [6, 1, 6.15, 1.1], "texture": "#0"},
				"down": {"uv": [6, 1, 6.15, 1.1], "texture": "#0"}
			}
		},
		{
			"from": [7.25, 5.05, 6.8],
			"to": [8.75, 5.2, 6.9],
			"rotation": {"angle": 0, "axis": "z", "origin": [7.6, 5.85, 6.85]},
			"faces": {
				"north": {"uv": [6, 8, 7.9, 9.25], "rotation": 270, "texture": "#0"},
				"east": {"uv": [8, 8, 9.9, 9.1], "rotation": 90, "texture": "#0"},
				"south": {"uv": [8, 8, 9.9, 9.25], "rotation": 90, "texture": "#0"},
				"west": {"uv": [8, 8, 9.9, 9.1], "rotation": 90, "texture": "#0"},
				"up": {"uv": [7, 4, 7.1, 5.5], "rotation": 90, "texture": "#0"},
				"down": {"uv": [6, 9, 6.1, 10.5], "rotation": 90, "texture": "#0"}
			}
		},
		{
			"from": [8.325, 5.3, 6.8],
			"to": [8.475, 5.7, 6.9],
			"faces": {
				"north": {"uv": [6, 5, 8.15, 6.4], "texture": "#0"},
				"east": {"uv": [9.5, 4, 9.6, 4.4], "texture": "#0"},
				"south": {"uv": [8, 5, 9.9, 6.4], "texture": "#0"},
				"west": {"uv": [7.75, 3.75, 7.85, 4.15], "texture": "#0"},
				"up": {"uv": [8, 5, 9.9, 6.35], "texture": "#0"},
				"down": {"uv": [8, 4.75, 9.9, 6.1], "texture": "#0"}
			}
		},
		{
			"from": [7.25, 5.8, 6.8],
			"to": [8.75, 5.95, 6.9],
			"rotation": {"angle": 0, "axis": "z", "origin": [7.6, 5.85, 6.85]},
			"faces": {
				"north": {"uv": [8.25, 6.75, 9.9, 8.25], "rotation": 270, "texture": "#0"},
				"east": {"uv": [6.25, 6.75, 7.65, 8.1], "rotation": 90, "texture": "#0"},
				"south": {"uv": [6.25, 6.75, 7.65, 8.25], "rotation": 90, "texture": "#0"},
				"west": {"uv": [6.25, 7, 7.65, 8.1], "rotation": 90, "texture": "#0"},
				"up": {"uv": [6.5, 4.25, 6.6, 5.75], "rotation": 90, "texture": "#0"},
				"down": {"uv": [8, 4, 8.1, 5.5], "rotation": 90, "texture": "#0"}
			}
		},
		{
			"from": [8.75, 5.05, 6.8],
			"to": [8.9, 5.95, 6.9],
			"faces": {
				"north": {"uv": [6, 1, 7.9, 10.9], "texture": "#0"},
				"east": {"uv": [6, 2, 6.1, 2.9], "texture": "#0"},
				"south": {"uv": [8, 1, 9.9, 10.9], "texture": "#0"},
				"west": {"uv": [7, 1, 7.85, 10.9], "texture": "#0"},
				"up": {"uv": [6, 4, 6.15, 4.1], "texture": "#0"},
				"down": {"uv": [6, 3, 6.15, 3.1], "texture": "#0"}
			}
		},
		{
			"from": [8.325, 5.3, 8.1],
			"to": [8.475, 5.7, 8.2],
			"faces": {
				"north": {"uv": [6, 5, 8.15, 6.4], "texture": "#0"},
				"east": {"uv": [9.5, 4, 9.6, 4.4], "texture": "#0"},
				"south": {"uv": [8, 5, 9.9, 6.4], "texture": "#0"},
				"west": {"uv": [7.75, 3.75, 7.85, 4.15], "texture": "#0"},
				"up": {"uv": [8, 5, 9.9, 6.35], "texture": "#0"},
				"down": {"uv": [8, 4.75, 9.9, 6.1], "texture": "#0"}
			}
		},
		{
			"from": [7.55, 5.3, 8.1],
			"to": [7.7, 5.7, 8.2],
			"faces": {
				"north": {"uv": [7.75, 6, 9.9, 7.65], "texture": "#0"},
				"east": {"uv": [7.5, 3.5, 7.6, 3.9], "texture": "#0"},
				"south": {"uv": [6, 6, 8.15, 7.65], "texture": "#0"},
				"west": {"uv": [6.5, 3.25, 6.6, 3.65], "texture": "#0"},
				"up": {"uv": [6, 6, 8.15, 7.6], "texture": "#0"},
				"down": {"uv": [6, 6, 8.15, 7.6], "texture": "#0"}
			}
		},
		{
			"from": [7.25, 5.05, 8.1],
			"to": [8.75, 5.2, 8.2],
			"rotation": {"angle": 0, "axis": "z", "origin": [7.6, 5.85, 6.85]},
			"faces": {
				"north": {"uv": [6, 8, 7.9, 9.25], "rotation": 270, "texture": "#0"},
				"east": {"uv": [8, 8, 9.9, 9.1], "rotation": 90, "texture": "#0"},
				"south": {"uv": [8, 8, 9.9, 9.25], "rotation": 90, "texture": "#0"},
				"west": {"uv": [8, 8, 9.9, 9.1], "rotation": 90, "texture": "#0"},
				"up": {"uv": [7, 4, 7.1, 5.5], "rotation": 90, "texture": "#0"},
				"down": {"uv": [6, 9, 6.1, 10.5], "rotation": 90, "texture": "#0"}
			}
		},
		{
			"from": [7.1, 5.05, 8.1],
			"to": [7.25, 5.95, 8.2],
			"faces": {
				"north": {"uv": [8, 1, 9.9, 10.9], "texture": "#0"},
				"east": {"uv": [7, 1, 7.85, 10.9], "texture": "#0"},
				"south": {"uv": [6, 1, 7.9, 10.9], "texture": "#0"},
				"west": {"uv": [6, 1, 7.1, 10.9], "texture": "#0"},
				"up": {"uv": [6, 1, 6.15, 1.1], "texture": "#0"},
				"down": {"uv": [6, 1, 6.15, 1.1], "texture": "#0"}
			}
		},
		{
			"from": [8.75, 5.05, 8.1],
			"to": [8.9, 5.95, 8.2],
			"faces": {
				"north": {"uv": [6, 1, 7.9, 10.9], "texture": "#0"},
				"east": {"uv": [6, 2, 6.1, 2.9], "texture": "#0"},
				"south": {"uv": [8, 1, 9.9, 10.9], "texture": "#0"},
				"west": {"uv": [7, 1, 7.85, 10.9], "texture": "#0"},
				"up": {"uv": [6, 4, 6.15, 4.1], "texture": "#0"},
				"down": {"uv": [6, 3, 6.15, 3.1], "texture": "#0"}
			}
		},
		{
			"from": [7.25, 5.8, 8.1],
			"to": [8.75, 5.95, 8.2],
			"rotation": {"angle": 0, "axis": "z", "origin": [7.6, 5.85, 6.85]},
			"faces": {
				"north": {"uv": [8.25, 6.75, 9.9, 8.25], "rotation": 270, "texture": "#0"},
				"east": {"uv": [6.25, 6.75, 7.65, 8.1], "rotation": 90, "texture": "#0"},
				"south": {"uv": [6.25, 6.75, 7.65, 8.25], "rotation": 90, "texture": "#0"},
				"west": {"uv": [6.25, 7, 7.65, 8.1], "rotation": 90, "texture": "#0"},
				"up": {"uv": [6.5, 4.25, 6.6, 5.75], "rotation": 90, "texture": "#0"},
				"down": {"uv": [8, 4, 8.1, 5.5], "rotation": 90, "texture": "#0"}
			}
		},
		{
			"from": [7, 6, 7.25],
			"to": [8.975, 17.5, 7.75],
			"faces": {
				"north": {"uv": [6, 2.25, 9.975, 10], "texture": "#0"},
				"east": {"uv": [6, 3, 6.5, 10], "texture": "#0"},
				"south": {"uv": [6, 2.25, 9.975, 9.95], "texture": "#0"},
				"west": {"uv": [6, 3, 6.5, 9.75], "texture": "#0"},
				"up": {"uv": [7, 10, 8.975, 10.5], "texture": "#0"},
				"down": {"uv": [7, 10, 8.975, 10.5], "texture": "#0"}
			}
		},
		{
			"from": [6.8, 6, 7.5],
			"to": [7, 17.5, 7.5],
			"faces": {
				"north": {"uv": [6, 2.25, 9.975, 10], "texture": "#0"},
				"east": {"uv": [6, 3, 6.5, 10], "texture": "#0"},
				"south": {"uv": [6, 2.25, 9.975, 9.95], "texture": "#0"},
				"west": {"uv": [6, 3, 6.5, 9.75], "texture": "#0"},
				"up": {"uv": [7, 10, 8.975, 10.5], "texture": "#0"},
				"down": {"uv": [7, 10, 8.975, 10.5], "texture": "#0"}
			}
		},
		{
			"from": [8.975, 6, 7.5],
			"to": [9.175, 17.5, 7.5],
			"faces": {
				"north": {"uv": [6, 2.25, 9.975, 10], "texture": "#0"},
				"east": {"uv": [6, 3, 6.5, 10], "texture": "#0"},
				"south": {"uv": [6, 2.25, 9.975, 9.95], "texture": "#0"},
				"west": {"uv": [6, 3, 6.5, 9.75], "texture": "#0"},
				"up": {"uv": [7, 10, 8.975, 10.5], "texture": "#0"},
				"down": {"uv": [7, 10, 8.975, 10.5], "texture": "#0"}
			}
		},
		{
			"from": [8.93379, 18.12478, 7.5],
			"to": [9.43379, 18.32478, 7.5],
			"rotation": {"angle": -45, "axis": "z", "origin": [8.30879, 18.22478, 7.5]},
			"faces": {
				"north": {"uv": [6, 2.25, 9.975, 10], "rotation": 90, "texture": "#0"},
				"east": {"uv": [7, 10, 8.975, 10.5], "rotation": 270, "texture": "#0"},
				"south": {"uv": [6, 2.25, 9.975, 9.95], "rotation": 270, "texture": "#0"},
				"west": {"uv": [7, 10, 8.975, 10.5], "rotation": 270, "texture": "#0"},
				"up": {"uv": [6, 3, 6.5, 10], "rotation": 270, "texture": "#0"},
				"down": {"uv": [6, 3, 6.5, 9.75], "rotation": 270, "texture": "#0"}
			}
		},
		{
			"from": [7.56621, 17.09978, 7.5],
			"to": [7.76621, 17.59978, 7.5],
			"rotation": {"angle": -45, "axis": "z", "origin": [7.66621, 18.22478, 7.5]},
			"faces": {
				"north": {"uv": [6, 2.25, 9.975, 10], "texture": "#0"},
				"east": {"uv": [6, 3, 6.5, 10], "texture": "#0"},
				"south": {"uv": [6, 2.25, 9.975, 9.95], "texture": "#0"},
				"west": {"uv": [6, 3, 6.5, 9.75], "texture": "#0"},
				"up": {"uv": [7, 10, 8.975, 10.5], "texture": "#0"},
				"down": {"uv": [7, 10, 8.975, 10.5], "texture": "#0"}
			}
		},
		{
			"from": [7.60629, 17.43506, 7.25],
			"to": [7.73129, 18.53506, 7.75],
			"rotation": {"angle": -22.5, "axis": "z", "origin": [7.66879, 17.71006, 7.5]},
			"faces": {
				"north": {"uv": [7.75, 5.75, 7.725, 6.9], "texture": "#0"},
				"east": {"uv": [7.75, 5.75, 7.725, 6.9], "texture": "#0"},
				"south": {"uv": [7.75, 5.75, 7.725, 6.9], "texture": "#0"},
				"west": {"uv": [7.75, 5.75, 7.725, 6.9], "texture": "#0"},
				"up": {"uv": [7.75, 5.75, 7.725, 6.9], "texture": "#0"},
				"down": {"uv": [7.75, 5.75, 7.725, 6.9], "texture": "#0"}
			}
		},
		{
			"from": [8.20544, 17.42744, 7.25],
			"to": [8.33044, 18.52744, 7.75],
			"rotation": {"angle": 22.5, "axis": "z", "origin": [8.26794, 17.80244, 7.5]},
			"faces": {
				"north": {"uv": [7.75, 5.75, 7.725, 6.9], "texture": "#0"},
				"east": {"uv": [7.75, 5.75, 7.725, 6.9], "texture": "#0"},
				"south": {"uv": [7.75, 5.75, 7.725, 6.9], "texture": "#0"},
				"west": {"uv": [7.75, 5.75, 7.725, 6.9], "texture": "#0"},
				"up": {"uv": [7.75, 5.75, 7.725, 6.9], "texture": "#0"},
				"down": {"uv": [7.75, 5.75, 7.725, 6.9], "texture": "#0"}
			}
		},
		{
			"from": [7.92908, 18.4175, 7.25],
			"to": [8.05408, 18.6425, 7.75],
			"rotation": {"angle": 0, "axis": "z", "origin": [7.96658, 18.53, 7.5]},
			"faces": {
				"north": {"uv": [7.75, 5.75, 7.725, 6.9], "texture": "#0"},
				"east": {"uv": [7.75, 5.75, 7.725, 6.9], "texture": "#0"},
				"south": {"uv": [7.75, 5.75, 7.725, 6.9], "texture": "#0"},
				"west": {"uv": [7.75, 5.75, 7.725, 6.9], "texture": "#0"},
				"up": {"uv": [7.75, 5.75, 7.725, 6.9], "texture": "#0"},
				"down": {"uv": [7.75, 5.75, 7.725, 6.9], "texture": "#0"}
			}
		},
		{
			"from": [7.75048, 17.45651, 7.25],
			"to": [7.87548, 18.18151, 7.75],
			"rotation": {"angle": -22.5, "axis": "z", "origin": [7.81298, 17.73151, 7.5]},
			"faces": {
				"north": {"uv": [7.75, 5.75, 7.725, 6.9], "rotation": 180, "texture": "#0"},
				"east": {"uv": [7.75, 5.75, 7.725, 6.9], "rotation": 180, "texture": "#0"},
				"south": {"uv": [7.75, 5.75, 7.725, 6.9], "rotation": 180, "texture": "#0"},
				"west": {"uv": [7.75, 5.75, 7.725, 6.9], "rotation": 180, "texture": "#0"},
				"up": {"uv": [7.75, 5.75, 7.725, 6.9], "rotation": 180, "texture": "#0"},
				"down": {"uv": [7.75, 5.75, 7.725, 6.9], "rotation": 180, "texture": "#0"}
			}
		},
		{
			"from": [7.87548, 17.50651, 7.25],
			"to": [8.00048, 18.05651, 7.75],
			"rotation": {"angle": -22.5, "axis": "z", "origin": [7.81298, 17.73151, 7.5]},
			"faces": {
				"north": {"uv": [7.75, 5.75, 7.725, 6.9], "rotation": 180, "texture": "#0"},
				"east": {"uv": [7.75, 5.75, 7.725, 6.9], "rotation": 180, "texture": "#0"},
				"south": {"uv": [7.75, 5.75, 7.725, 6.9], "rotation": 180, "texture": "#0"},
				"west": {"uv": [7.75, 5.75, 7.725, 6.9], "rotation": 180, "texture": "#0"},
				"up": {"uv": [7.75, 5.75, 7.725, 6.9], "rotation": 180, "texture": "#0"},
				"down": {"uv": [7.75, 5.75, 7.725, 6.9], "rotation": 180, "texture": "#0"}
			}
		},
		{
			"from": [7.98404, 17.45868, 7.25],
			"to": [8.10904, 17.80868, 7.75],
			"rotation": {"angle": 22.5, "axis": "z", "origin": [8.04654, 17.68368, 7.5]},
			"faces": {
				"north": {"uv": [7.75, 5.75, 7.725, 6.9], "rotation": 180, "texture": "#0"},
				"east": {"uv": [7.75, 5.75, 7.725, 6.9], "rotation": 180, "texture": "#0"},
				"south": {"uv": [7.75, 5.75, 7.725, 6.9], "rotation": 180, "texture": "#0"},
				"west": {"uv": [7.75, 5.75, 7.725, 6.9], "rotation": 180, "texture": "#0"},
				"up": {"uv": [7.75, 5.75, 7.725, 6.9], "rotation": 180, "texture": "#0"},
				"down": {"uv": [7.75, 5.75, 7.725, 6.9], "rotation": 180, "texture": "#0"}
			}
		},
		{
			"from": [7.90317, 17.48748, 7.25],
			"to": [8.05317, 17.66248, 7.75],
			"rotation": {"angle": 0, "axis": "z", "origin": [8.06567, 17.63748, 7.5]},
			"faces": {
				"north": {"uv": [7.75, 5.75, 7.725, 6.9], "rotation": 180, "texture": "#0"},
				"east": {"uv": [7.75, 5.75, 7.725, 6.9], "rotation": 180, "texture": "#0"},
				"south": {"uv": [7.75, 5.75, 7.725, 6.9], "rotation": 180, "texture": "#0"},
				"west": {"uv": [7.75, 5.75, 7.725, 6.9], "rotation": 180, "texture": "#0"},
				"up": {"uv": [7.75, 5.75, 7.725, 6.9], "rotation": 180, "texture": "#0"},
				"down": {"uv": [7.75, 5.75, 7.725, 6.9], "rotation": 180, "texture": "#0"}
			}
		},
		{
			"from": [7.90317, 17.48748, 7.25],
			"to": [8.05317, 17.66248, 7.75],
			"rotation": {"angle": 0, "axis": "z", "origin": [8.06567, 17.63748, 7.5]},
			"faces": {
				"north": {"uv": [7.75, 5.75, 7.725, 6.9], "rotation": 180, "texture": "#0"},
				"east": {"uv": [7.75, 5.75, 7.725, 6.9], "rotation": 180, "texture": "#0"},
				"south": {"uv": [7.75, 5.75, 7.725, 6.9], "rotation": 180, "texture": "#0"},
				"west": {"uv": [7.75, 5.75, 7.725, 6.9], "rotation": 180, "texture": "#0"},
				"up": {"uv": [7.75, 5.75, 7.725, 6.9], "rotation": 180, "texture": "#0"},
				"down": {"uv": [7.75, 5.75, 7.725, 6.9], "rotation": 180, "texture": "#0"}
			}
		},
		{
			"from": [8.09952, 17.45651, 7.25],
			"to": [8.22452, 18.35651, 7.75],
			"rotation": {"angle": 22.5, "axis": "z", "origin": [8.16202, 17.73151, 7.5]},
			"faces": {
				"north": {"uv": [7.75, 5.75, 7.725, 6.9], "rotation": 180, "texture": "#0"},
				"east": {"uv": [7.75, 5.75, 7.725, 6.9], "rotation": 180, "texture": "#0"},
				"south": {"uv": [7.75, 5.75, 7.725, 6.9], "rotation": 180, "texture": "#0"},
				"west": {"uv": [7.75, 5.75, 7.725, 6.9], "rotation": 180, "texture": "#0"},
				"up": {"uv": [7.75, 5.75, 7.725, 6.9], "rotation": 180, "texture": "#0"},
				"down": {"uv": [7.75, 5.75, 7.725, 6.9], "rotation": 180, "texture": "#0"}
			}
		},
		{
			"from": [7.8, 19.325, 7.25],
			"to": [8.175, 19.425, 7.75],
			"faces": {
				"north": {"uv": [6.25, 5.25, 6.625, 5.75], "texture": "#0"},
				"east": {"uv": [6.25, 5.25, 6.625, 5.75], "texture": "#0"},
				"south": {"uv": [6.25, 5.25, 6.625, 5.75], "texture": "#0"},
				"west": {"uv": [6.25, 5.25, 6.625, 5.75], "texture": "#0"},
				"up": {"uv": [6.25, 5.25, 6.625, 5.75], "texture": "#0"},
				"down": {"uv": [6.25, 5.25, 6.625, 5.75], "texture": "#0"}
			}
		},
		{
			"from": [7.39341, 17.22781, 7.25],
			"to": [7.86841, 19.30281, 7.75],
			"rotation": {"angle": -22.5, "axis": "z", "origin": [7.88091, 18.35281, 7.5]},
			"faces": {
				"north": {"uv": [6, 5, 6.5, 7.075], "texture": "#0"},
				"east": {"uv": [6, 5, 6.5, 7.075], "texture": "#0"},
				"south": {"uv": [6, 5, 6.5, 7.075], "texture": "#0"},
				"west": {"uv": [6, 5, 6.5, 7.075], "texture": "#0"},
				"up": {"uv": [6, 5, 6.5, 7.075], "texture": "#0"},
				"down": {"uv": [6, 5, 6.5, 7.075], "texture": "#0"}
			}
		},
		{
			"from": [7.39341, 17.22781, 7.25],
			"to": [7.86841, 19.30281, 7.75],
			"rotation": {"angle": -22.5, "axis": "z", "origin": [7.88091, 18.35281, 7.5]},
			"faces": {
				"north": {"uv": [6, 5, 6.5, 7.075], "texture": "#0"},
				"east": {"uv": [6, 5, 6.5, 7.075], "texture": "#0"},
				"south": {"uv": [6, 5, 6.5, 7.075], "texture": "#0"},
				"west": {"uv": [6, 5, 6.5, 7.075], "texture": "#0"},
				"up": {"uv": [6, 5, 6.5, 7.075], "texture": "#0"},
				"down": {"uv": [6, 5, 6.5, 7.075], "texture": "#0"}
			}
		},
		{
			"from": [8.08756, 17.32348, 7.25],
			"to": [8.56256, 19.39848, 7.75],
			"rotation": {"angle": 22.5, "axis": "z", "origin": [8.32506, 18.44848, 7.5]},
			"faces": {
				"north": {"uv": [6, 6, 6.5, 8.075], "texture": "#0"},
				"east": {"uv": [6, 6, 6.5, 8.075], "texture": "#0"},
				"south": {"uv": [6, 6, 6.5, 8.075], "texture": "#0"},
				"west": {"uv": [6, 6, 6.5, 8.075], "texture": "#0"},
				"up": {"uv": [6, 6, 6.5, 8.075], "texture": "#0"},
				"down": {"uv": [6, 6, 6.5, 8.075], "texture": "#0"}
			}
		},
		{
			"from": [6.49926, 0.73003, 7.1],
			"to": [6.99926, 2.03003, 7.9],
			"rotation": {"angle": 45, "axis": "z", "origin": [6.44926, 1.38003, 7.5]},
			"faces": {
				"north": {"uv": [0, 7, 3.05, 9.975], "texture": "#0"},
				"east": {"uv": [13.3, 11.025, 16, 12.975], "texture": "#0"},
				"south": {"uv": [3.05, 7, 6, 9.975], "texture": "#0"},
				"west": {"uv": [9.05, 11, 12, 12.975], "texture": "#0"},
				"up": {"uv": [3.05, 7, 6, 9.975], "texture": "#0"},
				"down": {"uv": [3.05, 7, 6, 9.975], "texture": "#0"}
			}
		},
		{
			"from": [6.025, 1.875, 7.1],
			"to": [6.525, 4.875, 7.9],
			"faces": {
				"north": {"uv": [0, 7, 3, 10], "texture": "#0"},
				"east": {"uv": [13, 11, 13.55, 13], "texture": "#0"},
				"south": {"uv": [3, 7, 6, 10], "texture": "#0"},
				"west": {"uv": [10, 11, 10.8, 13], "texture": "#0"},
				"up": {"uv": [3, 7, 6, 9.975], "texture": "#0"},
				"down": {"uv": [3, 7, 6, 10], "texture": "#0"}
			}
		}
	],
	"display": {
		"thirdperson_righthand": {
			"rotation": [0, -90, 0],
			"translation": [-0.75, 4.5, 1],
			"scale": [1.35, 1.35, 1.35]
		},
		"thirdperson_lefthand": {
			"rotation": [0, -90, 0],
			"translation": [-0.75, 4.5, 1],
			"scale": [-1.35, 1.35, 1.35]
		},
		"firstperson_righthand": {
			"rotation": [0, -84, 0],
			"translation": [2, 3.75, 0]
		},
		"firstperson_lefthand": {
			"rotation": [0, -84, 0],
			"translation": [2, 3.75, 0],
			"scale": [-1, 1, 1]
		},
		"ground": {
			"rotation": [22, 28, 0],
			"translation": [0, 4.75, 0]
		},
		"gui": {
			"rotation": [-30, -26, -39],
			"translation": [0, -1, 0],
			"scale": [1.2, 1.2, 1.2]
		},
		"head": {
			"rotation": [0, 0, -97],
			"translation": [-5.75, 2, 0.5],
			"scale": [1.5, 1.5, 1.5]
		},
		"fixed": {
			"rotation": [0, 0, -180],
			"translation": [0, -12.75, 0.5],
			"scale": [3, 3, 3]
		}
	}
}