{
	"credit": "Made with Blockbench",
	"textures": {
		"0": "item/sus",
		"particle": "item/sus"
	},
	"elements": [
		{
			"from": [5, 0, 8],
			"to": [7, 2, 10],
			"faces": {
				"north": {"uv": [0.5, 0.5, 1.5, 1.5], "texture": "#0"},
				"east": {"uv": [0.5, 0.5, 1.5, 1.5], "texture": "#0"},
				"south": {"uv": [0.5, 0.5, 1.5, 1.5], "texture": "#0"},
				"west": {"uv": [0.5, 0.5, 1.5, 1.5], "texture": "#0"},
				"up": {"uv": [0.5, 0.5, 1.5, 1.5], "texture": "#0"},
				"down": {"uv": [0.5, 0.5, 1.5, 1.5], "texture": "#0"}
			}
		},
		{
			"from": [7, 8, 8],
			"to": [9, 10, 10],
			"faces": {
				"north": {"uv": [2.5, 0.5, 3.5, 1.5], "texture": "#0"},
				"east": {"uv": [2.5, 0.5, 3.5, 1.5], "texture": "#0"},
				"south": {"uv": [2.5, 0.5, 3.5, 1.5], "texture": "#0"},
				"west": {"uv": [2.5, 0.5, 3.5, 1.5], "texture": "#0"},
				"up": {"uv": [2.5, 0.5, 3.5, 1.5], "texture": "#0"},
				"down": {"uv": [2.5, 0.5, 3.5, 1.5], "texture": "#0"}
			}
		},
		{
			"from": [9, 0, 8],
			"to": [11, 2, 10],
			"faces": {
				"north": {"uv": [0.5, 0.5, 1.5, 1.5], "texture": "#0"},
				"east": {"uv": [0.5, 0.5, 1.5, 1.5], "texture": "#0"},
				"south": {"uv": [0.5, 0.5, 1.5, 1.5], "texture": "#0"},
				"west": {"uv": [0.5, 0.5, 1.5, 1.5], "texture": "#0"},
				"up": {"uv": [0.5, 0.5, 1.5, 1.5], "texture": "#0"},
				"down": {"uv": [0.5, 0.5, 1.5, 1.5], "texture": "#0"}
			}
		},
		{
			"from": [7, 2, 8],
			"to": [9, 8, 10],
			"faces": {
				"north": {"uv": [0.5, 0.5, 1.5, 1.5], "texture": "#0"},
				"east": {"uv": [0.5, 0.5, 1.5, 1.5], "texture": "#0"},
				"south": {"uv": [0.5, 0.5, 1.5, 1.5], "texture": "#0"},
				"west": {"uv": [0.5, 0.5, 1.5, 1.5], "texture": "#0"},
				"up": {"uv": [0.5, 0.5, 1.5, 1.5], "texture": "#0"},
				"down": {"uv": [0.5, 0.5, 1.5, 1.5], "texture": "#0"}
			}
		}
	],
	"display": {
		"thirdperson_righthand": {
			"rotation": [-180, 0, 0],
			"translation": [-5.5, 5.5, 11.5]
		},
		"thirdperson_lefthand": {
			"rotation": [-180, 0, 0],
			"translation": [-5.5, 5.5, 11.5]
		},
		"firstperson_righthand": {
			"translation": [-9.25, 11.25, 0],
			"scale": [4, 1, 1]
		},
		"firstperson_lefthand": {
			"translation": [-9.25, 11.25, 0],
			"scale": [4, 1, 1]
		},
		"ground": {
			"rotation": [-180, 0, 0],
			"translation": [0, 4.5, 1],
			"scale": [4, 4, 4]
		},
		"gui": {
			"rotation": [27, 21, 128],
			"translation": [-9.5, -6, 0],
			"scale": [4, 4, 4]
		},
		"head": {
			"rotation": [91, 0, 0],
			"translation": [0, -3.75, -7.25]
		},
		"fixed": {
			"rotation": [-90, 0, 0],
			"translation": [0, -4.25, -8.5],
			"scale": [4, 4, 4]
		}
	}
}
