{
	"credit": "Made with Blockbench",
	"textures": {
		"0": "item/tree",
		"particle": "item/tree"
	},
	"elements": [
		{
			"from": [7, 0, 7],
			"to": [9, 10, 9],
			"faces": {
				"north": {"uv": [0, 0, 4, 10], "texture": "#0"},
				"east": {"uv": [4, 0, 8, 10], "texture": "#0"},
				"south": {"uv": [8, 0, 12, 10], "texture": "#0"},
				"west": {"uv": [12, 0, 16, 10], "texture": "#0"},
				"up": {"uv": [0, 10, 6, 16], "texture": "#0"},
				"down": {"uv": [0, 10, 6, 16], "texture": "#0"}
			}
		},
		{
			"from": [5, 4, 3],
			"to": [11, 10, 7],
			"faces": {
				"north": {"uv": [6, 10, 12, 16], "texture": "#0"},
				"east": {"uv": [6, 10, 12, 16], "texture": "#0"},
				"south": {"uv": [6, 10, 12, 16], "texture": "#0"},
				"west": {"uv": [6, 10, 12, 16], "texture": "#0"},
				"up": {"uv": [6, 10, 12, 16], "texture": "#0"},
				"down": {"uv": [6, 10, 12, 16], "texture": "#0"}
			}
		},
		{
			"from": [5, 4, 9],
			"to": [11, 10, 13],
			"faces": {
				"north": {"uv": [6, 10, 12, 16], "texture": "#0"},
				"east": {"uv": [6, 10, 12, 16], "texture": "#0"},
				"south": {"uv": [6, 10, 12, 16], "texture": "#0"},
				"west": {"uv": [6, 10, 12, 16], "texture": "#0"},
				"up": {"uv": [6, 10, 12, 16], "texture": "#0"},
				"down": {"uv": [6, 10, 12, 16], "texture": "#0"}
			}
		},
		{
			"from": [5, 4, 7],
			"to": [7, 10, 9],
			"faces": {
				"north": {"uv": [6, 10, 8, 16], "texture": "#0"},
				"east": {"uv": [6, 10, 8, 16], "texture": "#0"},
				"south": {"uv": [6, 10, 8, 16], "texture": "#0"},
				"west": {"uv": [6, 10, 8, 16], "texture": "#0"},
				"up": {"uv": [6, 10, 8, 16], "texture": "#0"},
				"down": {"uv": [6, 10, 8, 16], "texture": "#0"}
			}
		},
		{
			"from": [3, 4, 5],
			"to": [5, 10, 11],
			"faces": {
				"north": {"uv": [6, 10, 8, 16], "texture": "#0"},
				"east": {"uv": [6, 10, 8, 16], "texture": "#0"},
				"south": {"uv": [6, 10, 8, 16], "texture": "#0"},
				"west": {"uv": [6, 10, 8, 16], "texture": "#0"},
				"up": {"uv": [6, 10, 8, 16], "texture": "#0"},
				"down": {"uv": [6, 10, 8, 16], "texture": "#0"}
			}
		},
		{
			"from": [9, 4, 7],
			"to": [11, 10, 9],
			"faces": {
				"north": {"uv": [6, 10, 8, 16], "texture": "#0"},
				"east": {"uv": [6, 10, 8, 16], "texture": "#0"},
				"south": {"uv": [6, 10, 8, 16], "texture": "#0"},
				"west": {"uv": [6, 10, 8, 16], "texture": "#0"},
				"up": {"uv": [6, 10, 8, 16], "texture": "#0"},
				"down": {"uv": [6, 10, 8, 16], "texture": "#0"}
			}
		},
		{
			"from": [11, 4, 5],
			"to": [13, 10, 11],
			"faces": {
				"north": {"uv": [6, 10, 8, 16], "texture": "#0"},
				"east": {"uv": [6, 10, 8, 16], "texture": "#0"},
				"south": {"uv": [6, 10, 8, 16], "texture": "#0"},
				"west": {"uv": [6, 10, 8, 16], "texture": "#0"},
				"up": {"uv": [6, 10, 8, 16], "texture": "#0"},
				"down": {"uv": [6, 10, 8, 16], "texture": "#0"}
			}
		},
		{
			"from": [7, 10, 5],
			"to": [9, 14, 11],
			"faces": {
				"north": {"uv": [6, 10, 8, 14], "texture": "#0"},
				"east": {"uv": [6, 10, 8, 14], "texture": "#0"},
				"south": {"uv": [6, 10, 8, 14], "texture": "#0"},
				"west": {"uv": [6, 10, 8, 14], "texture": "#0"},
				"up": {"uv": [6, 10, 8, 14], "texture": "#0"},
				"down": {"uv": [6, 10, 8, 14], "texture": "#0"}
			}
		},
		{
			"from": [5, 10, 7],
			"to": [7, 14, 9],
			"faces": {
				"north": {"uv": [6, 10, 8, 14], "texture": "#0"},
				"east": {"uv": [6, 10, 8, 14], "texture": "#0"},
				"south": {"uv": [6, 10, 8, 14], "texture": "#0"},
				"west": {"uv": [6, 10, 8, 14], "texture": "#0"},
				"up": {"uv": [6, 10, 8, 14], "texture": "#0"},
				"down": {"uv": [6, 10, 8, 14], "texture": "#0"}
			}
		},
		{
			"from": [3, 4, 3],
			"to": [5, 8, 5],
			"faces": {
				"north": {"uv": [6, 10, 8, 14], "texture": "#0"},
				"east": {"uv": [6, 10, 8, 14], "texture": "#0"},
				"south": {"uv": [6, 10, 8, 14], "texture": "#0"},
				"west": {"uv": [6, 10, 8, 14], "texture": "#0"},
				"up": {"uv": [6, 10, 8, 14], "texture": "#0"},
				"down": {"uv": [6, 10, 8, 14], "texture": "#0"}
			}
		},
		{
			"from": [3, 4, 11],
			"to": [5, 8, 13],
			"faces": {
				"north": {"uv": [6, 10, 8, 14], "texture": "#0"},
				"east": {"uv": [6, 10, 8, 14], "texture": "#0"},
				"south": {"uv": [6, 10, 8, 14], "texture": "#0"},
				"west": {"uv": [6, 10, 8, 14], "texture": "#0"},
				"up": {"uv": [6, 10, 8, 14], "texture": "#0"},
				"down": {"uv": [6, 10, 8, 14], "texture": "#0"}
			}
		},
		{
			"from": [11, 4, 11],
			"to": [13, 8, 13],
			"faces": {
				"north": {"uv": [6, 10, 8, 14], "texture": "#0"},
				"east": {"uv": [6, 10, 8, 14], "texture": "#0"},
				"south": {"uv": [6, 10, 8, 14], "texture": "#0"},
				"west": {"uv": [6, 10, 8, 14], "texture": "#0"},
				"up": {"uv": [6, 10, 8, 14], "texture": "#0"},
				"down": {"uv": [6, 10, 8, 14], "texture": "#0"}
			}
		},
		{
			"from": [11, 4, 3],
			"to": [13, 8, 5],
			"faces": {
				"north": {"uv": [6, 10, 8, 14], "texture": "#0"},
				"east": {"uv": [6, 10, 8, 14], "texture": "#0"},
				"south": {"uv": [6, 10, 8, 14], "texture": "#0"},
				"west": {"uv": [6, 10, 8, 14], "texture": "#0"},
				"up": {"uv": [6, 10, 8, 14], "texture": "#0"},
				"down": {"uv": [6, 10, 8, 14], "texture": "#0"}
			}
		},
		{
			"from": [9, 10, 7],
			"to": [11, 14, 9],
			"faces": {
				"north": {"uv": [6, 10, 8, 14], "texture": "#0"},
				"east": {"uv": [6, 10, 8, 14], "texture": "#0"},
				"south": {"uv": [6, 10, 8, 14], "texture": "#0"},
				"west": {"uv": [6, 10, 8, 14], "texture": "#0"},
				"up": {"uv": [6, 10, 8, 14], "texture": "#0"},
				"down": {"uv": [6, 10, 8, 14], "texture": "#0"}
			}
		}
	],
	"display": {
		"thirdperson_righthand": {
			"translation": [0, 6.5, 1]
		},
		"thirdperson_lefthand": {
			"translation": [0, 6.5, 1]
		},
		"firstperson_righthand": {
			"rotation": [0, 28, 0],
			"translation": [2.25, 7.5, 0]
		},
		"firstperson_lefthand": {
			"rotation": [0, 28, 0],
			"translation": [2.25, 7.5, 0]
		},
		"ground": {
			"translation": [0, 8.5, 0],
			"scale": [1.5, 1.5, 1.5]
		},
		"gui": {
			"rotation": [0, 70, 0],
			"translation": [0, 0.25, 0]
		},
		"head": {
			"translation": [0, 18, 0],
			"scale": [1.5, 1.5, 1.5]
		},
		"fixed": {
			"rotation": [-27, 0, 0],
			"translation": [0, 3.5, -6.25],
			"scale": [2, 2, 2]
		}
	}
}
