{
	"credit": "Made with Blockbench",
	"textures": {
		"0": "item/walking_stick",
		"particle": "item/walking_stick"
	},
	"elements": [
		{
			"from": [7.175, 1.25, 7.15],
			"to": [7.85, 7.75, 7.85],
			"faces": {
				"north": {"uv": [2, 2, 2.675, 8.5], "texture": "#0"},
				"east": {"uv": [2, 2, 2.675, 8.5], "texture": "#0"},
				"south": {"uv": [2, 2, 2.675, 8.5], "texture": "#0"},
				"west": {"uv": [2, 2, 2.675, 8.5], "texture": "#0"},
				"up": {"uv": [2, 2, 2.675, 8.5], "texture": "#0"},
				"down": {"uv": [2, 2, 2.675, 8.5], "texture": "#0"}
			}
		},
		{
			"from": [7.175, 0, 7.15],
			"to": [7.85, 1.25, 7.85],
			"faces": {
				"north": {"uv": [6, 0, 6.675, 0.75], "texture": "#0"},
				"east": {"uv": [6, 0, 6.675, 0.75], "texture": "#0"},
				"south": {"uv": [6, 0, 6.675, 0.75], "texture": "#0"},
				"west": {"uv": [6, 0, 6.675, 0.75], "texture": "#0"},
				"up": {"uv": [6, 0, 6.675, 0.75], "texture": "#0"},
				"down": {"uv": [6, 0, 6.675, 0.75], "texture": "#0"}
			}
		},
		{
			"from": [7.075, 7.75, 7.05],
			"to": [7.95, 13.5, 7.95],
			"faces": {
				"north": {"uv": [0, 2, 0.875, 7.75], "texture": "#0"},
				"east": {"uv": [0, 2, 0.875, 7.75], "texture": "#0"},
				"south": {"uv": [0, 2, 0.875, 7.75], "texture": "#0"},
				"west": {"uv": [0, 2, 0.875, 7.75], "texture": "#0"},
				"up": {"uv": [0, 2, 0.875, 7.75], "texture": "#0"},
				"down": {"uv": [0, 2, 0.875, 7.75], "texture": "#0"}
			}
		},
		{
			"from": [6.55, 13.5, 7.05],
			"to": [7.5, 14, 7.95],
			"faces": {
				"north": {"uv": [6, 0, 6.95, 0.5], "texture": "#0"},
				"east": {"uv": [6, 0, 6.95, 0.5], "texture": "#0"},
				"south": {"uv": [6, 0, 6.95, 0.5], "texture": "#0"},
				"west": {"uv": [6, 0, 6.95, 0.5], "texture": "#0"},
				"up": {"uv": [6, 0, 6.95, 0.5], "texture": "#0"},
				"down": {"uv": [6, 0, 6.95, 0.5], "texture": "#0"}
			}
		},
		{
			"from": [7.5, 13.5, 7.05],
			"to": [8.45, 14, 7.95],
			"faces": {
				"north": {"uv": [8, 0, 8.95, 0.5], "texture": "#0"},
				"east": {"uv": [8, 0, 8.95, 0.5], "texture": "#0"},
				"south": {"uv": [8, 0, 8.95, 0.5], "texture": "#0"},
				"west": {"uv": [8, 0, 8.95, 0.5], "texture": "#0"},
				"up": {"uv": [8, 0, 8.95, 0.5], "texture": "#0"},
				"down": {"uv": [8, 0, 8.95, 0.5], "texture": "#0"}
			}
		},
		{
			"from": [6.5, 14, 7],
			"to": [8.5, 14.5, 8],
			"faces": {
				"north": {"uv": [0.25, 0.25, 1.5, 0.75], "texture": "#0"},
				"east": {"uv": [0.25, 0.25, 1.5, 0.75], "texture": "#0"},
				"south": {"uv": [0.25, 0.25, 1.5, 0.75], "texture": "#0"},
				"west": {"uv": [0.25, 0.25, 1.5, 0.75], "texture": "#0"},
				"up": {"uv": [0.25, 0.25, 1.5, 0.75], "texture": "#0"},
				"down": {"uv": [0.25, 0.25, 1.5, 0.75], "texture": "#0"}
			}
		},
		{
			"from": [6.5, 14.5, 7],
			"to": [8.5, 15, 8],
			"faces": {
				"north": {"uv": [3.25, 0.25, 4.75, 0.75], "texture": "#0"},
				"east": {"uv": [3.25, 0.25, 4.75, 0.75], "texture": "#0"},
				"south": {"uv": [3.25, 0.25, 4.75, 0.75], "texture": "#0"},
				"west": {"uv": [3.25, 0.25, 4.75, 0.75], "texture": "#0"},
				"up": {"uv": [3.25, 0.25, 4.75, 0.75], "texture": "#0"},
				"down": {"uv": [3.25, 0.25, 4.75, 0.75], "texture": "#0"}
			}
		},
		{
			"from": [5.5, 14, 7],
			"to": [6, 14.5, 8],
			"faces": {
				"north": {"uv": [1, 0, 1.5, 0.5], "texture": "#0"},
				"east": {"uv": [1, 0, 1.5, 0.5], "texture": "#0"},
				"south": {"uv": [1, 0, 1.5, 0.5], "texture": "#0"},
				"west": {"uv": [1, 0, 1.5, 0.5], "texture": "#0"},
				"up": {"uv": [1, 0, 1.5, 0.5], "texture": "#0"},
				"down": {"uv": [1, 0, 1.5, 0.5], "texture": "#0"}
			}
		},
		{
			"from": [6, 14, 7],
			"to": [6.5, 14.5, 8],
			"faces": {
				"north": {"uv": [4, 0, 4.5, 0.5], "texture": "#0"},
				"east": {"uv": [4, 0, 4.5, 0.5], "texture": "#0"},
				"south": {"uv": [4, 0, 4.5, 0.5], "texture": "#0"},
				"west": {"uv": [4, 0, 4.5, 0.5], "texture": "#0"},
				"up": {"uv": [4, 0, 4.5, 0.5], "texture": "#0"},
				"down": {"uv": [4, 0, 4.5, 0.5], "texture": "#0"}
			}
		},
		{
			"from": [5.5, 14.5, 7],
			"to": [6, 15, 8],
			"faces": {
				"north": {"uv": [4, 0, 4.5, 0.5], "texture": "#0"},
				"east": {"uv": [4, 0, 4.5, 0.5], "texture": "#0"},
				"south": {"uv": [4, 0, 4.5, 0.5], "texture": "#0"},
				"west": {"uv": [4, 0, 4.5, 0.5], "texture": "#0"},
				"up": {"uv": [4, 0, 4.5, 0.5], "texture": "#0"},
				"down": {"uv": [4, 0, 4.5, 0.5], "texture": "#0"}
			}
		},
		{
			"from": [9, 14, 7],
			"to": [9.5, 14.5, 8],
			"faces": {
				"north": {"uv": [1, 0, 1.5, 0.5], "texture": "#0"},
				"east": {"uv": [1, 0, 1.5, 0.5], "texture": "#0"},
				"south": {"uv": [1, 0, 1.5, 0.5], "texture": "#0"},
				"west": {"uv": [1, 0, 1.5, 0.5], "texture": "#0"},
				"up": {"uv": [1, 0, 1.5, 0.5], "texture": "#0"},
				"down": {"uv": [1, 0, 1.5, 0.5], "texture": "#0"}
			}
		},
		{
			"from": [8.5, 14, 7],
			"to": [9, 14.5, 8],
			"faces": {
				"north": {"uv": [4, 0, 4.5, 0.5], "texture": "#0"},
				"east": {"uv": [4, 0, 4.5, 0.5], "texture": "#0"},
				"south": {"uv": [4, 0, 4.5, 0.5], "texture": "#0"},
				"west": {"uv": [4, 0, 4.5, 0.5], "texture": "#0"},
				"up": {"uv": [4, 0, 4.5, 0.5], "texture": "#0"},
				"down": {"uv": [4, 0, 4.5, 0.5], "texture": "#0"}
			}
		},
		{
			"from": [9, 14.5, 7],
			"to": [9.5, 15, 8],
			"faces": {
				"north": {"uv": [4, 0, 4.5, 0.5], "texture": "#0"},
				"east": {"uv": [4, 0, 4.5, 0.5], "texture": "#0"},
				"south": {"uv": [4, 0, 4.5, 0.5], "texture": "#0"},
				"west": {"uv": [4, 0, 4.5, 0.5], "texture": "#0"},
				"up": {"uv": [4, 0, 4.5, 0.5], "texture": "#0"},
				"down": {"uv": [4, 0, 4.5, 0.5], "texture": "#0"}
			}
		}
	],
	"display": {
		"thirdperson_righthand": {
			"rotation": [67, 0, 0],
			"translation": [0.5, -4.5, -6.25]
		},
		"thirdperson_lefthand": {
			"rotation": [67, 0, 0],
			"translation": [-0.5, -4.5, -6.25]
		},
		"firstperson_righthand": {
			"translation": [4, -5.25, 0],
			"scale": [1.5, 1.5, 1.5]
		},
		"firstperson_lefthand": {
			"translation": [2.5, -5.25, 0],
			"scale": [1.5, 1.5, 1.5]
		},
		"ground": {
			"rotation": [65, 0, 0],
			"translation": [0, 2, 0],
			"scale": [1.5, 1.5, 1.5]
		},
		"head": {
			"translation": [0.85, 14.2, 1],
			"scale": [1.75, 1.75, 1.75]
		},
		"fixed": {
			"translation": [2, -18.5, 0],
			"scale": [4, 4, 4]
		}
	}
}