﻿{
	"parent": "item/handheld",
	"textures": {
	"layer0": "item/diamond_pickaxe"
	},
	
	"overrides": [
		{"predicate": {"custom_model_data":1}, "model": "item/mass/masse1"},
		{"predicate": {"custom_model_data":2}, "model": "item/mass/masse2"},
		{"predicate": {"custom_model_data":3}, "model": "item/mass/masse3"},
		{"predicate": {"custom_model_data":4}, "model": "item/mass/masse4"},
		{"predicate": {"custom_model_data":5}, "model": "item/mass/marteau1"},
		{"predicate": {"custom_model_data":6}, "model": "item/mass/marteau2"}
	]
   }