{
	"credit": "Made with Blockbench",
	"texture_size": [32, 32],
	"textures": {
		"0": "item/meme",
		"particle": "item/meme"
	},
	"elements": [
		{
			"from": [8, -8, 7],
			"to": [9.5, 2, 8.5],
			"rotation": {"angle": 0, "axis": "y", "origin": [0, -12, 0]},
			"faces": {
				"north": {"uv": [0, 0, 0.75, 5], "texture": "#0"},
				"east": {"uv": [1, 0, 1.75, 5], "texture": "#0"},
				"south": {"uv": [2, 0, 2.75, 5], "texture": "#0"},
				"west": {"uv": [3, 0, 3.75, 5], "texture": "#0"},
				"up": {"uv": [10.25, 2.75, 9.5, 2], "texture": "#0"},
				"down": {"uv": [10.25, 3, 9.5, 3.75], "texture": "#0"}
			}
		},
		{
			"from": [7.75, 2, 6.75],
			"to": [9.75, 8, 8.75],
			"rotation": {"angle": 0, "axis": "y", "origin": [0, -12, 0]},
			"faces": {
				"north": {"uv": [4, 0, 5, 3], "texture": "#0"},
				"east": {"uv": [4, 3, 5, 6], "texture": "#0"},
				"south": {"uv": [0, 5, 1, 8], "texture": "#0"},
				"west": {"uv": [5, 0, 6, 3], "texture": "#0"},
				"up": {"uv": [9, 1, 8, 0], "texture": "#0"},
				"down": {"uv": [1.5, 8, 0.5, 9], "texture": "#0"}
			}
		},
		{
			"from": [4.2, 10, 6.75],
			"to": [5.2, 15, 8.85],
			"rotation": {"angle": 0, "axis": "y", "origin": [0, -12, 0]},
			"faces": {
				"north": {"uv": [7.5, 7.5, 8, 10], "texture": "#0"},
				"east": {"uv": [6, 0, 7, 2.5], "texture": "#0"},
				"south": {"uv": [0, 8, 0.5, 10.5], "texture": "#0"},
				"west": {"uv": [6, 2.5, 7, 5], "texture": "#0"},
				"up": {"uv": [7.5, 10.5, 7, 9.5], "texture": "#0"},
				"down": {"uv": [2.5, 10, 2, 11], "texture": "#0"}
			}
		},
		{
			"from": [-15.75, 9.8, 6.75],
			"to": [-14.25, 15.2, 8.75],
			"rotation": {"angle": -45, "axis": "z", "origin": [0, -12, 0]},
			"faces": {
				"north": {"uv": [4, 6, 4.75, 8.75], "texture": "#0"},
				"east": {"uv": [3, 5, 4, 7.75], "texture": "#0"},
				"south": {"uv": [5, 6, 5.75, 8.75], "texture": "#0"},
				"west": {"uv": [5, 3, 6, 5.75], "texture": "#0"},
				"up": {"uv": [1.75, 10, 1, 9], "texture": "#0"},
				"down": {"uv": [2.75, 9, 2, 10], "texture": "#0"}
			}
		},
		{
			"from": [-12.8, 14.1, 6.8],
			"to": [-11.4, 17.6, 8.7],
			"rotation": {"angle": -45, "axis": "z", "origin": [0, -12, 0]},
			"faces": {
				"north": {"uv": [7.5, 3.5, 8.25, 5.25], "texture": "#0"},
				"east": {"uv": [6, 5, 7, 6.75], "texture": "#0"},
				"south": {"uv": [7.5, 5.5, 8.25, 7.25], "texture": "#0"},
				"west": {"uv": [7, 0, 8, 1.75], "texture": "#0"},
				"up": {"uv": [5.25, 10, 4.5, 9], "texture": "#0"},
				"down": {"uv": [9.75, 7, 9, 8], "texture": "#0"}
			}
		},
		{
			"from": [-13.5, 16, 6.85],
			"to": [-12.2, 17.59, 8.65],
			"rotation": {"angle": -45, "axis": "z", "origin": [0, -12, 0]},
			"faces": {
				"north": {"uv": [9.5, 4, 10.25, 4.75], "texture": "#0"},
				"east": {"uv": [9, 8, 10, 8.75], "texture": "#0"},
				"south": {"uv": [9.5, 5, 10.25, 5.75], "texture": "#0"},
				"west": {"uv": [9, 9, 10, 9.75], "texture": "#0"},
				"up": {"uv": [10.25, 1, 9.5, 0], "texture": "#0"},
				"down": {"uv": [10.25, 1, 9.5, 2], "texture": "#0"}
			}
		},
		{
			"from": [10.5, 16.5, 6.9],
			"to": [12, 17.5, 8.6],
			"rotation": {"angle": 0, "axis": "z", "origin": [0, -12, 0]},
			"faces": {
				"north": {"uv": [10, 7, 10.75, 7.5], "texture": "#0"},
				"east": {"uv": [7.5, 10, 8.25, 10.5], "texture": "#0"},
				"south": {"uv": [10, 7.5, 10.75, 8], "texture": "#0"},
				"west": {"uv": [10, 8, 10.75, 8.5], "texture": "#0"},
				"up": {"uv": [10.25, 6.75, 9.5, 6], "texture": "#0"},
				"down": {"uv": [1.75, 10, 1, 10.75], "texture": "#0"}
			}
		},
		{
			"from": [19, -5, 6.75],
			"to": [20, 1, 8.75],
			"rotation": {"angle": 45, "axis": "z", "origin": [0, -12, 0]},
			"faces": {
				"north": {"uv": [7, 2, 7.5, 5], "texture": "#0"},
				"east": {"uv": [1, 5, 2, 8], "texture": "#0"},
				"south": {"uv": [7, 5, 7.5, 8], "texture": "#0"},
				"west": {"uv": [2, 5, 3, 8], "texture": "#0"},
				"up": {"uv": [6, 10, 5.5, 9], "texture": "#0"},
				"down": {"uv": [4, 9.5, 3.5, 10.5], "texture": "#0"}
			}
		},
		{
			"from": [18.75, -3, 6.5],
			"to": [20.25, -2.5, 9],
			"rotation": {"angle": 45, "axis": "z", "origin": [0, -12, 0]},
			"faces": {
				"north": {"uv": [10.5, 1, 11.25, 1.25], "texture": "#0"},
				"east": {"uv": [10, 9, 11.25, 9.25], "texture": "#0"},
				"south": {"uv": [10.5, 1.5, 11.25, 1.75], "texture": "#0"},
				"west": {"uv": [10, 9.5, 11.25, 9.75], "texture": "#0"},
				"up": {"uv": [6.75, 9.75, 6, 8.5], "texture": "#0"},
				"down": {"uv": [8.75, 8.5, 8, 9.75], "texture": "#0"}
			}
		},
		{
			"from": [18.75, -2, 6.5],
			"to": [20.25, -1.5, 9],
			"rotation": {"angle": 45, "axis": "z", "origin": [0, -12, 0]},
			"faces": {
				"north": {"uv": [10.5, 0, 11.25, 0.25], "texture": "#0"},
				"east": {"uv": [8.5, 10, 9.75, 10.25], "texture": "#0"},
				"south": {"uv": [10.5, 0.5, 11.25, 0.75], "texture": "#0"},
				"west": {"uv": [10, 8.5, 11.25, 8.75], "texture": "#0"},
				"up": {"uv": [9.25, 5.25, 8.5, 4], "texture": "#0"},
				"down": {"uv": [9.25, 5.5, 8.5, 6.75], "texture": "#0"}
			}
		},
		{
			"from": [26, -0.5, 6.75],
			"to": [27, 2.5, 8.75],
			"rotation": {"angle": 45, "axis": "z", "origin": [0, -12, 0]},
			"faces": {
				"north": {"uv": [3, 9, 3.5, 10.5], "texture": "#0"},
				"east": {"uv": [6, 7, 7, 8.5], "texture": "#0"},
				"south": {"uv": [4, 9, 4.5, 10.5], "texture": "#0"},
				"west": {"uv": [7.5, 2, 8.5, 3.5], "texture": "#0"},
				"up": {"uv": [3, 11, 2.5, 10], "texture": "#0"},
				"down": {"uv": [5, 10, 4.5, 11], "texture": "#0"}
			}
		},
		{
			"from": [8.25, -11, 7.25],
			"to": [9.25, -8, 8.25],
			"rotation": {"angle": 0, "axis": "y", "origin": [0, -12, 0]},
			"faces": {
				"north": {"uv": [3.5, 8, 4, 9.5], "texture": "#0"},
				"east": {"uv": [7, 8, 7.5, 9.5], "texture": "#0"},
				"south": {"uv": [9, 0, 9.5, 1.5], "texture": "#0"},
				"west": {"uv": [0.5, 9, 1, 10.5], "texture": "#0"},
				"up": {"uv": [9, 7.5, 8.5, 7], "texture": "#0"},
				"down": {"uv": [9.5, 1.5, 9, 2], "texture": "#0"}
			}
		},
		{
			"from": [8.3, -15.6, 7.3],
			"to": [9.2, -13.6, 8.2],
			"rotation": {"angle": 22.5, "axis": "z", "origin": [0, -12, 0]},
			"faces": {
				"north": {"uv": [5, 10, 5.5, 11], "texture": "#0"},
				"east": {"uv": [5.5, 10, 6, 11], "texture": "#0"},
				"south": {"uv": [6, 10, 6.5, 11], "texture": "#0"},
				"west": {"uv": [6.5, 10, 7, 11], "texture": "#0"},
				"up": {"uv": [10.5, 10.5, 10, 10], "texture": "#0"},
				"down": {"uv": [0.5, 10.5, 0, 11], "texture": "#0"}
			}
		},
		{
			"from": [8, 11, 7],
			"to": [10, 13, 9],
			"faces": {
				"north": {"uv": [8, 1, 9, 2], "texture": "#0"},
				"east": {"uv": [1.5, 8, 2.5, 9], "texture": "#0"},
				"south": {"uv": [2.5, 8, 3.5, 9], "texture": "#0"},
				"west": {"uv": [8, 7.5, 9, 8.5], "texture": "#0"},
				"up": {"uv": [9.5, 3, 8.5, 2], "texture": "#0"},
				"down": {"uv": [9.5, 3, 8.5, 4], "texture": "#0"}
			}
		}
	]
}