{
	"credit": "Made with Blockbench",
	"textures": {
		"0": "item/slime",
		"particle": "item/slime"
	},
	"elements": [
		{
			"from": [4, 0, 5],
			"to": [10, 4, 11],
			"faces": {
				"north": {"uv": [6, 0, 12, 4], "texture": "#0"},
				"east": {"uv": [6, 4, 12, 8], "texture": "#0"},
				"south": {"uv": [6, 8, 12, 12], "texture": "#0"},
				"west": {"uv": [0, 12, 6, 16], "texture": "#0"},
				"up": {"uv": [6, 6, 0, 0], "texture": "#0"},
				"down": {"uv": [6, 6, 0, 12], "texture": "#0"}
			}
		},
		{
			"from": [3, 0, 6],
			"to": [4, 3, 10],
			"faces": {
				"north": {"uv": [14, 9, 15, 12], "texture": "#0"},
				"east": {"uv": [6, 12, 10, 15], "texture": "#0"},
				"south": {"uv": [14, 12, 15, 15], "texture": "#0"},
				"west": {"uv": [12, 6, 16, 9], "texture": "#0"},
				"up": {"uv": [12, 16, 11, 12], "texture": "#0"},
				"down": {"uv": [14, 9, 13, 13], "texture": "#0"}
			}
		},
		{
			"from": [10, 0, 6],
			"to": [11, 3, 10],
			"faces": {
				"north": {"uv": [12, 13, 13, 16], "texture": "#0"},
				"east": {"uv": [12, 0, 16, 3], "texture": "#0"},
				"south": {"uv": [13, 13, 14, 16], "texture": "#0"},
				"west": {"uv": [12, 3, 16, 6], "texture": "#0"},
				"up": {"uv": [13, 13, 12, 9], "texture": "#0"},
				"down": {"uv": [11, 12, 10, 16], "texture": "#0"}
			}
		}
	],
	"display": {
		"thirdperson_righthand": {
			"translation": [0, 7.5, 0]
		},
		"thirdperson_lefthand": {
			"translation": [0, 7, 0]
		},
		"firstperson_righthand": {
			"translation": [0, 5, 0]
		},
		"firstperson_lefthand": {
			"translation": [0, 4.25, 0]
		},
		"head": {
			"translation": [2, 22, -0.25],
			"scale": [2, 2, 2]
		}
	}
}