{
	"credit": "Made with Blockbench",
	"parent": "item/generated",
	"textures": {
		"layer0": "item/legende2"
	},
	"display": {
		"thirdperson_righthand": {
			"rotation": [140.46, -88.78, -175.57],
			"translation": [0, 27.75, 3.25],
			"scale": [3.4, 3.4, 1]
		},
		"thirdperson_lefthand": {
			"rotation": [65.8, 1.86, 177.96],
			"translation": [2.5, -11.25, -3.75],
			"scale": [3.01, 3.01, 1]
		},
		"firstperson_righthand": {
			"rotation": [172.31, -70, -148.11],
			"translation": [4.25, 20, 0.25],
			"scale": [2.43, 2.39, 1]
		},
		"firstperson_lefthand": {
			"rotation": [-129.5, -86.25, 180],
			"translation": [3.75, 7, 0],
			"scale": [0, 0, 0]
		},
		"ground": {
			"rotation": [85.81, -2.23, 4.52],
			"translation": [5.25, -2.75, 6.5],
			"scale": [1.99, 1.99, 0.6]
		},
		"gui": {
			"rotation": [-180, 0, -90],
			"translation": [7, 5.5, 0],
			"scale": [1.70203, 1.75281, 1]
		},
		"head": {
			"translation": [0, 0, 3.25]
		}
	}
}