{
	"credit": "Made with Blockbench",
	"texture_size": [32, 32],
	"textures": {
		"0": "items/vs_frostfestivalbow",
		"1": "item/arrow",
		"particle": "items/vs_frostfestivalbow"
	},
	"elements": [
		{
			"from": [4, 4, 7],
			"to": [9, 5, 8],
			"faces": {
				"north": {"uv": [0, 2, 2.5, 2.5], "texture": "#0"},
				"east": {"uv": [6.5, 4, 7, 4.5], "texture": "#0"},
				"south": {"uv": [0, 2.5, 2.5, 3], "texture": "#0"},
				"west": {"uv": [1.5, 7, 2, 7.5], "texture": "#0"},
				"up": {"uv": [5, 2.5, 2.5, 2], "texture": "#0"},
				"down": {"uv": [5, 2.5, 2.5, 3], "texture": "#0"}
			}
		},
		{
			"from": [9.25, 4.6, 7],
			"to": [13, 5.6, 8],
			"rotation": {"angle": 22.5, "axis": "z", "origin": [11.5, 4.5, 7.5]},
			"faces": {
				"north": {"uv": [0, 3, 1.875, 3.5], "texture": "#0"},
				"east": {"uv": [2, 7, 2.5, 7.5], "texture": "#0"},
				"south": {"uv": [2, 3, 3.875, 3.5], "texture": "#0"},
				"west": {"uv": [2.5, 7, 3, 7.5], "texture": "#0"},
				"up": {"uv": [1.875, 4, 0, 3.5], "texture": "#0"},
				"down": {"uv": [3.875, 3.5, 2, 4], "texture": "#0"}
			}
		},
		{
			"from": [12.44427, 5.18701, 7],
			"to": [14.69427, 6.18701, 8],
			"rotation": {"angle": 0, "axis": "z", "origin": [12.19427, 5.43701, 7.5]},
			"faces": {
				"north": {"uv": [2, 5.5, 3.125, 6], "texture": "#0"},
				"east": {"uv": [3, 7, 3.5, 7.5], "texture": "#0"},
				"south": {"uv": [3.5, 5.5, 4.625, 6], "texture": "#0"},
				"west": {"uv": [3.5, 7, 4, 7.5], "texture": "#0"},
				"up": {"uv": [3.125, 6.5, 2, 6], "texture": "#0"},
				"down": {"uv": [7.125, 2, 6, 2.5], "texture": "#0"}
			}
		},
		{
			"from": [14.44427, 5.18701, 7.2],
			"to": [18.29427, 6.18701, 7.8],
			"rotation": {"angle": 22.5, "axis": "z", "origin": [15.56927, 5.68701, 7.5]},
			"faces": {
				"north": {"uv": [0, 4, 1.875, 4.5], "texture": "#0"},
				"east": {"uv": [4, 7, 4.25, 7.5], "texture": "#0"},
				"south": {"uv": [2, 4, 3.875, 4.5], "texture": "#0"},
				"west": {"uv": [3, 7.5, 3.25, 8], "texture": "#0"},
				"up": {"uv": [6.375, 6.25, 4.5, 6], "texture": "#0"},
				"down": {"uv": [7.875, 4.5, 6, 4.75], "texture": "#0"}
			}
		},
		{
			"from": [17.84427, 4.28701, 7.3],
			"to": [21.49427, 5.28701, 7.7],
			"rotation": {"angle": 45, "axis": "z", "origin": [15.56927, 5.68701, 7.5]},
			"faces": {
				"north": {"uv": [4, 3, 5.875, 3.5], "texture": "#0"},
				"east": {"uv": [3.5, 7.5, 3.75, 8], "texture": "#0"},
				"south": {"uv": [4, 3.5, 5.875, 4], "texture": "#0"},
				"west": {"uv": [4, 7.5, 4.25, 8], "texture": "#0"},
				"up": {"uv": [7.875, 5.25, 6, 5], "texture": "#0"},
				"down": {"uv": [7.875, 5.5, 6, 5.75], "texture": "#0"}
			}
		},
		{
			"from": [9, 3.1, 6.9],
			"to": [10, 5.9, 8.1],
			"faces": {
				"north": {"uv": [1, 5.5, 1.5, 6.875], "texture": "#0"},
				"east": {"uv": [4, 4, 4.625, 5.375], "texture": "#0"},
				"south": {"uv": [1.5, 5.5, 2, 6.875], "texture": "#0"},
				"west": {"uv": [0, 4.5, 0.625, 5.875], "texture": "#0"},
				"up": {"uv": [1, 7.625, 0.5, 7], "texture": "#0"},
				"down": {"uv": [1.5, 7, 1, 7.625], "texture": "#0"}
			}
		},
		{
			"from": [-4.00481, 3.73073, 7.465],
			"to": [-1.80481, 4.53073, 7.665],
			"rotation": {"angle": 22.5, "axis": "z", "origin": [-4.25481, 5.13073, 7.565]},
			"faces": {
				"north": {"uv": [6.5, 3, 7.625, 3.375], "rotation": 180, "texture": "#0"},
				"east": {"uv": [6.625, 8, 6.5, 8.375], "rotation": 180, "texture": "#0"},
				"south": {"uv": [7.625, 3, 6.5, 3.375], "rotation": 180, "texture": "#0"},
				"west": {"uv": [8.125, 6, 8, 6.375], "rotation": 180, "texture": "#0"},
				"up": {"uv": [7.5, 2, 8.625, 2.125], "texture": "#0"},
				"down": {"uv": [1.5, 7.625, 2.625, 7.5], "texture": "#0"}
			}
		},
		{
			"from": [-6.10481, 4.03073, 7.465],
			"to": [-5.10481, 4.23073, 7.665],
			"rotation": {"angle": 22.5, "axis": "z", "origin": [-4.25481, 5.13073, 7.565]},
			"faces": {
				"north": {"uv": [5, 8, 4.5, 8.125], "rotation": 180, "texture": "#0"},
				"east": {"uv": [4.625, 8.5, 4.5, 8.625], "rotation": 180, "texture": "#0"},
				"south": {"uv": [8.5, 4, 8, 4.125], "rotation": 180, "texture": "#0"},
				"west": {"uv": [8.625, 4, 8.5, 4.125], "rotation": 180, "texture": "#0"},
				"up": {"uv": [5, 8, 5.5, 8.125], "texture": "#0"},
				"down": {"uv": [8, 4.625, 8.5, 4.5], "texture": "#0"}
			}
		},
		{
			"from": [-5.10481, 3.83073, 7.465],
			"to": [-4.00481, 4.43073, 7.665],
			"rotation": {"angle": 22.5, "axis": "z", "origin": [-4.25481, 5.13073, 7.565]},
			"faces": {
				"north": {"uv": [6.375, 7.5, 6.875, 7.75], "rotation": 180, "texture": "#0"},
				"east": {"uv": [3.125, 8.5, 3, 8.75], "rotation": 180, "texture": "#0"},
				"south": {"uv": [7, 7.5, 6.5, 7.75], "rotation": 180, "texture": "#0"},
				"west": {"uv": [8.625, 2.5, 8.5, 2.75], "rotation": 180, "texture": "#0"},
				"up": {"uv": [4, 8, 4.5, 8.125], "texture": "#0"},
				"down": {"uv": [8, 3.625, 8.5, 3.5], "texture": "#0"}
			}
		},
		{
			"from": [-5.00481, 5.26137, 9.5],
			"to": [-3.90481, 5.86137, 9.7],
			"rotation": {"angle": 22.5, "axis": "x", "origin": [-9.15481, 10.46137, 7.5]},
			"faces": {
				"north": {"uv": [7, 7.5, 6.5, 7.75], "texture": "#0"},
				"east": {"uv": [3.125, 8.5, 3, 8.75], "texture": "#0"},
				"south": {"uv": [6.375, 7.5, 6.875, 7.75], "texture": "#0"},
				"west": {"uv": [8.625, 2.5, 8.5, 2.75], "texture": "#0"},
				"up": {"uv": [8, 3.625, 8.5, 3.5], "texture": "#0"},
				"down": {"uv": [4, 8, 4.5, 8.125], "texture": "#0"}
			}
		},
		{
			"from": [-6.00481, 5.46137, 9.5],
			"to": [-5.00481, 5.66137, 9.7],
			"rotation": {"angle": 22.5, "axis": "x", "origin": [-9.15481, 10.46137, 7.5]},
			"faces": {
				"north": {"uv": [8.5, 4, 8, 4.125], "texture": "#0"},
				"east": {"uv": [4.625, 8.5, 4.5, 8.625], "texture": "#0"},
				"south": {"uv": [5, 8, 4.5, 8.125], "texture": "#0"},
				"west": {"uv": [8.625, 4, 8.5, 4.125], "texture": "#0"},
				"up": {"uv": [8, 4.625, 8.5, 4.5], "texture": "#0"},
				"down": {"uv": [5, 8, 5.5, 8.125], "texture": "#0"}
			}
		},
		{
			"from": [-3.90481, 5.16137, 9.5],
			"to": [-1.70481, 5.96137, 9.7],
			"rotation": {"angle": 22.5, "axis": "x", "origin": [-9.15481, 10.46137, 7.5]},
			"faces": {
				"north": {"uv": [7.625, 3, 6.5, 3.375], "texture": "#0"},
				"east": {"uv": [6.625, 8, 6.5, 8.375], "texture": "#0"},
				"south": {"uv": [6.5, 3, 7.625, 3.375], "texture": "#0"},
				"west": {"uv": [8.125, 6, 8, 6.375], "texture": "#0"},
				"up": {"uv": [1.5, 7.625, 2.625, 7.5], "texture": "#0"},
				"down": {"uv": [7.5, 2, 8.625, 2.125], "texture": "#0"}
			}
		},
		{
			"from": [0.40105, 2.16199, 7.3],
			"to": [1.50105, 2.76199, 7.5],
			"rotation": {"angle": 45, "axis": "z", "origin": [1.15105, 3.56199, 7.6]},
			"faces": {
				"north": {"uv": [7, 7.5, 6.5, 7.75], "texture": "#0"},
				"east": {"uv": [3.125, 8.5, 3, 8.75], "texture": "#0"},
				"south": {"uv": [6.375, 7.5, 6.875, 7.75], "texture": "#0"},
				"west": {"uv": [8.625, 2.5, 8.5, 2.75], "texture": "#0"},
				"up": {"uv": [8, 3.625, 8.5, 3.5], "texture": "#0"},
				"down": {"uv": [4, 8, 4.5, 8.125], "texture": "#0"}
			}
		},
		{
			"from": [-0.59895, 2.36199, 7.3],
			"to": [0.40105, 2.56199, 7.5],
			"rotation": {"angle": 45, "axis": "z", "origin": [1.15105, 3.56199, 7.6]},
			"faces": {
				"north": {"uv": [8.5, 4, 8, 4.125], "texture": "#0"},
				"east": {"uv": [4.625, 8.5, 4.5, 8.625], "texture": "#0"},
				"south": {"uv": [5, 8, 4.5, 8.125], "texture": "#0"},
				"west": {"uv": [8.625, 4, 8.5, 4.125], "texture": "#0"},
				"up": {"uv": [8, 4.625, 8.5, 4.5], "texture": "#0"},
				"down": {"uv": [5, 8, 5.5, 8.125], "texture": "#0"}
			}
		},
		{
			"from": [1.50105, 2.06199, 7.3],
			"to": [3.70105, 2.86199, 7.5],
			"rotation": {"angle": 45, "axis": "z", "origin": [1.15105, 3.56199, 7.6]},
			"faces": {
				"north": {"uv": [7.625, 3, 6.5, 3.375], "texture": "#0"},
				"east": {"uv": [6.625, 8, 6.5, 8.375], "texture": "#0"},
				"south": {"uv": [6.5, 3, 7.625, 3.375], "texture": "#0"},
				"west": {"uv": [8.125, 6, 8, 6.375], "texture": "#0"},
				"up": {"uv": [1.5, 7.625, 2.625, 7.5], "texture": "#0"},
				"down": {"uv": [7.5, 2, 8.625, 2.125], "texture": "#0"}
			}
		},
		{
			"from": [2.59519, 3.06137, 7.5],
			"to": [4.79519, 3.86137, 7.7],
			"rotation": {"angle": 22.5, "axis": "z", "origin": [1.44519, 0.76137, 7.6]},
			"faces": {
				"north": {"uv": [7.625, 3, 6.5, 3.375], "texture": "#0"},
				"east": {"uv": [6.625, 8, 6.5, 8.375], "texture": "#0"},
				"south": {"uv": [6.5, 3, 7.625, 3.375], "texture": "#0"},
				"west": {"uv": [8.125, 6, 8, 6.375], "texture": "#0"},
				"up": {"uv": [1.5, 7.625, 2.625, 7.5], "texture": "#0"},
				"down": {"uv": [7.5, 2, 8.625, 2.125], "texture": "#0"}
			}
		},
		{
			"from": [0.49519, 3.36137, 7.5],
			"to": [1.49519, 3.56137, 7.7],
			"rotation": {"angle": 22.5, "axis": "z", "origin": [1.44519, 0.76137, 7.6]},
			"faces": {
				"north": {"uv": [8.5, 4, 8, 4.125], "texture": "#0"},
				"east": {"uv": [4.625, 8.5, 4.5, 8.625], "texture": "#0"},
				"south": {"uv": [5, 8, 4.5, 8.125], "texture": "#0"},
				"west": {"uv": [8.625, 4, 8.5, 4.125], "texture": "#0"},
				"up": {"uv": [8, 4.625, 8.5, 4.5], "texture": "#0"},
				"down": {"uv": [5, 8, 5.5, 8.125], "texture": "#0"}
			}
		},
		{
			"from": [1.49519, 3.16137, 7.5],
			"to": [2.59519, 3.76137, 7.7],
			"rotation": {"angle": 22.5, "axis": "z", "origin": [1.44519, 0.76137, 7.6]},
			"faces": {
				"north": {"uv": [7, 7.5, 6.5, 7.75], "texture": "#0"},
				"east": {"uv": [3.125, 8.5, 3, 8.75], "texture": "#0"},
				"south": {"uv": [6.375, 7.5, 6.875, 7.75], "texture": "#0"},
				"west": {"uv": [8.625, 2.5, 8.5, 2.75], "texture": "#0"},
				"up": {"uv": [8, 3.625, 8.5, 3.5], "texture": "#0"},
				"down": {"uv": [4, 8, 4.5, 8.125], "texture": "#0"}
			}
		},
		{
			"from": [-9.60481, 9.26137, 7.1],
			"to": [-7.40481, 10.06137, 7.3],
			"rotation": {"angle": -22.5, "axis": "x", "origin": [-9.15481, 10.46137, 7.5]},
			"faces": {
				"north": {"uv": [7.625, 3, 6.5, 3.375], "texture": "#0"},
				"east": {"uv": [6.625, 8, 6.5, 8.375], "texture": "#0"},
				"south": {"uv": [6.5, 3, 7.625, 3.375], "texture": "#0"},
				"west": {"uv": [8.125, 6, 8, 6.375], "texture": "#0"},
				"up": {"uv": [1.5, 7.625, 2.625, 7.5], "texture": "#0"},
				"down": {"uv": [7.5, 2, 8.625, 2.125], "texture": "#0"}
			}
		},
		{
			"from": [-11.70481, 9.56137, 7.1],
			"to": [-10.70481, 9.76137, 7.3],
			"rotation": {"angle": -22.5, "axis": "x", "origin": [-9.15481, 10.46137, 7.5]},
			"faces": {
				"north": {"uv": [8.5, 4, 8, 4.125], "texture": "#0"},
				"east": {"uv": [4.625, 8.5, 4.5, 8.625], "texture": "#0"},
				"south": {"uv": [5, 8, 4.5, 8.125], "texture": "#0"},
				"west": {"uv": [8.625, 4, 8.5, 4.125], "texture": "#0"},
				"up": {"uv": [8, 4.625, 8.5, 4.5], "texture": "#0"},
				"down": {"uv": [5, 8, 5.5, 8.125], "texture": "#0"}
			}
		},
		{
			"from": [-10.70481, 9.36137, 7.1],
			"to": [-9.60481, 9.96137, 7.3],
			"rotation": {"angle": -22.5, "axis": "x", "origin": [-9.15481, 10.46137, 7.5]},
			"faces": {
				"north": {"uv": [7, 7.5, 6.5, 7.75], "texture": "#0"},
				"east": {"uv": [3.125, 8.5, 3, 8.75], "texture": "#0"},
				"south": {"uv": [6.375, 7.5, 6.875, 7.75], "texture": "#0"},
				"west": {"uv": [8.625, 2.5, 8.5, 2.75], "texture": "#0"},
				"up": {"uv": [8, 3.625, 8.5, 3.5], "texture": "#0"},
				"down": {"uv": [4, 8, 4.5, 8.125], "texture": "#0"}
			}
		},
		{
			"from": [-10.20481, 11.26137, 7.3],
			"to": [-9.80481, 11.46137, 7.5],
			"rotation": {"angle": -45, "axis": "z", "origin": [-9.15481, 10.46137, 7.5]},
			"faces": {
				"north": {"uv": [1.25, 8.5, 1, 8.625], "texture": "#0"},
				"east": {"uv": [4.125, 8.5, 4, 8.625], "texture": "#0"},
				"south": {"uv": [1.75, 8.5, 1.5, 8.625], "texture": "#0"},
				"west": {"uv": [8.625, 3.5, 8.5, 3.625], "texture": "#0"},
				"up": {"uv": [2, 8.625, 2.25, 8.5], "texture": "#0"},
				"down": {"uv": [2.5, 8.5, 2.75, 8.625], "texture": "#0"}
			}
		},
		{
			"from": [-9.80481, 11.06137, 7.3],
			"to": [-8.90481, 11.66137, 7.5],
			"rotation": {"angle": -45, "axis": "z", "origin": [-9.15481, 10.46137, 7.5]},
			"faces": {
				"north": {"uv": [6, 7.5, 6.5, 7.75], "texture": "#0"},
				"east": {"uv": [0.625, 8.5, 0.5, 8.75], "texture": "#0"},
				"south": {"uv": [6.5, 7.5, 6, 7.75], "texture": "#0"},
				"west": {"uv": [0.125, 8.5, 0, 8.75], "texture": "#0"},
				"up": {"uv": [8, 3.125, 8.5, 3], "texture": "#0"},
				"down": {"uv": [3.5, 8, 4, 8.125], "texture": "#0"}
			}
		},
		{
			"from": [-8.90481, 10.96137, 7.3],
			"to": [-7.70481, 11.76137, 7.5],
			"rotation": {"angle": -45, "axis": "z", "origin": [-9.15481, 10.46137, 7.5]},
			"faces": {
				"north": {"uv": [7, 6, 7.625, 6.375], "texture": "#0"},
				"east": {"uv": [6.125, 8, 6, 8.375], "texture": "#0"},
				"south": {"uv": [7.625, 6, 7, 6.375], "texture": "#0"},
				"west": {"uv": [8.125, 5.5, 8, 5.875], "texture": "#0"},
				"up": {"uv": [7.5, 7.625, 8.125, 7.5], "texture": "#0"},
				"down": {"uv": [0, 8, 0.625, 8.125], "texture": "#0"}
			}
		},
		{
			"from": [-12.2, 4.95, 7.4],
			"to": [-11.2, 5.15, 7.6],
			"rotation": {"angle": -22.5, "axis": "z", "origin": [3.8, 4.5, 7.5]},
			"faces": {
				"north": {"uv": [2.5, 8, 2, 8.125], "texture": "#0"},
				"east": {"uv": [3.625, 8.5, 3.5, 8.625], "texture": "#0"},
				"south": {"uv": [3, 8, 2.5, 8.125], "texture": "#0"},
				"west": {"uv": [8.625, 3, 8.5, 3.125], "texture": "#0"},
				"up": {"uv": [8, 2.625, 8.5, 2.5], "texture": "#0"},
				"down": {"uv": [3, 8, 3.5, 8.125], "texture": "#0"}
			}
		},
		{
			"from": [-11.2, 4.75, 7.4],
			"to": [-10.1, 5.35, 7.6],
			"rotation": {"angle": -22.5, "axis": "z", "origin": [3.8, 4.5, 7.5]},
			"faces": {
				"north": {"uv": [5, 7.5, 5.5, 7.75], "texture": "#0"},
				"east": {"uv": [8.125, 8, 8, 8.25], "texture": "#0"},
				"south": {"uv": [5.5, 7.5, 5, 7.75], "texture": "#0"},
				"west": {"uv": [7.625, 8, 7.5, 8.25], "texture": "#0"},
				"up": {"uv": [1, 8.125, 1.5, 8], "texture": "#0"},
				"down": {"uv": [1.5, 8, 2, 8.125], "texture": "#0"}
			}
		},
		{
			"from": [-10.1, 4.65, 7.4],
			"to": [-7.9, 5.45, 7.6],
			"rotation": {"angle": -22.5, "axis": "z", "origin": [3.8, 4.5, 7.5]},
			"faces": {
				"north": {"uv": [6.5, 2.5, 7.625, 2.875], "texture": "#0"},
				"east": {"uv": [5.625, 8, 5.5, 8.375], "texture": "#0"},
				"south": {"uv": [7.625, 2.5, 6.5, 2.875], "texture": "#0"},
				"west": {"uv": [8.125, 5, 8, 5.375], "texture": "#0"},
				"up": {"uv": [6.5, 7.125, 7.625, 7], "texture": "#0"},
				"down": {"uv": [7, 6.5, 8.125, 6.625], "texture": "#0"}
			}
		},
		{
			"from": [-8.9, 3.95, 6.8],
			"to": [-7.9, 5.95, 8.2],
			"rotation": {"angle": -22.5, "axis": "z", "origin": [3.8, 4.5, 7.5]},
			"faces": {
				"north": {"uv": [6.5, 3.5, 6, 4.5], "texture": "#0"},
				"east": {"uv": [5.75, 5, 5, 6], "texture": "#0"},
				"south": {"uv": [4.5, 6, 4, 7], "texture": "#0"},
				"west": {"uv": [5.75, 4, 5, 5], "texture": "#0"},
				"up": {"uv": [6.5, 6.75, 7, 6], "texture": "#0"},
				"down": {"uv": [0, 7, 0.5, 7.75], "texture": "#0"}
			}
		},
		{
			"from": [-8.19427, 4.28701, 7.3],
			"to": [-4.54427, 5.28701, 7.7],
			"rotation": {"angle": -45, "axis": "z", "origin": [-2.26927, 5.68701, 7.5]},
			"faces": {
				"north": {"uv": [5.875, 3, 4, 3.5], "texture": "#0"},
				"east": {"uv": [4.25, 7.5, 4, 8], "texture": "#0"},
				"south": {"uv": [5.875, 3.5, 4, 4], "texture": "#0"},
				"west": {"uv": [3.75, 7.5, 3.5, 8], "texture": "#0"},
				"up": {"uv": [6, 5.25, 7.875, 5], "texture": "#0"},
				"down": {"uv": [6, 5.5, 7.875, 5.75], "texture": "#0"}
			}
		},
		{
			"from": [-4.99427, 5.18701, 7.2],
			"to": [-1.14427, 6.18701, 7.8],
			"rotation": {"angle": -22.5, "axis": "z", "origin": [-2.26927, 5.68701, 7.5]},
			"faces": {
				"north": {"uv": [1.875, 4, 0, 4.5], "texture": "#0"},
				"east": {"uv": [3.25, 7.5, 3, 8], "texture": "#0"},
				"south": {"uv": [3.875, 4, 2, 4.5], "texture": "#0"},
				"west": {"uv": [4.25, 7, 4, 7.5], "texture": "#0"},
				"up": {"uv": [4.5, 6.25, 6.375, 6], "texture": "#0"},
				"down": {"uv": [6, 4.5, 7.875, 4.75], "texture": "#0"}
			}
		},
		{
			"from": [-1.95, 4.65, 6.8],
			"to": [-0.95, 6.75, 8.2],
			"rotation": {"angle": 0, "axis": "y", "origin": [13.3, 0, 0]},
			"faces": {
				"north": {"uv": [6.5, 2.5, 6, 3.5], "texture": "#0"},
				"east": {"uv": [5.75, 2, 5, 3], "texture": "#0"},
				"south": {"uv": [4, 6, 3.5, 7], "texture": "#0"},
				"west": {"uv": [3.75, 4.5, 3, 5.5], "texture": "#0"},
				"up": {"uv": [5.5, 7.25, 6, 6.5], "texture": "#0"},
				"down": {"uv": [6, 6.5, 6.5, 7.25], "texture": "#0"}
			}
		},
		{
			"from": [-1.39427, 5.18701, 7],
			"to": [0.85573, 6.18701, 8],
			"rotation": {"angle": 0, "axis": "y", "origin": [1.10573, 5.43701, 7.5]},
			"faces": {
				"north": {"uv": [3.125, 5.5, 2, 6], "texture": "#0"},
				"east": {"uv": [4, 7, 3.5, 7.5], "texture": "#0"},
				"south": {"uv": [4.625, 5.5, 3.5, 6], "texture": "#0"},
				"west": {"uv": [3.5, 7, 3, 7.5], "texture": "#0"},
				"up": {"uv": [2, 6.5, 3.125, 6], "texture": "#0"},
				"down": {"uv": [6, 2, 7.125, 2.5], "texture": "#0"}
			}
		},
		{
			"from": [0.3, 3.35, 6.8],
			"to": [1.3, 5.35, 8.2],
			"rotation": {"angle": -22.5, "axis": "z", "origin": [3.8, 4.5, 7.5]},
			"faces": {
				"north": {"uv": [0.5, 6, 0, 7], "texture": "#0"},
				"east": {"uv": [2.75, 4.5, 2, 5.5], "texture": "#0"},
				"south": {"uv": [1, 6, 0.5, 7], "texture": "#0"},
				"west": {"uv": [1.75, 4.5, 1, 5.5], "texture": "#0"},
				"up": {"uv": [4.5, 7.25, 5, 6.5], "texture": "#0"},
				"down": {"uv": [5, 6.5, 5.5, 7.25], "texture": "#0"}
			}
		},
		{
			"from": [0.3, 4.6, 7],
			"to": [4.05, 5.6, 8],
			"rotation": {"angle": -22.5, "axis": "z", "origin": [1.8, 4.5, 7.5]},
			"faces": {
				"north": {"uv": [1.875, 3, 0, 3.5], "texture": "#0"},
				"east": {"uv": [3, 7, 2.5, 7.5], "texture": "#0"},
				"south": {"uv": [3.875, 3, 2, 3.5], "texture": "#0"},
				"west": {"uv": [2.5, 7, 2, 7.5], "texture": "#0"},
				"up": {"uv": [0, 4, 1.875, 3.5], "texture": "#0"},
				"down": {"uv": [2, 3.5, 3.875, 4], "texture": "#0"}
			}
		},
		{
			"from": [3.3, 3.1, 6.9],
			"to": [4.3, 5.9, 8.1],
			"rotation": {"angle": 0, "axis": "y", "origin": [13.3, 0, 0]},
			"faces": {
				"north": {"uv": [1.5, 5.5, 1, 6.875], "texture": "#0"},
				"east": {"uv": [0.625, 4.5, 0, 5.875], "texture": "#0"},
				"south": {"uv": [2, 5.5, 1.5, 6.875], "texture": "#0"},
				"west": {"uv": [4.625, 4, 4, 5.375], "texture": "#0"},
				"up": {"uv": [0.5, 7.625, 1, 7], "texture": "#0"},
				"down": {"uv": [1, 7, 1.5, 7.625], "texture": "#0"}
			}
		},
		{
			"from": [14.25, 4.65, 6.8],
			"to": [15.25, 6.75, 8.2],
			"faces": {
				"north": {"uv": [6, 2.5, 6.5, 3.5], "texture": "#0"},
				"east": {"uv": [3, 4.5, 3.75, 5.5], "texture": "#0"},
				"south": {"uv": [3.5, 6, 4, 7], "texture": "#0"},
				"west": {"uv": [5, 2, 5.75, 3], "texture": "#0"},
				"up": {"uv": [6, 7.25, 5.5, 6.5], "texture": "#0"},
				"down": {"uv": [6.5, 6.5, 6, 7.25], "texture": "#0"}
			}
		},
		{
			"from": [12, 3.35, 6.8],
			"to": [13, 5.35, 8.2],
			"rotation": {"angle": 22.5, "axis": "z", "origin": [9.5, 4.5, 7.5]},
			"faces": {
				"north": {"uv": [0, 6, 0.5, 7], "texture": "#0"},
				"east": {"uv": [1, 4.5, 1.75, 5.5], "texture": "#0"},
				"south": {"uv": [0.5, 6, 1, 7], "texture": "#0"},
				"west": {"uv": [2, 4.5, 2.75, 5.5], "texture": "#0"},
				"up": {"uv": [5, 7.25, 4.5, 6.5], "texture": "#0"},
				"down": {"uv": [5.5, 6.5, 5, 7.25], "texture": "#0"}
			}
		},
		{
			"from": [21.2, 3.95, 6.8],
			"to": [22.2, 5.95, 8.2],
			"rotation": {"angle": 22.5, "axis": "z", "origin": [9.5, 4.5, 7.5]},
			"faces": {
				"north": {"uv": [6, 3.5, 6.5, 4.5], "texture": "#0"},
				"east": {"uv": [5, 4, 5.75, 5], "texture": "#0"},
				"south": {"uv": [4, 6, 4.5, 7], "texture": "#0"},
				"west": {"uv": [5, 5, 5.75, 6], "texture": "#0"},
				"up": {"uv": [7, 6.75, 6.5, 6], "texture": "#0"},
				"down": {"uv": [0.5, 7, 0, 7.75], "texture": "#0"}
			}
		},
		{
			"from": [21.2, 4.65, 7.4],
			"to": [23.4, 5.45, 7.6],
			"rotation": {"angle": 22.5, "axis": "z", "origin": [9.5, 4.5, 7.5]},
			"faces": {
				"north": {"uv": [7.625, 2.5, 6.5, 2.875], "texture": "#0"},
				"east": {"uv": [8, 5, 8.125, 5.375], "texture": "#0"},
				"south": {"uv": [6.5, 2.5, 7.625, 2.875], "texture": "#0"},
				"west": {"uv": [5.5, 8, 5.625, 8.375], "texture": "#0"},
				"up": {"uv": [7.625, 7.125, 6.5, 7], "texture": "#0"},
				"down": {"uv": [8.125, 6.5, 7, 6.625], "texture": "#0"}
			}
		},
		{
			"from": [23.10481, 11.26137, 7.3],
			"to": [23.50481, 11.46137, 7.5],
			"rotation": {"angle": 45, "axis": "z", "origin": [22.45481, 10.46137, 7.5]},
			"faces": {
				"north": {"uv": [1, 8.5, 1.25, 8.625], "texture": "#0"},
				"east": {"uv": [8.5, 3.5, 8.625, 3.625], "texture": "#0"},
				"south": {"uv": [1.5, 8.5, 1.75, 8.625], "texture": "#0"},
				"west": {"uv": [4, 8.5, 4.125, 8.625], "texture": "#0"},
				"up": {"uv": [2.25, 8.625, 2, 8.5], "texture": "#0"},
				"down": {"uv": [2.75, 8.5, 2.5, 8.625], "texture": "#0"}
			}
		},
		{
			"from": [22.20481, 11.06137, 7.3],
			"to": [23.10481, 11.66137, 7.5],
			"rotation": {"angle": 45, "axis": "z", "origin": [22.45481, 10.46137, 7.5]},
			"faces": {
				"north": {"uv": [6.5, 7.5, 6, 7.75], "texture": "#0"},
				"east": {"uv": [0, 8.5, 0.125, 8.75], "texture": "#0"},
				"south": {"uv": [6, 7.5, 6.5, 7.75], "texture": "#0"},
				"west": {"uv": [0.5, 8.5, 0.625, 8.75], "texture": "#0"},
				"up": {"uv": [8.5, 3.125, 8, 3], "texture": "#0"},
				"down": {"uv": [4, 8, 3.5, 8.125], "texture": "#0"}
			}
		},
		{
			"from": [21.00481, 10.96137, 7.3],
			"to": [22.20481, 11.76137, 7.5],
			"rotation": {"angle": 45, "axis": "z", "origin": [22.45481, 10.46137, 7.5]},
			"faces": {
				"north": {"uv": [7.625, 6, 7, 6.375], "texture": "#0"},
				"east": {"uv": [8, 5.5, 8.125, 5.875], "texture": "#0"},
				"south": {"uv": [7, 6, 7.625, 6.375], "texture": "#0"},
				"west": {"uv": [6, 8, 6.125, 8.375], "texture": "#0"},
				"up": {"uv": [8.125, 7.625, 7.5, 7.5], "texture": "#0"},
				"down": {"uv": [0.625, 8, 0, 8.125], "texture": "#0"}
			}
		},
		{
			"from": [23.4, 4.75, 7.4],
			"to": [24.5, 5.35, 7.6],
			"rotation": {"angle": 22.5, "axis": "z", "origin": [9.5, 4.5, 7.5]},
			"faces": {
				"north": {"uv": [5.5, 7.5, 5, 7.75], "texture": "#0"},
				"east": {"uv": [7.5, 8, 7.625, 8.25], "texture": "#0"},
				"south": {"uv": [5, 7.5, 5.5, 7.75], "texture": "#0"},
				"west": {"uv": [8, 8, 8.125, 8.25], "texture": "#0"},
				"up": {"uv": [1.5, 8.125, 1, 8], "texture": "#0"},
				"down": {"uv": [2, 8, 1.5, 8.125], "texture": "#0"}
			}
		},
		{
			"from": [20.70481, 9.26137, 7.1],
			"to": [22.90481, 10.06137, 7.3],
			"rotation": {"angle": -22.5, "axis": "x", "origin": [22.45481, 10.46137, 7.5]},
			"faces": {
				"north": {"uv": [6.5, 3, 7.625, 3.375], "texture": "#0"},
				"east": {"uv": [8, 6, 8.125, 6.375], "texture": "#0"},
				"south": {"uv": [7.625, 3, 6.5, 3.375], "texture": "#0"},
				"west": {"uv": [6.5, 8, 6.625, 8.375], "texture": "#0"},
				"up": {"uv": [2.625, 7.625, 1.5, 7.5], "texture": "#0"},
				"down": {"uv": [8.625, 2, 7.5, 2.125], "texture": "#0"}
			}
		},
		{
			"from": [17.20481, 5.26137, 9.5],
			"to": [18.30481, 5.86137, 9.7],
			"rotation": {"angle": 22.5, "axis": "x", "origin": [22.45481, 10.46137, 7.5]},
			"faces": {
				"north": {"uv": [6.5, 7.5, 7, 7.75], "texture": "#0"},
				"east": {"uv": [8.5, 2.5, 8.625, 2.75], "texture": "#0"},
				"south": {"uv": [6.875, 7.5, 6.375, 7.75], "texture": "#0"},
				"west": {"uv": [3, 8.5, 3.125, 8.75], "texture": "#0"},
				"up": {"uv": [8.5, 3.625, 8, 3.5], "texture": "#0"},
				"down": {"uv": [4.5, 8, 4, 8.125], "texture": "#0"}
			}
		},
		{
			"from": [15.10481, 3.73073, 7.465],
			"to": [17.30481, 4.53073, 7.665],
			"rotation": {"angle": -22.5, "axis": "z", "origin": [17.55481, 5.13073, 7.565]},
			"faces": {
				"north": {"uv": [7.625, 3, 6.5, 3.375], "rotation": 180, "texture": "#0"},
				"east": {"uv": [8, 6, 8.125, 6.375], "rotation": 180, "texture": "#0"},
				"south": {"uv": [6.5, 3, 7.625, 3.375], "rotation": 180, "texture": "#0"},
				"west": {"uv": [6.5, 8, 6.625, 8.375], "rotation": 180, "texture": "#0"},
				"up": {"uv": [8.625, 2, 7.5, 2.125], "texture": "#0"},
				"down": {"uv": [2.625, 7.625, 1.5, 7.5], "texture": "#0"}
			}
		},
		{
			"from": [18.40481, 4.03073, 7.465],
			"to": [19.40481, 4.23073, 7.665],
			"rotation": {"angle": -22.5, "axis": "z", "origin": [17.55481, 5.13073, 7.565]},
			"faces": {
				"north": {"uv": [4.5, 8, 5, 8.125], "rotation": 180, "texture": "#0"},
				"east": {"uv": [8.5, 4, 8.625, 4.125], "rotation": 180, "texture": "#0"},
				"south": {"uv": [8, 4, 8.5, 4.125], "rotation": 180, "texture": "#0"},
				"west": {"uv": [4.5, 8.5, 4.625, 8.625], "rotation": 180, "texture": "#0"},
				"up": {"uv": [5.5, 8, 5, 8.125], "texture": "#0"},
				"down": {"uv": [8.5, 4.625, 8, 4.5], "texture": "#0"}
			}
		},
		{
			"from": [17.30481, 3.83073, 7.465],
			"to": [18.40481, 4.43073, 7.665],
			"rotation": {"angle": -22.5, "axis": "z", "origin": [17.55481, 5.13073, 7.565]},
			"faces": {
				"north": {"uv": [6.875, 7.5, 6.375, 7.75], "rotation": 180, "texture": "#0"},
				"east": {"uv": [8.5, 2.5, 8.625, 2.75], "rotation": 180, "texture": "#0"},
				"south": {"uv": [6.5, 7.5, 7, 7.75], "rotation": 180, "texture": "#0"},
				"west": {"uv": [3, 8.5, 3.125, 8.75], "rotation": 180, "texture": "#0"},
				"up": {"uv": [4.5, 8, 4, 8.125], "texture": "#0"},
				"down": {"uv": [8.5, 3.625, 8, 3.5], "texture": "#0"}
			}
		},
		{
			"from": [18.30481, 5.46137, 9.5],
			"to": [19.30481, 5.66137, 9.7],
			"rotation": {"angle": 22.5, "axis": "x", "origin": [22.45481, 10.46137, 7.5]},
			"faces": {
				"north": {"uv": [8, 4, 8.5, 4.125], "texture": "#0"},
				"east": {"uv": [8.5, 4, 8.625, 4.125], "texture": "#0"},
				"south": {"uv": [4.5, 8, 5, 8.125], "texture": "#0"},
				"west": {"uv": [4.5, 8.5, 4.625, 8.625], "texture": "#0"},
				"up": {"uv": [8.5, 4.625, 8, 4.5], "texture": "#0"},
				"down": {"uv": [5.5, 8, 5, 8.125], "texture": "#0"}
			}
		},
		{
			"from": [15.00481, 5.16137, 9.5],
			"to": [17.20481, 5.96137, 9.7],
			"rotation": {"angle": 22.5, "axis": "x", "origin": [22.45481, 10.46137, 7.5]},
			"faces": {
				"north": {"uv": [6.5, 3, 7.625, 3.375], "texture": "#0"},
				"east": {"uv": [8, 6, 8.125, 6.375], "texture": "#0"},
				"south": {"uv": [7.625, 3, 6.5, 3.375], "texture": "#0"},
				"west": {"uv": [6.5, 8, 6.625, 8.375], "texture": "#0"},
				"up": {"uv": [2.625, 7.625, 1.5, 7.5], "texture": "#0"},
				"down": {"uv": [8.625, 2, 7.5, 2.125], "texture": "#0"}
			}
		},
		{
			"from": [-7.29519, 9.06137, 7.4],
			"to": [-3.09519, 9.86137, 7.6],
			"rotation": {"angle": 0, "axis": "y", "origin": [22.45481, 10.46137, 7.5]},
			"faces": {
				"north": {"uv": [0, 0, 14.125, 0.375], "texture": "#0"},
				"east": {"uv": [7, 8, 7.125, 8.375], "texture": "#0"},
				"south": {"uv": [0, 0.5, 2.1, 0.9], "texture": "#0"},
				"west": {"uv": [8, 7, 8.125, 7.375], "texture": "#0"},
				"up": {"uv": [14.125, 1.125, 0, 1], "texture": "#0"},
				"down": {"uv": [14.125, 1.5, 0, 1.625], "texture": "#0"}
			}
		},
		{
			"from": [16.30481, 9.06137, 7.4],
			"to": [20.50481, 9.86137, 7.6],
			"rotation": {"angle": 0, "axis": "y", "origin": [22.45481, 10.46137, 7.5]},
			"faces": {
				"north": {"uv": [0, 0, 14.125, 0.375], "texture": "#0"},
				"east": {"uv": [7, 8, 7.125, 8.375], "texture": "#0"},
				"south": {"uv": [0, 0.5, 2.1, 0.9], "texture": "#0"},
				"west": {"uv": [8, 7, 8.125, 7.375], "texture": "#0"},
				"up": {"uv": [14.125, 1.125, 0, 1], "texture": "#0"},
				"down": {"uv": [14.125, 1.5, 0, 1.625], "texture": "#0"}
			}
		},
		{
			"from": [-3.79519, 9.86137, 7.4],
			"to": [-0.59519, 10.66137, 7.6],
			"rotation": {"angle": 0, "axis": "y", "origin": [22.45481, 10.46137, 7.5]},
			"faces": {
				"north": {"uv": [0, 0, 14.125, 0.375], "texture": "#0"},
				"east": {"uv": [7, 8, 7.125, 8.375], "texture": "#0"},
				"south": {"uv": [0, 0.5, 1.6, 0.9], "texture": "#0"},
				"west": {"uv": [8, 7, 8.125, 7.375], "texture": "#0"},
				"up": {"uv": [14.125, 1.125, 0, 1], "texture": "#0"},
				"down": {"uv": [14.125, 1.5, 0, 1.625], "texture": "#0"}
			}
		},
		{
			"from": [14.20481, 9.86137, 7.4],
			"to": [17.40481, 10.66137, 7.6],
			"rotation": {"angle": 0, "axis": "y", "origin": [22.45481, 10.46137, 7.5]},
			"faces": {
				"north": {"uv": [0, 0, 14.125, 0.375], "texture": "#0"},
				"east": {"uv": [7, 8, 7.125, 8.375], "texture": "#0"},
				"south": {"uv": [0, 0.5, 1.6, 0.9], "texture": "#0"},
				"west": {"uv": [8, 7, 8.125, 7.375], "texture": "#0"},
				"up": {"uv": [14.125, 1.125, 0, 1], "texture": "#0"},
				"down": {"uv": [14.125, 1.5, 0, 1.625], "texture": "#0"}
			}
		},
		{
			"from": [-1.09519, 10.66137, 7.4],
			"to": [2.10481, 11.46137, 7.6],
			"rotation": {"angle": 0, "axis": "y", "origin": [22.45481, 10.46137, 7.5]},
			"faces": {
				"north": {"uv": [0, 0, 14.125, 0.375], "texture": "#0"},
				"east": {"uv": [7, 8, 7.125, 8.375], "texture": "#0"},
				"south": {"uv": [0, 0.5, 1.6, 0.9], "texture": "#0"},
				"west": {"uv": [8, 7, 8.125, 7.375], "texture": "#0"},
				"up": {"uv": [14.125, 1.125, 0, 1], "texture": "#0"},
				"down": {"uv": [14.125, 1.5, 0, 1.625], "texture": "#0"}
			}
		},
		{
			"from": [11.90481, 10.66137, 7.4],
			"to": [15.10481, 11.46137, 7.6],
			"rotation": {"angle": 0, "axis": "y", "origin": [22.45481, 10.46137, 7.5]},
			"faces": {
				"north": {"uv": [0, 0, 14.125, 0.375], "texture": "#0"},
				"east": {"uv": [7, 8, 7.125, 8.375], "texture": "#0"},
				"south": {"uv": [0, 0.5, 1.6, 0.9], "texture": "#0"},
				"west": {"uv": [8, 7, 8.125, 7.375], "texture": "#0"},
				"up": {"uv": [14.125, 1.125, 0, 1], "texture": "#0"},
				"down": {"uv": [14.125, 1.5, 0, 1.625], "texture": "#0"}
			}
		},
		{
			"from": [1.00481, 11.46137, 7.4],
			"to": [4.20481, 12.26137, 7.6],
			"rotation": {"angle": 0, "axis": "y", "origin": [22.45481, 10.46137, 7.5]},
			"faces": {
				"north": {"uv": [0, 0, 14.125, 0.375], "texture": "#0"},
				"east": {"uv": [7, 8, 7.125, 8.375], "texture": "#0"},
				"south": {"uv": [0, 0.5, 1.6, 0.9], "texture": "#0"},
				"west": {"uv": [8, 7, 8.125, 7.375], "texture": "#0"},
				"up": {"uv": [14.125, 1.125, 0, 1], "texture": "#0"},
				"down": {"uv": [14.125, 1.5, 0, 1.625], "texture": "#0"}
			}
		},
		{
			"from": [9.70481, 11.46137, 7.4],
			"to": [12.90481, 12.26137, 7.6],
			"rotation": {"angle": 0, "axis": "y", "origin": [22.45481, 10.46137, 7.5]},
			"faces": {
				"north": {"uv": [0, 0, 14.125, 0.375], "texture": "#0"},
				"east": {"uv": [7, 8, 7.125, 8.375], "texture": "#0"},
				"south": {"uv": [0, 0.5, 1.6, 0.9], "texture": "#0"},
				"west": {"uv": [8, 7, 8.125, 7.375], "texture": "#0"},
				"up": {"uv": [14.125, 1.125, 0, 1], "texture": "#0"},
				"down": {"uv": [14.125, 1.5, 0, 1.625], "texture": "#0"}
			}
		},
		{
			"from": [3.00481, 12.26137, 7.4],
			"to": [6.20481, 13.06137, 7.6],
			"rotation": {"angle": 0, "axis": "y", "origin": [22.45481, 10.46137, 7.5]},
			"faces": {
				"north": {"uv": [0, 0, 14.125, 0.375], "texture": "#0"},
				"east": {"uv": [7, 8, 7.125, 8.375], "texture": "#0"},
				"south": {"uv": [0, 0.5, 1.6, 0.9], "texture": "#0"},
				"west": {"uv": [8, 7, 8.125, 7.375], "texture": "#0"},
				"up": {"uv": [14.125, 1.125, 0, 1], "texture": "#0"},
				"down": {"uv": [14.125, 1.5, 0, 1.625], "texture": "#0"}
			}
		},
		{
			"from": [7.20481, 12.26137, 7.4],
			"to": [10.40481, 13.06137, 7.6],
			"rotation": {"angle": 0, "axis": "y", "origin": [22.45481, 10.46137, 7.5]},
			"faces": {
				"north": {"uv": [0, 0, 14.125, 0.375], "texture": "#0"},
				"east": {"uv": [7, 8, 7.125, 8.375], "texture": "#0"},
				"south": {"uv": [0, 0.5, 1.6, 0.9], "texture": "#0"},
				"west": {"uv": [8, 7, 8.125, 7.375], "texture": "#0"},
				"up": {"uv": [14.125, 1.125, 0, 1], "texture": "#0"},
				"down": {"uv": [14.125, 1.5, 0, 1.625], "texture": "#0"}
			}
		},
		{
			"from": [5.00481, 13.06137, 7.4],
			"to": [8.20481, 13.86137, 7.6],
			"rotation": {"angle": 0, "axis": "y", "origin": [22.45481, 10.46137, 7.5]},
			"faces": {
				"north": {"uv": [0, 0, 14.125, 0.375], "texture": "#0"},
				"east": {"uv": [7, 8, 7.125, 8.375], "texture": "#0"},
				"south": {"uv": [0, 0.5, 1.6, 0.9], "texture": "#0"},
				"west": {"uv": [8, 7, 8.125, 7.375], "texture": "#0"},
				"up": {"uv": [14.125, 1.125, 0, 1], "texture": "#0"},
				"down": {"uv": [14.125, 1.5, 0, 1.625], "texture": "#0"}
			}
		},
		{
			"from": [24.00481, 9.56137, 7.1],
			"to": [25.00481, 9.76137, 7.3],
			"rotation": {"angle": -22.5, "axis": "x", "origin": [22.45481, 10.46137, 7.5]},
			"faces": {
				"north": {"uv": [8, 4, 8.5, 4.125], "texture": "#0"},
				"east": {"uv": [8.5, 4, 8.625, 4.125], "texture": "#0"},
				"south": {"uv": [4.5, 8, 5, 8.125], "texture": "#0"},
				"west": {"uv": [4.5, 8.5, 4.625, 8.625], "texture": "#0"},
				"up": {"uv": [8.5, 4.625, 8, 4.5], "texture": "#0"},
				"down": {"uv": [5.5, 8, 5, 8.125], "texture": "#0"}
			}
		},
		{
			"from": [22.90481, 9.36137, 7.1],
			"to": [24.00481, 9.96137, 7.3],
			"rotation": {"angle": -22.5, "axis": "x", "origin": [22.45481, 10.46137, 7.5]},
			"faces": {
				"north": {"uv": [6.5, 7.5, 7, 7.75], "texture": "#0"},
				"east": {"uv": [8.5, 2.5, 8.625, 2.75], "texture": "#0"},
				"south": {"uv": [6.875, 7.5, 6.375, 7.75], "texture": "#0"},
				"west": {"uv": [3, 8.5, 3.125, 8.75], "texture": "#0"},
				"up": {"uv": [8.5, 3.625, 8, 3.5], "texture": "#0"},
				"down": {"uv": [4.5, 8, 4, 8.125], "texture": "#0"}
			}
		},
		{
			"from": [8.50481, 3.06137, 7.5],
			"to": [10.70481, 3.86137, 7.7],
			"rotation": {"angle": -22.5, "axis": "z", "origin": [11.85481, 0.76137, 7.6]},
			"faces": {
				"north": {"uv": [6.5, 3, 7.625, 3.375], "texture": "#0"},
				"east": {"uv": [8, 6, 8.125, 6.375], "texture": "#0"},
				"south": {"uv": [7.625, 3, 6.5, 3.375], "texture": "#0"},
				"west": {"uv": [6.5, 8, 6.625, 8.375], "texture": "#0"},
				"up": {"uv": [2.625, 7.625, 1.5, 7.5], "texture": "#0"},
				"down": {"uv": [8.625, 2, 7.5, 2.125], "texture": "#0"}
			}
		},
		{
			"from": [11.79895, 2.16199, 7.3],
			"to": [12.89895, 2.76199, 7.5],
			"rotation": {"angle": -45, "axis": "z", "origin": [12.14895, 3.56199, 7.6]},
			"faces": {
				"north": {"uv": [6.5, 7.5, 7, 7.75], "texture": "#0"},
				"east": {"uv": [8.5, 2.5, 8.625, 2.75], "texture": "#0"},
				"south": {"uv": [6.875, 7.5, 6.375, 7.75], "texture": "#0"},
				"west": {"uv": [3, 8.5, 3.125, 8.75], "texture": "#0"},
				"up": {"uv": [8.5, 3.625, 8, 3.5], "texture": "#0"},
				"down": {"uv": [4.5, 8, 4, 8.125], "texture": "#0"}
			}
		},
		{
			"from": [12.89895, 2.36199, 7.3],
			"to": [13.89895, 2.56199, 7.5],
			"rotation": {"angle": -45, "axis": "z", "origin": [12.14895, 3.56199, 7.6]},
			"faces": {
				"north": {"uv": [8, 4, 8.5, 4.125], "texture": "#0"},
				"east": {"uv": [8.5, 4, 8.625, 4.125], "texture": "#0"},
				"south": {"uv": [4.5, 8, 5, 8.125], "texture": "#0"},
				"west": {"uv": [4.5, 8.5, 4.625, 8.625], "texture": "#0"},
				"up": {"uv": [8.5, 4.625, 8, 4.5], "texture": "#0"},
				"down": {"uv": [5.5, 8, 5, 8.125], "texture": "#0"}
			}
		},
		{
			"from": [9.59895, 2.06199, 7.3],
			"to": [11.79895, 2.86199, 7.5],
			"rotation": {"angle": -45, "axis": "z", "origin": [12.14895, 3.56199, 7.6]},
			"faces": {
				"north": {"uv": [6.5, 3, 7.625, 3.375], "texture": "#0"},
				"east": {"uv": [8, 6, 8.125, 6.375], "texture": "#0"},
				"south": {"uv": [7.625, 3, 6.5, 3.375], "texture": "#0"},
				"west": {"uv": [6.5, 8, 6.625, 8.375], "texture": "#0"},
				"up": {"uv": [2.625, 7.625, 1.5, 7.5], "texture": "#0"},
				"down": {"uv": [8.625, 2, 7.5, 2.125], "texture": "#0"}
			}
		},
		{
			"from": [11.80481, 3.36137, 7.5],
			"to": [12.80481, 3.56137, 7.7],
			"rotation": {"angle": -22.5, "axis": "z", "origin": [11.85481, 0.76137, 7.6]},
			"faces": {
				"north": {"uv": [8, 4, 8.5, 4.125], "texture": "#0"},
				"east": {"uv": [8.5, 4, 8.625, 4.125], "texture": "#0"},
				"south": {"uv": [4.5, 8, 5, 8.125], "texture": "#0"},
				"west": {"uv": [4.5, 8.5, 4.625, 8.625], "texture": "#0"},
				"up": {"uv": [8.5, 4.625, 8, 4.5], "texture": "#0"},
				"down": {"uv": [5.5, 8, 5, 8.125], "texture": "#0"}
			}
		},
		{
			"from": [10.70481, 3.16137, 7.5],
			"to": [11.80481, 3.76137, 7.7],
			"rotation": {"angle": -22.5, "axis": "z", "origin": [11.85481, 0.76137, 7.6]},
			"faces": {
				"north": {"uv": [6.5, 7.5, 7, 7.75], "texture": "#0"},
				"east": {"uv": [8.5, 2.5, 8.625, 2.75], "texture": "#0"},
				"south": {"uv": [6.875, 7.5, 6.375, 7.75], "texture": "#0"},
				"west": {"uv": [3, 8.5, 3.125, 8.75], "texture": "#0"},
				"up": {"uv": [8.5, 3.625, 8, 3.5], "texture": "#0"},
				"down": {"uv": [4.5, 8, 4, 8.125], "texture": "#0"}
			}
		},
		{
			"from": [24.5, 4.95, 7.4],
			"to": [25.5, 5.15, 7.6],
			"rotation": {"angle": 22.5, "axis": "z", "origin": [9.5, 4.5, 7.5]},
			"faces": {
				"north": {"uv": [2, 8, 2.5, 8.125], "texture": "#0"},
				"east": {"uv": [8.5, 3, 8.625, 3.125], "texture": "#0"},
				"south": {"uv": [2.5, 8, 3, 8.125], "texture": "#0"},
				"west": {"uv": [3.5, 8.5, 3.625, 8.625], "texture": "#0"},
				"up": {"uv": [8.5, 2.625, 8, 2.5], "texture": "#0"},
				"down": {"uv": [3.5, 8, 3, 8.125], "texture": "#0"}
			}
		},
		{
			"from": [0.3, 4.4, 6.8],
			"to": [10, 14.1, 6.8],
			"rotation": {"angle": -45, "axis": "z", "origin": [5.7, 6.5, 7]},
			"faces": {
				"north": {"uv": [16, 0, 0, 16], "rotation": 270, "texture": "#1"},
				"east": {"uv": [0, 0, 0.5, 0], "rotation": 90, "texture": "#1"},
				"south": {"uv": [0, 0, 16, 16], "rotation": 90, "texture": "#1"},
				"west": {"uv": [0, 0, 0.5, 0], "rotation": 90, "texture": "#1"},
				"up": {"uv": [0, 0, 0, 2.5], "rotation": 90, "texture": "#1"},
				"down": {"uv": [0, 0, 0, 2.5], "rotation": 90, "texture": "#1"}
			}
		}
	],
	"gui_light": "front",
	"display": {
		"thirdperson_righthand": {
			"rotation": [161.67, -83.22, 71.02],
			"translation": [-0.75, -3.25, 5.25],
			"scale": [1, 1.59, 1.49]
		},
		"thirdperson_lefthand": {
			"rotation": [161.67, -83.22, 71.02],
			"translation": [-0.75, -0.75, 5.25],
			"scale": [1, 1.33008, 1.49]
		},
		"firstperson_righthand": {
			"rotation": [-150.56, 81.02, -105.95],
			"translation": [4.75, 4.5, -4.5]
		},
		"firstperson_lefthand": {
			"rotation": [-150.56, 81.02, -105.95],
			"translation": [4.75, 4.5, -4.5]
		},
		"ground": {
			"rotation": [0.48, 0.32, 55.25],
			"scale": [0.44023, 0.67461, 0.60672]
		},
		"gui": {
			"rotation": [-5.76, -11.73, 38.29],
			"translation": [0.5, 0, 0],
			"scale": [0.48633, 0.68945, 1]
		},
		"fixed": {
			"translation": [0, 0, -1.75],
			"scale": [1, 1.22656, 1.35156]
		}
	}
}