{
	"credit": "Made with Blockbench",
	"texture_size": [64, 64],
	"textures": {
		"0": "items/vs_frostfestivalaxe",
		"particle": "items/vs_frostfestivalaxe"
	},
	"elements": [
		{
			"from": [2.2, 10.9, 2.8],
			"to": [14.5, 13.1, 5.4],
			"rotation": {"angle": 0, "axis": "y", "origin": [22.5, 5, 9.5]},
			"faces": {
				"north": {"uv": [0, 3.75, 0.75, 6.25], "rotation": 90, "texture": "#0"},
				"east": {"uv": [0.75, 10.5, 0, 11.25], "rotation": 270, "texture": "#0"},
				"south": {"uv": [1.5, 3.75, 2.25, 6.25], "rotation": 270, "texture": "#0"},
				"west": {"uv": [11, 7.5, 10.25, 6.75], "rotation": 270, "texture": "#0"},
				"up": {"uv": [0.75, 3.75, 1.5, 6.25], "rotation": 270, "texture": "#0"},
				"down": {"uv": [4.25, 1.25, 5, 3.75], "rotation": 270, "texture": "#0"}
			}
		},
		{
			"from": [11.3, 11, 4.5],
			"to": [14.3, 13, 8.5],
			"rotation": {"angle": 0, "axis": "y", "origin": [13.5, 11, 4.5]},
			"faces": {
				"north": {"uv": [3.25, 10.5, 2.5, 11.25], "rotation": 180, "texture": "#0"},
				"east": {"uv": [5.75, 6.25, 6.5, 8.25], "rotation": 270, "texture": "#0"},
				"south": {"uv": [11.25, 2.75, 10.5, 2], "texture": "#0"},
				"west": {"uv": [6.5, 6.25, 7.25, 8.25], "rotation": 90, "texture": "#0"},
				"up": {"uv": [2.5, 6.25, 3.25, 8.25], "rotation": 180, "texture": "#0"},
				"down": {"uv": [4.5, 6.5, 5.25, 8.5], "texture": "#0"}
			}
		},
		{
			"from": [2.3, 11, 4.5],
			"to": [5.3, 13, 8.5],
			"rotation": {"angle": 0, "axis": "y", "origin": [13.5, 11, 4.5]},
			"faces": {
				"north": {"uv": [3.25, 10.5, 2.5, 11.25], "rotation": 180, "texture": "#0"},
				"east": {"uv": [5.75, 6.25, 6.5, 8.25], "rotation": 270, "texture": "#0"},
				"south": {"uv": [11.25, 2.75, 10.5, 2], "texture": "#0"},
				"west": {"uv": [6.5, 6.25, 7.25, 8.25], "rotation": 90, "texture": "#0"},
				"up": {"uv": [2.5, 6.25, 3.25, 8.25], "rotation": 180, "texture": "#0"},
				"down": {"uv": [4.5, 6.5, 5.25, 8.5], "texture": "#0"}
			}
		},
		{
			"from": [-0.8, 11, 9.2],
			"to": [13.1, 20.7, 9.7],
			"faces": {
				"north": {"uv": [3.5, 0, 5.25, 1.25], "texture": "#0"},
				"east": {"uv": [3.75, 9.25, 4.5, 10.5], "texture": "#0"},
				"south": {"uv": [2.5, 3.5, 4.25, 4.75], "texture": "#0"},
				"west": {"uv": [5.25, 9.25, 6, 10.5], "texture": "#0"},
				"up": {"uv": [9, 1.5, 7.25, 0.75], "texture": "#0"},
				"down": {"uv": [9, 3, 7.25, 3.75], "texture": "#0"}
			}
		},
		{
			"from": [14.00003, 15.54477, 10.13251],
			"to": [15.30003, 18.74477, 11.73251],
			"rotation": {"angle": -22.5, "axis": "z", "origin": [19.05003, 20.41144, 12.09918]},
			"faces": {
				"north": {"uv": [9.25, 6.25, 8.5, 6], "rotation": 270, "texture": "#0"},
				"east": {"uv": [11, 7.25, 11.75, 6.75], "rotation": 90, "texture": "#0"},
				"south": {"uv": [9.5, 2.5, 8.75, 2.25], "rotation": 90, "texture": "#0"},
				"west": {"uv": [9.25, 4.25, 10, 4.75], "rotation": 90, "texture": "#0"},
				"up": {"uv": [4.25, 3.5, 3.75, 3.25], "rotation": 90, "texture": "#0"},
				"down": {"uv": [5.75, 8, 5.25, 7.75], "rotation": 90, "texture": "#0"}
			}
		},
		{
			"from": [13.10003, 12.34477, 10.03251],
			"to": [16.40003, 15.54477, 11.63251],
			"rotation": {"angle": -22.5, "axis": "z", "origin": [19.05003, 20.41144, 12.09918]},
			"faces": {
				"north": {"uv": [9.75, 11.25, 9, 10.5], "rotation": 270, "texture": "#0"},
				"east": {"uv": [5.25, 1.25, 6, 0.75], "rotation": 90, "texture": "#0"},
				"south": {"uv": [11.25, 10.25, 10.5, 9.5], "rotation": 90, "texture": "#0"},
				"west": {"uv": [3.5, 4.75, 4.25, 5.25], "rotation": 90, "texture": "#0"},
				"up": {"uv": [2.5, 8.25, 2, 7.5], "rotation": 90, "texture": "#0"},
				"down": {"uv": [11.25, 9, 10.75, 8.25], "rotation": 90, "texture": "#0"}
			}
		},
		{
			"from": [7.53778, 10.86399, 10.13251],
			"to": [11.83778, 16.06399, 11.73251],
			"rotation": {"angle": 22.5, "axis": "z", "origin": [11.08778, 12.16399, 10.93251]},
			"faces": {
				"north": {"uv": [6.5, 9.25, 5.25, 8.25], "rotation": 270, "texture": "#0"},
				"east": {"uv": [10, 9.5, 11.25, 9], "rotation": 90, "texture": "#0"},
				"south": {"uv": [9.5, 8.25, 8.25, 7.25], "rotation": 90, "texture": "#0"},
				"west": {"uv": [10, 1.5, 11.25, 2], "rotation": 90, "texture": "#0"},
				"up": {"uv": [3, 10.5, 2.5, 9.5], "rotation": 90, "texture": "#0"},
				"down": {"uv": [8.25, 11, 7.75, 10], "rotation": 90, "texture": "#0"}
			}
		},
		{
			"from": [1.99353, 4.25462, 10.08744],
			"to": [3.29353, 11.95462, 11.08744],
			"rotation": {"angle": -22.5, "axis": "y", "origin": [3.14353, 8.00462, 9.28744]},
			"faces": {
				"north": {"uv": [12.25, 1.5, 10.25, 1.25], "rotation": 270, "texture": "#0"},
				"east": {"uv": [10.75, 4.5, 12.75, 4.25], "rotation": 90, "texture": "#0"},
				"south": {"uv": [12.25, 7.75, 10.25, 7.5], "rotation": 90, "texture": "#0"},
				"west": {"uv": [10.25, 7.75, 12.25, 8], "rotation": 90, "texture": "#0"},
				"up": {"uv": [3.25, 8.5, 3, 8.25], "rotation": 90, "texture": "#0"},
				"down": {"uv": [4.5, 8.5, 4.25, 8.25], "rotation": 90, "texture": "#0"}
			}
		},
		{
			"from": [2.49353, 2.45462, 8.78744],
			"to": [3.79353, 10.15462, 9.78744],
			"rotation": {"angle": -22.5, "axis": "y", "origin": [3.14353, 8.00462, 9.28744]},
			"faces": {
				"north": {"uv": [12.25, 1.5, 10.25, 1.25], "rotation": 270, "texture": "#0"},
				"east": {"uv": [10.75, 4.5, 12.75, 4.25], "rotation": 90, "texture": "#0"},
				"south": {"uv": [12.25, 7.75, 10.25, 7.5], "rotation": 90, "texture": "#0"},
				"west": {"uv": [10.25, 7.75, 12.25, 8], "rotation": 90, "texture": "#0"},
				"up": {"uv": [3.25, 8.5, 3, 8.25], "rotation": 90, "texture": "#0"},
				"down": {"uv": [4.5, 8.5, 4.25, 8.25], "rotation": 90, "texture": "#0"}
			}
		},
		{
			"from": [-2.0135, 6.17342, 9.29402],
			"to": [2.2865, 9.37342, 10.89402],
			"rotation": {"angle": -22.5, "axis": "z", "origin": [6.1365, 5.07342, 8.46069]},
			"faces": {
				"north": {"uv": [6.5, 9.25, 5.25, 8.25], "rotation": 90, "texture": "#0"},
				"east": {"uv": [10, 1.5, 11.25, 2], "rotation": 270, "texture": "#0"},
				"south": {"uv": [9.5, 8.25, 8.25, 7.25], "rotation": 270, "texture": "#0"},
				"west": {"uv": [10, 9.5, 11.25, 9], "rotation": 270, "texture": "#0"},
				"up": {"uv": [8.25, 11, 7.75, 10], "rotation": 270, "texture": "#0"},
				"down": {"uv": [3, 10.5, 2.5, 9.5], "rotation": 270, "texture": "#0"}
			}
		},
		{
			"from": [-0.3135, -0.22658, 9.29402],
			"to": [0.9865, 2.97342, 10.89402],
			"rotation": {"angle": -22.5, "axis": "z", "origin": [6.1365, 5.07342, 8.46069]},
			"faces": {
				"north": {"uv": [9.25, 6.25, 8.5, 6], "rotation": 90, "texture": "#0"},
				"east": {"uv": [9.25, 4.25, 10, 4.75], "rotation": 270, "texture": "#0"},
				"south": {"uv": [9.5, 2.5, 8.75, 2.25], "rotation": 270, "texture": "#0"},
				"west": {"uv": [11, 7.25, 11.75, 6.75], "rotation": 270, "texture": "#0"},
				"up": {"uv": [5.75, 8, 5.25, 7.75], "rotation": 270, "texture": "#0"},
				"down": {"uv": [4.25, 3.5, 3.75, 3.25], "rotation": 270, "texture": "#0"}
			}
		},
		{
			"from": [-1.4135, 2.97342, 9.19402],
			"to": [1.8865, 6.17342, 10.79402],
			"rotation": {"angle": -22.5, "axis": "z", "origin": [6.1365, 5.07342, 8.46069]},
			"faces": {
				"north": {"uv": [9.75, 11.25, 9, 10.5], "rotation": 90, "texture": "#0"},
				"east": {"uv": [3.5, 4.75, 4.25, 5.25], "rotation": 270, "texture": "#0"},
				"south": {"uv": [11.25, 10.25, 10.5, 9.5], "rotation": 270, "texture": "#0"},
				"west": {"uv": [5.25, 1.25, 6, 0.75], "rotation": 270, "texture": "#0"},
				"up": {"uv": [11.25, 9, 10.75, 8.25], "rotation": 270, "texture": "#0"},
				"down": {"uv": [2.5, 8.25, 2, 7.5], "rotation": 270, "texture": "#0"}
			}
		},
		{
			"from": [4.4865, 1.98707, 8.26641],
			"to": [7.7865, 5.18707, 9.86641],
			"rotation": {"angle": 22.5, "axis": "x", "origin": [7.9365, 6.0204, 12.53308]},
			"faces": {
				"north": {"uv": [9.75, 11.25, 9, 10.5], "rotation": 90, "texture": "#0"},
				"east": {"uv": [3.5, 4.75, 4.25, 5.25], "rotation": 270, "texture": "#0"},
				"south": {"uv": [11.25, 10.25, 10.5, 9.5], "rotation": 270, "texture": "#0"},
				"west": {"uv": [5.25, 1.25, 6, 0.75], "rotation": 270, "texture": "#0"},
				"up": {"uv": [11.25, 9, 10.75, 8.25], "rotation": 270, "texture": "#0"},
				"down": {"uv": [2.5, 8.25, 2, 7.5], "rotation": 270, "texture": "#0"}
			}
		},
		{
			"from": [5.5865, -1.21293, 8.36641],
			"to": [6.8865, 1.98707, 9.96641],
			"rotation": {"angle": 22.5, "axis": "x", "origin": [7.9365, 6.0204, 12.53308]},
			"faces": {
				"north": {"uv": [9.25, 6.25, 8.5, 6], "rotation": 90, "texture": "#0"},
				"east": {"uv": [9.25, 4.25, 10, 4.75], "rotation": 270, "texture": "#0"},
				"south": {"uv": [9.5, 2.5, 8.75, 2.25], "rotation": 270, "texture": "#0"},
				"west": {"uv": [11, 7.25, 11.75, 6.75], "rotation": 270, "texture": "#0"},
				"up": {"uv": [5.75, 8, 5.25, 7.75], "rotation": 270, "texture": "#0"},
				"down": {"uv": [4.25, 3.5, 3.75, 3.25], "rotation": 270, "texture": "#0"}
			}
		},
		{
			"from": [3.8865, 5.18707, 8.36641],
			"to": [8.1865, 9.38707, 9.96641],
			"rotation": {"angle": 22.5, "axis": "x", "origin": [7.9365, 6.0204, 12.53308]},
			"faces": {
				"north": {"uv": [6.5, 9.25, 5.25, 8.25], "rotation": 90, "texture": "#0"},
				"east": {"uv": [10, 1.5, 11.25, 2], "rotation": 270, "texture": "#0"},
				"south": {"uv": [9.5, 8.25, 8.25, 7.25], "rotation": 270, "texture": "#0"},
				"west": {"uv": [10, 9.5, 11.25, 9], "rotation": 270, "texture": "#0"},
				"up": {"uv": [8.25, 11, 7.75, 10], "rotation": 270, "texture": "#0"},
				"down": {"uv": [3, 10.5, 2.5, 9.5], "rotation": 270, "texture": "#0"}
			}
		},
		{
			"from": [6.2865, 2.98707, 10.36641],
			"to": [9.5865, 6.18707, 11.96641],
			"rotation": {"angle": -22.5, "axis": "x", "origin": [7.9365, 6.0204, 12.53308]},
			"faces": {
				"north": {"uv": [9.75, 11.25, 9, 10.5], "rotation": 90, "texture": "#0"},
				"east": {"uv": [3.5, 4.75, 4.25, 5.25], "rotation": 270, "texture": "#0"},
				"south": {"uv": [11.25, 10.25, 10.5, 9.5], "rotation": 270, "texture": "#0"},
				"west": {"uv": [5.25, 1.25, 6, 0.75], "rotation": 270, "texture": "#0"},
				"up": {"uv": [11.25, 9, 10.75, 8.25], "rotation": 270, "texture": "#0"},
				"down": {"uv": [2.5, 8.25, 2, 7.5], "rotation": 270, "texture": "#0"}
			}
		},
		{
			"from": [7.3865, -0.21293, 10.46641],
			"to": [8.6865, 2.98707, 12.06641],
			"rotation": {"angle": -22.5, "axis": "x", "origin": [7.9365, 6.0204, 12.53308]},
			"faces": {
				"north": {"uv": [9.25, 6.25, 8.5, 6], "rotation": 90, "texture": "#0"},
				"east": {"uv": [9.25, 4.25, 10, 4.75], "rotation": 270, "texture": "#0"},
				"south": {"uv": [9.5, 2.5, 8.75, 2.25], "rotation": 270, "texture": "#0"},
				"west": {"uv": [11, 7.25, 11.75, 6.75], "rotation": 270, "texture": "#0"},
				"up": {"uv": [5.75, 8, 5.25, 7.75], "rotation": 270, "texture": "#0"},
				"down": {"uv": [4.25, 3.5, 3.75, 3.25], "rotation": 270, "texture": "#0"}
			}
		},
		{
			"from": [5.6865, 6.18707, 10.46641],
			"to": [9.9865, 11.38707, 12.06641],
			"rotation": {"angle": -22.5, "axis": "x", "origin": [7.9365, 6.0204, 12.53308]},
			"faces": {
				"north": {"uv": [6.5, 9.25, 5.25, 8.25], "rotation": 90, "texture": "#0"},
				"east": {"uv": [10, 1.5, 11.25, 2], "rotation": 270, "texture": "#0"},
				"south": {"uv": [9.5, 8.25, 8.25, 7.25], "rotation": 270, "texture": "#0"},
				"west": {"uv": [10, 9.5, 11.25, 9], "rotation": 270, "texture": "#0"},
				"up": {"uv": [8.25, 11, 7.75, 10], "rotation": 270, "texture": "#0"},
				"down": {"uv": [3, 10.5, 2.5, 9.5], "rotation": 270, "texture": "#0"}
			}
		},
		{
			"from": [7.20316, 4.08707, 10.88308],
			"to": [8.80316, 7.28707, 14.18308],
			"rotation": {"angle": -45, "axis": "y", "origin": [10.2365, 5.2204, 9.93308]},
			"faces": {
				"north": {"uv": [5.25, 1.25, 6, 0.75], "rotation": 270, "texture": "#0"},
				"east": {"uv": [9.75, 11.25, 9, 10.5], "rotation": 90, "texture": "#0"},
				"south": {"uv": [3.5, 4.75, 4.25, 5.25], "rotation": 270, "texture": "#0"},
				"west": {"uv": [11.25, 10.25, 10.5, 9.5], "rotation": 270, "texture": "#0"},
				"up": {"uv": [11.25, 9, 10.75, 8.25], "texture": "#0"},
				"down": {"uv": [2.5, 8.25, 2, 7.5], "rotation": 180, "texture": "#0"}
			}
		},
		{
			"from": [7.10316, 0.88707, 11.98308],
			"to": [8.70316, 4.08707, 13.28308],
			"rotation": {"angle": -45, "axis": "y", "origin": [10.2365, 5.2204, 9.93308]},
			"faces": {
				"north": {"uv": [11, 7.25, 11.75, 6.75], "rotation": 270, "texture": "#0"},
				"east": {"uv": [9.25, 6.25, 8.5, 6], "rotation": 90, "texture": "#0"},
				"south": {"uv": [9.25, 4.25, 10, 4.75], "rotation": 270, "texture": "#0"},
				"west": {"uv": [9.5, 2.5, 8.75, 2.25], "rotation": 270, "texture": "#0"},
				"up": {"uv": [5.75, 8, 5.25, 7.75], "texture": "#0"},
				"down": {"uv": [4.25, 3.5, 3.75, 3.25], "rotation": 180, "texture": "#0"}
			}
		},
		{
			"from": [7.10316, 7.28707, 10.28308],
			"to": [8.70316, 12.48707, 14.58308],
			"rotation": {"angle": -45, "axis": "y", "origin": [10.2365, 5.2204, 9.93308]},
			"faces": {
				"north": {"uv": [10, 9.5, 11.25, 9], "rotation": 270, "texture": "#0"},
				"east": {"uv": [6.5, 9.25, 5.25, 8.25], "rotation": 90, "texture": "#0"},
				"south": {"uv": [10, 1.5, 11.25, 2], "rotation": 270, "texture": "#0"},
				"west": {"uv": [9.5, 8.25, 8.25, 7.25], "rotation": 270, "texture": "#0"},
				"up": {"uv": [8.25, 11, 7.75, 10], "texture": "#0"},
				"down": {"uv": [3, 10.5, 2.5, 9.5], "rotation": 180, "texture": "#0"}
			}
		},
		{
			"from": [9.60003, 3.28707, 12.37105],
			"to": [12.90003, 6.48707, 13.97105],
			"rotation": {"angle": -22.5, "axis": "y", "origin": [19.05003, -0.9796, 9.03771]},
			"faces": {
				"north": {"uv": [9.75, 11.25, 9, 10.5], "rotation": 90, "texture": "#0"},
				"east": {"uv": [3.5, 4.75, 4.25, 5.25], "rotation": 270, "texture": "#0"},
				"south": {"uv": [11.25, 10.25, 10.5, 9.5], "rotation": 270, "texture": "#0"},
				"west": {"uv": [5.25, 1.25, 6, 0.75], "rotation": 270, "texture": "#0"},
				"up": {"uv": [11.25, 9, 10.75, 8.25], "rotation": 270, "texture": "#0"},
				"down": {"uv": [2.5, 8.25, 2, 7.5], "rotation": 270, "texture": "#0"}
			}
		},
		{
			"from": [10.70003, 0.08707, 12.47105],
			"to": [12.00003, 3.28707, 14.07105],
			"rotation": {"angle": -22.5, "axis": "y", "origin": [19.05003, -0.9796, 9.03771]},
			"faces": {
				"north": {"uv": [9.25, 6.25, 8.5, 6], "rotation": 90, "texture": "#0"},
				"east": {"uv": [9.25, 4.25, 10, 4.75], "rotation": 270, "texture": "#0"},
				"south": {"uv": [9.5, 2.5, 8.75, 2.25], "rotation": 270, "texture": "#0"},
				"west": {"uv": [11, 7.25, 11.75, 6.75], "rotation": 270, "texture": "#0"},
				"up": {"uv": [5.75, 8, 5.25, 7.75], "rotation": 270, "texture": "#0"},
				"down": {"uv": [4.25, 3.5, 3.75, 3.25], "rotation": 270, "texture": "#0"}
			}
		},
		{
			"from": [9.00003, 6.48707, 12.47105],
			"to": [13.30003, 11.68707, 14.07105],
			"rotation": {"angle": -22.5, "axis": "y", "origin": [19.05003, -0.9796, 9.03771]},
			"faces": {
				"north": {"uv": [6.5, 9.25, 5.25, 8.25], "rotation": 90, "texture": "#0"},
				"east": {"uv": [10, 1.5, 11.25, 2], "rotation": 270, "texture": "#0"},
				"south": {"uv": [9.5, 8.25, 8.25, 7.25], "rotation": 270, "texture": "#0"},
				"west": {"uv": [10, 9.5, 11.25, 9], "rotation": 270, "texture": "#0"},
				"up": {"uv": [8.25, 11, 7.75, 10], "rotation": 270, "texture": "#0"},
				"down": {"uv": [3, 10.5, 2.5, 9.5], "rotation": 270, "texture": "#0"}
			}
		},
		{
			"from": [11.34398, 13.39223, 10.1],
			"to": [19.04398, 14.69223, 11.1],
			"rotation": {"angle": 45, "axis": "z", "origin": [15.19398, 10.04223, 10.9]},
			"faces": {
				"north": {"uv": [12.25, 1.5, 10.25, 1.25], "rotation": 180, "texture": "#0"},
				"east": {"uv": [3.25, 8.5, 3, 8.25], "rotation": 180, "texture": "#0"},
				"south": {"uv": [12.25, 7.75, 10.25, 7.5], "rotation": 180, "texture": "#0"},
				"west": {"uv": [4.5, 8.5, 4.25, 8.25], "rotation": 180, "texture": "#0"},
				"up": {"uv": [10.25, 7.75, 12.25, 8], "rotation": 180, "texture": "#0"},
				"down": {"uv": [10.75, 4.5, 12.75, 4.25], "rotation": 180, "texture": "#0"}
			}
		},
		{
			"from": [0.68314, 8.75469, 10.4],
			"to": [8.38314, 10.05469, 11.4],
			"rotation": {"angle": -45, "axis": "z", "origin": [10.63314, -3.14531, 9.9]},
			"faces": {
				"north": {"uv": [12.25, 1.5, 10.25, 1.25], "texture": "#0"},
				"east": {"uv": [4.5, 8.5, 4.25, 8.25], "texture": "#0"},
				"south": {"uv": [12.25, 7.75, 10.25, 7.5], "texture": "#0"},
				"west": {"uv": [3.25, 8.5, 3, 8.25], "texture": "#0"},
				"up": {"uv": [10.75, 4.5, 12.75, 4.25], "texture": "#0"},
				"down": {"uv": [10.25, 7.75, 12.25, 8], "texture": "#0"}
			}
		},
		{
			"from": [0.68314, 6.85469, 8],
			"to": [8.38314, 8.15469, 9],
			"rotation": {"angle": -45, "axis": "z", "origin": [10.63314, -3.14531, 9.9]},
			"faces": {
				"north": {"uv": [12.25, 1.5, 10.25, 1.25], "texture": "#0"},
				"east": {"uv": [4.5, 8.5, 4.25, 8.25], "texture": "#0"},
				"south": {"uv": [12.25, 7.75, 10.25, 7.5], "texture": "#0"},
				"west": {"uv": [3.25, 8.5, 3, 8.25], "texture": "#0"},
				"up": {"uv": [10.75, 4.5, 12.75, 4.25], "texture": "#0"},
				"down": {"uv": [10.25, 7.75, 12.25, 8], "texture": "#0"}
			}
		},
		{
			"from": [12.89353, 4.15462, 7.88744],
			"to": [14.19353, 11.85462, 8.88744],
			"rotation": {"angle": 22.5, "axis": "y", "origin": [13.64353, 5.30462, 10.98744]},
			"faces": {
				"north": {"uv": [12.25, 1.5, 10.25, 1.25], "rotation": 270, "texture": "#0"},
				"east": {"uv": [10.75, 4.5, 12.75, 4.25], "rotation": 90, "texture": "#0"},
				"south": {"uv": [12.25, 7.75, 10.25, 7.5], "rotation": 90, "texture": "#0"},
				"west": {"uv": [10.25, 7.75, 12.25, 8], "rotation": 90, "texture": "#0"},
				"up": {"uv": [3.25, 8.5, 3, 8.25], "rotation": 90, "texture": "#0"},
				"down": {"uv": [4.5, 8.5, 4.25, 8.25], "rotation": 90, "texture": "#0"}
			}
		},
		{
			"from": [12.99353, 1.45462, 9.48744],
			"to": [14.29353, 9.15462, 10.48744],
			"rotation": {"angle": 22.5, "axis": "y", "origin": [13.64353, 5.30462, 10.98744]},
			"faces": {
				"north": {"uv": [12.25, 1.5, 10.25, 1.25], "rotation": 270, "texture": "#0"},
				"east": {"uv": [10.75, 4.5, 12.75, 4.25], "rotation": 90, "texture": "#0"},
				"south": {"uv": [12.25, 7.75, 10.25, 7.5], "rotation": 90, "texture": "#0"},
				"west": {"uv": [10.25, 7.75, 12.25, 8], "rotation": 90, "texture": "#0"},
				"up": {"uv": [3.25, 8.5, 3, 8.25], "rotation": 90, "texture": "#0"},
				"down": {"uv": [4.5, 8.5, 4.25, 8.25], "rotation": 90, "texture": "#0"}
			}
		},
		{
			"from": [13.34969, 4.47437, 9.5],
			"to": [17.64969, 9.67437, 11.5],
			"rotation": {"angle": 22.5, "axis": "z", "origin": [9.49969, 1.1077, 9.76667]},
			"faces": {
				"north": {"uv": [6.5, 9.25, 5.25, 8.25], "rotation": 90, "texture": "#0"},
				"east": {"uv": [10, 1.5, 11.25, 2], "rotation": 270, "texture": "#0"},
				"south": {"uv": [9.5, 8.25, 8.25, 7.25], "rotation": 270, "texture": "#0"},
				"west": {"uv": [10, 9.5, 11.25, 9], "rotation": 270, "texture": "#0"},
				"up": {"uv": [8.25, 11, 7.75, 10], "rotation": 270, "texture": "#0"},
				"down": {"uv": [3, 10.5, 2.5, 9.5], "rotation": 270, "texture": "#0"}
			}
		},
		{
			"from": [13.94969, 1.27437, 9.4],
			"to": [17.24969, 4.47437, 11],
			"rotation": {"angle": 22.5, "axis": "z", "origin": [9.49969, 1.1077, 9.76667]},
			"faces": {
				"north": {"uv": [9.75, 11.25, 9, 10.5], "rotation": 90, "texture": "#0"},
				"east": {"uv": [3.5, 4.75, 4.25, 5.25], "rotation": 270, "texture": "#0"},
				"south": {"uv": [11.25, 10.25, 10.5, 9.5], "rotation": 270, "texture": "#0"},
				"west": {"uv": [5.25, 1.25, 6, 0.75], "rotation": 270, "texture": "#0"},
				"up": {"uv": [11.25, 9, 10.75, 8.25], "rotation": 270, "texture": "#0"},
				"down": {"uv": [2.5, 8.25, 2, 7.5], "rotation": 270, "texture": "#0"}
			}
		},
		{
			"from": [15.04969, -1.92563, 9.5],
			"to": [16.34969, 1.27437, 11.1],
			"rotation": {"angle": 22.5, "axis": "z", "origin": [9.49969, 1.1077, 9.76667]},
			"faces": {
				"north": {"uv": [9.25, 6.25, 8.5, 6], "rotation": 90, "texture": "#0"},
				"east": {"uv": [9.25, 4.25, 10, 4.75], "rotation": 270, "texture": "#0"},
				"south": {"uv": [9.5, 2.5, 8.75, 2.25], "rotation": 270, "texture": "#0"},
				"west": {"uv": [11, 7.25, 11.75, 6.75], "rotation": 270, "texture": "#0"},
				"up": {"uv": [5.75, 8, 5.25, 7.75], "rotation": 270, "texture": "#0"},
				"down": {"uv": [4.25, 3.5, 3.75, 3.25], "rotation": 270, "texture": "#0"}
			}
		},
		{
			"from": [17.3384, 7.61456, 9],
			"to": [20.5384, 8.91456, 10.6],
			"rotation": {"angle": -45, "axis": "z", "origin": [16.00507, 6.76456, 8.96667]},
			"faces": {
				"north": {"uv": [9.25, 6.25, 8.5, 6], "rotation": 180, "texture": "#0"},
				"east": {"uv": [4.25, 3.5, 3.75, 3.25], "rotation": 180, "texture": "#0"},
				"south": {"uv": [9.5, 2.5, 8.75, 2.25], "rotation": 180, "texture": "#0"},
				"west": {"uv": [5.75, 8, 5.25, 7.75], "rotation": 180, "texture": "#0"},
				"up": {"uv": [9.25, 4.25, 10, 4.75], "rotation": 180, "texture": "#0"},
				"down": {"uv": [11, 7.25, 11.75, 6.75], "rotation": 180, "texture": "#0"}
			}
		},
		{
			"from": [14.1384, 6.51456, 8.9],
			"to": [17.3384, 9.81456, 10.5],
			"rotation": {"angle": -45, "axis": "z", "origin": [16.00507, 6.76456, 8.96667]},
			"faces": {
				"north": {"uv": [9.75, 11.25, 9, 10.5], "rotation": 180, "texture": "#0"},
				"east": {"uv": [2.5, 8.25, 2, 7.5], "rotation": 180, "texture": "#0"},
				"south": {"uv": [11.25, 10.25, 10.5, 9.5], "rotation": 180, "texture": "#0"},
				"west": {"uv": [11.25, 9, 10.75, 8.25], "rotation": 180, "texture": "#0"},
				"up": {"uv": [3.5, 4.75, 4.25, 5.25], "rotation": 180, "texture": "#0"},
				"down": {"uv": [5.25, 1.25, 6, 0.75], "rotation": 180, "texture": "#0"}
			}
		},
		{
			"from": [8.9384, 5.91456, 9],
			"to": [14.1384, 10.21456, 10.6],
			"rotation": {"angle": -45, "axis": "z", "origin": [16.00507, 6.76456, 8.96667]},
			"faces": {
				"north": {"uv": [6.5, 9.25, 5.25, 8.25], "rotation": 180, "texture": "#0"},
				"east": {"uv": [3, 10.5, 2.5, 9.5], "rotation": 180, "texture": "#0"},
				"south": {"uv": [9.5, 8.25, 8.25, 7.25], "rotation": 180, "texture": "#0"},
				"west": {"uv": [8.25, 11, 7.75, 10], "rotation": 180, "texture": "#0"},
				"up": {"uv": [10, 1.5, 11.25, 2], "rotation": 180, "texture": "#0"},
				"down": {"uv": [10, 9.5, 11.25, 9], "rotation": 180, "texture": "#0"}
			}
		},
		{
			"from": [2, 6.4, 8.8],
			"to": [14.8, 14.8, 10.9],
			"rotation": {"angle": 0, "axis": "y", "origin": [16, 25, 0.4]},
			"faces": {
				"north": {"uv": [5.25, 1.25, 3.5, 0], "texture": "#0"},
				"east": {"uv": [6, 10.5, 5.25, 9.25], "texture": "#0"},
				"south": {"uv": [4.25, 4.75, 2.5, 3.5], "texture": "#0"},
				"west": {"uv": [4.5, 10.5, 3.75, 9.25], "texture": "#0"},
				"up": {"uv": [7.25, 3.75, 9, 3], "texture": "#0"},
				"down": {"uv": [7.25, 0.75, 9, 1.5], "texture": "#0"}
			}
		},
		{
			"from": [20.98336, 12.11323, 8.2],
			"to": [24.18336, 13.41323, 9.8],
			"rotation": {"angle": 22.5, "axis": "x", "origin": [20.15003, 12.66323, 9.9]},
			"faces": {
				"north": {"uv": [9.25, 6.25, 8.5, 6], "rotation": 180, "texture": "#0"},
				"east": {"uv": [4.25, 3.5, 3.75, 3.25], "rotation": 180, "texture": "#0"},
				"south": {"uv": [9.5, 2.5, 8.75, 2.25], "rotation": 180, "texture": "#0"},
				"west": {"uv": [5.75, 8, 5.25, 7.75], "rotation": 180, "texture": "#0"},
				"up": {"uv": [9.25, 4.25, 10, 4.75], "rotation": 180, "texture": "#0"},
				"down": {"uv": [11, 7.25, 11.75, 6.75], "rotation": 180, "texture": "#0"}
			}
		},
		{
			"from": [17.78336, 11.01323, 8.1],
			"to": [20.98336, 14.31323, 9.7],
			"rotation": {"angle": 22.5, "axis": "x", "origin": [20.15003, 12.66323, 9.9]},
			"faces": {
				"north": {"uv": [9.75, 11.25, 9, 10.5], "rotation": 180, "texture": "#0"},
				"east": {"uv": [2.5, 8.25, 2, 7.5], "rotation": 180, "texture": "#0"},
				"south": {"uv": [11.25, 10.25, 10.5, 9.5], "rotation": 180, "texture": "#0"},
				"west": {"uv": [11.25, 9, 10.75, 8.25], "rotation": 180, "texture": "#0"},
				"up": {"uv": [3.5, 4.75, 4.25, 5.25], "rotation": 180, "texture": "#0"},
				"down": {"uv": [5.25, 1.25, 6, 0.75], "rotation": 180, "texture": "#0"}
			}
		},
		{
			"from": [12.58336, 10.41323, 8.2],
			"to": [17.78336, 14.71323, 9.8],
			"rotation": {"angle": 22.5, "axis": "x", "origin": [20.15003, 12.66323, 9.9]},
			"faces": {
				"north": {"uv": [6.5, 9.25, 5.25, 8.25], "rotation": 180, "texture": "#0"},
				"east": {"uv": [3, 10.5, 2.5, 9.5], "rotation": 180, "texture": "#0"},
				"south": {"uv": [9.5, 8.25, 8.25, 7.25], "rotation": 180, "texture": "#0"},
				"west": {"uv": [8.25, 11, 7.75, 10], "rotation": 180, "texture": "#0"},
				"up": {"uv": [10, 1.5, 11.25, 2], "rotation": 180, "texture": "#0"},
				"down": {"uv": [10, 9.5, 11.25, 9], "rotation": 180, "texture": "#0"}
			}
		},
		{
			"from": [7.18314, 10.25469, 8],
			"to": [14.88314, 11.55469, 9],
			"rotation": {"angle": -22.5, "axis": "z", "origin": [10.63314, -3.14531, 9.9]},
			"faces": {
				"north": {"uv": [12.25, 1.5, 10.25, 1.25], "texture": "#0"},
				"east": {"uv": [4.5, 8.5, 4.25, 8.25], "texture": "#0"},
				"south": {"uv": [12.25, 7.75, 10.25, 7.5], "texture": "#0"},
				"west": {"uv": [3.25, 8.5, 3, 8.25], "texture": "#0"},
				"up": {"uv": [10.75, 4.5, 12.75, 4.25], "texture": "#0"},
				"down": {"uv": [10.25, 7.75, 12.25, 8], "texture": "#0"}
			}
		},
		{
			"from": [17.7, 10.6, 8],
			"to": [25.4, 12.4, 9.2],
			"rotation": {"angle": 22.5, "axis": "z", "origin": [9.2, -0.6, 9.9]},
			"faces": {
				"north": {"uv": [9.5, 3, 7.5, 2.5], "rotation": 180, "texture": "#0"},
				"east": {"uv": [3.75, 1.75, 3.5, 1.25], "rotation": 180, "texture": "#0"},
				"south": {"uv": [10, 5.25, 8, 4.75], "rotation": 180, "texture": "#0"},
				"west": {"uv": [7.5, 2, 7.25, 1.5], "rotation": 180, "texture": "#0"},
				"up": {"uv": [10, 5, 12, 5.25], "rotation": 180, "texture": "#0"},
				"down": {"uv": [10.25, 1.25, 12.25, 1], "rotation": 180, "texture": "#0"}
			}
		},
		{
			"from": [2.9, 4.3, 9.6],
			"to": [16.8, 14, 10.1],
			"rotation": {"angle": 0, "axis": "y", "origin": [16, 25, 0.4]},
			"faces": {
				"north": {"uv": [5.25, 1.25, 3.5, 0], "texture": "#0"},
				"east": {"uv": [6, 10.5, 5.25, 9.25], "texture": "#0"},
				"south": {"uv": [4.25, 4.75, 2.5, 3.5], "texture": "#0"},
				"west": {"uv": [4.5, 10.5, 3.75, 9.25], "texture": "#0"},
				"up": {"uv": [7.25, 3.75, 9, 3], "texture": "#0"},
				"down": {"uv": [7.25, 0.75, 9, 1.5], "texture": "#0"}
			}
		},
		{
			"from": [1.2, 10.2, 8.4],
			"to": [14, 18.6, 10.5],
			"faces": {
				"north": {"uv": [3.5, 0, 5.25, 1.25], "texture": "#0"},
				"east": {"uv": [3.75, 9.25, 4.5, 10.5], "texture": "#0"},
				"south": {"uv": [2.5, 3.5, 4.25, 4.75], "texture": "#0"},
				"west": {"uv": [5.25, 9.25, 6, 10.5], "texture": "#0"},
				"up": {"uv": [9, 1.5, 7.25, 0.75], "texture": "#0"},
				"down": {"uv": [9, 3, 7.25, 3.75], "texture": "#0"}
			}
		},
		{
			"from": [-9.4, 12.6, 7.6],
			"to": [-1.7, 14.4, 8.8],
			"rotation": {"angle": 22.5, "axis": "z", "origin": [6.8, 25.6, 9.5]},
			"faces": {
				"north": {"uv": [7.5, 2.5, 9.5, 3], "rotation": 180, "texture": "#0"},
				"east": {"uv": [7.25, 1.5, 7.5, 2], "rotation": 180, "texture": "#0"},
				"south": {"uv": [8, 4.75, 10, 5.25], "rotation": 180, "texture": "#0"},
				"west": {"uv": [3.5, 1.25, 3.75, 1.75], "rotation": 180, "texture": "#0"},
				"up": {"uv": [12.25, 1, 10.25, 1.25], "rotation": 180, "texture": "#0"},
				"down": {"uv": [12, 5.25, 10, 5], "rotation": 180, "texture": "#0"}
			}
		},
		{
			"from": [1.11686, 13.44531, 7.6],
			"to": [8.81686, 14.74531, 8.6],
			"rotation": {"angle": -22.5, "axis": "z", "origin": [5.36686, 28.14531, 9.5]},
			"faces": {
				"north": {"uv": [10.25, 1.25, 12.25, 1.5], "texture": "#0"},
				"east": {"uv": [3, 8.25, 3.25, 8.5], "texture": "#0"},
				"south": {"uv": [10.25, 7.5, 12.25, 7.75], "texture": "#0"},
				"west": {"uv": [4.25, 8.25, 4.5, 8.5], "texture": "#0"},
				"up": {"uv": [12.25, 8, 10.25, 7.75], "texture": "#0"},
				"down": {"uv": [12.75, 4.25, 10.75, 4.5], "texture": "#0"}
			}
		},
		{
			"from": [7.61686, 16.84531, 7.6],
			"to": [15.31686, 18.14531, 8.6],
			"rotation": {"angle": -45, "axis": "z", "origin": [5.36686, 28.14531, 9.5]},
			"faces": {
				"north": {"uv": [10.25, 1.25, 12.25, 1.5], "texture": "#0"},
				"east": {"uv": [3, 8.25, 3.25, 8.5], "texture": "#0"},
				"south": {"uv": [10.25, 7.5, 12.25, 7.75], "texture": "#0"},
				"west": {"uv": [4.25, 8.25, 4.5, 8.5], "texture": "#0"},
				"up": {"uv": [12.25, 8, 10.25, 7.75], "texture": "#0"},
				"down": {"uv": [12.75, 4.25, 10.75, 4.5], "texture": "#0"}
			}
		},
		{
			"from": [7.61686, 14.94531, 10],
			"to": [15.31686, 16.24531, 11],
			"rotation": {"angle": -45, "axis": "z", "origin": [5.36686, 28.14531, 9.5]},
			"faces": {
				"north": {"uv": [10.25, 1.25, 12.25, 1.5], "texture": "#0"},
				"east": {"uv": [3, 8.25, 3.25, 8.5], "texture": "#0"},
				"south": {"uv": [10.25, 7.5, 12.25, 7.75], "texture": "#0"},
				"west": {"uv": [4.25, 8.25, 4.5, 8.5], "texture": "#0"},
				"up": {"uv": [12.25, 8, 10.25, 7.75], "texture": "#0"},
				"down": {"uv": [12.75, 4.25, 10.75, 4.5], "texture": "#0"}
			}
		},
		{
			"from": [-3.04398, 10.30777, 9.7],
			"to": [4.65602, 11.60777, 10.7],
			"rotation": {"angle": 45, "axis": "z", "origin": [0.80602, 14.95777, 10.5]},
			"faces": {
				"north": {"uv": [10.25, 1.25, 12.25, 1.5], "rotation": 180, "texture": "#0"},
				"east": {"uv": [4.25, 8.25, 4.5, 8.5], "rotation": 180, "texture": "#0"},
				"south": {"uv": [10.25, 7.5, 12.25, 7.75], "rotation": 180, "texture": "#0"},
				"west": {"uv": [3, 8.25, 3.25, 8.5], "rotation": 180, "texture": "#0"},
				"up": {"uv": [12.75, 4.25, 10.75, 4.5], "rotation": 180, "texture": "#0"},
				"down": {"uv": [12.25, 8, 10.25, 7.75], "rotation": 180, "texture": "#0"}
			}
		},
		{
			"from": [1.70647, 15.84538, 9.08744],
			"to": [3.00647, 23.54538, 10.08744],
			"rotation": {"angle": -22.5, "axis": "y", "origin": [2.35647, 19.69538, 10.58744]},
			"faces": {
				"north": {"uv": [10.25, 1.25, 12.25, 1.5], "rotation": 270, "texture": "#0"},
				"east": {"uv": [12.25, 8, 10.25, 7.75], "rotation": 90, "texture": "#0"},
				"south": {"uv": [10.25, 7.5, 12.25, 7.75], "rotation": 90, "texture": "#0"},
				"west": {"uv": [12.75, 4.25, 10.75, 4.5], "rotation": 90, "texture": "#0"},
				"up": {"uv": [4.25, 8.25, 4.5, 8.5], "rotation": 90, "texture": "#0"},
				"down": {"uv": [3, 8.25, 3.25, 8.5], "rotation": 90, "texture": "#0"}
			}
		},
		{
			"from": [1.80647, 13.14538, 7.48744],
			"to": [3.10647, 20.84538, 8.48744],
			"rotation": {"angle": -22.5, "axis": "y", "origin": [2.35647, 19.69538, 10.58744]},
			"faces": {
				"north": {"uv": [10.25, 1.25, 12.25, 1.5], "rotation": 270, "texture": "#0"},
				"east": {"uv": [12.25, 8, 10.25, 7.75], "rotation": 90, "texture": "#0"},
				"south": {"uv": [10.25, 7.5, 12.25, 7.75], "rotation": 90, "texture": "#0"},
				"west": {"uv": [12.75, 4.25, 10.75, 4.5], "rotation": 90, "texture": "#0"},
				"up": {"uv": [4.25, 8.25, 4.5, 8.5], "rotation": 90, "texture": "#0"},
				"down": {"uv": [3, 8.25, 3.25, 8.5], "rotation": 90, "texture": "#0"}
			}
		},
		{
			"from": [12.20647, 14.84538, 8.38744],
			"to": [13.50647, 22.54538, 9.38744],
			"rotation": {"angle": 22.5, "axis": "y", "origin": [12.85647, 16.99538, 8.88744]},
			"faces": {
				"north": {"uv": [10.25, 1.25, 12.25, 1.5], "rotation": 270, "texture": "#0"},
				"east": {"uv": [12.25, 8, 10.25, 7.75], "rotation": 90, "texture": "#0"},
				"south": {"uv": [10.25, 7.5, 12.25, 7.75], "rotation": 90, "texture": "#0"},
				"west": {"uv": [12.75, 4.25, 10.75, 4.5], "rotation": 90, "texture": "#0"},
				"up": {"uv": [4.25, 8.25, 4.5, 8.5], "rotation": 90, "texture": "#0"},
				"down": {"uv": [3, 8.25, 3.25, 8.5], "rotation": 90, "texture": "#0"}
			}
		},
		{
			"from": [12.70647, 13.04538, 9.68744],
			"to": [14.00647, 20.74538, 10.68744],
			"rotation": {"angle": 22.5, "axis": "y", "origin": [12.85647, 16.99538, 8.88744]},
			"faces": {
				"north": {"uv": [10.25, 1.25, 12.25, 1.5], "rotation": 270, "texture": "#0"},
				"east": {"uv": [12.25, 8, 10.25, 7.75], "rotation": 90, "texture": "#0"},
				"south": {"uv": [10.25, 7.5, 12.25, 7.75], "rotation": 90, "texture": "#0"},
				"west": {"uv": [12.75, 4.25, 10.75, 4.5], "rotation": 90, "texture": "#0"},
				"up": {"uv": [4.25, 8.25, 4.5, 8.5], "rotation": 90, "texture": "#0"},
				"down": {"uv": [3, 8.25, 3.25, 8.5], "rotation": 90, "texture": "#0"}
			}
		},
		{
			"from": [-1.78336, 10.28677, 7.8],
			"to": [3.41664, 14.58677, 9.4],
			"rotation": {"angle": -22.5, "axis": "x", "origin": [-4.15003, 12.33677, 9.5]},
			"faces": {
				"north": {"uv": [5.25, 8.25, 6.5, 9.25], "rotation": 180, "texture": "#0"},
				"east": {"uv": [7.75, 10, 8.25, 11], "rotation": 180, "texture": "#0"},
				"south": {"uv": [8.25, 7.25, 9.5, 8.25], "rotation": 180, "texture": "#0"},
				"west": {"uv": [2.5, 9.5, 3, 10.5], "rotation": 180, "texture": "#0"},
				"up": {"uv": [11.25, 9, 10, 9.5], "rotation": 180, "texture": "#0"},
				"down": {"uv": [11.25, 2, 10, 1.5], "rotation": 180, "texture": "#0"}
			}
		},
		{
			"from": [0.69997, 6.25523, 9.73251],
			"to": [1.99997, 9.45523, 11.33251],
			"rotation": {"angle": -22.5, "axis": "z", "origin": [-3.05003, 4.58856, 11.69918]},
			"faces": {
				"north": {"uv": [8.5, 6, 9.25, 6.25], "rotation": 270, "texture": "#0"},
				"east": {"uv": [10, 4.75, 9.25, 4.25], "rotation": 90, "texture": "#0"},
				"south": {"uv": [8.75, 2.25, 9.5, 2.5], "rotation": 90, "texture": "#0"},
				"west": {"uv": [11.75, 6.75, 11, 7.25], "rotation": 90, "texture": "#0"},
				"up": {"uv": [5.25, 7.75, 5.75, 8], "rotation": 90, "texture": "#0"},
				"down": {"uv": [3.75, 3.25, 4.25, 3.5], "rotation": 90, "texture": "#0"}
			}
		},
		{
			"from": [-0.40003, 9.45523, 9.63251],
			"to": [2.89997, 12.65523, 11.23251],
			"rotation": {"angle": -22.5, "axis": "z", "origin": [-3.05003, 4.58856, 11.69918]},
			"faces": {
				"north": {"uv": [9, 10.5, 9.75, 11.25], "rotation": 270, "texture": "#0"},
				"east": {"uv": [4.25, 5.25, 3.5, 4.75], "rotation": 90, "texture": "#0"},
				"south": {"uv": [10.5, 9.5, 11.25, 10.25], "rotation": 90, "texture": "#0"},
				"west": {"uv": [6, 0.75, 5.25, 1.25], "rotation": 90, "texture": "#0"},
				"up": {"uv": [10.75, 8.25, 11.25, 9], "rotation": 90, "texture": "#0"},
				"down": {"uv": [2, 7.5, 2.5, 8.25], "rotation": 90, "texture": "#0"}
			}
		},
		{
			"from": [-1.00003, 12.65523, 9.73251],
			"to": [3.29997, 17.85523, 11.33251],
			"rotation": {"angle": -22.5, "axis": "z", "origin": [-3.05003, 4.58856, 11.69918]},
			"faces": {
				"north": {"uv": [5.25, 8.25, 6.5, 9.25], "rotation": 270, "texture": "#0"},
				"east": {"uv": [11.25, 2, 10, 1.5], "rotation": 90, "texture": "#0"},
				"south": {"uv": [8.25, 7.25, 9.5, 8.25], "rotation": 90, "texture": "#0"},
				"west": {"uv": [11.25, 9, 10, 9.5], "rotation": 90, "texture": "#0"},
				"up": {"uv": [7.75, 10, 8.25, 11], "rotation": 90, "texture": "#0"},
				"down": {"uv": [2.5, 9.5, 3, 10.5], "rotation": 90, "texture": "#0"}
			}
		},
		{
			"from": [3.09997, 18.51293, 11.97105],
			"to": [6.39997, 21.71293, 13.57105],
			"rotation": {"angle": 22.5, "axis": "y", "origin": [-3.05003, 25.9796, 8.63771]},
			"faces": {
				"north": {"uv": [9, 10.5, 9.75, 11.25], "rotation": 90, "texture": "#0"},
				"east": {"uv": [6, 0.75, 5.25, 1.25], "rotation": 270, "texture": "#0"},
				"south": {"uv": [10.5, 9.5, 11.25, 10.25], "rotation": 270, "texture": "#0"},
				"west": {"uv": [4.25, 5.25, 3.5, 4.75], "rotation": 270, "texture": "#0"},
				"up": {"uv": [2, 7.5, 2.5, 8.25], "rotation": 270, "texture": "#0"},
				"down": {"uv": [10.75, 8.25, 11.25, 9], "rotation": 270, "texture": "#0"}
			}
		},
		{
			"from": [3.99997, 21.71293, 12.07105],
			"to": [5.29997, 24.91293, 13.67105],
			"rotation": {"angle": 22.5, "axis": "y", "origin": [-3.05003, 25.9796, 8.63771]},
			"faces": {
				"north": {"uv": [8.5, 6, 9.25, 6.25], "rotation": 90, "texture": "#0"},
				"east": {"uv": [11.75, 6.75, 11, 7.25], "rotation": 270, "texture": "#0"},
				"south": {"uv": [8.75, 2.25, 9.5, 2.5], "rotation": 270, "texture": "#0"},
				"west": {"uv": [10, 4.75, 9.25, 4.25], "rotation": 270, "texture": "#0"},
				"up": {"uv": [3.75, 3.25, 4.25, 3.5], "rotation": 270, "texture": "#0"},
				"down": {"uv": [5.25, 7.75, 5.75, 8], "rotation": 270, "texture": "#0"}
			}
		},
		{
			"from": [2.69997, 13.31293, 12.07105],
			"to": [6.99997, 18.51293, 13.67105],
			"rotation": {"angle": 22.5, "axis": "y", "origin": [-3.05003, 25.9796, 8.63771]},
			"faces": {
				"north": {"uv": [5.25, 8.25, 6.5, 9.25], "rotation": 90, "texture": "#0"},
				"east": {"uv": [11.25, 9, 10, 9.5], "rotation": 270, "texture": "#0"},
				"south": {"uv": [8.25, 7.25, 9.5, 8.25], "rotation": 270, "texture": "#0"},
				"west": {"uv": [11.25, 2, 10, 1.5], "rotation": 270, "texture": "#0"},
				"up": {"uv": [2.5, 9.5, 3, 10.5], "rotation": 270, "texture": "#0"},
				"down": {"uv": [7.75, 10, 8.25, 11], "rotation": 270, "texture": "#0"}
			}
		},
		{
			"from": [7.19684, 17.71293, 10.48308],
			"to": [8.79684, 20.91293, 13.78308],
			"rotation": {"angle": 45, "axis": "y", "origin": [5.7635, 19.7796, 9.53308]},
			"faces": {
				"north": {"uv": [6, 0.75, 5.25, 1.25], "rotation": 270, "texture": "#0"},
				"east": {"uv": [10.5, 9.5, 11.25, 10.25], "rotation": 270, "texture": "#0"},
				"south": {"uv": [4.25, 5.25, 3.5, 4.75], "rotation": 270, "texture": "#0"},
				"west": {"uv": [9, 10.5, 9.75, 11.25], "rotation": 90, "texture": "#0"},
				"up": {"uv": [2, 7.5, 2.5, 8.25], "rotation": 180, "texture": "#0"},
				"down": {"uv": [10.75, 8.25, 11.25, 9], "texture": "#0"}
			}
		},
		{
			"from": [7.29684, 20.91293, 11.58308],
			"to": [8.89684, 24.11293, 12.88308],
			"rotation": {"angle": 45, "axis": "y", "origin": [5.7635, 19.7796, 9.53308]},
			"faces": {
				"north": {"uv": [11.75, 6.75, 11, 7.25], "rotation": 270, "texture": "#0"},
				"east": {"uv": [8.75, 2.25, 9.5, 2.5], "rotation": 270, "texture": "#0"},
				"south": {"uv": [10, 4.75, 9.25, 4.25], "rotation": 270, "texture": "#0"},
				"west": {"uv": [8.5, 6, 9.25, 6.25], "rotation": 90, "texture": "#0"},
				"up": {"uv": [3.75, 3.25, 4.25, 3.5], "rotation": 180, "texture": "#0"},
				"down": {"uv": [5.25, 7.75, 5.75, 8], "texture": "#0"}
			}
		},
		{
			"from": [7.29684, 12.51293, 9.88308],
			"to": [8.89684, 17.71293, 14.18308],
			"rotation": {"angle": 45, "axis": "y", "origin": [5.7635, 19.7796, 9.53308]},
			"faces": {
				"north": {"uv": [11.25, 9, 10, 9.5], "rotation": 270, "texture": "#0"},
				"east": {"uv": [8.25, 7.25, 9.5, 8.25], "rotation": 270, "texture": "#0"},
				"south": {"uv": [11.25, 2, 10, 1.5], "rotation": 270, "texture": "#0"},
				"west": {"uv": [5.25, 8.25, 6.5, 9.25], "rotation": 90, "texture": "#0"},
				"up": {"uv": [2.5, 9.5, 3, 10.5], "rotation": 180, "texture": "#0"},
				"down": {"uv": [7.75, 10, 8.25, 11], "texture": "#0"}
			}
		},
		{
			"from": [6.4135, 18.81293, 9.96641],
			"to": [9.7135, 22.01293, 11.56641],
			"rotation": {"angle": 22.5, "axis": "x", "origin": [8.0635, 18.9796, 12.13308]},
			"faces": {
				"north": {"uv": [9, 10.5, 9.75, 11.25], "rotation": 90, "texture": "#0"},
				"east": {"uv": [6, 0.75, 5.25, 1.25], "rotation": 270, "texture": "#0"},
				"south": {"uv": [10.5, 9.5, 11.25, 10.25], "rotation": 270, "texture": "#0"},
				"west": {"uv": [4.25, 5.25, 3.5, 4.75], "rotation": 270, "texture": "#0"},
				"up": {"uv": [2, 7.5, 2.5, 8.25], "rotation": 270, "texture": "#0"},
				"down": {"uv": [10.75, 8.25, 11.25, 9], "rotation": 270, "texture": "#0"}
			}
		},
		{
			"from": [7.3135, 22.01293, 10.06641],
			"to": [8.6135, 25.21293, 11.66641],
			"rotation": {"angle": 22.5, "axis": "x", "origin": [8.0635, 18.9796, 12.13308]},
			"faces": {
				"north": {"uv": [8.5, 6, 9.25, 6.25], "rotation": 90, "texture": "#0"},
				"east": {"uv": [11.75, 6.75, 11, 7.25], "rotation": 270, "texture": "#0"},
				"south": {"uv": [8.75, 2.25, 9.5, 2.5], "rotation": 270, "texture": "#0"},
				"west": {"uv": [10, 4.75, 9.25, 4.25], "rotation": 270, "texture": "#0"},
				"up": {"uv": [3.75, 3.25, 4.25, 3.5], "rotation": 270, "texture": "#0"},
				"down": {"uv": [5.25, 7.75, 5.75, 8], "rotation": 270, "texture": "#0"}
			}
		},
		{
			"from": [6.0135, 13.61293, 10.06641],
			"to": [10.3135, 18.81293, 11.66641],
			"rotation": {"angle": 22.5, "axis": "x", "origin": [8.0635, 18.9796, 12.13308]},
			"faces": {
				"north": {"uv": [5.25, 8.25, 6.5, 9.25], "rotation": 90, "texture": "#0"},
				"east": {"uv": [11.25, 9, 10, 9.5], "rotation": 270, "texture": "#0"},
				"south": {"uv": [8.25, 7.25, 9.5, 8.25], "rotation": 270, "texture": "#0"},
				"west": {"uv": [11.25, 2, 10, 1.5], "rotation": 270, "texture": "#0"},
				"up": {"uv": [2.5, 9.5, 3, 10.5], "rotation": 270, "texture": "#0"},
				"down": {"uv": [7.75, 10, 8.25, 11], "rotation": 270, "texture": "#0"}
			}
		},
		{
			"from": [8.2135, 19.81293, 7.86641],
			"to": [11.5135, 23.01293, 9.46641],
			"rotation": {"angle": -22.5, "axis": "x", "origin": [8.0635, 18.9796, 12.13308]},
			"faces": {
				"north": {"uv": [9, 10.5, 9.75, 11.25], "rotation": 90, "texture": "#0"},
				"east": {"uv": [6, 0.75, 5.25, 1.25], "rotation": 270, "texture": "#0"},
				"south": {"uv": [10.5, 9.5, 11.25, 10.25], "rotation": 270, "texture": "#0"},
				"west": {"uv": [4.25, 5.25, 3.5, 4.75], "rotation": 270, "texture": "#0"},
				"up": {"uv": [2, 7.5, 2.5, 8.25], "rotation": 270, "texture": "#0"},
				"down": {"uv": [10.75, 8.25, 11.25, 9], "rotation": 270, "texture": "#0"}
			}
		},
		{
			"from": [13.7135, 15.62658, 8.89402],
			"to": [18.0135, 18.82658, 10.49402],
			"rotation": {"angle": -22.5, "axis": "z", "origin": [9.8635, 19.92658, 8.06069]},
			"faces": {
				"north": {"uv": [5.25, 8.25, 6.5, 9.25], "rotation": 90, "texture": "#0"},
				"east": {"uv": [11.25, 9, 10, 9.5], "rotation": 270, "texture": "#0"},
				"south": {"uv": [8.25, 7.25, 9.5, 8.25], "rotation": 270, "texture": "#0"},
				"west": {"uv": [11.25, 2, 10, 1.5], "rotation": 270, "texture": "#0"},
				"up": {"uv": [2.5, 9.5, 3, 10.5], "rotation": 270, "texture": "#0"},
				"down": {"uv": [7.75, 10, 8.25, 11], "rotation": 270, "texture": "#0"}
			}
		},
		{
			"from": [15.0135, 22.02658, 8.89402],
			"to": [16.3135, 25.22658, 10.49402],
			"rotation": {"angle": -22.5, "axis": "z", "origin": [9.8635, 19.92658, 8.06069]},
			"faces": {
				"north": {"uv": [8.5, 6, 9.25, 6.25], "rotation": 90, "texture": "#0"},
				"east": {"uv": [11.75, 6.75, 11, 7.25], "rotation": 270, "texture": "#0"},
				"south": {"uv": [8.75, 2.25, 9.5, 2.5], "rotation": 270, "texture": "#0"},
				"west": {"uv": [10, 4.75, 9.25, 4.25], "rotation": 270, "texture": "#0"},
				"up": {"uv": [3.75, 3.25, 4.25, 3.5], "rotation": 270, "texture": "#0"},
				"down": {"uv": [5.25, 7.75, 5.75, 8], "rotation": 270, "texture": "#0"}
			}
		},
		{
			"from": [14.1135, 18.82658, 8.79402],
			"to": [17.4135, 22.02658, 10.39402],
			"rotation": {"angle": -22.5, "axis": "z", "origin": [9.8635, 19.92658, 8.06069]},
			"faces": {
				"north": {"uv": [9, 10.5, 9.75, 11.25], "rotation": 90, "texture": "#0"},
				"east": {"uv": [6, 0.75, 5.25, 1.25], "rotation": 270, "texture": "#0"},
				"south": {"uv": [10.5, 9.5, 11.25, 10.25], "rotation": 270, "texture": "#0"},
				"west": {"uv": [4.25, 5.25, 3.5, 4.75], "rotation": 270, "texture": "#0"},
				"up": {"uv": [2, 7.5, 2.5, 8.25], "rotation": 270, "texture": "#0"},
				"down": {"uv": [10.75, 8.25, 11.25, 9], "rotation": 270, "texture": "#0"}
			}
		},
		{
			"from": [9.1135, 23.01293, 7.96641],
			"to": [10.4135, 26.21293, 9.56641],
			"rotation": {"angle": -22.5, "axis": "x", "origin": [8.0635, 18.9796, 12.13308]},
			"faces": {
				"north": {"uv": [8.5, 6, 9.25, 6.25], "rotation": 90, "texture": "#0"},
				"east": {"uv": [11.75, 6.75, 11, 7.25], "rotation": 270, "texture": "#0"},
				"south": {"uv": [8.75, 2.25, 9.5, 2.5], "rotation": 270, "texture": "#0"},
				"west": {"uv": [10, 4.75, 9.25, 4.25], "rotation": 270, "texture": "#0"},
				"up": {"uv": [3.75, 3.25, 4.25, 3.5], "rotation": 270, "texture": "#0"},
				"down": {"uv": [5.25, 7.75, 5.75, 8], "rotation": 270, "texture": "#0"}
			}
		},
		{
			"from": [7.8135, 16.61293, 7.96641],
			"to": [12.1135, 19.81293, 9.56641],
			"rotation": {"angle": -22.5, "axis": "x", "origin": [8.0635, 18.9796, 12.13308]},
			"faces": {
				"north": {"uv": [5.25, 8.25, 6.5, 9.25], "rotation": 90, "texture": "#0"},
				"east": {"uv": [11.25, 9, 10, 9.5], "rotation": 270, "texture": "#0"},
				"south": {"uv": [8.25, 7.25, 9.5, 8.25], "rotation": 270, "texture": "#0"},
				"west": {"uv": [11.25, 2, 10, 1.5], "rotation": 270, "texture": "#0"},
				"up": {"uv": [2.5, 9.5, 3, 10.5], "rotation": 270, "texture": "#0"},
				"down": {"uv": [7.75, 10, 8.25, 11], "rotation": 270, "texture": "#0"}
			}
		},
		{
			"from": [-4.5384, 16.08544, 8.6],
			"to": [-1.3384, 17.38544, 10.2],
			"rotation": {"angle": -45, "axis": "z", "origin": [-0.00507, 18.23544, 8.56667]},
			"faces": {
				"north": {"uv": [8.5, 6, 9.25, 6.25], "rotation": 180, "texture": "#0"},
				"east": {"uv": [5.25, 7.75, 5.75, 8], "rotation": 180, "texture": "#0"},
				"south": {"uv": [8.75, 2.25, 9.5, 2.5], "rotation": 180, "texture": "#0"},
				"west": {"uv": [3.75, 3.25, 4.25, 3.5], "rotation": 180, "texture": "#0"},
				"up": {"uv": [11.75, 6.75, 11, 7.25], "rotation": 180, "texture": "#0"},
				"down": {"uv": [10, 4.75, 9.25, 4.25], "rotation": 180, "texture": "#0"}
			}
		},
		{
			"from": [-1.64969, 15.32563, 9.1],
			"to": [2.65031, 20.52563, 10.7],
			"rotation": {"angle": 22.5, "axis": "z", "origin": [6.50031, 23.8923, 9.36667]},
			"faces": {
				"north": {"uv": [5.25, 8.25, 6.5, 9.25], "rotation": 90, "texture": "#0"},
				"east": {"uv": [11.25, 9, 10, 9.5], "rotation": 270, "texture": "#0"},
				"south": {"uv": [8.25, 7.25, 9.5, 8.25], "rotation": 270, "texture": "#0"},
				"west": {"uv": [11.25, 2, 10, 1.5], "rotation": 270, "texture": "#0"},
				"up": {"uv": [2.5, 9.5, 3, 10.5], "rotation": 270, "texture": "#0"},
				"down": {"uv": [7.75, 10, 8.25, 11], "rotation": 270, "texture": "#0"}
			}
		},
		{
			"from": [-1.24969, 20.52563, 9],
			"to": [2.05031, 23.72563, 10.6],
			"rotation": {"angle": 22.5, "axis": "z", "origin": [6.50031, 23.8923, 9.36667]},
			"faces": {
				"north": {"uv": [9, 10.5, 9.75, 11.25], "rotation": 90, "texture": "#0"},
				"east": {"uv": [6, 0.75, 5.25, 1.25], "rotation": 270, "texture": "#0"},
				"south": {"uv": [10.5, 9.5, 11.25, 10.25], "rotation": 270, "texture": "#0"},
				"west": {"uv": [4.25, 5.25, 3.5, 4.75], "rotation": 270, "texture": "#0"},
				"up": {"uv": [2, 7.5, 2.5, 8.25], "rotation": 270, "texture": "#0"},
				"down": {"uv": [10.75, 8.25, 11.25, 9], "rotation": 270, "texture": "#0"}
			}
		},
		{
			"from": [-0.34969, 23.72563, 9.1],
			"to": [0.95031, 26.92563, 10.7],
			"rotation": {"angle": 22.5, "axis": "z", "origin": [6.50031, 23.8923, 9.36667]},
			"faces": {
				"north": {"uv": [8.5, 6, 9.25, 6.25], "rotation": 90, "texture": "#0"},
				"east": {"uv": [11.75, 6.75, 11, 7.25], "rotation": 270, "texture": "#0"},
				"south": {"uv": [8.75, 2.25, 9.5, 2.5], "rotation": 270, "texture": "#0"},
				"west": {"uv": [10, 4.75, 9.25, 4.25], "rotation": 270, "texture": "#0"},
				"up": {"uv": [3.75, 3.25, 4.25, 3.5], "rotation": 270, "texture": "#0"},
				"down": {"uv": [5.25, 7.75, 5.75, 8], "rotation": 270, "texture": "#0"}
			}
		},
		{
			"from": [-1.3384, 15.18544, 8.5],
			"to": [1.8616, 18.48544, 10.1],
			"rotation": {"angle": -45, "axis": "z", "origin": [-0.00507, 18.23544, 8.56667]},
			"faces": {
				"north": {"uv": [9, 10.5, 9.75, 11.25], "rotation": 180, "texture": "#0"},
				"east": {"uv": [10.75, 8.25, 11.25, 9], "rotation": 180, "texture": "#0"},
				"south": {"uv": [10.5, 9.5, 11.25, 10.25], "rotation": 180, "texture": "#0"},
				"west": {"uv": [2, 7.5, 2.5, 8.25], "rotation": 180, "texture": "#0"},
				"up": {"uv": [6, 0.75, 5.25, 1.25], "rotation": 180, "texture": "#0"},
				"down": {"uv": [4.25, 5.25, 3.5, 4.75], "rotation": 180, "texture": "#0"}
			}
		},
		{
			"from": [1.8616, 14.78544, 8.6],
			"to": [7.0616, 19.08544, 10.2],
			"rotation": {"angle": -45, "axis": "z", "origin": [-0.00507, 18.23544, 8.56667]},
			"faces": {
				"north": {"uv": [5.25, 8.25, 6.5, 9.25], "rotation": 180, "texture": "#0"},
				"east": {"uv": [7.75, 10, 8.25, 11], "rotation": 180, "texture": "#0"},
				"south": {"uv": [8.25, 7.25, 9.5, 8.25], "rotation": 180, "texture": "#0"},
				"west": {"uv": [2.5, 9.5, 3, 10.5], "rotation": 180, "texture": "#0"},
				"up": {"uv": [11.25, 9, 10, 9.5], "rotation": 180, "texture": "#0"},
				"down": {"uv": [11.25, 2, 10, 1.5], "rotation": 180, "texture": "#0"}
			}
		},
		{
			"from": [-4.98336, 10.68677, 7.7],
			"to": [-1.78336, 13.98677, 9.3],
			"rotation": {"angle": -22.5, "axis": "x", "origin": [-4.15003, 12.33677, 9.5]},
			"faces": {
				"north": {"uv": [9, 10.5, 9.75, 11.25], "rotation": 180, "texture": "#0"},
				"east": {"uv": [10.75, 8.25, 11.25, 9], "rotation": 180, "texture": "#0"},
				"south": {"uv": [10.5, 9.5, 11.25, 10.25], "rotation": 180, "texture": "#0"},
				"west": {"uv": [2, 7.5, 2.5, 8.25], "rotation": 180, "texture": "#0"},
				"up": {"uv": [6, 0.75, 5.25, 1.25], "rotation": 180, "texture": "#0"},
				"down": {"uv": [4.25, 5.25, 3.5, 4.75], "rotation": 180, "texture": "#0"}
			}
		},
		{
			"from": [-8.18336, 11.58677, 7.8],
			"to": [-4.98336, 12.88677, 9.4],
			"rotation": {"angle": -22.5, "axis": "x", "origin": [-4.15003, 12.33677, 9.5]},
			"faces": {
				"north": {"uv": [8.5, 6, 9.25, 6.25], "rotation": 180, "texture": "#0"},
				"east": {"uv": [5.25, 7.75, 5.75, 8], "rotation": 180, "texture": "#0"},
				"south": {"uv": [8.75, 2.25, 9.5, 2.5], "rotation": 180, "texture": "#0"},
				"west": {"uv": [3.75, 3.25, 4.25, 3.5], "rotation": 180, "texture": "#0"},
				"up": {"uv": [11.75, 6.75, 11, 7.25], "rotation": 180, "texture": "#0"},
				"down": {"uv": [10, 4.75, 9.25, 4.25], "rotation": 180, "texture": "#0"}
			}
		}
	],
	"gui_light": "front",
	"display": {
		"thirdperson_righthand": {
			"rotation": [63.37, 87.09, -149.22],
			"translation": [2.75, -3.75, 6.5],
			"scale": [1.03016, 1.22812, 0.61]
		},
		"thirdperson_lefthand": {
			"rotation": [63.37, 87.09, -149.22],
			"translation": [2.75, -3.75, 6.5],
			"scale": [1.03016, 1.22812, 0.61]
		},
		"firstperson_righthand": {
			"rotation": [-164.45, -0.4, 27.87],
			"translation": [0.5, 0.25, 0],
			"scale": [0.67, 0.67, 0.34]
		},
		"firstperson_lefthand": {
			"rotation": [-164.45, -0.4, 27.87],
			"translation": [0.5, 0.25, 0],
			"scale": [0.67, 0.67, 0.34]
		},
		"ground": {
			"rotation": [-32.48, -11.55, -22.33],
			"scale": [0.55, 0.55, 0.33]
		},
		"gui": {
			"rotation": [-8.93, -23.72, -21.37],
			"translation": [-0.5, -2.5, 0],
			"scale": [0.49414, 0.56055, 0.59]
		},
		"fixed": {
			"rotation": [178.24, -7.51, 0.05],
			"translation": [0, 4.5, -2.5],
			"scale": [1, 1.34766, 1]
		}
	}
}