{
	"credit": "Made with Blockbench",
	"textures": {
		"0": "item/mushroom",
		"particle": "item/mushroom"
	},
	"elements": [
		{
			"from": [6.25, 0.5, 8.25],
			"to": [6.5, 1, 8.5],
			"faces": {
				"north": {"uv": [0, 0, 0.25, 0.5], "texture": "#0"},
				"east": {"uv": [0, 0, 0.25, 0.5], "texture": "#0"},
				"south": {"uv": [0, 0, 0.25, 0.5], "texture": "#0"},
				"west": {"uv": [0, 0, 0.25, 0.5], "texture": "#0"},
				"up": {"uv": [0, 0, 0.25, 0.5], "texture": "#0"},
				"down": {"uv": [0, 0, 0.25, 0.5], "texture": "#0"}
			}
		},
		{
			"from": [6.5, 0, 8.25],
			"to": [6.75, 0.75, 8.5],
			"faces": {
				"north": {"uv": [0, 0, 0.25, 0.75], "texture": "#0"},
				"east": {"uv": [0, 0, 0.25, 0.75], "texture": "#0"},
				"south": {"uv": [0, 0, 0.25, 0.75], "texture": "#0"},
				"west": {"uv": [0, 0, 0.25, 0.75], "texture": "#0"},
				"up": {"uv": [0, 0, 0.25, 0.75], "texture": "#0"},
				"down": {"uv": [0, 0, 0.25, 0.75], "texture": "#0"}
			}
		},
		{
			"from": [8.6, 0.2, 7.35],
			"to": [8.75, 0.5, 7.5],
			"faces": {
				"north": {"uv": [0, 0, 0.15, 0.3], "texture": "#0"},
				"east": {"uv": [0, 0, 0.15, 0.3], "texture": "#0"},
				"south": {"uv": [0, 0, 0.15, 0.3], "texture": "#0"},
				"west": {"uv": [0, 0, 0.15, 0.3], "texture": "#0"},
				"up": {"uv": [0, 0, 0.15, 0.3], "texture": "#0"},
				"down": {"uv": [0, 0, 0.15, 0.3], "texture": "#0"}
			}
		},
		{
			"from": [8.45, 0, 7.35],
			"to": [8.6, 0.4, 7.5],
			"faces": {
				"north": {"uv": [0, 0, 0.15, 0.4], "texture": "#0"},
				"east": {"uv": [0, 0, 0.15, 0.4], "texture": "#0"},
				"south": {"uv": [0, 0, 0.15, 0.4], "texture": "#0"},
				"west": {"uv": [0, 0, 0.15, 0.4], "texture": "#0"},
				"up": {"uv": [0, 0, 0.15, 0.4], "texture": "#0"},
				"down": {"uv": [0, 0, 0.15, 0.4], "texture": "#0"}
			}
		},
		{
			"from": [7.725, 0, 8.35],
			"to": [7.85, 0.4, 8.5],
			"faces": {
				"north": {"uv": [0, 0, 0.125, 0.4], "texture": "#0"},
				"east": {"uv": [0, 0, 0.125, 0.4], "texture": "#0"},
				"south": {"uv": [0, 0, 0.125, 0.4], "texture": "#0"},
				"west": {"uv": [0, 0, 0.125, 0.4], "texture": "#0"},
				"up": {"uv": [0, 0, 0.125, 0.4], "texture": "#0"},
				"down": {"uv": [0, 0, 0.125, 0.4], "texture": "#0"}
			}
		},
		{
			"from": [7.45, 0, 7.35],
			"to": [7.6, 1.05, 7.5],
			"faces": {
				"north": {"uv": [0, 0, 0.15, 1.3], "texture": "#0"},
				"east": {"uv": [0, 0, 0.15, 1.3], "texture": "#0"},
				"south": {"uv": [0, 0, 0.15, 1.3], "texture": "#0"},
				"west": {"uv": [0, 0, 0.15, 1.3], "texture": "#0"},
				"up": {"uv": [0, 0, 0.15, 1.3], "texture": "#0"},
				"down": {"uv": [0, 0, 0.15, 1.3], "texture": "#0"}
			}
		},
		{
			"from": [8.05, 0, 8.85],
			"to": [8.2, 0.8, 9],
			"faces": {
				"north": {"uv": [0, 0, 0.15, 0.8], "texture": "#0"},
				"east": {"uv": [0, 0, 0.15, 0.8], "texture": "#0"},
				"south": {"uv": [0, 0, 0.15, 0.8], "texture": "#0"},
				"west": {"uv": [0, 0, 0.15, 0.8], "texture": "#0"},
				"up": {"uv": [0, 0, 0.15, 0.8], "texture": "#0"},
				"down": {"uv": [0, 0, 0.15, 0.8], "texture": "#0"}
			}
		},
		{
			"from": [7.6, 0.85, 7.35],
			"to": [7.75, 1.95, 7.5],
			"faces": {
				"north": {"uv": [0, 0, 0.15, 0.85], "texture": "#0"},
				"east": {"uv": [0, 0, 0.15, 0.85], "texture": "#0"},
				"south": {"uv": [0, 0, 0.15, 0.85], "texture": "#0"},
				"west": {"uv": [0, 0, 0.15, 0.85], "texture": "#0"},
				"up": {"uv": [0, 0, 0.15, 0.85], "texture": "#0"},
				"down": {"uv": [0, 0, 0.15, 0.85], "texture": "#0"}
			}
		},
		{
			"from": [5.775, 1, 7.775],
			"to": [6.975, 1.2, 8.975],
			"faces": {
				"north": {"uv": [3, 0, 4.2, 1.2], "texture": "#0"},
				"east": {"uv": [3, 0, 4.2, 1.2], "texture": "#0"},
				"south": {"uv": [3, 0, 4.2, 1.2], "texture": "#0"},
				"west": {"uv": [3, 0, 4.2, 1.2], "texture": "#0"},
				"up": {"uv": [3, 0, 4.2, 1.2], "texture": "#0"},
				"down": {"uv": [3, 0, 4.2, 1.2], "texture": "#0"}
			}
		},
		{
			"from": [7.175, 1.95, 6.925],
			"to": [8.175, 2.15, 7.925],
			"faces": {
				"north": {"uv": [2.25, 3.25, 7.25, 6.25], "texture": "#0"},
				"east": {"uv": [2, 4, 6, 6], "texture": "#0"},
				"south": {"uv": [0.75, 4.5, 5.5, 8], "texture": "#0"},
				"west": {"uv": [0, 6, 4, 8.25], "texture": "#0"},
				"up": {"uv": [0, 3, 7.75, 8.75], "texture": "#0"},
				"down": {"uv": [1, 0, 2, 1], "texture": "#0"}
			}
		},
		{
			"from": [7.175, 1.3, 6.825],
			"to": [8.175, 1.95, 7.025],
			"faces": {
				"north": {"uv": [0, 3, 7.75, 8.05], "texture": "#0"},
				"east": {"uv": [1, 0, 2, 0.55], "texture": "#0"},
				"south": {"uv": [1, 0, 2, 0.55], "texture": "#0"},
				"west": {"uv": [1, 0, 2, 0.55], "texture": "#0"},
				"up": {"uv": [3, 7, 7.5, 3.05], "texture": "#0"},
				"down": {"uv": [1, 4, 7, 6.55], "texture": "#0"}
			}
		},
		{
			"from": [7.175, 1.3, 7.825],
			"to": [8.175, 1.95, 8.025],
			"faces": {
				"north": {"uv": [1, 0, 2, 0.55], "texture": "#0"},
				"east": {"uv": [1, 0, 2, 0.55], "texture": "#0"},
				"south": {"uv": [0, 3, 8, 8.55], "texture": "#0"},
				"west": {"uv": [1, 0, 2, 0.55], "texture": "#0"},
				"up": {"uv": [3, 4, 8, 6.55], "texture": "#0"},
				"down": {"uv": [0.5, 3.5, 5.5, 8.05], "texture": "#0"}
			}
		},
		{
			"from": [7.075, 1.3, 6.925],
			"to": [7.175, 1.95, 7.925],
			"faces": {
				"north": {"uv": [1, 0, 2, 0.55], "texture": "#0"},
				"east": {"uv": [1, 0, 2, 0.55], "texture": "#0"},
				"south": {"uv": [1, 0, 2, 0.55], "texture": "#0"},
				"west": {"uv": [0, 3, 8, 8.55], "texture": "#0"},
				"up": {"uv": [4, 4, 5, 9], "texture": "#0"},
				"down": {"uv": [1, 8, 3, 4.55], "texture": "#0"}
			}
		},
		{
			"from": [8.175, 1.3, 6.925],
			"to": [8.275, 1.95, 7.925],
			"faces": {
				"north": {"uv": [1, 0, 2, 0.55], "texture": "#0"},
				"east": {"uv": [0, 8.5, 8, 3.05], "texture": "#0"},
				"south": {"uv": [1, 0, 2, 0.55], "texture": "#0"},
				"west": {"uv": [1, 0, 2, 0.55], "texture": "#0"},
				"up": {"uv": [1, 4, 5, 8.55], "texture": "#0"},
				"down": {"uv": [1, 0, 2, 0.55], "texture": "#0"}
			}
		},
		{
			"from": [8.225, 0.5, 6.975],
			"to": [9.075, 0.6, 7.825],
			"faces": {
				"north": {"uv": [5, 0, 5.85, 0.85], "texture": "#0"},
				"east": {"uv": [5, 0, 5.85, 0.85], "texture": "#0"},
				"south": {"uv": [5, 0, 5.85, 0.85], "texture": "#0"},
				"west": {"uv": [5, 0, 5.85, 0.85], "texture": "#0"},
				"up": {"uv": [5, 0, 5.85, 0.85], "texture": "#0"},
				"down": {"uv": [5, 0, 5.85, 0.85], "texture": "#0"}
			}
		},
		{
			"from": [7.7, 0.8, 8.5],
			"to": [8.55, 0.9, 9.35],
			"faces": {
				"north": {"uv": [6, 0, 6.85, 0.85], "texture": "#0"},
				"east": {"uv": [6, 0, 6.85, 0.85], "texture": "#0"},
				"south": {"uv": [6, 0, 6.85, 0.85], "texture": "#0"},
				"west": {"uv": [6, 0, 6.85, 0.85], "texture": "#0"},
				"up": {"uv": [6, 0, 6.85, 0.85], "texture": "#0"},
				"down": {"uv": [6, 0, 6.85, 0.85], "texture": "#0"}
			}
		},
		{
			"from": [7.6, 0.4, 8.25],
			"to": [7.95, 0.5, 8.6],
			"faces": {
				"north": {"uv": [2, 0, 2.35, 0.35], "texture": "#0"},
				"east": {"uv": [2, 0, 2.35, 0.35], "texture": "#0"},
				"south": {"uv": [2, 0, 2.35, 0.35], "texture": "#0"},
				"west": {"uv": [2, 0, 2.35, 0.35], "texture": "#0"},
				"up": {"uv": [2, 0, 2.35, 0.35], "texture": "#0"},
				"down": {"uv": [2, 0, 2.35, 0.35], "texture": "#0"}
			}
		},
		{
			"from": [7.95, 0.1, 8.25],
			"to": [8.05, 0.4, 8.6],
			"faces": {
				"north": {"uv": [2, 0, 2.35, 0.3], "texture": "#0"},
				"east": {"uv": [2, 0, 2.35, 0.3], "texture": "#0"},
				"south": {"uv": [2, 0, 2.35, 0.3], "texture": "#0"},
				"west": {"uv": [2, 0, 2.35, 0.3], "texture": "#0"},
				"up": {"uv": [2, 0, 2.35, 0.3], "texture": "#0"},
				"down": {"uv": [2, 0, 2.35, 0.3], "texture": "#0"}
			}
		},
		{
			"from": [7.5, 0.1, 8.25],
			"to": [7.6, 0.4, 8.6],
			"faces": {
				"north": {"uv": [2, 0, 2.35, 0.3], "texture": "#0"},
				"east": {"uv": [2, 0, 2.35, 0.3], "texture": "#0"},
				"south": {"uv": [2, 0, 2.35, 0.3], "texture": "#0"},
				"west": {"uv": [2, 0, 2.35, 0.3], "texture": "#0"},
				"up": {"uv": [2, 0, 2.35, 0.3], "texture": "#0"},
				"down": {"uv": [2, 0, 2.35, 0.3], "texture": "#0"}
			}
		},
		{
			"from": [7.6, 0.1, 8.6],
			"to": [7.95, 0.4, 8.7],
			"faces": {
				"north": {"uv": [2, 0, 2.35, 0.3], "texture": "#0"},
				"east": {"uv": [2, 0, 2.35, 0.3], "texture": "#0"},
				"south": {"uv": [2, 0, 2.35, 0.3], "texture": "#0"},
				"west": {"uv": [2, 0, 2.35, 0.3], "texture": "#0"},
				"up": {"uv": [2, 0, 2.35, 0.3], "texture": "#0"},
				"down": {"uv": [2, 0, 2.35, 0.3], "texture": "#0"}
			}
		},
		{
			"from": [7.6, 0.1, 8.15],
			"to": [7.95, 0.4, 8.25],
			"faces": {
				"north": {"uv": [2, 0, 2.35, 0.3], "texture": "#0"},
				"east": {"uv": [2, 0, 2.35, 0.3], "texture": "#0"},
				"south": {"uv": [2, 0, 2.35, 0.3], "texture": "#0"},
				"west": {"uv": [2, 0, 2.35, 0.3], "texture": "#0"},
				"up": {"uv": [2, 0, 2.35, 0.3], "texture": "#0"},
				"down": {"uv": [2, 0, 2.35, 0.3], "texture": "#0"}
			}
		}
	],
	"display": {
		"thirdperson_righthand": {
			"translation": [0.5, 11.5, 1.25],
			"scale": [1.5, 1.5, 1.5]
		},
		"thirdperson_lefthand": {
			"translation": [-0.5, 11.5, 1.25],
			"scale": [1.5, 1.5, 1.5]
		},
		"firstperson_righthand": {
			"rotation": [0, 166, 0],
			"translation": [0.75, 16.25, 0],
			"scale": [2, 2, 2]
		},
		"firstperson_lefthand": {
			"rotation": [0, -43, 0],
			"translation": [1, 16.5, 0],
			"scale": [2, 2, 2]
		},
		"ground": {
			"translation": [0, 13, 0],
			"scale": [2, 2, 2]
		},
		"gui": {
			"rotation": [0, -18, 0],
			"translation": [2, 24.75, 0],
			"scale": [4, 4, 4]
		},
		"head": {
			"translation": [0.5, 30.25, 1],
			"scale": [3, 3, 3]
		},
		"fixed": {
			"rotation": [-90, 0, 0],
			"translation": [0, 0, -31.5],
			"scale": [4, 4, 4]
		}
	}
}
