{
	"credit": "Made with Blockbench",
	"parent": "item/generated",
	"textures": {
		"layer0": "item/epee3"
	},
	"display": {
		"thirdperson_righthand": {
			"rotation": [-62.12, 88.51, 103.61],
			"translation": [0, 5.75, 2]
		},
		"thirdperson_lefthand": {
			"rotation": [65.8, 1.86, 177.96],
			"translation": [-6.5, -6.25, 7.75]
		},
		"firstperson_righthand": {
			"rotation": [56, 90, 0],
			"translation": [3.5, 6.5, 0.25]
		},
		"firstperson_lefthand": {
			"rotation": [-129.5, -86.25, 180],
			"translation": [3.75, 7, 0],
			"scale": [0, 0, 0]
		},
		"ground": {
			"rotation": [85.81, -2.23, 4.52],
			"translation": [0, -2.75, -0.75],
			"scale": [0.6, 0.6, 0.6]
		},
		"head": {
			"translation": [0, 0, 3.25]
		}
	}
}