{
	"credit": "Made with Blockbench",
	"parent": "item/generated",
	"textures": {
		"layer0": "item/epee19"
	},
	"display": {
		"thirdperson_righthand": {
			"rotation": [-44.55, 87.62, 90.97],
			"translation": [0, 0.5, 3],
			"scale": [1.53, 1.53, 1]
		},
		"thirdperson_lefthand": {
			"rotation": [65.8, 1.86, 177.96],
			"translation": [-10.75, -5.75, 8.75],
			"scale": [1.53, 1.53, 1]
		},
		"firstperson_righthand": {
			"rotation": [51.5, 90, 0],
			"translation": [4.5, 3.25, 0.25],
			"scale": [1.4, 1.4, 1]
		},
		"firstperson_lefthand": {
			"rotation": [-129.5, -86.25, 180],
			"translation": [3.75, 7, 0],
			"scale": [0, 0, 0]
		},
		"ground": {
			"rotation": [85.81, -2.23, 4.52],
			"translation": [-1.75, -2.75, -0.75],
			"scale": [0.6, 0.6, 0.6]
		},
		"gui": {
			"translation": [-3.25, -2, 0],
			"scale": [1.4, 1.26, 1]
		},
		"head": {
			"translation": [0, 0, 3.25]
		}
	}
}