{
	"credit": "Made with Blockbench",
	"parent": "item/generated",
	"textures": {
		"layer0": "items/legende3"
	},
	"display": {
		"thirdperson_righthand": {
			"rotation": [122.24, -89.43, 165.29],
			"translation": [0, 22.5, 2.75],
			"scale": [2.99, 2.99, 1]
		},
		"thirdperson_lefthand": {
			"rotation": [65.8, 1.86, 177.96],
			"translation": [3.25, -9.5, 0.75],
			"scale": [2.99, 2.99, 1]
		},
		"firstperson_righthand": {
			"rotation": [177.87, -73.78, -146.24],
			"translation": [5, 17.75, 0.25],
			"scale": [2.54, 2.54, 1]
		},
		"firstperson_lefthand": {
			"rotation": [-129.5, -86.25, 180],
			"translation": [3.75, 7, 0],
			"scale": [0, 0, 0]
		},
		"ground": {
			"rotation": [85.81, -2.23, 4.52],
			"translation": [5, -2.75, 5.5],
			"scale": [1.55, 1.55, 0.6]
		},
		"gui": {
			"rotation": [-180, 0, -90],
			"translation": [4.5, 5.25, 0],
			"scale": [1.64, 1.57, 1]
		},
		"head": {
			"translation": [0, 0, 3.25]
		}
	}
}