{
	"credit": "Made with Blockbench",
	"texture_size": [64, 64],
	"textures": {
		"0": "item/vs_frostfestivalaxe",
		"particle": "item/vs_frostfestivalaxe"
	},
	"elements": [
		{
			"from": [6.8, -4.2, 7],
			"to": [11.9, -1, 12],
			"faces": {
				"north": {"uv": [8.5, 5.25, 9.75, 6], "texture": "#0"},
				"east": {"uv": [8.75, 1.5, 10, 2.25], "texture": "#0"},
				"south": {"uv": [9, 0, 10.25, 0.75], "texture": "#0"},
				"west": {"uv": [9, 0.75, 10.25, 1.5], "texture": "#0"},
				"up": {"uv": [5.75, 6.5, 4.5, 5.25], "texture": "#0"},
				"down": {"uv": [6.75, 3.75, 5.5, 5], "texture": "#0"}
			}
		},
		{
			"from": [5, -3, 8],
			"to": [8, 7, 11],
			"faces": {
				"north": {"uv": [0, 3.75, 0.75, 6.25], "texture": "#0"},
				"east": {"uv": [0.75, 3.75, 1.5, 6.25], "texture": "#0"},
				"south": {"uv": [1.5, 3.75, 2.25, 6.25], "texture": "#0"},
				"west": {"uv": [4.25, 1.25, 5, 3.75], "texture": "#0"},
				"up": {"uv": [11, 7.5, 10.25, 6.75], "texture": "#0"},
				"down": {"uv": [0.75, 10.5, 0, 11.25], "texture": "#0"}
			}
		},
		{
			"from": [8, 4, 8],
			"to": [11, 12, 11],
			"faces": {
				"north": {"uv": [2.5, 6.25, 3.25, 8.25], "texture": "#0"},
				"east": {"uv": [5.75, 6.25, 6.5, 8.25], "texture": "#0"},
				"south": {"uv": [4.5, 6.5, 5.25, 8.5], "texture": "#0"},
				"west": {"uv": [6.5, 6.25, 7.25, 8.25], "texture": "#0"},
				"up": {"uv": [11.25, 2.75, 10.5, 2], "texture": "#0"},
				"down": {"uv": [3.25, 10.5, 2.5, 11.25], "texture": "#0"}
			}
		},
		{
			"from": [7, 9, 7],
			"to": [12, 16, 12],
			"faces": {
				"north": {"uv": [0, 2, 1.25, 3.75], "texture": "#0"},
				"east": {"uv": [1.25, 2, 2.5, 3.75], "texture": "#0"},
				"south": {"uv": [2.25, 0, 3.5, 1.75], "texture": "#0"},
				"west": {"uv": [2.5, 1.75, 3.75, 3.5], "texture": "#0"},
				"up": {"uv": [7, 6.25, 5.75, 5], "texture": "#0"},
				"down": {"uv": [7.25, 0.75, 6, 2], "texture": "#0"}
			}
		},
		{
			"from": [3, 10, 7],
			"to": [7, 16, 12],
			"faces": {
				"north": {"uv": [3.25, 7, 4.25, 8.5], "texture": "#0"},
				"east": {"uv": [4.25, 3.75, 5.5, 5.25], "texture": "#0"},
				"south": {"uv": [7, 3.75, 8, 5.25], "texture": "#0"},
				"west": {"uv": [2.25, 4.75, 3.5, 6.25], "texture": "#0"},
				"up": {"uv": [8.25, 9.25, 7.25, 8], "texture": "#0"},
				"down": {"uv": [3, 8.25, 2, 9.5], "texture": "#0"}
			}
		},
		{
			"from": [-0.8, 11, 9.2],
			"to": [13.1, 20.7, 9.7],
			"faces": {
				"north": {"uv": [3.5, 0, 5.25, 1.25], "texture": "#0"},
				"east": {"uv": [3.75, 9.25, 4.5, 10.5], "texture": "#0"},
				"south": {"uv": [2.5, 3.5, 4.25, 4.75], "texture": "#0"},
				"west": {"uv": [5.25, 9.25, 6, 10.5], "texture": "#0"},
				"up": {"uv": [9, 1.5, 7.25, 0.75], "texture": "#0"},
				"down": {"uv": [9, 3, 7.25, 3.75], "texture": "#0"}
			}
		},
		{
			"from": [1.2, 10.2, 8.4],
			"to": [14, 18.6, 10.5],
			"faces": {
				"north": {"uv": [3.5, 0, 5.25, 1.25], "texture": "#0"},
				"east": {"uv": [3.75, 9.25, 4.5, 10.5], "texture": "#0"},
				"south": {"uv": [2.5, 3.5, 4.25, 4.75], "texture": "#0"},
				"west": {"uv": [5.25, 9.25, 6, 10.5], "texture": "#0"},
				"up": {"uv": [9, 1.5, 7.25, 0.75], "texture": "#0"},
				"down": {"uv": [9, 3, 7.25, 3.75], "texture": "#0"}
			}
		},
		{
			"from": [12, 9, 8],
			"to": [16, 16, 11],
			"faces": {
				"north": {"uv": [5, 1.25, 6, 3], "texture": "#0"},
				"east": {"uv": [7.25, 6.25, 8, 8], "texture": "#0"},
				"south": {"uv": [3.5, 5.25, 4.5, 7], "texture": "#0"},
				"west": {"uv": [0, 7.5, 0.75, 9.25], "texture": "#0"},
				"up": {"uv": [10.5, 3, 9.5, 2.25], "texture": "#0"},
				"down": {"uv": [10.75, 5.25, 9.75, 6], "texture": "#0"}
			}
		},
		{
			"from": [16, 10, 8],
			"to": [19, 15, 11],
			"faces": {
				"north": {"uv": [4.5, 8.5, 5.25, 9.75], "texture": "#0"},
				"east": {"uv": [0, 9.25, 0.75, 10.5], "texture": "#0"},
				"south": {"uv": [3, 9.25, 3.75, 10.5], "texture": "#0"},
				"west": {"uv": [9.25, 3, 10, 4.25], "texture": "#0"},
				"up": {"uv": [6.75, 11.25, 6, 10.5], "texture": "#0"},
				"down": {"uv": [11.25, 6, 10.5, 6.75], "texture": "#0"}
			}
		},
		{
			"from": [-9.4, 12.6, 7.6],
			"to": [-1.7, 14.4, 8.8],
			"rotation": {"angle": 22.5, "axis": "z", "origin": [6.8, 25.6, 9.5]},
			"faces": {
				"north": {"uv": [7.5, 2.5, 9.5, 3], "rotation": 180, "texture": "#0"},
				"east": {"uv": [7.25, 1.5, 7.5, 2], "rotation": 180, "texture": "#0"},
				"south": {"uv": [8, 4.75, 10, 5.25], "rotation": 180, "texture": "#0"},
				"west": {"uv": [3.5, 1.25, 3.75, 1.75], "rotation": 180, "texture": "#0"},
				"up": {"uv": [12.25, 1, 10.25, 1.25], "rotation": 180, "texture": "#0"},
				"down": {"uv": [12, 5.25, 10, 5], "rotation": 180, "texture": "#0"}
			}
		},
		{
			"from": [8.06497, -14.70148, 8.7],
			"to": [9.36497, -11.50148, 10.3],
			"rotation": {"angle": 0, "axis": "y", "origin": [9.09668, -8.48152, 9.5]},
			"faces": {
				"north": {"uv": [1.5, 9.75, 1.75, 10.5], "texture": "#0"},
				"east": {"uv": [9, 11.25, 9.5, 12], "texture": "#0"},
				"south": {"uv": [11.5, 0.25, 11.75, 1], "texture": "#0"},
				"west": {"uv": [11.25, 9.25, 11.75, 10], "texture": "#0"},
				"up": {"uv": [2.25, 12, 2, 11.5], "texture": "#0"},
				"down": {"uv": [11.75, 2.75, 11.5, 3.25], "texture": "#0"}
			}
		},
		{
			"from": [7.06497, -11.70148, 8.7],
			"to": [10.36497, -8.50148, 10.3],
			"rotation": {"angle": 0, "axis": "y", "origin": [9.09668, -8.48152, 9.5]},
			"faces": {
				"north": {"uv": [10.75, 2.75, 11.5, 3.5], "texture": "#0"},
				"east": {"uv": [6, 11.25, 6.5, 12], "texture": "#0"},
				"south": {"uv": [10.75, 3.5, 11.5, 4.25], "texture": "#0"},
				"west": {"uv": [11.25, 6, 11.75, 6.75], "texture": "#0"},
				"up": {"uv": [12, 8.75, 11.25, 8.25], "texture": "#0"},
				"down": {"uv": [12, 8.75, 11.25, 9.25], "texture": "#0"}
			}
		},
		{
			"from": [7.06497, -8.70148, 8.7],
			"to": [11.36497, -3.50148, 10.3],
			"rotation": {"angle": 0, "axis": "y", "origin": [9.09668, -8.48152, 9.5]},
			"faces": {
				"north": {"uv": [8.25, 8.25, 9.25, 9.5], "texture": "#0"},
				"east": {"uv": [5.25, 6.5, 5.75, 7.75], "texture": "#0"},
				"south": {"uv": [0.75, 8.5, 1.75, 9.75], "texture": "#0"},
				"west": {"uv": [6, 9.25, 6.5, 10.5], "texture": "#0"},
				"up": {"uv": [11.75, 5, 10.75, 4.5], "texture": "#0"},
				"down": {"uv": [11.75, 5.25, 10.75, 5.75], "texture": "#0"}
			}
		},
		{
			"from": [5.43114, -11.27506, 9],
			"to": [6.73114, -3.57506, 10],
			"rotation": {"angle": -22.5, "axis": "z", "origin": [9.09668, -8.48152, 9.5]},
			"faces": {
				"north": {"uv": [5, 10.75, 5.25, 12.75], "texture": "#0"},
				"east": {"uv": [8.25, 10.75, 8.5, 12.75], "texture": "#0"},
				"south": {"uv": [8.5, 10.75, 8.75, 12.75], "texture": "#0"},
				"west": {"uv": [8.75, 10.75, 9, 12.75], "texture": "#0"},
				"up": {"uv": [1.75, 10.75, 1.5, 10.5], "texture": "#0"},
				"down": {"uv": [10.75, 2.75, 10.5, 3], "texture": "#0"}
			}
		},
		{
			"from": [11.65508, -11.89169, 8.9],
			"to": [13.45508, -4.19169, 10.1],
			"rotation": {"angle": 22.5, "axis": "z", "origin": [9.09668, -8.48152, 9.5]},
			"faces": {
				"north": {"uv": [3.75, 1.25, 4.25, 3.25], "texture": "#0"},
				"east": {"uv": [6.75, 10.25, 7, 12.25], "texture": "#0"},
				"south": {"uv": [6.5, 8.25, 7, 10.25], "texture": "#0"},
				"west": {"uv": [2.25, 10.75, 2.5, 12.75], "texture": "#0"},
				"up": {"uv": [10.5, 2.25, 10, 2], "texture": "#0"},
				"down": {"uv": [2, 11.5, 1.5, 11.75], "texture": "#0"}
			}
		},
		{
			"from": [1.11686, 13.44531, 7.6],
			"to": [8.81686, 14.74531, 8.6],
			"rotation": {"angle": -22.5, "axis": "z", "origin": [5.36686, 28.14531, 9.5]},
			"faces": {
				"north": {"uv": [10.25, 1.25, 12.25, 1.5], "texture": "#0"},
				"east": {"uv": [3, 8.25, 3.25, 8.5], "texture": "#0"},
				"south": {"uv": [10.25, 7.5, 12.25, 7.75], "texture": "#0"},
				"west": {"uv": [4.25, 8.25, 4.5, 8.5], "texture": "#0"},
				"up": {"uv": [12.25, 8, 10.25, 7.75], "texture": "#0"},
				"down": {"uv": [12.75, 4.25, 10.75, 4.5], "texture": "#0"}
			}
		},
		{
			"from": [7.61686, 16.84531, 7.6],
			"to": [15.31686, 18.14531, 8.6],
			"rotation": {"angle": -45, "axis": "z", "origin": [5.36686, 28.14531, 9.5]},
			"faces": {
				"north": {"uv": [10.25, 1.25, 12.25, 1.5], "texture": "#0"},
				"east": {"uv": [3, 8.25, 3.25, 8.5], "texture": "#0"},
				"south": {"uv": [10.25, 7.5, 12.25, 7.75], "texture": "#0"},
				"west": {"uv": [4.25, 8.25, 4.5, 8.5], "texture": "#0"},
				"up": {"uv": [12.25, 8, 10.25, 7.75], "texture": "#0"},
				"down": {"uv": [12.75, 4.25, 10.75, 4.5], "texture": "#0"}
			}
		},
		{
			"from": [7.61686, 14.94531, 10],
			"to": [15.31686, 16.24531, 11],
			"rotation": {"angle": -45, "axis": "z", "origin": [5.36686, 28.14531, 9.5]},
			"faces": {
				"north": {"uv": [10.25, 1.25, 12.25, 1.5], "texture": "#0"},
				"east": {"uv": [3, 8.25, 3.25, 8.5], "texture": "#0"},
				"south": {"uv": [10.25, 7.5, 12.25, 7.75], "texture": "#0"},
				"west": {"uv": [4.25, 8.25, 4.5, 8.5], "texture": "#0"},
				"up": {"uv": [12.25, 8, 10.25, 7.75], "texture": "#0"},
				"down": {"uv": [12.75, 4.25, 10.75, 4.5], "texture": "#0"}
			}
		},
		{
			"from": [-3.04398, 10.30777, 9.7],
			"to": [4.65602, 11.60777, 10.7],
			"rotation": {"angle": 45, "axis": "z", "origin": [0.80602, 14.95777, 10.5]},
			"faces": {
				"north": {"uv": [10.25, 1.25, 12.25, 1.5], "rotation": 180, "texture": "#0"},
				"east": {"uv": [4.25, 8.25, 4.5, 8.5], "rotation": 180, "texture": "#0"},
				"south": {"uv": [10.25, 7.5, 12.25, 7.75], "rotation": 180, "texture": "#0"},
				"west": {"uv": [3, 8.25, 3.25, 8.5], "rotation": 180, "texture": "#0"},
				"up": {"uv": [12.75, 4.25, 10.75, 4.5], "rotation": 180, "texture": "#0"},
				"down": {"uv": [12.25, 8, 10.25, 7.75], "rotation": 180, "texture": "#0"}
			}
		},
		{
			"from": [1.70647, 15.84538, 9.08744],
			"to": [3.00647, 23.54538, 10.08744],
			"rotation": {"angle": -22.5, "axis": "y", "origin": [2.35647, 19.69538, 10.58744]},
			"faces": {
				"north": {"uv": [10.25, 1.25, 12.25, 1.5], "rotation": 270, "texture": "#0"},
				"east": {"uv": [12.25, 8, 10.25, 7.75], "rotation": 90, "texture": "#0"},
				"south": {"uv": [10.25, 7.5, 12.25, 7.75], "rotation": 90, "texture": "#0"},
				"west": {"uv": [12.75, 4.25, 10.75, 4.5], "rotation": 90, "texture": "#0"},
				"up": {"uv": [4.25, 8.25, 4.5, 8.5], "rotation": 90, "texture": "#0"},
				"down": {"uv": [3, 8.25, 3.25, 8.5], "rotation": 90, "texture": "#0"}
			}
		},
		{
			"from": [1.80647, 13.14538, 7.48744],
			"to": [3.10647, 20.84538, 8.48744],
			"rotation": {"angle": -22.5, "axis": "y", "origin": [2.35647, 19.69538, 10.58744]},
			"faces": {
				"north": {"uv": [10.25, 1.25, 12.25, 1.5], "rotation": 270, "texture": "#0"},
				"east": {"uv": [12.25, 8, 10.25, 7.75], "rotation": 90, "texture": "#0"},
				"south": {"uv": [10.25, 7.5, 12.25, 7.75], "rotation": 90, "texture": "#0"},
				"west": {"uv": [12.75, 4.25, 10.75, 4.5], "rotation": 90, "texture": "#0"},
				"up": {"uv": [4.25, 8.25, 4.5, 8.5], "rotation": 90, "texture": "#0"},
				"down": {"uv": [3, 8.25, 3.25, 8.5], "rotation": 90, "texture": "#0"}
			}
		},
		{
			"from": [12.20647, 14.84538, 8.38744],
			"to": [13.50647, 22.54538, 9.38744],
			"rotation": {"angle": 22.5, "axis": "y", "origin": [12.85647, 16.99538, 8.88744]},
			"faces": {
				"north": {"uv": [10.25, 1.25, 12.25, 1.5], "rotation": 270, "texture": "#0"},
				"east": {"uv": [12.25, 8, 10.25, 7.75], "rotation": 90, "texture": "#0"},
				"south": {"uv": [10.25, 7.5, 12.25, 7.75], "rotation": 90, "texture": "#0"},
				"west": {"uv": [12.75, 4.25, 10.75, 4.5], "rotation": 90, "texture": "#0"},
				"up": {"uv": [4.25, 8.25, 4.5, 8.5], "rotation": 90, "texture": "#0"},
				"down": {"uv": [3, 8.25, 3.25, 8.5], "rotation": 90, "texture": "#0"}
			}
		},
		{
			"from": [12.70647, 13.04538, 9.68744],
			"to": [14.00647, 20.74538, 10.68744],
			"rotation": {"angle": 22.5, "axis": "y", "origin": [12.85647, 16.99538, 8.88744]},
			"faces": {
				"north": {"uv": [10.25, 1.25, 12.25, 1.5], "rotation": 270, "texture": "#0"},
				"east": {"uv": [12.25, 8, 10.25, 7.75], "rotation": 90, "texture": "#0"},
				"south": {"uv": [10.25, 7.5, 12.25, 7.75], "rotation": 90, "texture": "#0"},
				"west": {"uv": [12.75, 4.25, 10.75, 4.5], "rotation": 90, "texture": "#0"},
				"up": {"uv": [4.25, 8.25, 4.5, 8.5], "rotation": 90, "texture": "#0"},
				"down": {"uv": [3, 8.25, 3.25, 8.5], "rotation": 90, "texture": "#0"}
			}
		},
		{
			"from": [-1.78336, 10.28677, 7.8],
			"to": [3.41664, 14.58677, 9.4],
			"rotation": {"angle": -22.5, "axis": "x", "origin": [-4.15003, 12.33677, 9.5]},
			"faces": {
				"north": {"uv": [5.25, 8.25, 6.5, 9.25], "rotation": 180, "texture": "#0"},
				"east": {"uv": [7.75, 10, 8.25, 11], "rotation": 180, "texture": "#0"},
				"south": {"uv": [8.25, 7.25, 9.5, 8.25], "rotation": 180, "texture": "#0"},
				"west": {"uv": [2.5, 9.5, 3, 10.5], "rotation": 180, "texture": "#0"},
				"up": {"uv": [11.25, 9, 10, 9.5], "rotation": 180, "texture": "#0"},
				"down": {"uv": [11.25, 2, 10, 1.5], "rotation": 180, "texture": "#0"}
			}
		},
		{
			"from": [0.69997, 6.25523, 9.73251],
			"to": [1.99997, 9.45523, 11.33251],
			"rotation": {"angle": -22.5, "axis": "z", "origin": [-3.05003, 4.58856, 11.69918]},
			"faces": {
				"north": {"uv": [8.5, 6, 9.25, 6.25], "rotation": 270, "texture": "#0"},
				"east": {"uv": [10, 4.75, 9.25, 4.25], "rotation": 90, "texture": "#0"},
				"south": {"uv": [8.75, 2.25, 9.5, 2.5], "rotation": 90, "texture": "#0"},
				"west": {"uv": [11.75, 6.75, 11, 7.25], "rotation": 90, "texture": "#0"},
				"up": {"uv": [5.25, 7.75, 5.75, 8], "rotation": 90, "texture": "#0"},
				"down": {"uv": [3.75, 3.25, 4.25, 3.5], "rotation": 90, "texture": "#0"}
			}
		},
		{
			"from": [-0.40003, 9.45523, 9.63251],
			"to": [2.89997, 12.65523, 11.23251],
			"rotation": {"angle": -22.5, "axis": "z", "origin": [-3.05003, 4.58856, 11.69918]},
			"faces": {
				"north": {"uv": [9, 10.5, 9.75, 11.25], "rotation": 270, "texture": "#0"},
				"east": {"uv": [4.25, 5.25, 3.5, 4.75], "rotation": 90, "texture": "#0"},
				"south": {"uv": [10.5, 9.5, 11.25, 10.25], "rotation": 90, "texture": "#0"},
				"west": {"uv": [6, 0.75, 5.25, 1.25], "rotation": 90, "texture": "#0"},
				"up": {"uv": [10.75, 8.25, 11.25, 9], "rotation": 90, "texture": "#0"},
				"down": {"uv": [2, 7.5, 2.5, 8.25], "rotation": 90, "texture": "#0"}
			}
		},
		{
			"from": [-1.00003, 12.65523, 9.73251],
			"to": [3.29997, 17.85523, 11.33251],
			"rotation": {"angle": -22.5, "axis": "z", "origin": [-3.05003, 4.58856, 11.69918]},
			"faces": {
				"north": {"uv": [5.25, 8.25, 6.5, 9.25], "rotation": 270, "texture": "#0"},
				"east": {"uv": [11.25, 2, 10, 1.5], "rotation": 90, "texture": "#0"},
				"south": {"uv": [8.25, 7.25, 9.5, 8.25], "rotation": 90, "texture": "#0"},
				"west": {"uv": [11.25, 9, 10, 9.5], "rotation": 90, "texture": "#0"},
				"up": {"uv": [7.75, 10, 8.25, 11], "rotation": 90, "texture": "#0"},
				"down": {"uv": [2.5, 9.5, 3, 10.5], "rotation": 90, "texture": "#0"}
			}
		},
		{
			"from": [3.09997, 18.51293, 11.97105],
			"to": [6.39997, 21.71293, 13.57105],
			"rotation": {"angle": 22.5, "axis": "y", "origin": [-3.05003, 25.9796, 8.63771]},
			"faces": {
				"north": {"uv": [9, 10.5, 9.75, 11.25], "rotation": 90, "texture": "#0"},
				"east": {"uv": [6, 0.75, 5.25, 1.25], "rotation": 270, "texture": "#0"},
				"south": {"uv": [10.5, 9.5, 11.25, 10.25], "rotation": 270, "texture": "#0"},
				"west": {"uv": [4.25, 5.25, 3.5, 4.75], "rotation": 270, "texture": "#0"},
				"up": {"uv": [2, 7.5, 2.5, 8.25], "rotation": 270, "texture": "#0"},
				"down": {"uv": [10.75, 8.25, 11.25, 9], "rotation": 270, "texture": "#0"}
			}
		},
		{
			"from": [3.99997, 21.71293, 12.07105],
			"to": [5.29997, 24.91293, 13.67105],
			"rotation": {"angle": 22.5, "axis": "y", "origin": [-3.05003, 25.9796, 8.63771]},
			"faces": {
				"north": {"uv": [8.5, 6, 9.25, 6.25], "rotation": 90, "texture": "#0"},
				"east": {"uv": [11.75, 6.75, 11, 7.25], "rotation": 270, "texture": "#0"},
				"south": {"uv": [8.75, 2.25, 9.5, 2.5], "rotation": 270, "texture": "#0"},
				"west": {"uv": [10, 4.75, 9.25, 4.25], "rotation": 270, "texture": "#0"},
				"up": {"uv": [3.75, 3.25, 4.25, 3.5], "rotation": 270, "texture": "#0"},
				"down": {"uv": [5.25, 7.75, 5.75, 8], "rotation": 270, "texture": "#0"}
			}
		},
		{
			"from": [2.69997, 13.31293, 12.07105],
			"to": [6.99997, 18.51293, 13.67105],
			"rotation": {"angle": 22.5, "axis": "y", "origin": [-3.05003, 25.9796, 8.63771]},
			"faces": {
				"north": {"uv": [5.25, 8.25, 6.5, 9.25], "rotation": 90, "texture": "#0"},
				"east": {"uv": [11.25, 9, 10, 9.5], "rotation": 270, "texture": "#0"},
				"south": {"uv": [8.25, 7.25, 9.5, 8.25], "rotation": 270, "texture": "#0"},
				"west": {"uv": [11.25, 2, 10, 1.5], "rotation": 270, "texture": "#0"},
				"up": {"uv": [2.5, 9.5, 3, 10.5], "rotation": 270, "texture": "#0"},
				"down": {"uv": [7.75, 10, 8.25, 11], "rotation": 270, "texture": "#0"}
			}
		},
		{
			"from": [7.19684, 17.71293, 10.48308],
			"to": [8.79684, 20.91293, 13.78308],
			"rotation": {"angle": 45, "axis": "y", "origin": [5.7635, 19.7796, 9.53308]},
			"faces": {
				"north": {"uv": [6, 0.75, 5.25, 1.25], "rotation": 270, "texture": "#0"},
				"east": {"uv": [10.5, 9.5, 11.25, 10.25], "rotation": 270, "texture": "#0"},
				"south": {"uv": [4.25, 5.25, 3.5, 4.75], "rotation": 270, "texture": "#0"},
				"west": {"uv": [9, 10.5, 9.75, 11.25], "rotation": 90, "texture": "#0"},
				"up": {"uv": [2, 7.5, 2.5, 8.25], "rotation": 180, "texture": "#0"},
				"down": {"uv": [10.75, 8.25, 11.25, 9], "texture": "#0"}
			}
		},
		{
			"from": [7.29684, 20.91293, 11.58308],
			"to": [8.89684, 24.11293, 12.88308],
			"rotation": {"angle": 45, "axis": "y", "origin": [5.7635, 19.7796, 9.53308]},
			"faces": {
				"north": {"uv": [11.75, 6.75, 11, 7.25], "rotation": 270, "texture": "#0"},
				"east": {"uv": [8.75, 2.25, 9.5, 2.5], "rotation": 270, "texture": "#0"},
				"south": {"uv": [10, 4.75, 9.25, 4.25], "rotation": 270, "texture": "#0"},
				"west": {"uv": [8.5, 6, 9.25, 6.25], "rotation": 90, "texture": "#0"},
				"up": {"uv": [3.75, 3.25, 4.25, 3.5], "rotation": 180, "texture": "#0"},
				"down": {"uv": [5.25, 7.75, 5.75, 8], "texture": "#0"}
			}
		},
		{
			"from": [7.29684, 12.51293, 9.88308],
			"to": [8.89684, 17.71293, 14.18308],
			"rotation": {"angle": 45, "axis": "y", "origin": [5.7635, 19.7796, 9.53308]},
			"faces": {
				"north": {"uv": [11.25, 9, 10, 9.5], "rotation": 270, "texture": "#0"},
				"east": {"uv": [8.25, 7.25, 9.5, 8.25], "rotation": 270, "texture": "#0"},
				"south": {"uv": [11.25, 2, 10, 1.5], "rotation": 270, "texture": "#0"},
				"west": {"uv": [5.25, 8.25, 6.5, 9.25], "rotation": 90, "texture": "#0"},
				"up": {"uv": [2.5, 9.5, 3, 10.5], "rotation": 180, "texture": "#0"},
				"down": {"uv": [7.75, 10, 8.25, 11], "texture": "#0"}
			}
		},
		{
			"from": [6.4135, 18.81293, 9.96641],
			"to": [9.7135, 22.01293, 11.56641],
			"rotation": {"angle": 22.5, "axis": "x", "origin": [8.0635, 18.9796, 12.13308]},
			"faces": {
				"north": {"uv": [9, 10.5, 9.75, 11.25], "rotation": 90, "texture": "#0"},
				"east": {"uv": [6, 0.75, 5.25, 1.25], "rotation": 270, "texture": "#0"},
				"south": {"uv": [10.5, 9.5, 11.25, 10.25], "rotation": 270, "texture": "#0"},
				"west": {"uv": [4.25, 5.25, 3.5, 4.75], "rotation": 270, "texture": "#0"},
				"up": {"uv": [2, 7.5, 2.5, 8.25], "rotation": 270, "texture": "#0"},
				"down": {"uv": [10.75, 8.25, 11.25, 9], "rotation": 270, "texture": "#0"}
			}
		},
		{
			"from": [7.3135, 22.01293, 10.06641],
			"to": [8.6135, 25.21293, 11.66641],
			"rotation": {"angle": 22.5, "axis": "x", "origin": [8.0635, 18.9796, 12.13308]},
			"faces": {
				"north": {"uv": [8.5, 6, 9.25, 6.25], "rotation": 90, "texture": "#0"},
				"east": {"uv": [11.75, 6.75, 11, 7.25], "rotation": 270, "texture": "#0"},
				"south": {"uv": [8.75, 2.25, 9.5, 2.5], "rotation": 270, "texture": "#0"},
				"west": {"uv": [10, 4.75, 9.25, 4.25], "rotation": 270, "texture": "#0"},
				"up": {"uv": [3.75, 3.25, 4.25, 3.5], "rotation": 270, "texture": "#0"},
				"down": {"uv": [5.25, 7.75, 5.75, 8], "rotation": 270, "texture": "#0"}
			}
		},
		{
			"from": [6.0135, 13.61293, 10.06641],
			"to": [10.3135, 18.81293, 11.66641],
			"rotation": {"angle": 22.5, "axis": "x", "origin": [8.0635, 18.9796, 12.13308]},
			"faces": {
				"north": {"uv": [5.25, 8.25, 6.5, 9.25], "rotation": 90, "texture": "#0"},
				"east": {"uv": [11.25, 9, 10, 9.5], "rotation": 270, "texture": "#0"},
				"south": {"uv": [8.25, 7.25, 9.5, 8.25], "rotation": 270, "texture": "#0"},
				"west": {"uv": [11.25, 2, 10, 1.5], "rotation": 270, "texture": "#0"},
				"up": {"uv": [2.5, 9.5, 3, 10.5], "rotation": 270, "texture": "#0"},
				"down": {"uv": [7.75, 10, 8.25, 11], "rotation": 270, "texture": "#0"}
			}
		},
		{
			"from": [8.2135, 19.81293, 7.86641],
			"to": [11.5135, 23.01293, 9.46641],
			"rotation": {"angle": -22.5, "axis": "x", "origin": [8.0635, 18.9796, 12.13308]},
			"faces": {
				"north": {"uv": [9, 10.5, 9.75, 11.25], "rotation": 90, "texture": "#0"},
				"east": {"uv": [6, 0.75, 5.25, 1.25], "rotation": 270, "texture": "#0"},
				"south": {"uv": [10.5, 9.5, 11.25, 10.25], "rotation": 270, "texture": "#0"},
				"west": {"uv": [4.25, 5.25, 3.5, 4.75], "rotation": 270, "texture": "#0"},
				"up": {"uv": [2, 7.5, 2.5, 8.25], "rotation": 270, "texture": "#0"},
				"down": {"uv": [10.75, 8.25, 11.25, 9], "rotation": 270, "texture": "#0"}
			}
		},
		{
			"from": [13.7135, 15.62658, 8.89402],
			"to": [18.0135, 18.82658, 10.49402],
			"rotation": {"angle": -22.5, "axis": "z", "origin": [9.8635, 19.92658, 8.06069]},
			"faces": {
				"north": {"uv": [5.25, 8.25, 6.5, 9.25], "rotation": 90, "texture": "#0"},
				"east": {"uv": [11.25, 9, 10, 9.5], "rotation": 270, "texture": "#0"},
				"south": {"uv": [8.25, 7.25, 9.5, 8.25], "rotation": 270, "texture": "#0"},
				"west": {"uv": [11.25, 2, 10, 1.5], "rotation": 270, "texture": "#0"},
				"up": {"uv": [2.5, 9.5, 3, 10.5], "rotation": 270, "texture": "#0"},
				"down": {"uv": [7.75, 10, 8.25, 11], "rotation": 270, "texture": "#0"}
			}
		},
		{
			"from": [15.0135, 22.02658, 8.89402],
			"to": [16.3135, 25.22658, 10.49402],
			"rotation": {"angle": -22.5, "axis": "z", "origin": [9.8635, 19.92658, 8.06069]},
			"faces": {
				"north": {"uv": [8.5, 6, 9.25, 6.25], "rotation": 90, "texture": "#0"},
				"east": {"uv": [11.75, 6.75, 11, 7.25], "rotation": 270, "texture": "#0"},
				"south": {"uv": [8.75, 2.25, 9.5, 2.5], "rotation": 270, "texture": "#0"},
				"west": {"uv": [10, 4.75, 9.25, 4.25], "rotation": 270, "texture": "#0"},
				"up": {"uv": [3.75, 3.25, 4.25, 3.5], "rotation": 270, "texture": "#0"},
				"down": {"uv": [5.25, 7.75, 5.75, 8], "rotation": 270, "texture": "#0"}
			}
		},
		{
			"from": [14.1135, 18.82658, 8.79402],
			"to": [17.4135, 22.02658, 10.39402],
			"rotation": {"angle": -22.5, "axis": "z", "origin": [9.8635, 19.92658, 8.06069]},
			"faces": {
				"north": {"uv": [9, 10.5, 9.75, 11.25], "rotation": 90, "texture": "#0"},
				"east": {"uv": [6, 0.75, 5.25, 1.25], "rotation": 270, "texture": "#0"},
				"south": {"uv": [10.5, 9.5, 11.25, 10.25], "rotation": 270, "texture": "#0"},
				"west": {"uv": [4.25, 5.25, 3.5, 4.75], "rotation": 270, "texture": "#0"},
				"up": {"uv": [2, 7.5, 2.5, 8.25], "rotation": 270, "texture": "#0"},
				"down": {"uv": [10.75, 8.25, 11.25, 9], "rotation": 270, "texture": "#0"}
			}
		},
		{
			"from": [9.1135, 23.01293, 7.96641],
			"to": [10.4135, 26.21293, 9.56641],
			"rotation": {"angle": -22.5, "axis": "x", "origin": [8.0635, 18.9796, 12.13308]},
			"faces": {
				"north": {"uv": [8.5, 6, 9.25, 6.25], "rotation": 90, "texture": "#0"},
				"east": {"uv": [11.75, 6.75, 11, 7.25], "rotation": 270, "texture": "#0"},
				"south": {"uv": [8.75, 2.25, 9.5, 2.5], "rotation": 270, "texture": "#0"},
				"west": {"uv": [10, 4.75, 9.25, 4.25], "rotation": 270, "texture": "#0"},
				"up": {"uv": [3.75, 3.25, 4.25, 3.5], "rotation": 270, "texture": "#0"},
				"down": {"uv": [5.25, 7.75, 5.75, 8], "rotation": 270, "texture": "#0"}
			}
		},
		{
			"from": [7.8135, 16.61293, 7.96641],
			"to": [12.1135, 19.81293, 9.56641],
			"rotation": {"angle": -22.5, "axis": "x", "origin": [8.0635, 18.9796, 12.13308]},
			"faces": {
				"north": {"uv": [5.25, 8.25, 6.5, 9.25], "rotation": 90, "texture": "#0"},
				"east": {"uv": [11.25, 9, 10, 9.5], "rotation": 270, "texture": "#0"},
				"south": {"uv": [8.25, 7.25, 9.5, 8.25], "rotation": 270, "texture": "#0"},
				"west": {"uv": [11.25, 2, 10, 1.5], "rotation": 270, "texture": "#0"},
				"up": {"uv": [2.5, 9.5, 3, 10.5], "rotation": 270, "texture": "#0"},
				"down": {"uv": [7.75, 10, 8.25, 11], "rotation": 270, "texture": "#0"}
			}
		},
		{
			"from": [-4.5384, 16.08544, 8.6],
			"to": [-1.3384, 17.38544, 10.2],
			"rotation": {"angle": -45, "axis": "z", "origin": [-0.00507, 18.23544, 8.56667]},
			"faces": {
				"north": {"uv": [8.5, 6, 9.25, 6.25], "rotation": 180, "texture": "#0"},
				"east": {"uv": [5.25, 7.75, 5.75, 8], "rotation": 180, "texture": "#0"},
				"south": {"uv": [8.75, 2.25, 9.5, 2.5], "rotation": 180, "texture": "#0"},
				"west": {"uv": [3.75, 3.25, 4.25, 3.5], "rotation": 180, "texture": "#0"},
				"up": {"uv": [11.75, 6.75, 11, 7.25], "rotation": 180, "texture": "#0"},
				"down": {"uv": [10, 4.75, 9.25, 4.25], "rotation": 180, "texture": "#0"}
			}
		},
		{
			"from": [-1.64969, 15.32563, 9.1],
			"to": [2.65031, 20.52563, 10.7],
			"rotation": {"angle": 22.5, "axis": "z", "origin": [6.50031, 23.8923, 9.36667]},
			"faces": {
				"north": {"uv": [5.25, 8.25, 6.5, 9.25], "rotation": 90, "texture": "#0"},
				"east": {"uv": [11.25, 9, 10, 9.5], "rotation": 270, "texture": "#0"},
				"south": {"uv": [8.25, 7.25, 9.5, 8.25], "rotation": 270, "texture": "#0"},
				"west": {"uv": [11.25, 2, 10, 1.5], "rotation": 270, "texture": "#0"},
				"up": {"uv": [2.5, 9.5, 3, 10.5], "rotation": 270, "texture": "#0"},
				"down": {"uv": [7.75, 10, 8.25, 11], "rotation": 270, "texture": "#0"}
			}
		},
		{
			"from": [-1.24969, 20.52563, 9],
			"to": [2.05031, 23.72563, 10.6],
			"rotation": {"angle": 22.5, "axis": "z", "origin": [6.50031, 23.8923, 9.36667]},
			"faces": {
				"north": {"uv": [9, 10.5, 9.75, 11.25], "rotation": 90, "texture": "#0"},
				"east": {"uv": [6, 0.75, 5.25, 1.25], "rotation": 270, "texture": "#0"},
				"south": {"uv": [10.5, 9.5, 11.25, 10.25], "rotation": 270, "texture": "#0"},
				"west": {"uv": [4.25, 5.25, 3.5, 4.75], "rotation": 270, "texture": "#0"},
				"up": {"uv": [2, 7.5, 2.5, 8.25], "rotation": 270, "texture": "#0"},
				"down": {"uv": [10.75, 8.25, 11.25, 9], "rotation": 270, "texture": "#0"}
			}
		},
		{
			"from": [-0.34969, 23.72563, 9.1],
			"to": [0.95031, 26.92563, 10.7],
			"rotation": {"angle": 22.5, "axis": "z", "origin": [6.50031, 23.8923, 9.36667]},
			"faces": {
				"north": {"uv": [8.5, 6, 9.25, 6.25], "rotation": 90, "texture": "#0"},
				"east": {"uv": [11.75, 6.75, 11, 7.25], "rotation": 270, "texture": "#0"},
				"south": {"uv": [8.75, 2.25, 9.5, 2.5], "rotation": 270, "texture": "#0"},
				"west": {"uv": [10, 4.75, 9.25, 4.25], "rotation": 270, "texture": "#0"},
				"up": {"uv": [3.75, 3.25, 4.25, 3.5], "rotation": 270, "texture": "#0"},
				"down": {"uv": [5.25, 7.75, 5.75, 8], "rotation": 270, "texture": "#0"}
			}
		},
		{
			"from": [-1.3384, 15.18544, 8.5],
			"to": [1.8616, 18.48544, 10.1],
			"rotation": {"angle": -45, "axis": "z", "origin": [-0.00507, 18.23544, 8.56667]},
			"faces": {
				"north": {"uv": [9, 10.5, 9.75, 11.25], "rotation": 180, "texture": "#0"},
				"east": {"uv": [10.75, 8.25, 11.25, 9], "rotation": 180, "texture": "#0"},
				"south": {"uv": [10.5, 9.5, 11.25, 10.25], "rotation": 180, "texture": "#0"},
				"west": {"uv": [2, 7.5, 2.5, 8.25], "rotation": 180, "texture": "#0"},
				"up": {"uv": [6, 0.75, 5.25, 1.25], "rotation": 180, "texture": "#0"},
				"down": {"uv": [4.25, 5.25, 3.5, 4.75], "rotation": 180, "texture": "#0"}
			}
		},
		{
			"from": [1.8616, 14.78544, 8.6],
			"to": [7.0616, 19.08544, 10.2],
			"rotation": {"angle": -45, "axis": "z", "origin": [-0.00507, 18.23544, 8.56667]},
			"faces": {
				"north": {"uv": [5.25, 8.25, 6.5, 9.25], "rotation": 180, "texture": "#0"},
				"east": {"uv": [7.75, 10, 8.25, 11], "rotation": 180, "texture": "#0"},
				"south": {"uv": [8.25, 7.25, 9.5, 8.25], "rotation": 180, "texture": "#0"},
				"west": {"uv": [2.5, 9.5, 3, 10.5], "rotation": 180, "texture": "#0"},
				"up": {"uv": [11.25, 9, 10, 9.5], "rotation": 180, "texture": "#0"},
				"down": {"uv": [11.25, 2, 10, 1.5], "rotation": 180, "texture": "#0"}
			}
		},
		{
			"from": [24.81664, 11.28677, 8.7],
			"to": [28.01664, 12.58677, 10.3],
			"rotation": {"angle": 0, "axis": "y", "origin": [13.66664, 19.13677, 9.5]},
			"faces": {
				"north": {"uv": [11.25, 10.75, 12, 11], "texture": "#0"},
				"east": {"uv": [5.25, 8, 5.75, 8.25], "texture": "#0"},
				"south": {"uv": [11.5, 0, 12.25, 0.25], "texture": "#0"},
				"west": {"uv": [9.5, 8, 10, 8.25], "texture": "#0"},
				"up": {"uv": [4, 11.75, 3.25, 11.25], "texture": "#0"},
				"down": {"uv": [6, 11.25, 5.25, 11.75], "texture": "#0"}
			}
		},
		{
			"from": [21.81664, 10.28677, 8.7],
			"to": [25.01664, 13.58677, 10.3],
			"rotation": {"angle": 0, "axis": "y", "origin": [13.66664, 19.13677, 9.5]},
			"faces": {
				"north": {"uv": [0.75, 10.75, 1.5, 11.5], "texture": "#0"},
				"east": {"uv": [7.75, 11, 8.25, 11.75], "texture": "#0"},
				"south": {"uv": [1.5, 10.75, 2.25, 11.5], "texture": "#0"},
				"west": {"uv": [11.25, 1.5, 11.75, 2.25], "texture": "#0"},
				"up": {"uv": [12, 2.75, 11.25, 2.25], "texture": "#0"},
				"down": {"uv": [3.25, 11.25, 2.5, 11.75], "texture": "#0"}
			}
		},
		{
			"from": [18.81664, 10.28677, 8.7],
			"to": [22.01664, 14.58677, 10.3],
			"rotation": {"angle": 0, "axis": "y", "origin": [13.66664, 19.13677, 9.5]},
			"faces": {
				"north": {"uv": [7, 10, 7.75, 11], "texture": "#0"},
				"east": {"uv": [4, 10.5, 4.5, 11.5], "texture": "#0"},
				"south": {"uv": [10, 8, 10.75, 9], "texture": "#0"},
				"west": {"uv": [4.5, 10.75, 5, 11.75], "texture": "#0"},
				"up": {"uv": [7.75, 11.5, 7, 11], "texture": "#0"},
				"down": {"uv": [0.75, 11.25, 0, 11.75], "texture": "#0"}
			}
		},
		{
			"from": [-4.98336, 10.68677, 7.7],
			"to": [-1.78336, 13.98677, 9.3],
			"rotation": {"angle": -22.5, "axis": "x", "origin": [-4.15003, 12.33677, 9.5]},
			"faces": {
				"north": {"uv": [9, 10.5, 9.75, 11.25], "rotation": 180, "texture": "#0"},
				"east": {"uv": [10.75, 8.25, 11.25, 9], "rotation": 180, "texture": "#0"},
				"south": {"uv": [10.5, 9.5, 11.25, 10.25], "rotation": 180, "texture": "#0"},
				"west": {"uv": [2, 7.5, 2.5, 8.25], "rotation": 180, "texture": "#0"},
				"up": {"uv": [6, 0.75, 5.25, 1.25], "rotation": 180, "texture": "#0"},
				"down": {"uv": [4.25, 5.25, 3.5, 4.75], "rotation": 180, "texture": "#0"}
			}
		},
		{
			"from": [-8.18336, 11.58677, 7.8],
			"to": [-4.98336, 12.88677, 9.4],
			"rotation": {"angle": -22.5, "axis": "x", "origin": [-4.15003, 12.33677, 9.5]},
			"faces": {
				"north": {"uv": [8.5, 6, 9.25, 6.25], "rotation": 180, "texture": "#0"},
				"east": {"uv": [5.25, 7.75, 5.75, 8], "rotation": 180, "texture": "#0"},
				"south": {"uv": [8.75, 2.25, 9.5, 2.5], "rotation": 180, "texture": "#0"},
				"west": {"uv": [3.75, 3.25, 4.25, 3.5], "rotation": 180, "texture": "#0"},
				"up": {"uv": [11.75, 6.75, 11, 7.25], "rotation": 180, "texture": "#0"},
				"down": {"uv": [10, 4.75, 9.25, 4.25], "rotation": 180, "texture": "#0"}
			}
		}
	],
	"gui_light": "front",
	"display": {
		"thirdperson_righthand": {
			"rotation": [80.5, -87, 81],
			"translation": [0.5, 4, 1.5],
			"scale": [0.62, 0.9, 0.61]
		},
		"thirdperson_lefthand": {
			"rotation": [-79, 87, 80],
			"translation": [-1.25, 4, 1.5],
			"scale": [0.62, 0.9, 0.61]
		},
		"firstperson_righthand": {
			"rotation": [-27.75, -80.5, 0],
			"translation": [2.25, 2.5, 0],
			"scale": [0.41, 0.34, 0.33]
		},
		"firstperson_lefthand": {
			"rotation": [-98.28, 84.38, 78.27],
			"translation": [2.25, 2.5, 0],
			"scale": [0.41, 0.34, 0.33]
		},
		"ground": {
			"rotation": [11.1, -11.63, -21.8],
			"scale": [0.34, 0.48, 0.33]
		},
		"gui": {
			"rotation": [-8.93, -23.72, -21.37],
			"translation": [0, 0.25, 0],
			"scale": [0.36523, 0.35352, 0.59]
		},
		"fixed": {
			"translation": [0, 0, -5.5],
			"scale": [1, 1.34766, 1]
		}
	}
}