{
	"credit": "Made with Blockbench",
	"texture_size": [64, 64],
	"textures": {
		"0": "item/vs_frostfestivalsword",
		"particle": "item/vs_frostfestivalsword"
	},
	"elements": [
		{
			"from": [5, -10, 5],
			"to": [10, -8, 10],
			"faces": {
				"north": {"uv": [5.25, 4.25, 6.5, 4.75], "texture": "#0"},
				"east": {"uv": [5.5, 2, 6.75, 2.5], "texture": "#0"},
				"south": {"uv": [5.75, 4.75, 7, 5.25], "texture": "#0"},
				"west": {"uv": [5.75, 5.25, 7, 5.75], "texture": "#0"},
				"up": {"uv": [5.75, 6.25, 4.5, 5], "texture": "#0"},
				"down": {"uv": [6.5, 2.5, 5.25, 3.75], "texture": "#0"}
			}
		},
		{
			"from": [7.25, -12, 5.75],
			"to": [7.75, -10, 9.25],
			"faces": {
				"north": {"uv": [7.25, 2, 7.5, 2.5], "texture": "#0"},
				"east": {"uv": [4.5, 6.25, 5.5, 6.75], "texture": "#0"},
				"south": {"uv": [7.25, 3.25, 7.5, 3.75], "texture": "#0"},
				"west": {"uv": [6.5, 2.5, 7.5, 3], "texture": "#0"},
				"up": {"uv": [4.75, 7.75, 4.5, 6.75], "texture": "#0"},
				"down": {"uv": [5, 6.75, 4.75, 7.75], "texture": "#0"}
			}
		},
		{
			"from": [6.5, -14, 7.25],
			"to": [8.5, -12, 7.75],
			"rotation": {"angle": 0, "axis": "y", "origin": [7.5, 1, 7.5]},
			"faces": {
				"north": {"uv": [6.5, 6, 7, 6.5], "texture": "#0"},
				"east": {"uv": [7.25, 0.5, 7.5, 1], "texture": "#0"},
				"south": {"uv": [6.75, 2, 7.25, 2.5], "texture": "#0"},
				"west": {"uv": [7.25, 1, 7.5, 1.5], "texture": "#0"},
				"up": {"uv": [5.75, 5, 5.25, 4.75], "texture": "#0"},
				"down": {"uv": [7.75, 1.5, 7.25, 1.75], "texture": "#0"}
			}
		},
		{
			"from": [7.25, -16, 7.25],
			"to": [7.75, -14, 7.75],
			"rotation": {"angle": 0, "axis": "y", "origin": [7.5, 1, 7.5]},
			"faces": {
				"north": {"uv": [7, 6, 7.25, 6.5], "texture": "#0"},
				"east": {"uv": [7, 6.5, 7.25, 7], "texture": "#0"},
				"south": {"uv": [7, 7, 7.25, 7.5], "texture": "#0"},
				"west": {"uv": [7.25, 0, 7.5, 0.5], "texture": "#0"},
				"up": {"uv": [7.5, 4.75, 7.25, 4.5], "texture": "#0"},
				"down": {"uv": [7.5, 4.75, 7.25, 5], "texture": "#0"}
			}
		},
		{
			"from": [5.75, -12, 7.25],
			"to": [9.25, -10, 7.75],
			"rotation": {"angle": 0, "axis": "y", "origin": [7.5, 1, 7.5]},
			"faces": {
				"north": {"uv": [6.25, 0.75, 7.25, 1.25], "texture": "#0"},
				"east": {"uv": [7, 4.75, 7.25, 5.25], "texture": "#0"},
				"south": {"uv": [6.25, 1.25, 7.25, 1.75], "texture": "#0"},
				"west": {"uv": [7, 5.25, 7.25, 5.75], "texture": "#0"},
				"up": {"uv": [7.5, 6, 6.5, 5.75], "texture": "#0"},
				"down": {"uv": [7, 6.5, 6, 6.75], "texture": "#0"}
			}
		},
		{
			"from": [7.25, -14, 6.5],
			"to": [7.75, -12, 8.5],
			"faces": {
				"north": {"uv": [3.5, 2.5, 3.75, 3], "texture": "#0"},
				"east": {"uv": [6.5, 3.25, 7, 3.75], "texture": "#0"},
				"south": {"uv": [6, 6.75, 6.25, 7.25], "texture": "#0"},
				"west": {"uv": [6.5, 4.25, 7, 4.75], "texture": "#0"},
				"up": {"uv": [6.5, 7.25, 6.25, 6.75], "texture": "#0"},
				"down": {"uv": [6.75, 6.75, 6.5, 7.25], "texture": "#0"}
			}
		},
		{
			"from": [6, -8, 6],
			"to": [9, 2, 9],
			"faces": {
				"north": {"uv": [3.75, 2.5, 4.5, 5], "texture": "#0"},
				"east": {"uv": [4.5, 2.5, 5.25, 5], "texture": "#0"},
				"south": {"uv": [4.75, 0, 5.5, 2.5], "texture": "#0"},
				"west": {"uv": [3.75, 5, 4.5, 7.5], "texture": "#0"},
				"up": {"uv": [6.5, 6.5, 5.75, 5.75], "texture": "#0"},
				"down": {"uv": [7, 0, 6.25, 0.75], "texture": "#0"}
			}
		},
		{
			"from": [6.75, 3, 4],
			"to": [8.25, 16.4, 11],
			"faces": {
				"north": {"uv": [3.25, 5.5, 3.75, 8.5], "texture": "#0"},
				"east": {"uv": [3.5, 0, 1.75, 3], "texture": "#0"},
				"south": {"uv": [3.75, 5.5, 3.25, 8.5], "texture": "#0"},
				"west": {"uv": [1.75, 0, 3.5, 3], "texture": "#0"},
				"up": {"uv": [1, 7.5, 0.5, 5.75], "texture": "#0"},
				"down": {"uv": [1.5, 5.75, 1, 7.5], "texture": "#0"}
			}
		},
		{
			"from": [7, 14.5, 5],
			"to": [8, 25.3, 10],
			"faces": {
				"north": {"uv": [1.5, 5.75, 1.75, 8.25], "texture": "#0"},
				"east": {"uv": [4.75, 0, 3.5, 2.5], "texture": "#0"},
				"south": {"uv": [1.75, 5.75, 1.5, 8.25], "texture": "#0"},
				"west": {"uv": [3.5, 0, 4.75, 2.5], "texture": "#0"},
				"up": {"uv": [5.75, 7.5, 5.5, 6.25], "texture": "#0"},
				"down": {"uv": [6, 6.5, 5.75, 7.75], "texture": "#0"}
			}
		},
		{
			"from": [7.25, 24.5, 6],
			"to": [7.75, 31.7, 9],
			"faces": {
				"north": {"uv": [2, 5.75, 2.25, 7.75], "texture": "#0"},
				"east": {"uv": [3.25, 5.5, 2.5, 7.5], "texture": "#0"},
				"south": {"uv": [2.25, 5.75, 2, 7.75], "texture": "#0"},
				"west": {"uv": [2.5, 5.5, 3.25, 7.5], "texture": "#0"},
				"up": {"uv": [5.25, 7.5, 5, 6.75], "texture": "#0"},
				"down": {"uv": [5.5, 6.75, 5.25, 7.5], "texture": "#0"}
			}
		},
		{
			"from": [6.75, 3, 4],
			"to": [8.25, 15.9, 11],
			"rotation": {"angle": -45, "axis": "y", "origin": [7.5, 18.91667, 7.5]},
			"faces": {
				"north": {"uv": [3.25, 5.5, 3.75, 8.5], "texture": "#0"},
				"east": {"uv": [3.5, 0, 1.75, 3], "texture": "#0"},
				"south": {"uv": [3.75, 5.5, 3.25, 8.5], "texture": "#0"},
				"west": {"uv": [1.75, 0, 3.5, 3], "texture": "#0"},
				"up": {"uv": [1, 7.5, 0.5, 5.75], "texture": "#0"},
				"down": {"uv": [1.5, 5.75, 1, 7.5], "texture": "#0"}
			}
		},
		{
			"from": [7, 14.5, 5],
			"to": [8, 25.9, 10],
			"rotation": {"angle": -45, "axis": "y", "origin": [7.5, 18.91667, 7.5]},
			"faces": {
				"north": {"uv": [1.5, 5.75, 1.75, 8.25], "texture": "#0"},
				"east": {"uv": [4.75, 0, 3.5, 2.5], "texture": "#0"},
				"south": {"uv": [1.75, 5.75, 1.5, 8.25], "texture": "#0"},
				"west": {"uv": [3.5, 0, 4.75, 2.5], "texture": "#0"},
				"up": {"uv": [5.75, 7.5, 5.5, 6.25], "texture": "#0"},
				"down": {"uv": [6, 6.5, 5.75, 7.75], "texture": "#0"}
			}
		},
		{
			"from": [7.25, 24.5, 6],
			"to": [7.75, 31, 9],
			"rotation": {"angle": -45, "axis": "y", "origin": [7.5, 18.91667, 7.5]},
			"faces": {
				"north": {"uv": [2, 5.75, 2.25, 7.75], "texture": "#0"},
				"east": {"uv": [3.25, 5.5, 2.5, 7.5], "texture": "#0"},
				"south": {"uv": [2.25, 5.75, 2, 7.75], "texture": "#0"},
				"west": {"uv": [2.5, 5.5, 3.25, 7.5], "texture": "#0"},
				"up": {"uv": [5.25, 7.5, 5, 6.75], "texture": "#0"},
				"down": {"uv": [5.5, 6.75, 5.25, 7.5], "texture": "#0"}
			}
		},
		{
			"from": [7, 14.5, 5],
			"to": [8, 24.5, 10],
			"rotation": {"angle": 45, "axis": "y", "origin": [7.5, 18.91667, 7.5]},
			"faces": {
				"north": {"uv": [1.5, 5.75, 1.75, 8.25], "texture": "#0"},
				"east": {"uv": [4.75, 0, 3.5, 2.5], "texture": "#0"},
				"south": {"uv": [1.75, 5.75, 1.5, 8.25], "texture": "#0"},
				"west": {"uv": [3.5, 0, 4.75, 2.5], "texture": "#0"},
				"up": {"uv": [5.75, 7.5, 5.5, 6.25], "texture": "#0"},
				"down": {"uv": [6, 6.5, 5.75, 7.75], "texture": "#0"}
			}
		},
		{
			"from": [6.75, 3, 4],
			"to": [8.25, 15, 11],
			"rotation": {"angle": 45, "axis": "y", "origin": [7.5, 18.91667, 7.5]},
			"faces": {
				"north": {"uv": [3.25, 5.5, 3.75, 8.5], "texture": "#0"},
				"east": {"uv": [3.5, 0, 1.75, 3], "texture": "#0"},
				"south": {"uv": [3.75, 5.5, 3.25, 8.5], "texture": "#0"},
				"west": {"uv": [1.75, 0, 3.5, 3], "texture": "#0"},
				"up": {"uv": [1, 7.5, 0.5, 5.75], "texture": "#0"},
				"down": {"uv": [1.5, 5.75, 1, 7.5], "texture": "#0"}
			}
		},
		{
			"from": [7.25, 24.5, 6],
			"to": [7.75, 32, 9],
			"rotation": {"angle": 45, "axis": "y", "origin": [7.5, 18.91667, 7.5]},
			"faces": {
				"north": {"uv": [2, 5.75, 2.25, 7.75], "texture": "#0"},
				"east": {"uv": [3.25, 5.5, 2.5, 7.5], "texture": "#0"},
				"south": {"uv": [2.25, 5.75, 2, 7.75], "texture": "#0"},
				"west": {"uv": [2.5, 5.5, 3.25, 7.5], "texture": "#0"},
				"up": {"uv": [5.25, 7.5, 5, 6.75], "texture": "#0"},
				"down": {"uv": [5.5, 6.75, 5.25, 7.5], "texture": "#0"}
			}
		},
		{
			"from": [5, 2, 2],
			"to": [10, 3, 13],
			"faces": {
				"north": {"uv": [6.25, 1.75, 7.5, 2], "texture": "#0"},
				"east": {"uv": [5.25, 3.75, 8, 4], "texture": "#0"},
				"south": {"uv": [6.5, 3, 7.75, 3.25], "texture": "#0"},
				"west": {"uv": [5.25, 4, 8, 4.25], "texture": "#0"},
				"up": {"uv": [1.25, 5.75, 0, 3], "texture": "#0"},
				"down": {"uv": [2.5, 3, 1.25, 5.75], "texture": "#0"}
			}
		}
	],
	"gui_light": "front",
	"display": {
		"thirdperson_righthand": {
			"translation": [0, 3.5, 2],
			"scale": [0.63, 0.50781, 0.53047]
		},
		"thirdperson_lefthand": {
			"translation": [0, 3.5, 2],
			"scale": [0.63, 0.50781, 0.53047]
		},
		"firstperson_righthand": {
			"translation": [2.5, 4, 1.75],
			"scale": [0.30859, 0.30078, 0.23633]
		},
		"firstperson_lefthand": {
			"translation": [2.5, 4, 1.75],
			"scale": [0.30859, 0.30078, 0.23633]
		},
		"ground": {
			"rotation": [168.27, -38.62, -30],
			"scale": [0.4843, 0.51656, 0.55]
		},
		"gui": {
			"rotation": [-138.07, -42.1, -126.74],
			"scale": [0.33, 0.38, 0.44]
		},
		"fixed": {
			"rotation": [114.75, -89, 0],
			"translation": [1.25, 0, -7.5]
		}
	}
}