{
	"credit": "Made with Blockbench",
	"texture_size": [64, 64],
	"textures": {
		"0": "item/frostie",
		"particle": "item/frostie"
	},
	"elements": [
		{
			"from": [6.8, -4.2, 7],
			"to": [11.9, -1, 12],
			"faces": {
				"north": {"uv": [8.5, 5.25, 9.75, 6], "texture": "#0"},
				"east": {"uv": [8.75, 1.5, 10, 2.25], "texture": "#0"},
				"south": {"uv": [9, 0, 10.25, 0.75], "texture": "#0"},
				"west": {"uv": [9, 0.75, 10.25, 1.5], "texture": "#0"},
				"up": {"uv": [5.75, 6.5, 4.5, 5.25], "texture": "#0"},
				"down": {"uv": [6.75, 3.75, 5.5, 5], "texture": "#0"}
			}
		},
		{
			"from": [5, -3, 8],
			"to": [8, 7, 11],
			"faces": {
				"north": {"uv": [0, 3.75, 0.75, 6.25], "texture": "#0"},
				"east": {"uv": [0.75, 3.75, 1.5, 6.25], "texture": "#0"},
				"south": {"uv": [1.5, 3.75, 2.25, 6.25], "texture": "#0"},
				"west": {"uv": [4.25, 1.25, 5, 3.75], "texture": "#0"},
				"up": {"uv": [11, 7.5, 10.25, 6.75], "texture": "#0"},
				"down": {"uv": [0.75, 10.5, 0, 11.25], "texture": "#0"}
			}
		},
		{
			"from": [8, 4, 8],
			"to": [11, 12, 11],
			"faces": {
				"north": {"uv": [2.5, 6.25, 3.25, 8.25], "texture": "#0"},
				"east": {"uv": [5.75, 6.25, 6.5, 8.25], "texture": "#0"},
				"south": {"uv": [4.5, 6.5, 5.25, 8.5], "texture": "#0"},
				"west": {"uv": [6.5, 6.25, 7.25, 8.25], "texture": "#0"},
				"up": {"uv": [11.25, 2.75, 10.5, 2], "texture": "#0"},
				"down": {"uv": [3.25, 10.5, 2.5, 11.25], "texture": "#0"}
			}
		},
		{
			"from": [8, 16, 8],
			"to": [11, 20, 11],
			"faces": {
				"north": {"uv": [9, 9.5, 9.75, 10.5], "texture": "#0"},
				"east": {"uv": [0.75, 9.75, 1.5, 10.75], "texture": "#0"},
				"south": {"uv": [4.5, 9.75, 5.25, 10.75], "texture": "#0"},
				"west": {"uv": [9.75, 9.5, 10.5, 10.5], "texture": "#0"},
				"up": {"uv": [4, 11.25, 3.25, 10.5], "texture": "#0"},
				"down": {"uv": [6, 10.5, 5.25, 11.25], "texture": "#0"}
			}
		},
		{
			"from": [7, 9, 7],
			"to": [12, 16, 12],
			"faces": {
				"north": {"uv": [0, 2, 1.25, 3.75], "texture": "#0"},
				"east": {"uv": [1.25, 2, 2.5, 3.75], "texture": "#0"},
				"south": {"uv": [2.25, 0, 3.5, 1.75], "texture": "#0"},
				"west": {"uv": [2.5, 1.75, 3.75, 3.5], "texture": "#0"},
				"up": {"uv": [7, 6.25, 5.75, 5], "texture": "#0"},
				"down": {"uv": [7.25, 0.75, 6, 2], "texture": "#0"}
			}
		},
		{
			"from": [3, 10, 7],
			"to": [7, 16, 12],
			"faces": {
				"north": {"uv": [3.25, 7, 4.25, 8.5], "texture": "#0"},
				"east": {"uv": [4.25, 3.75, 5.5, 5.25], "texture": "#0"},
				"south": {"uv": [7, 3.75, 8, 5.25], "texture": "#0"},
				"west": {"uv": [2.25, 4.75, 3.5, 6.25], "texture": "#0"},
				"up": {"uv": [8.25, 9.25, 7.25, 8], "texture": "#0"},
				"down": {"uv": [3, 8.25, 2, 9.5], "texture": "#0"}
			}
		},
		{
			"from": [-4, 11, 8],
			"to": [3, 16, 11],
			"faces": {
				"north": {"uv": [3.5, 0, 5.25, 1.25], "texture": "#0"},
				"east": {"uv": [3.75, 9.25, 4.5, 10.5], "texture": "#0"},
				"south": {"uv": [2.5, 3.5, 4.25, 4.75], "texture": "#0"},
				"west": {"uv": [5.25, 9.25, 6, 10.5], "texture": "#0"},
				"up": {"uv": [9, 1.5, 7.25, 0.75], "texture": "#0"},
				"down": {"uv": [9, 3, 7.25, 3.75], "texture": "#0"}
			}
		},
		{
			"from": [-1.8, 20, 8],
			"to": [7, 24, 11],
			"faces": {
				"north": {"uv": [0, 0, 2.25, 1], "texture": "#0"},
				"east": {"uv": [10, 3, 10.75, 4], "texture": "#0"},
				"south": {"uv": [0, 1, 2.25, 2], "texture": "#0"},
				"west": {"uv": [10, 4, 10.75, 5], "texture": "#0"},
				"up": {"uv": [7.25, 3.75, 5, 3], "texture": "#0"},
				"down": {"uv": [7.5, 0, 5.25, 0.75], "texture": "#0"}
			}
		},
		{
			"from": [-13.3, 7.2, 9.2],
			"to": [-8.3, 10, 9.8],
			"rotation": {"angle": 45, "axis": "z", "origin": [-11.7, 11, 9.5]},
			"faces": {
				"north": {"uv": [9.25, 6, 10.5, 6.75], "texture": "#0"},
				"east": {"uv": [3.25, 6.25, 3.5, 7], "texture": "#0"},
				"south": {"uv": [7, 9.25, 8.25, 10], "texture": "#0"},
				"west": {"uv": [8, 7.25, 8.25, 8], "texture": "#0"},
				"up": {"uv": [10.75, 11.5, 9.5, 11.25], "texture": "#0"},
				"down": {"uv": [12.5, 10, 11.25, 10.25], "texture": "#0"}
			}
		},
		{
			"from": [-10.74142, 8.99289, 9.3],
			"to": [-9.64142, 14.29289, 9.7],
			"rotation": {"angle": -22.5, "axis": "z", "origin": [-11.84142, 10.29289, 9.5]},
			"faces": {
				"north": {"uv": [6.75, 3.75, 7, 5], "texture": "#0"},
				"east": {"uv": [4.25, 7, 4.5, 8.25], "texture": "#0"},
				"south": {"uv": [6.5, 11.25, 6.75, 12.5], "texture": "#0"},
				"west": {"uv": [10.75, 11.25, 11, 12.5], "texture": "#0"},
				"up": {"uv": [2.5, 2, 2.25, 1.75], "texture": "#0"},
				"down": {"uv": [5.75, 5, 5.5, 5.25], "texture": "#0"}
			}
		},
		{
			"from": [-11.3, 16.4, 9.2],
			"to": [-6.3, 18.2, 9.8],
			"rotation": {"angle": 45, "axis": "z", "origin": [-9.7, 19.2, 9.5]},
			"faces": {
				"north": {"uv": [10.25, 0, 11.5, 0.5], "texture": "#0"},
				"east": {"uv": [9.25, 6.75, 9.5, 7.25], "texture": "#0"},
				"south": {"uv": [10.25, 0.5, 11.5, 1], "texture": "#0"},
				"west": {"uv": [1.25, 11.5, 1.5, 12], "texture": "#0"},
				"up": {"uv": [12.5, 10.5, 11.25, 10.25], "texture": "#0"},
				"down": {"uv": [12.5, 10.5, 11.25, 10.75], "texture": "#0"}
			}
		},
		{
			"from": [-7.3, 19, 8.8],
			"to": [-1.4, 22.4, 10.2],
			"rotation": {"angle": 22.5, "axis": "z", "origin": [-5.5, 22.2, 9.5]},
			"faces": {
				"north": {"uv": [7.5, 0, 9, 0.75], "texture": "#0"},
				"east": {"uv": [1.75, 8.5, 2, 9.25], "texture": "#0"},
				"south": {"uv": [3, 8.5, 4.5, 9.25], "texture": "#0"},
				"west": {"uv": [9, 3, 9.25, 3.75], "texture": "#0"},
				"up": {"uv": [12.5, 7.5, 11, 7.25], "texture": "#0"},
				"down": {"uv": [12, 11, 10.5, 11.25], "texture": "#0"}
			}
		},
		{
			"from": [-8.54142, 17.79289, 9.3],
			"to": [-7.74142, 22.49289, 9.7],
			"rotation": {"angle": -22.5, "axis": "z", "origin": [-9.84142, 18.49289, 9.5]},
			"faces": {
				"north": {"uv": [11, 11.25, 11.25, 12.5], "texture": "#0"},
				"east": {"uv": [11.25, 11.25, 11.5, 12.5], "texture": "#0"},
				"south": {"uv": [0.75, 11.5, 1, 12.75], "texture": "#0"},
				"west": {"uv": [1, 11.5, 1.25, 12.75], "texture": "#0"},
				"up": {"uv": [2, 9.5, 1.75, 9.25], "texture": "#0"},
				"down": {"uv": [6.75, 10.25, 6.5, 10.5], "texture": "#0"}
			}
		},
		{
			"from": [-9.3, 9.8, 8.8],
			"to": [-3.4, 14.2, 10.2],
			"rotation": {"angle": 22.5, "axis": "z", "origin": [-7.5, 14, 9.5]},
			"faces": {
				"north": {"uv": [6, 2, 7.5, 3], "texture": "#0"},
				"east": {"uv": [2.25, 3.75, 2.5, 4.75], "texture": "#0"},
				"south": {"uv": [7, 5.25, 8.5, 6.25], "texture": "#0"},
				"west": {"uv": [7, 8.25, 7.25, 9.25], "texture": "#0"},
				"up": {"uv": [12.25, 6, 10.75, 5.75], "texture": "#0"},
				"down": {"uv": [12.25, 8, 10.75, 8.25], "texture": "#0"}
			}
		},
		{
			"from": [12, 9, 8],
			"to": [16, 16, 11],
			"faces": {
				"north": {"uv": [5, 1.25, 6, 3], "texture": "#0"},
				"east": {"uv": [7.25, 6.25, 8, 8], "texture": "#0"},
				"south": {"uv": [3.5, 5.25, 4.5, 7], "texture": "#0"},
				"west": {"uv": [0, 7.5, 0.75, 9.25], "texture": "#0"},
				"up": {"uv": [10.5, 3, 9.5, 2.25], "texture": "#0"},
				"down": {"uv": [10.75, 5.25, 9.75, 6], "texture": "#0"}
			}
		},
		{
			"from": [16, 10, 8],
			"to": [19, 15, 11],
			"faces": {
				"north": {"uv": [4.5, 8.5, 5.25, 9.75], "texture": "#0"},
				"east": {"uv": [0, 9.25, 0.75, 10.5], "texture": "#0"},
				"south": {"uv": [3, 9.25, 3.75, 10.5], "texture": "#0"},
				"west": {"uv": [9.25, 3, 10, 4.25], "texture": "#0"},
				"up": {"uv": [6.75, 11.25, 6, 10.5], "texture": "#0"},
				"down": {"uv": [11.25, 6, 10.5, 6.75], "texture": "#0"}
			}
		},
		{
			"from": [7, 20, 7],
			"to": [12, 24, 12],
			"faces": {
				"north": {"uv": [0.75, 7.5, 2, 8.5], "texture": "#0"},
				"east": {"uv": [7.5, 1.5, 8.75, 2.5], "texture": "#0"},
				"south": {"uv": [8, 3.75, 9.25, 4.75], "texture": "#0"},
				"west": {"uv": [8, 6.25, 9.25, 7.25], "texture": "#0"},
				"up": {"uv": [1.25, 7.5, 0, 6.25], "texture": "#0"},
				"down": {"uv": [2.5, 6.25, 1.25, 7.5], "texture": "#0"}
			}
		},
		{
			"from": [11.3, 24, 8.9],
			"to": [19, 25.8, 10.1],
			"rotation": {"angle": 22.5, "axis": "z", "origin": [15.5, 22, 9.5]},
			"faces": {
				"north": {"uv": [7.5, 2.5, 9.5, 3], "texture": "#0"},
				"east": {"uv": [3.5, 1.25, 3.75, 1.75], "texture": "#0"},
				"south": {"uv": [8, 4.75, 10, 5.25], "texture": "#0"},
				"west": {"uv": [7.25, 1.5, 7.5, 2], "texture": "#0"},
				"up": {"uv": [12, 5.25, 10, 5], "texture": "#0"},
				"down": {"uv": [12.25, 1, 10.25, 1.25], "texture": "#0"}
			}
		},
		{
			"from": [8.06497, -14.70148, 8.7],
			"to": [9.36497, -11.50148, 10.3],
			"rotation": {"angle": 0, "axis": "y", "origin": [9.09668, -8.48152, 9.5]},
			"faces": {
				"north": {"uv": [1.5, 9.75, 1.75, 10.5], "texture": "#0"},
				"east": {"uv": [9, 11.25, 9.5, 12], "texture": "#0"},
				"south": {"uv": [11.5, 0.25, 11.75, 1], "texture": "#0"},
				"west": {"uv": [11.25, 9.25, 11.75, 10], "texture": "#0"},
				"up": {"uv": [2.25, 12, 2, 11.5], "texture": "#0"},
				"down": {"uv": [11.75, 2.75, 11.5, 3.25], "texture": "#0"}
			}
		},
		{
			"from": [7.06497, -11.70148, 8.7],
			"to": [10.36497, -8.50148, 10.3],
			"rotation": {"angle": 0, "axis": "y", "origin": [9.09668, -8.48152, 9.5]},
			"faces": {
				"north": {"uv": [10.75, 2.75, 11.5, 3.5], "texture": "#0"},
				"east": {"uv": [6, 11.25, 6.5, 12], "texture": "#0"},
				"south": {"uv": [10.75, 3.5, 11.5, 4.25], "texture": "#0"},
				"west": {"uv": [11.25, 6, 11.75, 6.75], "texture": "#0"},
				"up": {"uv": [12, 8.75, 11.25, 8.25], "texture": "#0"},
				"down": {"uv": [12, 8.75, 11.25, 9.25], "texture": "#0"}
			}
		},
		{
			"from": [7.06497, -8.70148, 8.7],
			"to": [11.36497, -3.50148, 10.3],
			"rotation": {"angle": 0, "axis": "y", "origin": [9.09668, -8.48152, 9.5]},
			"faces": {
				"north": {"uv": [8.25, 8.25, 9.25, 9.5], "texture": "#0"},
				"east": {"uv": [5.25, 6.5, 5.75, 7.75], "texture": "#0"},
				"south": {"uv": [0.75, 8.5, 1.75, 9.75], "texture": "#0"},
				"west": {"uv": [6, 9.25, 6.5, 10.5], "texture": "#0"},
				"up": {"uv": [11.75, 5, 10.75, 4.5], "texture": "#0"},
				"down": {"uv": [11.75, 5.25, 10.75, 5.75], "texture": "#0"}
			}
		},
		{
			"from": [5.43114, -11.27506, 9],
			"to": [6.73114, -3.57506, 10],
			"rotation": {"angle": -22.5, "axis": "z", "origin": [9.09668, -8.48152, 9.5]},
			"faces": {
				"north": {"uv": [5, 10.75, 5.25, 12.75], "texture": "#0"},
				"east": {"uv": [8.25, 10.75, 8.5, 12.75], "texture": "#0"},
				"south": {"uv": [8.5, 10.75, 8.75, 12.75], "texture": "#0"},
				"west": {"uv": [8.75, 10.75, 9, 12.75], "texture": "#0"},
				"up": {"uv": [1.75, 10.75, 1.5, 10.5], "texture": "#0"},
				"down": {"uv": [10.75, 2.75, 10.5, 3], "texture": "#0"}
			}
		},
		{
			"from": [11.65508, -11.89169, 8.9],
			"to": [13.45508, -4.19169, 10.1],
			"rotation": {"angle": 22.5, "axis": "z", "origin": [9.09668, -8.48152, 9.5]},
			"faces": {
				"north": {"uv": [3.75, 1.25, 4.25, 3.25], "texture": "#0"},
				"east": {"uv": [6.75, 10.25, 7, 12.25], "texture": "#0"},
				"south": {"uv": [6.5, 8.25, 7, 10.25], "texture": "#0"},
				"west": {"uv": [2.25, 10.75, 2.5, 12.75], "texture": "#0"},
				"up": {"uv": [10.5, 2.25, 10, 2], "texture": "#0"},
				"down": {"uv": [2, 11.5, 1.5, 11.75], "texture": "#0"}
			}
		},
		{
			"from": [11.91686, 18.74531, 9],
			"to": [19.61686, 20.04531, 10],
			"rotation": {"angle": -22.5, "axis": "z", "origin": [14.06686, 24.54531, 9.5]},
			"faces": {
				"north": {"uv": [10.25, 1.25, 12.25, 1.5], "texture": "#0"},
				"east": {"uv": [3, 8.25, 3.25, 8.5], "texture": "#0"},
				"south": {"uv": [10.25, 7.5, 12.25, 7.75], "texture": "#0"},
				"west": {"uv": [4.25, 8.25, 4.5, 8.5], "texture": "#0"},
				"up": {"uv": [12.25, 8, 10.25, 7.75], "texture": "#0"},
				"down": {"uv": [12.75, 4.25, 10.75, 4.5], "texture": "#0"}
			}
		},
		{
			"from": [10.81664, 19.48677, 8.7],
			"to": [16.01664, 23.78677, 10.3],
			"rotation": {"angle": 0, "axis": "y", "origin": [13.66664, 19.13677, 9.5]},
			"faces": {
				"north": {"uv": [5.25, 8.25, 6.5, 9.25], "texture": "#0"},
				"east": {"uv": [2.5, 9.5, 3, 10.5], "texture": "#0"},
				"south": {"uv": [8.25, 7.25, 9.5, 8.25], "texture": "#0"},
				"west": {"uv": [7.75, 10, 8.25, 11], "texture": "#0"},
				"up": {"uv": [11.25, 2, 10, 1.5], "texture": "#0"},
				"down": {"uv": [11.25, 9, 10, 9.5], "texture": "#0"}
			}
		},
		{
			"from": [24.81664, 11.28677, 8.7],
			"to": [28.01664, 12.58677, 10.3],
			"rotation": {"angle": 0, "axis": "y", "origin": [13.66664, 19.13677, 9.5]},
			"faces": {
				"north": {"uv": [11.25, 10.75, 12, 11], "texture": "#0"},
				"east": {"uv": [5.25, 8, 5.75, 8.25], "texture": "#0"},
				"south": {"uv": [11.5, 0, 12.25, 0.25], "texture": "#0"},
				"west": {"uv": [9.5, 8, 10, 8.25], "texture": "#0"},
				"up": {"uv": [4, 11.75, 3.25, 11.25], "texture": "#0"},
				"down": {"uv": [6, 11.25, 5.25, 11.75], "texture": "#0"}
			}
		},
		{
			"from": [21.81664, 10.28677, 8.7],
			"to": [25.01664, 13.58677, 10.3],
			"rotation": {"angle": 0, "axis": "y", "origin": [13.66664, 19.13677, 9.5]},
			"faces": {
				"north": {"uv": [0.75, 10.75, 1.5, 11.5], "texture": "#0"},
				"east": {"uv": [7.75, 11, 8.25, 11.75], "texture": "#0"},
				"south": {"uv": [1.5, 10.75, 2.25, 11.5], "texture": "#0"},
				"west": {"uv": [11.25, 1.5, 11.75, 2.25], "texture": "#0"},
				"up": {"uv": [12, 2.75, 11.25, 2.25], "texture": "#0"},
				"down": {"uv": [3.25, 11.25, 2.5, 11.75], "texture": "#0"}
			}
		},
		{
			"from": [18.81664, 10.28677, 8.7],
			"to": [22.01664, 14.58677, 10.3],
			"rotation": {"angle": 0, "axis": "y", "origin": [13.66664, 19.13677, 9.5]},
			"faces": {
				"north": {"uv": [7, 10, 7.75, 11], "texture": "#0"},
				"east": {"uv": [4, 10.5, 4.5, 11.5], "texture": "#0"},
				"south": {"uv": [10, 8, 10.75, 9], "texture": "#0"},
				"west": {"uv": [4.5, 10.75, 5, 11.75], "texture": "#0"},
				"up": {"uv": [7.75, 11.5, 7, 11], "texture": "#0"},
				"down": {"uv": [0.75, 11.25, 0, 11.75], "texture": "#0"}
			}
		},
		{
			"from": [15.81664, 19.48677, 8.7],
			"to": [19.01664, 22.78677, 10.3],
			"rotation": {"angle": 0, "axis": "y", "origin": [13.66664, 19.13677, 9.5]},
			"faces": {
				"north": {"uv": [9, 10.5, 9.75, 11.25], "texture": "#0"},
				"east": {"uv": [2, 7.5, 2.5, 8.25], "texture": "#0"},
				"south": {"uv": [10.5, 9.5, 11.25, 10.25], "texture": "#0"},
				"west": {"uv": [10.75, 8.25, 11.25, 9], "texture": "#0"},
				"up": {"uv": [4.25, 5.25, 3.5, 4.75], "texture": "#0"},
				"down": {"uv": [6, 0.75, 5.25, 1.25], "texture": "#0"}
			}
		},
		{
			"from": [18.81664, 20.48677, 8.7],
			"to": [22.01664, 21.78677, 10.3],
			"rotation": {"angle": 0, "axis": "y", "origin": [13.66664, 19.13677, 9.5]},
			"faces": {
				"north": {"uv": [8.5, 6, 9.25, 6.25], "texture": "#0"},
				"east": {"uv": [3.75, 3.25, 4.25, 3.5], "texture": "#0"},
				"south": {"uv": [8.75, 2.25, 9.5, 2.5], "texture": "#0"},
				"west": {"uv": [5.25, 7.75, 5.75, 8], "texture": "#0"},
				"up": {"uv": [10, 4.75, 9.25, 4.25], "texture": "#0"},
				"down": {"uv": [11.75, 6.75, 11, 7.25], "texture": "#0"}
			}
		}
	],
	"gui_light": "front",
	"display": {
		"thirdperson_righthand": {
			"rotation": [80.5, -87, 81],
			"translation": [0.5, 4, 1.5],
			"scale": [0.62, 0.9, 0.61]
		},
		"thirdperson_lefthand": {
			"rotation": [-79, 87, 80],
			"translation": [-1.25, 4, 1.5],
			"scale": [0.62, 0.9, 0.61]
		},
		"firstperson_righthand": {
			"rotation": [-27.75, -80.5, 0],
			"translation": [2.25, 2.5, 0],
			"scale": [0.41, 0.34, 0.33]
		},
		"firstperson_lefthand": {
			"rotation": [-98.28, 84.38, 78.27],
			"translation": [2.25, 2.5, 0],
			"scale": [0.41, 0.34, 0.33]
		},
		"ground": {
			"rotation": [11.1, -11.63, -21.8],
			"scale": [0.34, 0.48, 0.33]
		},
		"gui": {
			"rotation": [-8.93, -23.72, -21.37],
			"translation": [0, 0.25, 0],
			"scale": [0.36523, 0.35352, 0.59]
		},
		"fixed": {
			"translation": [0, 0, -5.5],
			"scale": [1, 1.34766, 1]
		}
	}
}