{
	"credit": "Made with Blockbench",
	"texture_size": [32, 32],
	"textures": {
		"0": "item/lightbulb",
		"particle": "item/lightbulb"
	},
	"elements": [
		{
			"from": [3, 0, 3],
			"to": [13, 1, 4],
			"faces": {
				"north": {"uv": [5.5, 9.5, 6, 10], "texture": "#0"},
				"east": {"uv": [5.5, 9.5, 6, 10], "texture": "#0"},
				"south": {"uv": [10, 9.5, 10.5, 10], "texture": "#0"},
				"west": {"uv": [10, 9.5, 10.5, 10], "texture": "#0"},
				"up": {"uv": [10.5, 9.5, 5.5, 10], "texture": "#0"},
				"down": {"uv": [5.5, 9.5, 10.5, 10], "texture": "#0"}
			}
		},
		{
			"from": [4, 0, 2],
			"to": [12, 1, 3],
			"faces": {
				"north": {"uv": [9.5, 10, 10, 10.5], "texture": "#0"},
				"east": {"uv": [6, 10, 6.5, 10.5], "texture": "#0"},
				"south": {"uv": [6, 10, 6.5, 10.5], "texture": "#0"},
				"west": {"uv": [9.5, 10, 10, 10.5], "texture": "#0"},
				"up": {"uv": [10, 10, 6, 10.5], "texture": "#0"},
				"down": {"uv": [6, 10, 10, 10.5], "texture": "#0"}
			}
		},
		{
			"from": [2, 0, 4],
			"to": [14, 1, 6],
			"faces": {
				"north": {"uv": [5, 8, 5.5, 8.5], "texture": "#0"},
				"east": {"uv": [5, 8.5, 5.5, 9], "texture": "#0"},
				"south": {"uv": [5, 8.5, 5.5, 9], "texture": "#0"},
				"west": {"uv": [10.5, 8, 11, 9], "texture": "#0"},
				"up": {"uv": [11, 9, 5, 8], "texture": "#0"},
				"down": {"uv": [5, 8, 11, 9], "texture": "#0"}
			}
		},
		{
			"from": [2, 0, 13],
			"to": [14, 1, 14],
			"faces": {
				"north": {"uv": [4.5, 6, 5, 6.5], "texture": "#0"},
				"east": {"uv": [10.5, 4, 11, 4.5], "texture": "#0"},
				"south": {"uv": [4.5, 5.5, 5, 6], "texture": "#0"},
				"west": {"uv": [10.5, 4, 11, 4.5], "texture": "#0"},
				"up": {"uv": [11, 4, 5, 4.5], "texture": "#0"},
				"down": {"uv": [5, 4, 11, 4.5], "texture": "#0"}
			}
		},
		{
			"from": [3, 0, 14],
			"to": [13, 1, 15],
			"faces": {
				"north": {"uv": [5.5, 3.5, 6, 4], "texture": "#0"},
				"east": {"uv": [5.5, 3.5, 6, 4], "texture": "#0"},
				"south": {"uv": [5.5, 3.5, 6, 4], "texture": "#0"},
				"west": {"uv": [10, 3.5, 10.5, 4], "texture": "#0"},
				"up": {"uv": [10.5, 3.5, 5.5, 4], "texture": "#0"},
				"down": {"uv": [5.5, 3.5, 10.5, 4], "texture": "#0"}
			}
		},
		{
			"from": [4, 0, 15],
			"to": [12, 1, 16],
			"faces": {
				"north": {"uv": [6, 3, 6.5, 3.5], "texture": "#0"},
				"east": {"uv": [6, 3, 6.5, 3.5], "texture": "#0"},
				"south": {"uv": [6, 3, 6.5, 3.5], "texture": "#0"},
				"west": {"uv": [9.5, 3, 10, 3.5], "texture": "#0"},
				"up": {"uv": [10, 3, 6, 3.5], "texture": "#0"},
				"down": {"uv": [6, 3, 10, 3.5], "texture": "#0"}
			}
		},
		{
			"from": [5, 0, 16],
			"to": [11, 1, 17],
			"faces": {
				"north": {"uv": [6.5, 2.5, 9.5, 3], "texture": "#0"},
				"east": {"uv": [6.5, 2.5, 7, 3], "texture": "#0"},
				"south": {"uv": [6.5, 2.5, 7, 3], "texture": "#0"},
				"west": {"uv": [9, 2.5, 9.5, 3], "texture": "#0"},
				"up": {"uv": [9.5, 2.5, 6.5, 3], "texture": "#0"},
				"down": {"uv": [6.5, 2.5, 9.5, 3], "texture": "#0"}
			}
		},
		{
			"from": [1, 0, 6],
			"to": [15, 1, 13],
			"faces": {
				"north": {"uv": [4.5, 7.5, 5, 8], "texture": "#0"},
				"east": {"uv": [11, 6.5, 11.5, 7], "texture": "#0"},
				"south": {"uv": [4.5, 5, 5, 5.5], "texture": "#0"},
				"west": {"uv": [11, 4.5, 11.5, 5], "texture": "#0"},
				"up": {"uv": [11.5, 8, 4.5, 4.5], "texture": "#0"},
				"down": {"uv": [4.5, 4.5, 11.5, 8], "texture": "#0"}
			}
		},
		{
			"from": [4, 0, -1],
			"to": [12, 1, 2],
			"faces": {
				"north": {"uv": [6, 10.5, 10, 11], "texture": "#0"},
				"east": {"uv": [6, 10.5, 8, 11], "texture": "#0"},
				"south": {"uv": [6, 10.5, 10, 11], "texture": "#0"},
				"west": {"uv": [8, 10.5, 10, 11], "texture": "#0"},
				"up": {"uv": [10, 10.5, 6, 12], "texture": "#0"},
				"down": {"uv": [6, 10.5, 10, 12], "texture": "#0"}
			}
		},
		{
			"from": [7, 0, -4],
			"to": [9, 1, -3],
			"faces": {
				"north": {"uv": [7.5, 13, 8.5, 13.5], "texture": "#0"},
				"east": {"uv": [7.5, 13, 8, 13.5], "texture": "#0"},
				"south": {"uv": [7.5, 13, 8.5, 13.5], "texture": "#0"},
				"west": {"uv": [8, 13, 8.5, 13.5], "texture": "#0"},
				"up": {"uv": [7.5, 13, 8.5, 13.5], "texture": "#0"},
				"down": {"uv": [7.5, 13, 8.5, 13.5], "texture": "#0"}
			}
		},
		{
			"from": [5, 0, -3],
			"to": [11, 1, -1],
			"faces": {
				"north": {"uv": [6.5, 12.5, 9.5, 13], "texture": "#0"},
				"east": {"uv": [6.5, 12.5, 7, 13], "texture": "#0"},
				"south": {"uv": [9, 12.5, 9.5, 13], "texture": "#0"},
				"west": {"uv": [6.5, 12.5, 7, 13], "texture": "#0"},
				"up": {"uv": [9.5, 13, 6.5, 12], "texture": "#0"},
				"down": {"uv": [6.5, 12, 9.5, 13], "texture": "#0"}
			}
		}
	],
	"display": {
		"thirdperson_righthand": {
			"rotation": [-79, 0, 0],
			"translation": [0, 2, -0.75],
			"scale": [0.2, 0.2, 0.2]
		},
		"thirdperson_lefthand": {
			"rotation": [-79, 0, 0],
			"translation": [0, 2, -0.75],
			"scale": [0.2, 0.2, 0.2]
		},
		"firstperson_righthand": {
			"rotation": [-101, 0, 0],
			"translation": [-0.5, 4.5, 0.5],
			"scale": [0.322, 0.322, 0.322]
		},
		"firstperson_lefthand": {
			"rotation": [-101, 0, 0],
			"translation": [0.5, 3.75, -0.5],
			"scale": [0.322, 0.322, 0.322]
		},
		"ground": {
			"rotation": [0, 0, 5],
			"translation": [0, 2.25, 0],
			"scale": [0.4, 0.4, 0.4]
		},
		"gui": {
			"rotation": [-101, -20, 0],
			"scale": [0.64, 0.64, 0.64]
		},
		"head": {
			"rotation": [-90, 0, 0],
			"translation": [0, 16, -4.75],
			"scale": [0.65, 0.65, 0.65]
		},
		"fixed": {
			"rotation": [-90, 0, 0],
			"translation": [0, 0, -4],
			"scale": [0.64, 0.64, 0.64]
		}
	},
	"groups": [
		{
			"name": "bulb",
			"origin": [8, 8, 8],
			"color": 0,
			"children": [
				{
					"name": "bulb",
					"origin": [0, 0, 0],
					"color": 0,
					"children": [0, 1, 2, 3, 4, 5, 6, 7]
				},
				{
					"name": "base",
					"origin": [0, 0, 0],
					"color": 0,
					"children": [8, 9, 10]
				}
			]
		}
	]
}