{
 "parent": "item/handheld",
 "textures": {
  "layer0": "item/netherite_sword"
 },

 "overrides": [
    {"predicate": {"custom_model_data":1}, "model": "item/spear/halberd1"},
    {"predicate": {"custom_model_data":2}, "model": "item/spear/halberd2"},
    {"predicate": {"custom_model_data":3}, "model": "item/spear/lance1"},
    {"predicate": {"custom_model_data":4}, "model": "item/spear/lance2"},
    {"predicate": {"custom_model_data":5}, "model": "item/spear/lance3"},
    {"predicate": {"custom_model_data":6}, "model": "item/spear/lance4"},
    {"predicate": {"custom_model_data":7}, "model": "item/spear/lance5"}

 ]

 
}