{
	"credit": "Made with Blockbench",
	"parent": "item/generated",
	"textures": {
		"layer0": "items/lpotion2"
	},
	"display": {
		"thirdperson_righthand": {
			"rotation": [-82.37, 88.51, 103.61],
			"translation": [0, -2, -1]
		},
		"thirdperson_lefthand": {
			"rotation": [-114.36, -0.61, -94.79],
			"translation": [-6.5, -6.25, 6.75]
		},
		"firstperson_righthand": {
			"rotation": [-39.5, 90, 0],
			"translation": [3.25, 2.25, 0.25]
		},
		"firstperson_lefthand": {
			"rotation": [-129.5, -86.25, 180],
			"translation": [3.75, 7, 0],
			"scale": [0, 0, 0]
		},
		"ground": {
			"rotation": [85.81, -2.23, 4.52],
			"translation": [0, -2.75, -0.75],
			"scale": [0.6, 0.6, 0.6]
		},
		"head": {
			"translation": [0, 0, 3.25]
		}
	}
}