{
	"__comment": "Designed by EnderMatrul with Cubik Studio - https://cubik.studio",
	"textures": {
		"axe_2": "items/axe_2"
	},
	"elements": [ 	 
		{
			"__comment": "Voxels",
			"from": [ -5.3333, 7.7037, 7.7037 ],
			"to": [ 23.70374, 8.296292, 8.296292 ],
			"faces": {
				"down": { "uv": [ 0, 15.75, 12.25, 16 ], "texture": "#axe_2" },
				"up": { "uv": [ 0, 15.75, 12.25, 15.5 ], "texture": "#axe_2" },
				"north": { "uv": [ 12.25, 15.25, 0, 15.5 ], "texture": "#axe_2" },
				"south": { "uv": [ 0, 15, 12.25, 15.25 ], "texture": "#axe_2" },
				"west": { "uv": [ 14, 9, 14.25, 9.25 ], "texture": "#axe_2" },
				"east": { "uv": [ 14.25, 8.75, 14, 9 ], "texture": "#axe_2" }
			}
		},
		{
			"__comment": "Voxels",
			"from": [ -4.1481, 7.1111, 7.7037 ],
			"to": [ 23.70375, 7.703692, 8.296292 ],
			"faces": {
				"down": { "uv": [ 0, 14.25, 11.75, 14.5 ], "texture": "#axe_2" },
				"up": { "uv": [ 0, 14.25, 11.75, 14 ], "texture": "#axe_2" },
				"north": { "uv": [ 11.75, 13.75, 0, 14 ], "texture": "#axe_2" },
				"south": { "uv": [ 0, 13.5, 11.75, 13.75 ], "texture": "#axe_2" },
				"west": { "uv": [ 14, 8, 14.25, 8.25 ], "texture": "#axe_2" },
				"east": { "uv": [ 14.5, 9.5, 14.25, 9.75 ], "texture": "#axe_2" }
			}
		},
		{
			"__comment": "Voxels",
			"from": [ -4.1481, 7.7037, 7.1111 ],
			"to": [ 23.70375, 8.296292, 7.703692 ],
			"faces": {
				"down": { "uv": [ 0, 12.75, 11.75, 13 ], "texture": "#axe_2" },
				"up": { "uv": [ 0, 12.75, 11.75, 12.5 ], "texture": "#axe_2" },
				"north": { "uv": [ 11.75, 12.25, 0, 12.5 ], "texture": "#axe_2" },
				"south": { "uv": [ 0, 12, 11.75, 12.25 ], "texture": "#axe_2" },
				"west": { "uv": [ 15.5, 9.5, 15.75, 9.75 ], "texture": "#axe_2" },
				"east": { "uv": [ 16, 9.5, 15.75, 9.75 ], "texture": "#axe_2" }
			}
		},
		{
			"__comment": "Voxels",
			"from": [ -4.1481, 7.7037, 8.2963 ],
			"to": [ 23.70375, 8.296292, 8.888892 ],
			"faces": {
				"down": { "uv": [ 0, 11.25, 11.75, 11.5 ], "texture": "#axe_2" },
				"up": { "uv": [ 0, 11.25, 11.75, 11 ], "texture": "#axe_2" },
				"north": { "uv": [ 11.75, 14.75, 0, 15 ], "texture": "#axe_2" },
				"south": { "uv": [ 0, 14.5, 11.75, 14.75 ], "texture": "#axe_2" },
				"west": { "uv": [ 14.25, 9.25, 14.5, 9.5 ], "texture": "#axe_2" },
				"east": { "uv": [ 14.5, 9, 14.25, 9.25 ], "texture": "#axe_2" }
			}
		},
		{
			"__comment": "Voxels",
			"from": [ -4.1481, 8.2963, 7.7037 ],
			"to": [ 23.70375, 8.888892, 8.296292 ],
			"faces": {
				"down": { "uv": [ 0, 11.75, 11.75, 12 ], "texture": "#axe_2" },
				"up": { "uv": [ 0, 11.75, 11.75, 11.5 ], "texture": "#axe_2" },
				"north": { "uv": [ 11.75, 13.25, 0, 13.5 ], "texture": "#axe_2" },
				"south": { "uv": [ 0, 13, 11.75, 13.25 ], "texture": "#axe_2" },
				"west": { "uv": [ 14.5, 9, 14.75, 9.25 ], "texture": "#axe_2" },
				"east": { "uv": [ 15.5, 9.75, 15.25, 10 ], "texture": "#axe_2" }
			}
		},
		{
			"__comment": "Voxels",
			"from": [ -3.5556, 7.1111, 7.1111 ],
			"to": [ -2.963007, 7.703692, 7.703692 ],
			"faces": {
				"down": { "uv": [ 14.5, 8.75, 14.75, 9 ], "texture": "#axe_2" },
				"up": { "uv": [ 14.5, 8.25, 14.75, 8 ], "texture": "#axe_2" },
				"north": { "uv": [ 15, 9, 14.75, 9.25 ], "texture": "#axe_2" },
				"south": { "uv": [ 14.75, 8.75, 15, 9 ], "texture": "#axe_2" },
				"west": { "uv": [ 14.75, 8.5, 15, 8.75 ], "texture": "#axe_2" },
				"east": { "uv": [ 15, 8.25, 14.75, 8.5 ], "texture": "#axe_2" }
			}
		},
		{
			"__comment": "Voxels",
			"from": [ -3.5556, 7.1111, 8.2963 ],
			"to": [ -2.963007, 7.703692, 8.888892 ],
			"faces": {
				"down": { "uv": [ 14.75, 8, 15, 8.25 ], "texture": "#axe_2" },
				"up": { "uv": [ 15.5, 9, 15.75, 8.75 ], "texture": "#axe_2" },
				"north": { "uv": [ 16, 8.75, 15.75, 9 ], "texture": "#axe_2" },
				"south": { "uv": [ 15, 8.5, 15.25, 8.75 ], "texture": "#axe_2" },
				"west": { "uv": [ 15, 8.25, 15.25, 8.5 ], "texture": "#axe_2" },
				"east": { "uv": [ 16, 15.5, 15.75, 15.75 ], "texture": "#axe_2" }
			}
		},
		{
			"__comment": "Voxels",
			"from": [ -3.5556, 8.2963, 7.1111 ],
			"to": [ -2.963007, 8.888892, 7.703692 ],
			"faces": {
				"down": { "uv": [ 15.75, 15.25, 16, 15.5 ], "texture": "#axe_2" },
				"up": { "uv": [ 15.75, 15.25, 16, 15 ], "texture": "#axe_2" },
				"north": { "uv": [ 4.25, 9, 4, 9.25 ], "texture": "#axe_2" },
				"south": { "uv": [ 4, 8.75, 4.25, 9 ], "texture": "#axe_2" },
				"west": { "uv": [ 4, 8.5, 4.25, 8.75 ], "texture": "#axe_2" },
				"east": { "uv": [ 4.25, 8.25, 4, 8.5 ], "texture": "#axe_2" }
			}
		},
		{
			"__comment": "Voxels",
			"from": [ -3.5556, 8.2963, 8.2963 ],
			"to": [ -2.963007, 8.888892, 8.888892 ],
			"faces": {
				"down": { "uv": [ 13.25, 9.5, 13.5, 9.75 ], "texture": "#axe_2" },
				"up": { "uv": [ 13.5, 9.75, 13.75, 9.5 ], "texture": "#axe_2" },
				"north": { "uv": [ 13.5, 9.25, 13.25, 9.5 ], "texture": "#axe_2" },
				"south": { "uv": [ 13.5, 9.25, 13.75, 9.5 ], "texture": "#axe_2" },
				"west": { "uv": [ 13.25, 8.75, 13.5, 9 ], "texture": "#axe_2" },
				"east": { "uv": [ 13.75, 8.75, 13.5, 9 ], "texture": "#axe_2" }
			}
		},
		{
			"__comment": "Voxels",
			"from": [ 13.6296, 7.1111, 7.1111 ],
			"to": [ 23.70367, 7.703692, 7.703692 ],
			"faces": {
				"down": { "uv": [ 0, 10, 4.25, 10.25 ], "texture": "#axe_2" },
				"up": { "uv": [ 0, 10, 4.25, 9.75 ], "texture": "#axe_2" },
				"north": { "uv": [ 16, 14, 11.75, 14.25 ], "texture": "#axe_2" },
				"south": { "uv": [ 11.75, 13.75, 16, 14 ], "texture": "#axe_2" },
				"west": { "uv": [ 13.25, 8.5, 13.5, 8.75 ], "texture": "#axe_2" },
				"east": { "uv": [ 13.75, 8.5, 13.5, 8.75 ], "texture": "#axe_2" }
			}
		},
		{
			"__comment": "Voxels",
			"from": [ 13.6296, 7.1111, 8.2963 ],
			"to": [ 23.70367, 7.703692, 8.888892 ],
			"faces": {
				"down": { "uv": [ 11.75, 12.25, 16, 12.5 ], "texture": "#axe_2" },
				"up": { "uv": [ 0, 11, 4.25, 10.75 ], "texture": "#axe_2" },
				"north": { "uv": [ 16, 12.5, 11.75, 12.75 ], "texture": "#axe_2" },
				"south": { "uv": [ 0, 10.5, 4.25, 10.75 ], "texture": "#axe_2" },
				"west": { "uv": [ 13.25, 8.25, 13.5, 8.5 ], "texture": "#axe_2" },
				"east": { "uv": [ 13.75, 8.25, 13.5, 8.5 ], "texture": "#axe_2" }
			}
		},
		{
			"__comment": "Voxels",
			"from": [ 13.6296, 8.2963, 7.1111 ],
			"to": [ 23.70367, 8.888892, 7.703692 ],
			"faces": {
				"down": { "uv": [ 0, 10.25, 4.25, 10.5 ], "texture": "#axe_2" },
				"up": { "uv": [ 11.75, 15, 16, 14.75 ], "texture": "#axe_2" },
				"north": { "uv": [ 16, 14.5, 11.75, 14.75 ], "texture": "#axe_2" },
				"south": { "uv": [ 11.75, 14.25, 16, 14.5 ], "texture": "#axe_2" },
				"west": { "uv": [ 13.25, 8, 13.5, 8.25 ], "texture": "#axe_2" },
				"east": { "uv": [ 13.75, 8, 13.5, 8.25 ], "texture": "#axe_2" }
			}
		},
		{
			"__comment": "Voxels",
			"from": [ 13.6296, 8.2963, 8.2963 ],
			"to": [ 23.70367, 8.888892, 8.888892 ],
			"faces": {
				"down": { "uv": [ 11.75, 13.5, 16, 13.75 ], "texture": "#axe_2" },
				"up": { "uv": [ 11.75, 13.5, 16, 13.25 ], "texture": "#axe_2" },
				"north": { "uv": [ 16, 13, 11.75, 13.25 ], "texture": "#axe_2" },
				"south": { "uv": [ 11.75, 12.75, 16, 13 ], "texture": "#axe_2" },
				"west": { "uv": [ 13.75, 9.75, 14, 10 ], "texture": "#axe_2" },
				"east": { "uv": [ 14, 9.5, 13.75, 9.75 ], "texture": "#axe_2" }
			}
		},
		{
			"__comment": "Voxels",
			"from": [ 16, 7.7037, 2.3704 ],
			"to": [ 20.14815, 8.296292, 2.962993 ],
			"faces": {
				"down": { "uv": [ 8.25, 8.75, 10, 9 ], "texture": "#axe_2" },
				"up": { "uv": [ 8.25, 8.75, 10, 8.5 ], "texture": "#axe_2" },
				"north": { "uv": [ 10, 8.25, 8.25, 8.5 ], "texture": "#axe_2" },
				"south": { "uv": [ 8.25, 8, 10, 8.25 ], "texture": "#axe_2" },
				"west": { "uv": [ 13.75, 9.25, 14, 9.5 ], "texture": "#axe_2" },
				"east": { "uv": [ 14, 9, 13.75, 9.25 ], "texture": "#axe_2" }
			}
		},
		{
			"__comment": "Voxels",
			"from": [ 16, 7.7037, 2.963 ],
			"to": [ 19.55556, 8.296292, 3.555593 ],
			"faces": {
				"down": { "uv": [ 11.75, 9.25, 13.25, 9.5 ], "texture": "#axe_2" },
				"up": { "uv": [ 11.75, 9.75, 13.25, 9.5 ], "texture": "#axe_2" },
				"north": { "uv": [ 13.25, 9.75, 11.75, 10 ], "texture": "#axe_2" },
				"south": { "uv": [ 11.75, 10, 13.25, 10.25 ], "texture": "#axe_2" },
				"west": { "uv": [ 15.75, 15.75, 16, 16 ], "texture": "#axe_2" },
				"east": { "uv": [ 14, 8.75, 13.75, 9 ], "texture": "#axe_2" }
			}
		},
		{
			"__comment": "Voxels",
			"from": [ 16, 7.7037, 12.4444 ],
			"to": [ 19.55556, 8.296292, 13.62959 ],
			"faces": {
				"down": { "uv": [ 1.75, 8.75, 3.25, 9.25 ], "texture": "#axe_2" },
				"up": { "uv": [ 1.75, 8.75, 3.25, 8.25 ], "texture": "#axe_2" },
				"north": { "uv": [ 13.25, 10.25, 11.75, 10.5 ], "texture": "#axe_2" },
				"south": { "uv": [ 11.75, 10.5, 13.25, 10.75 ], "texture": "#axe_2" },
				"west": { "uv": [ 10, 8, 10.5, 8.25 ], "texture": "#axe_2" },
				"east": { "uv": [ 10.5, 8.75, 10, 9 ], "texture": "#axe_2" }
			}
		},
		{
			"__comment": "Voxels",
			"from": [ 16.5926, 7.7037, 1.7778 ],
			"to": [ 23.11112, 8.296292, 2.370393 ],
			"faces": {
				"down": { "uv": [ 4.25, 10.25, 7, 10.5 ], "texture": "#axe_2" },
				"up": { "uv": [ 4.25, 10.25, 7, 10 ], "texture": "#axe_2" },
				"north": { "uv": [ 7, 9.75, 4.25, 10 ], "texture": "#axe_2" },
				"south": { "uv": [ 4.25, 9.5, 7, 9.75 ], "texture": "#axe_2" },
				"west": { "uv": [ 13.75, 8.5, 14, 8.75 ], "texture": "#axe_2" },
				"east": { "uv": [ 14, 8.25, 13.75, 8.5 ], "texture": "#axe_2" }
			}
		},
		{
			"__comment": "Voxels",
			"from": [ 16.5926, 7.7037, 3.5556 ],
			"to": [ 23.11112, 8.296292, 4.148192 ],
			"faces": {
				"down": { "uv": [ 4.25, 9, 7, 9.25 ], "texture": "#axe_2" },
				"up": { "uv": [ 4.25, 10.75, 7, 10.5 ], "texture": "#axe_2" },
				"north": { "uv": [ 15, 15.75, 12.25, 16 ], "texture": "#axe_2" },
				"south": { "uv": [ 12.25, 15.5, 15, 15.75 ], "texture": "#axe_2" },
				"west": { "uv": [ 13.75, 8, 14, 8.25 ], "texture": "#axe_2" },
				"east": { "uv": [ 14.75, 9.75, 14.5, 10 ], "texture": "#axe_2" }
			}
		},
		{
			"__comment": "Voxels",
			"from": [ 16.5926, 7.7037, 11.8519 ],
			"to": [ 23.11112, 8.296292, 12.44449 ],
			"faces": {
				"down": { "uv": [ 4.25, 8.75, 7, 9 ], "texture": "#axe_2" },
				"up": { "uv": [ 4.25, 8.75, 7, 8.5 ], "texture": "#axe_2" },
				"north": { "uv": [ 7, 10.75, 4.25, 11 ], "texture": "#axe_2" },
				"south": { "uv": [ 4.25, 8.25, 7, 8.5 ], "texture": "#axe_2" },
				"west": { "uv": [ 14.75, 9.75, 15, 10 ], "texture": "#axe_2" },
				"east": { "uv": [ 15.25, 9.75, 15, 10 ], "texture": "#axe_2" }
			}
		},
		{
			"__comment": "Voxels",
			"from": [ 16.5926, 7.7037, 13.6296 ],
			"to": [ 23.11112, 8.296292, 14.22219 ],
			"faces": {
				"down": { "uv": [ 4.25, 9.25, 7, 9.5 ], "texture": "#axe_2" },
				"up": { "uv": [ 4.25, 8.25, 7, 8 ], "texture": "#axe_2" },
				"north": { "uv": [ 15, 15.25, 12.25, 15.5 ], "texture": "#axe_2" },
				"south": { "uv": [ 12.25, 15, 15, 15.25 ], "texture": "#axe_2" },
				"west": { "uv": [ 14, 9.5, 14.25, 9.75 ], "texture": "#axe_2" },
				"east": { "uv": [ 14.25, 9.25, 14, 9.5 ], "texture": "#axe_2" }
			}
		},
		{
			"__comment": "Voxels",
			"from": [ 17.1852, 7.7037, 1.1852 ],
			"to": [ 22.51853, 8.296292, 1.777793 ],
			"faces": {
				"down": { "uv": [ 8.25, 9.5, 10.5, 9.75 ], "texture": "#axe_2" },
				"up": { "uv": [ 8.25, 9.5, 10.5, 9.25 ], "texture": "#axe_2" },
				"north": { "uv": [ 10.5, 9, 8.25, 9.25 ], "texture": "#axe_2" },
				"south": { "uv": [ 8.25, 10.75, 10.5, 11 ], "texture": "#axe_2" },
				"west": { "uv": [ 14.5, 9.5, 14.75, 9.75 ], "texture": "#axe_2" },
				"east": { "uv": [ 15, 9.5, 14.75, 9.75 ], "texture": "#axe_2" }
			}
		},
		{
			"__comment": "Voxels",
			"from": [ 17.1852, 7.7037, 14.2222 ],
			"to": [ 22.51853, 8.296292, 14.81479 ],
			"faces": {
				"down": { "uv": [ 8.25, 10.5, 10.5, 10.75 ], "texture": "#axe_2" },
				"up": { "uv": [ 8.25, 10.5, 10.5, 10.25 ], "texture": "#axe_2" },
				"north": { "uv": [ 10.5, 10, 8.25, 10.25 ], "texture": "#axe_2" },
				"south": { "uv": [ 8.25, 9.75, 10.5, 10 ], "texture": "#axe_2" },
				"west": { "uv": [ 15.5, 9.25, 15.75, 9.5 ], "texture": "#axe_2" },
				"east": { "uv": [ 16, 9.25, 15.75, 9.5 ], "texture": "#axe_2" }
			}
		},
		{
			"__comment": "Voxels",
			"from": [ 17.7778, 7.7037, 4.1481 ],
			"to": [ 21.92595, 8.296292, 4.740693 ],
			"faces": {
				"down": { "uv": [ 11.75, 12, 13.5, 12.25 ], "texture": "#axe_2" },
				"up": { "uv": [ 13.5, 12.25, 15.25, 12 ], "texture": "#axe_2" },
				"north": { "uv": [ 13.5, 11.75, 11.75, 12 ], "texture": "#axe_2" },
				"south": { "uv": [ 13.5, 11.75, 15.25, 12 ], "texture": "#axe_2" },
				"west": { "uv": [ 15, 9, 15.25, 9.25 ], "texture": "#axe_2" },
				"east": { "uv": [ 15.5, 9, 15.25, 9.25 ], "texture": "#axe_2" }
			}
		},
		{
			"__comment": "Voxels",
			"from": [ 17.7778, 7.7037, 5.9259 ],
			"to": [ 21.92595, 8.296292, 7.111085 ],
			"faces": {
				"down": { "uv": [ 0, 8.25, 1.75, 8.75 ], "texture": "#axe_2" },
				"up": { "uv": [ 0, 9.25, 1.75, 8.75 ], "texture": "#axe_2" },
				"north": { "uv": [ 15.25, 11.5, 13.5, 11.75 ], "texture": "#axe_2" },
				"south": { "uv": [ 11.75, 11.25, 13.5, 11.5 ], "texture": "#axe_2" },
				"west": { "uv": [ 15.5, 10, 16, 10.25 ], "texture": "#axe_2" },
				"east": { "uv": [ 15, 10, 14.5, 10.25 ], "texture": "#axe_2" }
			}
		},
		{
			"__comment": "Voxels",
			"from": [ 17.7778, 7.7037, 8.8889 ],
			"to": [ 21.92595, 8.296292, 10.07409 ],
			"faces": {
				"down": { "uv": [ 1.75, 9.25, 3.5, 9.75 ], "texture": "#axe_2" },
				"up": { "uv": [ 0, 9.75, 1.75, 9.25 ], "texture": "#axe_2" },
				"north": { "uv": [ 1.75, 8, 0, 8.25 ], "texture": "#axe_2" },
				"south": { "uv": [ 11.75, 11, 13.5, 11.25 ], "texture": "#axe_2" },
				"west": { "uv": [ 15.5, 10.75, 16, 11 ], "texture": "#axe_2" },
				"east": { "uv": [ 10.5, 8.25, 10, 8.5 ], "texture": "#axe_2" }
			}
		},
		{
			"__comment": "Voxels",
			"from": [ 17.7778, 7.7037, 11.2593 ],
			"to": [ 21.92595, 8.296292, 11.85189 ],
			"faces": {
				"down": { "uv": [ 11.75, 11.5, 13.5, 11.75 ], "texture": "#axe_2" },
				"up": { "uv": [ 13.5, 11.5, 15.25, 11.25 ], "texture": "#axe_2" },
				"north": { "uv": [ 15.25, 11, 13.5, 11.25 ], "texture": "#axe_2" },
				"south": { "uv": [ 11.75, 10.75, 13.5, 11 ], "texture": "#axe_2" },
				"west": { "uv": [ 4, 8, 4.25, 8.25 ], "texture": "#axe_2" },
				"east": { "uv": [ 16, 10.25, 15.75, 10.5 ], "texture": "#axe_2" }
			}
		},
		{
			"__comment": "Voxels",
			"from": [ 18.3704, 7.7037, 0.5926 ],
			"to": [ 21.33336, 8.296292, 1.185193 ],
			"faces": {
				"down": { "uv": [ 10.5, 10, 11.75, 10.25 ], "texture": "#axe_2" },
				"up": { "uv": [ 10.5, 10, 11.75, 9.75 ], "texture": "#axe_2" },
				"north": { "uv": [ 11.75, 9.5, 10.5, 9.75 ], "texture": "#axe_2" },
				"south": { "uv": [ 10.5, 9.25, 11.75, 9.5 ], "texture": "#axe_2" },
				"west": { "uv": [ 13.25, 9, 13.5, 9.25 ], "texture": "#axe_2" },
				"east": { "uv": [ 13.75, 9, 13.5, 9.25 ], "texture": "#axe_2" }
			}
		},
		{
			"__comment": "Voxels",
			"from": [ 18.3704, 7.7037, 4.7407 ],
			"to": [ 21.33336, 8.296292, 5.925885 ],
			"faces": {
				"down": { "uv": [ 7, 9.5, 8.25, 10 ], "texture": "#axe_2" },
				"up": { "uv": [ 7, 10.5, 8.25, 10 ], "texture": "#axe_2" },
				"north": { "uv": [ 8.25, 8.75, 7, 9 ], "texture": "#axe_2" },
				"south": { "uv": [ 7, 8.5, 8.25, 8.75 ], "texture": "#axe_2" },
				"west": { "uv": [ 10, 8.5, 10.5, 8.75 ], "texture": "#axe_2" },
				"east": { "uv": [ 15.5, 10, 15, 10.25 ], "texture": "#axe_2" }
			}
		},
		{
			"__comment": "Voxels",
			"from": [ 18.3704, 7.7037, 10.0741 ],
			"to": [ 21.33336, 8.296292, 11.25928 ],
			"faces": {
				"down": { "uv": [ 7, 10.5, 8.25, 11 ], "texture": "#axe_2" },
				"up": { "uv": [ 7, 9.5, 8.25, 9 ], "texture": "#axe_2" },
				"north": { "uv": [ 11.75, 10.25, 10.5, 10.5 ], "texture": "#axe_2" },
				"south": { "uv": [ 10.5, 9, 11.75, 9.25 ], "texture": "#axe_2" },
				"west": { "uv": [ 15, 10.75, 15.5, 11 ], "texture": "#axe_2" },
				"east": { "uv": [ 13.75, 9.75, 13.25, 10 ], "texture": "#axe_2" }
			}
		},
		{
			"__comment": "Voxels",
			"from": [ 18.3704, 7.7037, 14.8148 ],
			"to": [ 21.33336, 8.296292, 15.40739 ],
			"faces": {
				"down": { "uv": [ 7, 8.25, 8.25, 8.5 ], "texture": "#axe_2" },
				"up": { "uv": [ 10.5, 10.75, 11.75, 10.5 ], "texture": "#axe_2" },
				"north": { "uv": [ 11.75, 10.75, 10.5, 11 ], "texture": "#axe_2" },
				"south": { "uv": [ 10.5, 8.75, 11.75, 9 ], "texture": "#axe_2" },
				"west": { "uv": [ 14, 9.75, 14.25, 10 ], "texture": "#axe_2" },
				"east": { "uv": [ 14.5, 9.75, 14.25, 10 ], "texture": "#axe_2" }
			}
		},
		{
			"__comment": "Voxels",
			"from": [ 18.963, 7.1111, 6.5185 ],
			"to": [ 20.74078, 7.703692, 7.111093 ],
			"faces": {
				"down": { "uv": [ 3.5, 9.25, 4.25, 9.5 ], "texture": "#axe_2" },
				"up": { "uv": [ 3.25, 9.25, 4, 9 ], "texture": "#axe_2" },
				"north": { "uv": [ 4, 8.75, 3.25, 9 ], "texture": "#axe_2" },
				"south": { "uv": [ 15, 15, 15.75, 15.25 ], "texture": "#axe_2" },
				"west": { "uv": [ 15.5, 9.75, 15.75, 10 ], "texture": "#axe_2" },
				"east": { "uv": [ 16, 9.75, 15.75, 10 ], "texture": "#axe_2" }
			}
		},
		{
			"__comment": "Voxels",
			"from": [ 18.963, 7.1111, 8.8889 ],
			"to": [ 20.74078, 7.703692, 9.481492 ],
			"faces": {
				"down": { "uv": [ 3.25, 8.5, 4, 8.75 ], "texture": "#axe_2" },
				"up": { "uv": [ 3.25, 8.5, 4, 8.25 ], "texture": "#axe_2" },
				"north": { "uv": [ 4, 8, 3.25, 8.25 ], "texture": "#axe_2" },
				"south": { "uv": [ 15.25, 12, 16, 12.25 ], "texture": "#axe_2" },
				"west": { "uv": [ 14, 8.5, 14.25, 8.75 ], "texture": "#axe_2" },
				"east": { "uv": [ 14.25, 8.25, 14, 8.5 ], "texture": "#axe_2" }
			}
		},
		{
			"__comment": "Voxels",
			"from": [ 18.963, 8.2963, 6.5185 ],
			"to": [ 20.74078, 8.888892, 7.111093 ],
			"faces": {
				"down": { "uv": [ 15.25, 11.75, 16, 12 ], "texture": "#axe_2" },
				"up": { "uv": [ 15.25, 11.75, 16, 11.5 ], "texture": "#axe_2" },
				"north": { "uv": [ 16, 11.25, 15.25, 11.5 ], "texture": "#axe_2" },
				"south": { "uv": [ 15.25, 11, 16, 11.25 ], "texture": "#axe_2" },
				"west": { "uv": [ 15, 9.5, 15.25, 9.75 ], "texture": "#axe_2" },
				"east": { "uv": [ 15.5, 9.5, 15.25, 9.75 ], "texture": "#axe_2" }
			}
		},
		{
			"__comment": "Voxels",
			"from": [ 18.963, 8.2963, 8.8889 ],
			"to": [ 20.74078, 8.888892, 9.481492 ],
			"faces": {
				"down": { "uv": [ 15, 15.75, 15.75, 16 ], "texture": "#axe_2" },
				"up": { "uv": [ 3.5, 9.75, 4.25, 9.5 ], "texture": "#axe_2" },
				"north": { "uv": [ 15.75, 15.5, 15, 15.75 ], "texture": "#axe_2" },
				"south": { "uv": [ 15, 15.25, 15.75, 15.5 ], "texture": "#axe_2" },
				"west": { "uv": [ 14.25, 8.75, 14.5, 9 ], "texture": "#axe_2" },
				"east": { "uv": [ 14.5, 8.5, 14.25, 8.75 ], "texture": "#axe_2" }
			}
		},
		{
			"__comment": "Voxels",
			"from": [ 19.5556, 7.7037, 13.037 ],
			"to": [ 20.14819, 8.296292, 13.62959 ],
			"faces": {
				"down": { "uv": [ 14.25, 8.25, 14.5, 8.5 ], "texture": "#axe_2" },
				"up": { "uv": [ 14.25, 8.25, 14.5, 8 ], "texture": "#axe_2" },
				"north": { "uv": [ 14.75, 9.25, 14.5, 9.5 ], "texture": "#axe_2" },
				"south": { "uv": [ 14.75, 9.25, 15, 9.5 ], "texture": "#axe_2" },
				"west": { "uv": [ 15, 9.25, 15.25, 9.5 ], "texture": "#axe_2" },
				"east": { "uv": [ 15.5, 9.25, 15.25, 9.5 ], "texture": "#axe_2" }
			}
		},
		{
			"__comment": "Voxels",
			"from": [ 20.1481, 7.7037, 2.963 ],
			"to": [ 23.70366, 8.296292, 3.555593 ],
			"faces": {
				"down": { "uv": [ 1.75, 8, 3.25, 8.25 ], "texture": "#axe_2" },
				"up": { "uv": [ 11.75, 9.25, 13.25, 9 ], "texture": "#axe_2" },
				"north": { "uv": [ 13.25, 8.75, 11.75, 9 ], "texture": "#axe_2" },
				"south": { "uv": [ 11.75, 8.5, 13.25, 8.75 ], "texture": "#axe_2" },
				"west": { "uv": [ 14.5, 8.5, 14.75, 8.75 ], "texture": "#axe_2" },
				"east": { "uv": [ 14.75, 8.25, 14.5, 8.5 ], "texture": "#axe_2" }
			}
		},
		{
			"__comment": "Voxels",
			"from": [ 20.1481, 7.7037, 12.4444 ],
			"to": [ 23.70366, 8.296292, 13.03699 ],
			"faces": {
				"down": { "uv": [ 11.75, 8.25, 13.25, 8.5 ], "texture": "#axe_2" },
				"up": { "uv": [ 11.75, 8.25, 13.25, 8 ], "texture": "#axe_2" },
				"north": { "uv": [ 15, 10.75, 13.5, 11 ], "texture": "#axe_2" },
				"south": { "uv": [ 13.25, 10.5, 14.75, 10.75 ], "texture": "#axe_2" },
				"west": { "uv": [ 15.5, 9, 15.75, 9.25 ], "texture": "#axe_2" },
				"east": { "uv": [ 16, 9, 15.75, 9.25 ], "texture": "#axe_2" }
			}
		},
		{
			"__comment": "Voxels",
			"from": [ 20.7407, 7.7037, 2.3704 ],
			"to": [ 23.70366, 8.296292, 2.962993 ],
			"faces": {
				"down": { "uv": [ 10.5, 8.5, 11.75, 8.75 ], "texture": "#axe_2" },
				"up": { "uv": [ 10.5, 8.5, 11.75, 8.25 ], "texture": "#axe_2" },
				"north": { "uv": [ 11.75, 8, 10.5, 8.25 ], "texture": "#axe_2" },
				"south": { "uv": [ 14.75, 10.5, 16, 10.75 ], "texture": "#axe_2" },
				"west": { "uv": [ 15, 8.75, 15.25, 9 ], "texture": "#axe_2" },
				"east": { "uv": [ 15.5, 8.75, 15.25, 9 ], "texture": "#axe_2" }
			}
		},
		{
			"__comment": "Voxels",
			"from": [ 20.7407, 7.7037, 13.037 ],
			"to": [ 23.70366, 8.296292, 13.62959 ],
			"faces": {
				"down": { "uv": [ 13.25, 10.25, 14.5, 10.5 ], "texture": "#axe_2" },
				"up": { "uv": [ 14.5, 10.5, 15.75, 10.25 ], "texture": "#axe_2" },
				"north": { "uv": [ 14.5, 10, 13.25, 10.25 ], "texture": "#axe_2" },
				"south": { "uv": [ 7, 8, 8.25, 8.25 ], "texture": "#axe_2" },
				"west": { "uv": [ 15, 8, 15.25, 8.25 ], "texture": "#axe_2" },
				"east": { "uv": [ 15.5, 8.5, 15.25, 8.75 ], "texture": "#axe_2" }
			}
		}
	],
	"display": {
		"thirdperson_righthand": {
			"rotation":  [ 0, 0, 90 ],
			"translation":  [ 0.2, 0, 1.43 ]
		},
		"thirdperson_lefthand": {
			"rotation":  [ 0, 0, -90 ],
			"translation":  [ 0.2, 0, 1.3 ],
			"scale":  [ 0.55, 0.65, 0.58 ]
		},
		"firstperson_righthand": {
			"rotation":  [ -5, 5, 90 ],
			"translation":  [ 1, 2, 0 ],
			"scale":  [ 0.7, 0.7, 0.7 ]
		},
		"firstperson_lefthand": {
			"rotation":  [ -5, 5, -90 ],
			"translation":  [ 1, 2, 0 ],
			"scale":  [ 0.7, 0.7, 0.7 ]
		},
		"gui": {
			"rotation":  [ 90, 45, 0 ],
			"translation":  [ -1.78, -1.78, 0 ],
			"scale":  [ 0.64, 0.64, 0.64 ]
		},
		"head": {
			"rotation":  [ 90, 45, 2 ],
			"translation":  [ 0, -17.5, 5.1 ]
		},
		"fixed": {
			"rotation":  [ 90, 90, 0 ],
			"scale":  [ 2.5, 2.5, 2.5 ]
		}
	}
}