{
	"__comment": "Designed by EnderMatrul with Cubik Studio - https://cubik.studio",
	"textures": {
		"axe_1": "items/axe_1"
	},
	"elements": [ 	 
		{
			"__comment": "Voxels",
			"from": [ -16, 7, 8 ],
			"to": [ 28, 10, 9 ],
			"faces": {
				"down": { "uv": [ 0, 14.25, 11, 14.5 ], "texture": "#axe_1" },
				"up": { "uv": [ 0, 14.25, 11, 14 ], "texture": "#axe_1" },
				"north": { "uv": [ 11, 15.25, 0, 16 ], "texture": "#axe_1" },
				"south": { "uv": [ 0, 14.5, 11, 15.25 ], "texture": "#axe_1" },
				"west": { "uv": [ 14.75, 15.25, 15, 16 ], "texture": "#axe_1" },
				"east": { "uv": [ 15.25, 15.25, 15, 16 ], "texture": "#axe_1" }
			}
		},
		{
			"__comment": "Voxels",
			"from": [ -16, 8, 7 ],
			"to": [ 26, 9, 8 ],
			"faces": {
				"down": { "uv": [ 0, 13.75, 10.5, 14 ], "texture": "#axe_1" },
				"up": { "uv": [ 0, 13.75, 10.5, 13.5 ], "texture": "#axe_1" },
				"north": { "uv": [ 10.5, 13.25, 0, 13.5 ], "texture": "#axe_1" },
				"south": { "uv": [ 0, 13, 10.5, 13.25 ], "texture": "#axe_1" },
				"west": { "uv": [ 15.5, 14.25, 15.75, 14.5 ], "texture": "#axe_1" },
				"east": { "uv": [ 16, 14.25, 15.75, 14.5 ], "texture": "#axe_1" }
			}
		},
		{
			"__comment": "Voxels",
			"from": [ -16, 8, 9 ],
			"to": [ 26, 9, 10 ],
			"faces": {
				"down": { "uv": [ 0, 12.75, 10.5, 13 ], "texture": "#axe_1" },
				"up": { "uv": [ 0, 12.75, 10.5, 12.5 ], "texture": "#axe_1" },
				"north": { "uv": [ 10.5, 12.25, 0, 12.5 ], "texture": "#axe_1" },
				"south": { "uv": [ 0, 12, 10.5, 12.25 ], "texture": "#axe_1" },
				"west": { "uv": [ 11, 14, 11.25, 14.25 ], "texture": "#axe_1" },
				"east": { "uv": [ 11.5, 14, 11.25, 14.25 ], "texture": "#axe_1" }
			}
		},
		{
			"__comment": "Voxels",
			"from": [ -15, 7, 7 ],
			"to": [ -13, 8, 8 ],
			"faces": {
				"down": { "uv": [ 12.5, 14.75, 13, 15 ], "texture": "#axe_1" },
				"up": { "uv": [ 12.5, 14.75, 13, 14.5 ], "texture": "#axe_1" },
				"north": { "uv": [ 13.5, 14.75, 13, 15 ], "texture": "#axe_1" },
				"south": { "uv": [ 13, 14.5, 13.5, 14.75 ], "texture": "#axe_1" },
				"west": { "uv": [ 12, 14, 12.25, 14.25 ], "texture": "#axe_1" },
				"east": { "uv": [ 12.5, 14, 12.25, 14.25 ], "texture": "#axe_1" }
			}
		},
		{
			"__comment": "Voxels",
			"from": [ -15, 7, 9 ],
			"to": [ -13, 8, 10 ],
			"faces": {
				"down": { "uv": [ 13.5, 15, 14, 15.25 ], "texture": "#axe_1" },
				"up": { "uv": [ 13.5, 15, 14, 14.75 ], "texture": "#axe_1" },
				"north": { "uv": [ 14, 14.5, 13.5, 14.75 ], "texture": "#axe_1" },
				"south": { "uv": [ 14, 15, 14.5, 15.25 ], "texture": "#axe_1" },
				"west": { "uv": [ 12.5, 14, 12.75, 14.25 ], "texture": "#axe_1" },
				"east": { "uv": [ 13, 14, 12.75, 14.25 ], "texture": "#axe_1" }
			}
		},
		{
			"__comment": "Voxels",
			"from": [ -15, 9, 7 ],
			"to": [ -13, 10, 8 ],
			"faces": {
				"down": { "uv": [ 14.25, 15.25, 14.75, 15.5 ], "texture": "#axe_1" },
				"up": { "uv": [ 11.75, 15, 12.25, 14.75 ], "texture": "#axe_1" },
				"north": { "uv": [ 12.25, 14.5, 11.75, 14.75 ], "texture": "#axe_1" },
				"south": { "uv": [ 12.5, 15, 13, 15.25 ], "texture": "#axe_1" },
				"west": { "uv": [ 14, 13.75, 14.25, 14 ], "texture": "#axe_1" },
				"east": { "uv": [ 14.5, 13.75, 14.25, 14 ], "texture": "#axe_1" }
			}
		},
		{
			"__comment": "Voxels",
			"from": [ -15, 9, 9 ],
			"to": [ -13, 10, 10 ],
			"faces": {
				"down": { "uv": [ 13, 15, 13.5, 15.25 ], "texture": "#axe_1" },
				"up": { "uv": [ 14, 15, 14.5, 14.75 ], "texture": "#axe_1" },
				"north": { "uv": [ 14.5, 14.5, 14, 14.75 ], "texture": "#axe_1" },
				"south": { "uv": [ 14.5, 15, 15, 15.25 ], "texture": "#axe_1" },
				"west": { "uv": [ 14.5, 13.75, 14.75, 14 ], "texture": "#axe_1" },
				"east": { "uv": [ 15, 13.75, 14.75, 14 ], "texture": "#axe_1" }
			}
		},
		{
			"__comment": "Voxels",
			"from": [ -1, 6, 8 ],
			"to": [ 4, 7, 9 ],
			"faces": {
				"down": { "uv": [ 11, 15.75, 12.25, 16 ], "texture": "#axe_1" },
				"up": { "uv": [ 11, 15.75, 12.25, 15.5 ], "texture": "#axe_1" },
				"north": { "uv": [ 13.5, 15.5, 12.25, 15.75 ], "texture": "#axe_1" },
				"south": { "uv": [ 12.25, 15.25, 13.5, 15.5 ], "texture": "#axe_1" },
				"west": { "uv": [ 12.25, 14.75, 12.5, 15 ], "texture": "#axe_1" },
				"east": { "uv": [ 12.5, 14.5, 12.25, 14.75 ], "texture": "#axe_1" }
			}
		},
		{
			"__comment": "Voxels",
			"from": [ -1, 10, 8 ],
			"to": [ 4, 11, 9 ],
			"faces": {
				"down": { "uv": [ 11, 15.25, 12.25, 15.5 ], "texture": "#axe_1" },
				"up": { "uv": [ 12.25, 16, 13.5, 15.75 ], "texture": "#axe_1" },
				"north": { "uv": [ 14.75, 15.75, 13.5, 16 ], "texture": "#axe_1" },
				"south": { "uv": [ 13.5, 15.5, 14.75, 15.75 ], "texture": "#axe_1" },
				"west": { "uv": [ 15, 14.75, 15.25, 15 ], "texture": "#axe_1" },
				"east": { "uv": [ 15.25, 14.5, 15, 14.75 ], "texture": "#axe_1" }
			}
		},
		{
			"__comment": "Voxels",
			"from": [ 1, 7, 7 ],
			"to": [ 2, 8, 8 ],
			"faces": {
				"down": { "uv": [ 15.25, 14.75, 15.5, 15 ], "texture": "#axe_1" },
				"up": { "uv": [ 15.25, 14.75, 15.5, 14.5 ], "texture": "#axe_1" },
				"north": { "uv": [ 15.75, 14.75, 15.5, 15 ], "texture": "#axe_1" },
				"south": { "uv": [ 15.75, 14.75, 16, 15 ], "texture": "#axe_1" },
				"west": { "uv": [ 15.5, 14.5, 15.75, 14.75 ], "texture": "#axe_1" },
				"east": { "uv": [ 16, 14.5, 15.75, 14.75 ], "texture": "#axe_1" }
			}
		},
		{
			"__comment": "Voxels",
			"from": [ 1, 7, 9 ],
			"to": [ 2, 8, 10 ],
			"faces": {
				"down": { "uv": [ 11, 14.25, 11.25, 14.5 ], "texture": "#axe_1" },
				"up": { "uv": [ 11.25, 14.5, 11.5, 14.25 ], "texture": "#axe_1" },
				"north": { "uv": [ 11.75, 14.25, 11.5, 14.5 ], "texture": "#axe_1" },
				"south": { "uv": [ 11.75, 14.25, 12, 14.5 ], "texture": "#axe_1" },
				"west": { "uv": [ 12, 14.25, 12.25, 14.5 ], "texture": "#axe_1" },
				"east": { "uv": [ 12.5, 14.25, 12.25, 14.5 ], "texture": "#axe_1" }
			}
		},
		{
			"__comment": "Voxels",
			"from": [ 1, 9, 7 ],
			"to": [ 2, 10, 8 ],
			"faces": {
				"down": { "uv": [ 12.5, 14.25, 12.75, 14.5 ], "texture": "#axe_1" },
				"up": { "uv": [ 12.75, 14.5, 13, 14.25 ], "texture": "#axe_1" },
				"north": { "uv": [ 13.25, 14.25, 13, 14.5 ], "texture": "#axe_1" },
				"south": { "uv": [ 13.25, 14.25, 13.5, 14.5 ], "texture": "#axe_1" },
				"west": { "uv": [ 13.5, 14.25, 13.75, 14.5 ], "texture": "#axe_1" },
				"east": { "uv": [ 14, 14.25, 13.75, 14.5 ], "texture": "#axe_1" }
			}
		},
		{
			"__comment": "Voxels",
			"from": [ 1, 9, 9 ],
			"to": [ 2, 10, 10 ],
			"faces": {
				"down": { "uv": [ 14, 14.25, 14.25, 14.5 ], "texture": "#axe_1" },
				"up": { "uv": [ 14.25, 14.5, 14.5, 14.25 ], "texture": "#axe_1" },
				"north": { "uv": [ 14.75, 14.25, 14.5, 14.5 ], "texture": "#axe_1" },
				"south": { "uv": [ 14.75, 14.25, 15, 14.5 ], "texture": "#axe_1" },
				"west": { "uv": [ 15, 14.25, 15.25, 14.5 ], "texture": "#axe_1" },
				"east": { "uv": [ 15.5, 14.25, 15.25, 14.5 ], "texture": "#axe_1" }
			}
		},
		{
			"__comment": "Voxels",
			"from": [ 23, 6, 8 ],
			"to": [ 26, 7, 9 ],
			"faces": {
				"down": { "uv": [ 15.25, 15.75, 16, 16 ], "texture": "#axe_1" },
				"up": { "uv": [ 15.25, 15.75, 16, 15.5 ], "texture": "#axe_1" },
				"north": { "uv": [ 16, 15.25, 15.25, 15.5 ], "texture": "#axe_1" },
				"south": { "uv": [ 11, 15, 11.75, 15.25 ], "texture": "#axe_1" },
				"west": { "uv": [ 11.5, 14, 11.75, 14.25 ], "texture": "#axe_1" },
				"east": { "uv": [ 12, 14, 11.75, 14.25 ], "texture": "#axe_1" }
			}
		},
		{
			"__comment": "Voxels",
			"from": [ 23, 10, 8 ],
			"to": [ 26, 11, 9 ],
			"faces": {
				"down": { "uv": [ 11, 14.75, 11.75, 15 ], "texture": "#axe_1" },
				"up": { "uv": [ 13.5, 15.5, 14.25, 15.25 ], "texture": "#axe_1" },
				"north": { "uv": [ 11.75, 14.5, 11, 14.75 ], "texture": "#axe_1" },
				"south": { "uv": [ 11.75, 15, 12.5, 15.25 ], "texture": "#axe_1" },
				"west": { "uv": [ 13, 14, 13.25, 14.25 ], "texture": "#axe_1" },
				"east": { "uv": [ 13.5, 14, 13.25, 14.25 ], "texture": "#axe_1" }
			}
		},
		{
			"__comment": "Voxels",
			"from": [ 24, 7, 7 ],
			"to": [ 25, 8, 8 ],
			"faces": {
				"down": { "uv": [ 13.5, 14, 13.75, 14.25 ], "texture": "#axe_1" },
				"up": { "uv": [ 13.75, 14.25, 14, 14 ], "texture": "#axe_1" },
				"north": { "uv": [ 14.25, 14, 14, 14.25 ], "texture": "#axe_1" },
				"south": { "uv": [ 14.25, 14, 14.5, 14.25 ], "texture": "#axe_1" },
				"west": { "uv": [ 14.5, 14, 14.75, 14.25 ], "texture": "#axe_1" },
				"east": { "uv": [ 15, 14, 14.75, 14.25 ], "texture": "#axe_1" }
			}
		},
		{
			"__comment": "Voxels",
			"from": [ 24, 7, 9 ],
			"to": [ 25, 8, 10 ],
			"faces": {
				"down": { "uv": [ 15, 14, 15.25, 14.25 ], "texture": "#axe_1" },
				"up": { "uv": [ 15.25, 14.25, 15.5, 14 ], "texture": "#axe_1" },
				"north": { "uv": [ 15.75, 14, 15.5, 14.25 ], "texture": "#axe_1" },
				"south": { "uv": [ 15.75, 14, 16, 14.25 ], "texture": "#axe_1" },
				"west": { "uv": [ 10.5, 13.75, 10.75, 14 ], "texture": "#axe_1" },
				"east": { "uv": [ 11, 13.75, 10.75, 14 ], "texture": "#axe_1" }
			}
		},
		{
			"__comment": "Voxels",
			"from": [ 24, 9, 7 ],
			"to": [ 25, 10, 8 ],
			"faces": {
				"down": { "uv": [ 11, 13.75, 11.25, 14 ], "texture": "#axe_1" },
				"up": { "uv": [ 11.25, 14, 11.5, 13.75 ], "texture": "#axe_1" },
				"north": { "uv": [ 11.75, 13.75, 11.5, 14 ], "texture": "#axe_1" },
				"south": { "uv": [ 11.75, 13.75, 12, 14 ], "texture": "#axe_1" },
				"west": { "uv": [ 12, 13.75, 12.25, 14 ], "texture": "#axe_1" },
				"east": { "uv": [ 12.5, 13.75, 12.25, 14 ], "texture": "#axe_1" }
			}
		},
		{
			"__comment": "Voxels",
			"from": [ 24, 9, 9 ],
			"to": [ 25, 10, 10 ],
			"faces": {
				"down": { "uv": [ 12.5, 13.75, 12.75, 14 ], "texture": "#axe_1" },
				"up": { "uv": [ 12.75, 14, 13, 13.75 ], "texture": "#axe_1" },
				"north": { "uv": [ 13.25, 13.75, 13, 14 ], "texture": "#axe_1" },
				"south": { "uv": [ 13.25, 13.75, 13.5, 14 ], "texture": "#axe_1" },
				"west": { "uv": [ 13.5, 13.75, 13.75, 14 ], "texture": "#axe_1" },
				"east": { "uv": [ 14, 13.75, 13.75, 14 ], "texture": "#axe_1" }
			}
		},
		{
			"__comment": "Voxels",
			"from": [ 28, 8, 8 ],
			"to": [ 30, 9, 9 ],
			"faces": {
				"down": { "uv": [ 14.5, 14.75, 15, 15 ], "texture": "#axe_1" },
				"up": { "uv": [ 14.5, 14.75, 15, 14.5 ], "texture": "#axe_1" },
				"north": { "uv": [ 15.5, 15, 15, 15.25 ], "texture": "#axe_1" },
				"south": { "uv": [ 15.5, 15, 16, 15.25 ], "texture": "#axe_1" },
				"west": { "uv": [ 15, 13.75, 15.25, 14 ], "texture": "#axe_1" },
				"east": { "uv": [ 15.5, 13.75, 15.25, 14 ], "texture": "#axe_1" }
			}
		}
	],
	"display": {
		"thirdperson_righthand": {
			"rotation":  [ 90, 90, 0 ],
			"translation":  [ -0.5, 9, 1.2 ],
			"scale":  [ 0.7, 0.7, 0.7 ]
		},
		"thirdperson_lefthand": {
			"rotation":  [ 90, -90, 0 ],
			"translation":  [ 0.5, 9, 1.2 ],
			"scale":  [ 0.7, 0.7, 0.7 ]
		},
		"firstperson_righthand": {
			"rotation":  [ 0, 100, 80 ],
			"translation":  [ 0, 6.5, 1 ],
			"scale":  [ 0.6, 0.6, 0.6 ]
		},
		"firstperson_lefthand": {
			"rotation":  [ 0, 100, -100 ],
			"translation":  [ 0, 6.5, 1 ],
			"scale":  [ 0.6, 0.6, 0.6 ]
		},
		"gui": {
			"rotation":  [ 0, 0, 45 ],
			"translation":  [ 0.8, 0.5, 0 ],
			"scale":  [ 0.46, 0.45, 0.45 ]
		},
		"head": {
			"rotation":  [ 0, 0, -135 ],
			"translation":  [ 3, -14.5, 4.5 ],
			"scale":  [ 1.2, 1.2, 1.2 ]
		},
		"fixed": {
			"rotation":  [ 0, 0, 90 ],
			"translation":  [ 0, 4, -2 ],
			"scale":  [ 2, 2, 2 ]
		}
	}
}