{
    "parent": "minecraft:block/carved_pumpkin",
    "overrides": [
        {"predicate":{"custom_model_data": 32201},"model": "customhats:item/hat1"}, 
        {"predicate":{"custom_model_data": 32202},"model": "customhats:item/strawhat"}, 
        {"predicate":{"custom_model_data": 32203},"model": "customhats:item/axolotlhat"},
        {"predicate":{"custom_model_data": 32204},"model": "customhats:item/partyhat"},
        {"predicate":{"custom_model_data": 32205},"model": "customhats:item/baseballhat"},
        {"predicate":{"custom_model_data": 32206},"model": "customhats:item/witchhat"},
        {"predicate":{"custom_model_data": 32207},"model": "customhats:item/monocle"},
        {"predicate":{"custom_model_data": 32208},"model": "customhats:item/dripleafhat"},
        {"predicate":{"custom_model_data": 32209},"model": "customhats:item/anim_propellerhat"},
        {"predicate":{"custom_model_data": 32210},"model": "customhats:item/pumpkinscarecrow"},
        {"predicate":{"custom_model_data": 32211},"model": "customhats:item/tophat"},
        {"predicate":{"custom_model_data": 32212},"model": "customhats:item/leprechaunhat"},
        {"predicate":{"custom_model_data": 32213},"model": "customhats:item/dum"},
        {"predicate":{"custom_model_data": 32214},"model": "customhats:item/santahat"},
        {"predicate":{"custom_model_data": 32215},"model": "customhats:item/buddyelfhat"},
        {"predicate":{"custom_model_data": 32216},"model": "customhats:item/villagernose"},
        {"predicate":{"custom_model_data": 32217},"model": "customhats:item/mustache"},
        {"predicate":{"custom_model_data": 32218},"model": "customhats:item/codpods"},
        {"predicate":{"custom_model_data": 32219},"model": "customhats:item/codpodsblue"},
        {"predicate":{"custom_model_data": 32220},"model": "customhats:item/codpodsred"},
        {"predicate":{"custom_model_data": 32221},"model": "customhats:item/bigtree"}
    ]
}