{
	"credit": "Made with Blockbench",
	"textures": {
		"0": "cu1color",
		"2": "cucolor2",
		"3": "cucolor3",
		"4": "cycolor4",
		"particle": "cu1color"
	},
	"elements": [
		{
			"from": [7, 0, 6],
			"to": [9, 1, 8],
			"faces": {
				"north": {"uv": [0, 0, 2, 1], "texture": "#4"},
				"east": {"uv": [0, 0, 2, 1], "texture": "#4"},
				"south": {"uv": [0, 0, 2, 1], "texture": "#4"},
				"west": {"uv": [0, 0, 2, 1], "texture": "#4"},
				"up": {"uv": [0, 0, 2, 2], "texture": "#4"},
				"down": {"uv": [0, 0, 2, 2], "texture": "#4"}
			}
		},
		{
			"from": [7, 9, 6],
			"to": [9, 10, 8],
			"faces": {
				"north": {"uv": [0, 1, 2, 2], "texture": "#4"},
				"east": {"uv": [0, 0, 2, 1], "texture": "#4"},
				"south": {"uv": [0, 0, 2, 1], "texture": "#4"},
				"west": {"uv": [0, 0, 2, 1], "texture": "#4"},
				"up": {"uv": [0, 0, 2, 2], "texture": "#4"},
				"down": {"uv": [0, 0, 2, 2], "texture": "#4"}
			}
		},
		{
			"from": [7.25, 10, 6.25],
			"to": [8.75, 11.5, 7.75],
			"faces": {
				"north": {"uv": [0, 0, 2, 2], "texture": "#4"},
				"east": {"uv": [0, 2, 2, 4], "texture": "#4"},
				"south": {"uv": [2, 0, 4, 2], "texture": "#4"},
				"west": {"uv": [2, 2, 4, 4], "texture": "#4"},
				"up": {"uv": [2, 6, 0, 4], "texture": "#4"},
				"down": {"uv": [6, 0, 4, 2], "texture": "#4"}
			}
		},
		{
			"from": [7.25, 11.5, 6.75],
			"to": [8.5, 29, 7.25],
			"faces": {
				"north": {"uv": [0, 0, 1, 9], "texture": "#2"},
				"east": {"uv": [2, 0, 2.5, 9], "texture": "#2"},
				"south": {"uv": [1, 0, 2, 9], "texture": "#2"},
				"west": {"uv": [2.5, 0, 3, 9], "texture": "#2"},
				"up": {"uv": [4, 0.5, 3, 0], "texture": "#2"},
				"down": {"uv": [4, 0.5, 3, 1], "texture": "#2"}
			}
		},
		{
			"from": [8.5, 11.5, 6.75],
			"to": [8.75, 29, 7.25],
			"faces": {
				"north": {"uv": [0, 0, 0.5, 9], "texture": "#3"},
				"east": {"uv": [0.5, 0, 1, 9], "texture": "#3"},
				"south": {"uv": [1, 0, 1.5, 9], "texture": "#3"},
				"west": {"uv": [1.5, 0, 2, 9], "texture": "#3"},
				"up": {"uv": [2.5, 0.5, 2, 0], "texture": "#3"},
				"down": {"uv": [2.5, 0.5, 2, 1], "texture": "#3"}
			}
		},
		{
			"from": [7, 1, 6],
			"to": [9, 9, 8],
			"faces": {
				"north": {"uv": [2, 4, 4, 6], "texture": "#4"},
				"east": {"uv": [2, 4, 4, 6], "texture": "#4"},
				"south": {"uv": [2, 4, 4, 6], "texture": "#4"},
				"west": {"uv": [2, 4, 4, 6], "texture": "#4"},
				"up": {"uv": [2, 4, 4, 6], "texture": "#4"},
				"down": {"uv": [2, 4, 4, 6], "texture": "#4"}
			}
		},
		{
			"from": [7.25, 30, 6.75],
			"to": [7.5, 30.25, 7.25],
			"faces": {
				"north": {"uv": [0, 0, 1, 1], "texture": "#0"},
				"east": {"uv": [4, 4, 5, 5], "texture": "#0"},
				"south": {"uv": [1, 0, 2, 1], "texture": "#0"},
				"west": {"uv": [1, 1, 2, 2], "texture": "#0"},
				"up": {"uv": [5, 5, 4, 4], "texture": "#0"},
				"down": {"uv": [3, 0, 2, 1], "texture": "#0"}
			}
		},
		{
			"from": [7.25, 29.75, 6.75],
			"to": [7.75, 30, 7.25],
			"faces": {
				"north": {"uv": [1, 2, 2, 3], "texture": "#0"},
				"east": {"uv": [4, 4, 5, 5], "texture": "#0"},
				"south": {"uv": [2, 2, 3, 3], "texture": "#0"},
				"west": {"uv": [0, 3, 1, 4], "texture": "#0"},
				"up": {"uv": [5, 5, 4, 4], "texture": "#0"},
				"down": {"uv": [2, 3, 1, 4], "texture": "#0"}
			}
		},
		{
			"from": [7.25, 29.5, 6.75],
			"to": [8, 29.75, 7.25],
			"faces": {
				"north": {"uv": [3, 1, 4, 2], "texture": "#0"},
				"east": {"uv": [4, 4, 5, 5], "texture": "#0"},
				"south": {"uv": [3, 2, 4, 3], "texture": "#0"},
				"west": {"uv": [3, 3, 4, 4], "texture": "#0"},
				"up": {"uv": [5, 5, 4, 4], "texture": "#0"},
				"down": {"uv": [5, 0, 4, 1], "texture": "#0"}
			}
		},
		{
			"from": [7.25, 29.25, 6.75],
			"to": [8.25, 29.5, 7.25],
			"faces": {
				"north": {"uv": [1, 4, 2, 5], "texture": "#0"},
				"east": {"uv": [4, 4, 5, 5], "texture": "#0"},
				"south": {"uv": [2, 4, 3, 5], "texture": "#0"},
				"west": {"uv": [4, 2, 5, 3], "texture": "#0"},
				"up": {"uv": [5, 5, 4, 4], "texture": "#0"},
				"down": {"uv": [5, 3, 4, 4], "texture": "#0"}
			}
		},
		{
			"from": [7.25, 29, 6.75],
			"to": [8.5, 29.25, 7.25],
			"faces": {
				"north": {"uv": [4, 3, 5, 4], "texture": "#0"},
				"east": {"uv": [4, 4, 5, 5], "texture": "#0"},
				"south": {"uv": [4, 2, 5, 3], "texture": "#0"},
				"west": {"uv": [2, 5, 3, 6], "texture": "#0"},
				"up": {"uv": [5, 5, 4, 4], "texture": "#0"},
				"down": {"uv": [5, 4, 4, 5], "texture": "#0"}
			}
		}
	],
	"display": {
		"thirdperson_righthand": {
			"rotation": [0, 90, 0],
			"translation": [1, 0, 0]
		},
		"thirdperson_lefthand": {
			"rotation": [0, -90, 0],
			"translation": [-1, 0, 0]
		},
		"firstperson_righthand": {
			"rotation": [-25, 115, 0],
			"translation": [0, 0.5, 0]
		},
		"firstperson_lefthand": {
			"rotation": [-17, -80, 0],
			"translation": [-0.25, -0.5, 0]
		},
		"ground": {
			"rotation": [0, 0, -90],
			"translation": [0, 2.75, 1.25]
		},
		"gui": {
			"rotation": [0, 0, 45],
			"translation": [2.75, -3.5, 0],
			"scale": [0.75, 0.75, 0.75]
		},
		"head": {
			"rotation": [0, 0, -90],
			"translation": [-7.75, 1.25, 0]
		},
		"fixed": {
			"rotation": [0, 0, -47],
			"translation": [-3, -3.25, -0.25]
		}
	},
	"groups": [
		0,
		1,
		2,
		3,
		4,
		5,
		{
			"name": "group",
			"origin": [0, 0, 0],
			"color": 0,
			"children": [6, 7, 8, 9, 10]
		}
	]
}