{
	"credit": "Made with Blockbench",
	"textures": {
		"1": "block/cus1color",
		"2": "block/cus2color",
		"3": "block/cus3color",
		"4": "block/cus4color",
		"5": "block/cus5color",
		"6": "block/cus6color",
		"7": "block/cus7color"
	},
	"elements": [
		{
			"from": [7, -2, 7],
			"to": [10, -1, 10],
			"faces": {
				"north": {"uv": [0, 0, 6, 10], "texture": "#6"},
				"east": {"uv": [0, 0, 6, 10], "texture": "#6"},
				"south": {"uv": [0, 0, 5, 10], "texture": "#6"},
				"west": {"uv": [0, 0, 6, 10], "texture": "#6"},
				"up": {"uv": [0, 0, 6, 10], "texture": "#6"},
				"down": {"uv": [0, 0, 6, 10], "texture": "#6"}
			}
		},
		{
			"from": [12, 0, 6],
			"to": [13, 7, 11],
			"faces": {
				"north": {"uv": [0, 0, 6, 10], "texture": "#6"},
				"east": {"uv": [0, 0, 6, 10], "texture": "#6"},
				"south": {"uv": [0, 0, 6, 9], "texture": "#6"},
				"west": {"uv": [0, 0, 6, 10], "texture": "#6"},
				"up": {"uv": [0, 0, 6, 10], "texture": "#6"},
				"down": {"uv": [0, 0, 5, 10], "texture": "#6"}
			}
		},
		{
			"from": [7, -1, 6],
			"to": [13, 0, 11],
			"faces": {
				"north": {"uv": [0, 0, 6, 10], "texture": "#6"},
				"east": {"uv": [0, 0, 6, 10], "texture": "#6"},
				"south": {"uv": [0, 0, 6, 10], "texture": "#6"},
				"west": {"uv": [0, 0, 6, 10], "texture": "#6"},
				"up": {"uv": [0, 0, 6, 10], "texture": "#6"},
				"down": {"uv": [0, 0, 6, 10], "texture": "#6"}
			}
		},
		{
			"from": [7, 7, 6],
			"to": [13, 8, 11],
			"faces": {
				"north": {"uv": [0, 0, 6, 10], "texture": "#6"},
				"east": {"uv": [0, 0, 6, 9], "texture": "#6"},
				"south": {"uv": [0, 0, 5, 9], "texture": "#6"},
				"west": {"uv": [0, 0, 6, 10], "texture": "#6"},
				"up": {"uv": [0, 0, 6, 10], "texture": "#6"},
				"down": {"uv": [0, 0, 5, 9], "texture": "#6"}
			}
		},
		{
			"from": [8.5, 0, 7.5],
			"to": [11, 7, 10],
			"faces": {
				"north": {"uv": [0, 0, 2.5, 7], "texture": "#7"},
				"east": {"uv": [3, 0, 5.5, 7], "texture": "#7"},
				"south": {"uv": [6, 0, 8.5, 7], "texture": "#7"},
				"west": {"uv": [0, 7, 2.5, 14], "texture": "#7"},
				"up": {"uv": [5.5, 9.5, 3, 7], "texture": "#7"},
				"down": {"uv": [8.5, 7, 6, 9.5], "texture": "#7"}
			}
		},
		{
			"from": [11, 8, 6],
			"to": [13, 9, 11],
			"faces": {
				"north": {"uv": [0, 0, 4, 5], "texture": "#6"},
				"east": {"uv": [0, 0, 6, 9], "texture": "#6"},
				"south": {"uv": [0, 0, 5, 9], "texture": "#6"},
				"west": {"uv": [0, 0, 5, 9], "texture": "#6"},
				"up": {"uv": [0, 0, 5, 9], "texture": "#6"},
				"down": {"uv": [0, 0, 5, 10], "texture": "#6"}
			}
		},
		{
			"from": [7, 9, 6],
			"to": [13, 10, 11],
			"faces": {
				"north": {"uv": [6, 0, 12, 1], "texture": "#6"},
				"east": {"uv": [6, 2, 11, 3], "texture": "#6"},
				"south": {"uv": [6, 1, 12, 2], "texture": "#6"},
				"west": {"uv": [6, 3, 11, 4], "texture": "#6"},
				"up": {"uv": [6, 5, 0, 0], "texture": "#6"},
				"down": {"uv": [6, 5, 0, 10], "texture": "#6"}
			}
		},
		{
			"from": [6, 10, 7],
			"to": [11, 14, 10],
			"faces": {
				"north": {"uv": [0, 0, 5, 4], "texture": "#4"},
				"east": {"uv": [0, 8, 3, 12], "texture": "#4"},
				"south": {"uv": [0, 0, 5, 4], "texture": "#4"},
				"west": {"uv": [0, 8, 3, 12], "texture": "#4"},
				"up": {"uv": [10, 3, 5, 0], "texture": "#4"},
				"down": {"uv": [10, 3, 5, 6], "texture": "#4"}
			}
		},
		{
			"from": [6, 14, 7.25],
			"to": [11, 15, 9.75],
			"faces": {
				"north": {"uv": [0, 0, 5, 4], "texture": "#4"},
				"east": {"uv": [0, 0, 5, 4], "texture": "#4"},
				"south": {"uv": [0, 0, 5, 4], "texture": "#4"},
				"west": {"uv": [0, 8, 3, 12], "texture": "#4"},
				"up": {"uv": [0, 0, 5, 4], "texture": "#4"},
				"down": {"uv": [0, 0, 5, 4], "texture": "#4"}
			}
		},
		{
			"from": [6, 15, 7.5],
			"to": [11, 16, 9.5],
			"faces": {
				"north": {"uv": [0, 0, 5, 4], "texture": "#4"},
				"east": {"uv": [0, 0, 5, 4], "texture": "#4"},
				"south": {"uv": [0, 0, 5, 4], "texture": "#4"},
				"west": {"uv": [0, 8, 3, 12], "texture": "#4"},
				"up": {"uv": [0, 0, 5, 4], "texture": "#4"},
				"down": {"uv": [0, 0, 5, 4], "texture": "#4"}
			}
		},
		{
			"from": [11, 10, 8],
			"to": [12.5, 16, 9],
			"faces": {
				"north": {"uv": [0, 0, 2, 6], "texture": "#1"},
				"east": {"uv": [4, 0, 5, 6], "texture": "#1"},
				"south": {"uv": [2, 0, 4, 6], "texture": "#1"},
				"west": {"uv": [5, 0, 6, 6], "texture": "#1"},
				"up": {"uv": [2, 7, 0, 6], "texture": "#1"},
				"down": {"uv": [8, 0, 6, 1], "texture": "#1"}
			}
		},
		{
			"from": [7, 16, 8],
			"to": [12.5, 28, 9],
			"faces": {
				"north": {"uv": [0, 0, 6, 6], "texture": "#1"},
				"east": {"uv": [0, 0, 1, 4], "texture": "#1"},
				"south": {"uv": [0, 0, 3, 4], "texture": "#1"},
				"west": {"uv": [0, 0, 1, 5], "texture": "#1"},
				"up": {"uv": [3, 1, 4, 2], "texture": "#3"},
				"down": {"uv": [0, 0, 6, 1], "texture": "#1"}
			}
		},
		{
			"from": [12.5, 16, 8],
			"to": [13, 28, 9],
			"faces": {
				"north": {"uv": [0, 0, 1, 12], "texture": "#3"},
				"east": {"uv": [3, 0, 4, 12], "texture": "#3"},
				"south": {"uv": [0, 0, 1, 12], "texture": "#3"},
				"west": {"uv": [3, 0, 4, 12], "texture": "#3"},
				"up": {"uv": [4, 1, 3, 0], "texture": "#3"},
				"down": {"uv": [4, 1, 3, 2], "texture": "#3"}
			}
		},
		{
			"from": [12.5, 10, 8],
			"to": [13, 16, 9],
			"faces": {
				"north": {"uv": [0, 0, 1, 12], "texture": "#3"},
				"east": {"uv": [3, 0, 4, 12], "texture": "#3"},
				"south": {"uv": [0, 0, 1, 12], "texture": "#3"},
				"west": {"uv": [3, 0, 4, 12], "texture": "#3"},
				"up": {"uv": [5, 1, 4, 0], "texture": "#3"},
				"down": {"uv": [5, 1, 4, 2], "texture": "#3"}
			}
		},
		{
			"from": [13, 24, 8.25],
			"to": [13.5, 25, 8.75],
			"faces": {
				"north": {"uv": [0, 9, 1, 11], "texture": "#1"},
				"east": {"uv": [0, 9, 2, 11], "texture": "#1"},
				"south": {"uv": [0, 9, 2, 11], "texture": "#1"},
				"west": {"uv": [0, 9, 2, 10], "texture": "#1"},
				"up": {"uv": [0, 9, 2, 11], "texture": "#1"},
				"down": {"uv": [0, 9, 2, 11], "texture": "#1"}
			}
		},
		{
			"from": [13, 22, 8.25],
			"to": [13.5, 23, 8.75],
			"faces": {
				"north": {"uv": [0, 9, 1, 11], "texture": "#1"},
				"east": {"uv": [0, 9, 2, 11], "texture": "#1"},
				"south": {"uv": [0, 9, 2, 11], "texture": "#1"},
				"west": {"uv": [0, 9, 2, 10], "texture": "#1"},
				"up": {"uv": [0, 9, 2, 11], "texture": "#1"},
				"down": {"uv": [0, 9, 2, 11], "texture": "#1"}
			}
		},
		{
			"from": [13, 20, 8.25],
			"to": [13.5, 21, 8.75],
			"faces": {
				"north": {"uv": [0, 9, 1, 11], "texture": "#1"},
				"east": {"uv": [0, 9, 2, 11], "texture": "#1"},
				"south": {"uv": [0, 9, 2, 11], "texture": "#1"},
				"west": {"uv": [0, 9, 2, 10], "texture": "#1"},
				"up": {"uv": [0, 9, 2, 11], "texture": "#1"},
				"down": {"uv": [0, 9, 2, 11], "texture": "#1"}
			}
		},
		{
			"from": [13, 18, 8.25],
			"to": [13.5, 19, 8.75],
			"faces": {
				"north": {"uv": [0, 9, 1, 11], "texture": "#1"},
				"east": {"uv": [0, 9, 2, 11], "texture": "#1"},
				"south": {"uv": [0, 9, 2, 11], "texture": "#1"},
				"west": {"uv": [0, 9, 2, 10], "texture": "#1"},
				"up": {"uv": [0, 9, 2, 11], "texture": "#1"},
				"down": {"uv": [0, 9, 2, 11], "texture": "#1"}
			}
		},
		{
			"from": [13, 16, 8.25],
			"to": [13.5, 17, 8.75],
			"faces": {
				"north": {"uv": [0, 9, 1, 11], "texture": "#1"},
				"east": {"uv": [0, 9, 2, 11], "texture": "#1"},
				"south": {"uv": [0, 9, 2, 11], "texture": "#1"},
				"west": {"uv": [0, 9, 2, 10], "texture": "#1"},
				"up": {"uv": [0, 9, 2, 11], "texture": "#1"},
				"down": {"uv": [0, 9, 2, 11], "texture": "#1"}
			}
		},
		{
			"from": [13, 14, 8.25],
			"to": [13.5, 15, 8.75],
			"faces": {
				"north": {"uv": [0, 9, 1, 11], "texture": "#1"},
				"east": {"uv": [0, 9, 2, 11], "texture": "#1"},
				"south": {"uv": [0, 9, 2, 11], "texture": "#1"},
				"west": {"uv": [0, 9, 2, 10], "texture": "#1"},
				"up": {"uv": [0, 9, 2, 11], "texture": "#1"},
				"down": {"uv": [0, 9, 2, 11], "texture": "#1"}
			}
		},
		{
			"from": [13, 12, 8.25],
			"to": [13.5, 13, 8.75],
			"faces": {
				"north": {"uv": [0, 9, 1, 11], "texture": "#1"},
				"east": {"uv": [0, 9, 2, 11], "texture": "#1"},
				"south": {"uv": [0, 9, 2, 11], "texture": "#1"},
				"west": {"uv": [0, 9, 2, 10], "texture": "#1"},
				"up": {"uv": [0, 9, 2, 11], "texture": "#1"},
				"down": {"uv": [0, 9, 2, 11], "texture": "#1"}
			}
		},
		{
			"from": [8.75, 31, 8.25],
			"to": [9.75, 31.5, 8.75],
			"faces": {
				"north": {"uv": [0, 9, 1, 11], "texture": "#1"},
				"east": {"uv": [0, 9, 2, 11], "texture": "#1"},
				"south": {"uv": [0, 9, 2, 11], "texture": "#1"},
				"west": {"uv": [0, 9, 2, 10], "texture": "#1"},
				"up": {"uv": [0, 9, 2, 11], "texture": "#1"},
				"down": {"uv": [0, 9, 2, 11], "texture": "#1"}
			}
		},
		{
			"from": [7.25, 31, 8.25],
			"to": [8.25, 31.5, 8.75],
			"faces": {
				"north": {"uv": [0, 9, 1, 11], "texture": "#1"},
				"east": {"uv": [0, 9, 2, 11], "texture": "#1"},
				"south": {"uv": [0, 9, 2, 11], "texture": "#1"},
				"west": {"uv": [0, 9, 2, 10], "texture": "#1"},
				"up": {"uv": [0, 9, 2, 11], "texture": "#1"},
				"down": {"uv": [0, 9, 2, 11], "texture": "#1"}
			}
		},
		{
			"from": [13, 26, 8.25],
			"to": [13.5, 27, 8.75],
			"faces": {
				"north": {"uv": [0, 9, 1, 11], "texture": "#1"},
				"east": {"uv": [0, 9, 2, 11], "texture": "#1"},
				"south": {"uv": [0, 9, 2, 11], "texture": "#1"},
				"west": {"uv": [0, 9, 2, 10], "texture": "#1"},
				"up": {"uv": [0, 9, 2, 11], "texture": "#1"},
				"down": {"uv": [0, 9, 2, 11], "texture": "#1"}
			}
		},
		{
			"from": [12, 28, 8.25],
			"to": [12.5, 28.5, 8.75],
			"faces": {
				"north": {"uv": [0, 9, 2, 11], "texture": "#1"},
				"east": {"uv": [0, 9, 2, 11], "texture": "#1"},
				"south": {"uv": [0, 9, 2, 11], "texture": "#1"},
				"west": {"uv": [0, 9, 2, 11], "texture": "#1"},
				"up": {"uv": [0, 9, 2, 11], "texture": "#1"},
				"down": {"uv": [0, 9, 2, 11], "texture": "#1"}
			}
		},
		{
			"from": [11, 29, 8.25],
			"to": [11.5, 29.5, 8.75],
			"faces": {
				"north": {"uv": [0, 9, 2, 11], "texture": "#1"},
				"east": {"uv": [0, 9, 2, 11], "texture": "#1"},
				"south": {"uv": [0, 9, 2, 11], "texture": "#1"},
				"west": {"uv": [0, 9, 2, 11], "texture": "#1"},
				"up": {"uv": [0, 9, 2, 11], "texture": "#1"},
				"down": {"uv": [0, 9, 2, 11], "texture": "#1"}
			}
		},
		{
			"from": [10, 30, 8.25],
			"to": [10.5, 30.5, 8.75],
			"faces": {
				"north": {"uv": [0, 9, 2, 11], "texture": "#1"},
				"east": {"uv": [0, 9, 2, 11], "texture": "#1"},
				"south": {"uv": [0, 9, 2, 11], "texture": "#1"},
				"west": {"uv": [0, 9, 2, 11], "texture": "#1"},
				"up": {"uv": [0, 9, 2, 11], "texture": "#1"},
				"down": {"uv": [0, 9, 2, 11], "texture": "#1"}
			}
		},
		{
			"from": [14, 8.25, 8.25],
			"to": [14.5, 8.75, 8.75],
			"faces": {
				"north": {"uv": [0, 0, 1, 1], "texture": "#6"},
				"east": {"uv": [0, 0, 1, 1], "texture": "#6"},
				"south": {"uv": [0, 0, 1, 1], "texture": "#6"},
				"west": {"uv": [0, 0, 1, 1], "texture": "#6"},
				"up": {"uv": [0, 0, 1, 1], "texture": "#6"},
				"down": {"uv": [0, 0, 1, 1], "texture": "#6"}
			}
		},
		{
			"from": [13, 8, 8],
			"to": [14, 9, 9],
			"faces": {
				"north": {"uv": [0, 0, 2, 2], "texture": "#6"},
				"east": {"uv": [0, 0, 2, 2], "texture": "#6"},
				"south": {"uv": [0, 0, 2, 2], "texture": "#6"},
				"west": {"uv": [0, 0, 2, 2], "texture": "#6"},
				"up": {"uv": [0, 0, 2, 2], "texture": "#6"},
				"down": {"uv": [0, 0, 2, 2], "texture": "#6"}
			}
		},
		{
			"from": [14, 6.25, 8.25],
			"to": [14.5, 6.75, 8.75],
			"faces": {
				"north": {"uv": [0, 0, 1, 1], "texture": "#6"},
				"east": {"uv": [0, 0, 1, 1], "texture": "#6"},
				"south": {"uv": [0, 0, 1, 1], "texture": "#6"},
				"west": {"uv": [0, 0, 1, 1], "texture": "#6"},
				"up": {"uv": [0, 0, 1, 1], "texture": "#6"},
				"down": {"uv": [0, 0, 1, 1], "texture": "#6"}
			}
		},
		{
			"from": [13, 6, 8],
			"to": [14, 7, 9],
			"faces": {
				"north": {"uv": [0, 0, 2, 2], "texture": "#6"},
				"east": {"uv": [0, 0, 2, 2], "texture": "#6"},
				"south": {"uv": [0, 0, 2, 2], "texture": "#6"},
				"west": {"uv": [0, 0, 2, 2], "texture": "#6"},
				"up": {"uv": [0, 0, 2, 2], "texture": "#6"},
				"down": {"uv": [0, 0, 2, 2], "texture": "#6"}
			}
		},
		{
			"from": [14, 4.25, 8.25],
			"to": [14.5, 4.75, 8.75],
			"faces": {
				"north": {"uv": [0, 0, 1, 1], "texture": "#6"},
				"east": {"uv": [0, 0, 1, 1], "texture": "#6"},
				"south": {"uv": [0, 0, 1, 1], "texture": "#6"},
				"west": {"uv": [0, 0, 1, 1], "texture": "#6"},
				"up": {"uv": [0, 0, 1, 1], "texture": "#6"},
				"down": {"uv": [0, 0, 1, 1], "texture": "#6"}
			}
		},
		{
			"from": [13, 4, 8],
			"to": [14, 5, 9],
			"faces": {
				"north": {"uv": [0, 0, 2, 2], "texture": "#6"},
				"east": {"uv": [0, 0, 2, 2], "texture": "#6"},
				"south": {"uv": [0, 0, 2, 2], "texture": "#6"},
				"west": {"uv": [0, 0, 2, 2], "texture": "#6"},
				"up": {"uv": [0, 0, 2, 2], "texture": "#6"},
				"down": {"uv": [0, 0, 2, 2], "texture": "#6"}
			}
		},
		{
			"from": [14, 2.25, 8.25],
			"to": [14.5, 2.75, 8.75],
			"faces": {
				"north": {"uv": [0, 0, 1, 1], "texture": "#6"},
				"east": {"uv": [0, 0, 1, 1], "texture": "#6"},
				"south": {"uv": [0, 0, 1, 1], "texture": "#6"},
				"west": {"uv": [0, 0, 1, 1], "texture": "#6"},
				"up": {"uv": [0, 0, 1, 1], "texture": "#6"},
				"down": {"uv": [0, 0, 1, 1], "texture": "#6"}
			}
		},
		{
			"from": [13, 2, 8],
			"to": [14, 3, 9],
			"faces": {
				"north": {"uv": [0, 0, 2, 2], "texture": "#6"},
				"east": {"uv": [0, 0, 2, 2], "texture": "#6"},
				"south": {"uv": [0, 0, 2, 2], "texture": "#6"},
				"west": {"uv": [0, 0, 2, 2], "texture": "#6"},
				"up": {"uv": [0, 0, 2, 2], "texture": "#6"},
				"down": {"uv": [0, 0, 2, 2], "texture": "#6"}
			}
		},
		{
			"from": [14, 0.25, 8.25],
			"to": [14.5, 0.75, 8.75],
			"faces": {
				"north": {"uv": [0, 0, 1, 1], "texture": "#6"},
				"east": {"uv": [0, 0, 1, 1], "texture": "#6"},
				"south": {"uv": [0, 0, 1, 1], "texture": "#6"},
				"west": {"uv": [0, 0, 1, 1], "texture": "#6"},
				"up": {"uv": [0, 0, 1, 1], "texture": "#6"},
				"down": {"uv": [0, 0, 1, 1], "texture": "#6"}
			}
		},
		{
			"from": [13, 0, 8],
			"to": [14, 1, 9],
			"faces": {
				"north": {"uv": [0, 0, 2, 2], "texture": "#6"},
				"east": {"uv": [0, 0, 2, 2], "texture": "#6"},
				"south": {"uv": [0, 0, 2, 2], "texture": "#6"},
				"west": {"uv": [0, 0, 2, 2], "texture": "#6"},
				"up": {"uv": [0, 0, 2, 2], "texture": "#6"},
				"down": {"uv": [0, 0, 2, 2], "texture": "#6"}
			}
		},
		{
			"from": [7, 18, 9],
			"to": [10, 19, 9.5],
			"faces": {
				"north": {"uv": [0, 2, 3, 3], "texture": "#2"},
				"east": {"uv": [1, 2, 1.5, 3], "texture": "#2"},
				"south": {"uv": [0, 2, 3, 3], "texture": "#2"},
				"west": {"uv": [0, 2, 0.5, 3], "texture": "#2"},
				"up": {"uv": [0, 2, 3, 2.5], "texture": "#2"},
				"down": {"uv": [0, 2, 3, 2.5], "texture": "#2"}
			}
		},
		{
			"from": [7, 25, 9],
			"to": [10, 26, 9.5],
			"faces": {
				"north": {"uv": [0, 2, 3, 3], "texture": "#2"},
				"east": {"uv": [1, 2, 1.5, 3], "texture": "#2"},
				"south": {"uv": [0, 2, 3, 3], "texture": "#2"},
				"west": {"uv": [0, 2, 0.5, 3], "texture": "#2"},
				"up": {"uv": [0, 2, 3, 2.5], "texture": "#2"},
				"down": {"uv": [0, 2, 3, 2.5], "texture": "#2"}
			}
		},
		{
			"from": [6.5, 18, 7.5],
			"to": [7, 19, 9.5],
			"faces": {
				"north": {"uv": [0, 2, 0.5, 3], "texture": "#2"},
				"east": {"uv": [0, 1, 2, 2], "texture": "#2"},
				"south": {"uv": [3, 0, 3.5, 1], "texture": "#2"},
				"west": {"uv": [1, 0, 3, 1], "texture": "#2"},
				"up": {"uv": [1, 2, 1.5, 4], "texture": "#2"},
				"down": {"uv": [2, 1, 2.5, 3], "texture": "#2"}
			}
		},
		{
			"from": [6.5, 25, 7.5],
			"to": [7, 26, 9.5],
			"faces": {
				"north": {"uv": [0, 2, 0.5, 3], "texture": "#2"},
				"east": {"uv": [0, 1, 2, 2], "texture": "#2"},
				"south": {"uv": [3, 0, 3.5, 1], "texture": "#2"},
				"west": {"uv": [1, 0, 3, 1], "texture": "#2"},
				"up": {"uv": [1, 2, 1.5, 4], "texture": "#2"},
				"down": {"uv": [2, 1, 2.5, 3], "texture": "#2"}
			}
		},
		{
			"from": [7, 18, 7.5],
			"to": [10, 19, 8],
			"faces": {
				"north": {"uv": [0, 1, 3, 2], "texture": "#2"},
				"east": {"uv": [3, 0, 4, 1], "texture": "#2"},
				"south": {"uv": [0, 1, 3, 2], "texture": "#2"},
				"west": {"uv": [3, 1, 4, 2], "texture": "#2"},
				"up": {"uv": [3, 3, 0, 2], "texture": "#2"},
				"down": {"uv": [3, 3, 0, 4], "texture": "#2"}
			}
		},
		{
			"from": [7, 25, 7.5],
			"to": [10, 26, 8],
			"faces": {
				"north": {"uv": [0, 1, 3, 2], "texture": "#2"},
				"east": {"uv": [3, 0, 4, 1], "texture": "#2"},
				"south": {"uv": [0, 1, 3, 2], "texture": "#2"},
				"west": {"uv": [3, 1, 4, 2], "texture": "#2"},
				"up": {"uv": [3, 3, 0, 2], "texture": "#2"},
				"down": {"uv": [3, 3, 0, 4], "texture": "#2"}
			}
		},
		{
			"from": [8, 19, 7.5],
			"to": [9, 21, 8],
			"faces": {
				"north": {"uv": [0, 0, 1, 1], "texture": "#2"},
				"east": {"uv": [0, 0, 0.5, 2], "texture": "#2"},
				"south": {"uv": [0, 0, 1, 1], "texture": "#2"},
				"west": {"uv": [0, 0, 0.5, 1], "texture": "#2"},
				"up": {"uv": [0, 0, 1, 0.5], "texture": "#2"},
				"down": {"uv": [0, 0, 1, 0.5], "texture": "#2"}
			}
		},
		{
			"from": [8, 23, 7.5],
			"to": [9, 25, 8],
			"faces": {
				"north": {"uv": [0, 0, 1, 1], "texture": "#2"},
				"east": {"uv": [0, 0, 0.5, 2], "texture": "#2"},
				"south": {"uv": [0, 0, 1, 1], "texture": "#2"},
				"west": {"uv": [0, 0, 0.5, 1], "texture": "#2"},
				"up": {"uv": [0, 0, 1, 0.5], "texture": "#2"},
				"down": {"uv": [0, 0, 1, 0.5], "texture": "#2"}
			}
		},
		{
			"from": [8, 26, 7.5],
			"to": [9, 27, 8],
			"faces": {
				"north": {"uv": [0, 0, 1, 1], "texture": "#2"},
				"east": {"uv": [0, 0, 0.5, 1], "texture": "#2"},
				"south": {"uv": [0, 0, 1, 1], "texture": "#2"},
				"west": {"uv": [0, 0, 0.5, 1], "texture": "#2"},
				"up": {"uv": [0, 0, 1, 0.5], "texture": "#2"},
				"down": {"uv": [0, 0, 1, 0.5], "texture": "#2"}
			}
		},
		{
			"from": [8, 17, 7.5],
			"to": [9, 18, 8],
			"faces": {
				"north": {"uv": [0, 0, 1, 1], "texture": "#2"},
				"east": {"uv": [0, 0, 0.5, 1], "texture": "#2"},
				"south": {"uv": [0, 0, 1, 1], "texture": "#2"},
				"west": {"uv": [0, 0, 0.5, 1], "texture": "#2"},
				"up": {"uv": [0, 0, 1, 0.5], "texture": "#2"},
				"down": {"uv": [0, 0, 1, 0.5], "texture": "#2"}
			}
		},
		{
			"from": [7, 28, 8],
			"to": [11.5, 29, 9],
			"faces": {
				"north": {"uv": [0, 0, 4.5, 1], "texture": "#1"},
				"east": {"uv": [0, 0, 1, 1], "texture": "#1"},
				"south": {"uv": [0, 0, 4.5, 1], "texture": "#1"},
				"west": {"uv": [0, 0, 1, 1], "texture": "#1"},
				"up": {"uv": [3, 0, 3.5, 1], "texture": "#3"},
				"down": {"uv": [0, 0, 4.5, 1], "texture": "#1"}
			}
		},
		{
			"from": [11.5, 28, 8],
			"to": [12, 29, 9],
			"faces": {
				"north": {"uv": [0, 0, 0.5, 1], "texture": "#1"},
				"east": {"uv": [3, 2, 4, 3], "texture": "#3"},
				"south": {"uv": [2, 0, 2.5, 1], "texture": "#3"},
				"west": {"uv": [2, 0, 3, 1], "texture": "#3"},
				"up": {"uv": [3, 1, 3.5, 2], "texture": "#3"},
				"down": {"uv": [1, 0, 1.5, 1], "texture": "#3"}
			}
		},
		{
			"from": [10.5, 29, 8],
			"to": [11, 30, 9],
			"faces": {
				"north": {"uv": [0, 0, 0.5, 1], "texture": "#1"},
				"east": {"uv": [3, 0, 4, 1], "texture": "#3"},
				"south": {"uv": [3, 0, 1.5, 1], "texture": "#3"},
				"west": {"uv": [1, 1, 2, 2], "texture": "#3"},
				"up": {"uv": [3, 2, 3.5, 3], "texture": "#3"},
				"down": {"uv": [2, 1, 2.5, 2], "texture": "#3"}
			}
		},
		{
			"from": [9.5, 30, 8],
			"to": [10, 31, 9],
			"faces": {
				"north": {"uv": [0, 0, 0.5, 1], "texture": "#1"},
				"east": {"uv": [3, 0, 4, 1], "texture": "#3"},
				"south": {"uv": [1, 0, 1.5, 1], "texture": "#3"},
				"west": {"uv": [1, 1, 2, 2], "texture": "#3"},
				"up": {"uv": [3, 2, 3.5, 3], "texture": "#3"},
				"down": {"uv": [2, 1, 2.5, 2], "texture": "#3"}
			}
		},
		{
			"from": [7, 29, 8],
			"to": [10.5, 30, 9],
			"faces": {
				"north": {"uv": [0, 0, 3.5, 1], "texture": "#1"},
				"east": {"uv": [0, 0, 1, 1], "texture": "#1"},
				"south": {"uv": [0, 0, 3.5, 1], "texture": "#1"},
				"west": {"uv": [0, 0, 1, 1], "texture": "#1"},
				"up": {"uv": [3, 0, 3.5, 1], "texture": "#3"},
				"down": {"uv": [0, 0, 3.5, 1], "texture": "#1"}
			}
		},
		{
			"from": [7, 30, 8],
			"to": [9.5, 31, 9],
			"faces": {
				"north": {"uv": [0, 0, 2.5, 1], "texture": "#1"},
				"east": {"uv": [0, 0, 1, 1], "texture": "#1"},
				"south": {"uv": [0, 0, 2.5, 1], "texture": "#1"},
				"west": {"uv": [0, 0, 1, 1], "texture": "#1"},
				"up": {"uv": [3, 0, 3.5, 1], "texture": "#3"},
				"down": {"uv": [0, 0, 2.5, 1], "texture": "#1"}
			}
		},
		{
			"from": [8, -3, 8],
			"to": [9, -2, 9],
			"faces": {
				"north": {"uv": [0, 0, 6, 9], "texture": "#6"},
				"east": {"uv": [0, 0, 6, 9], "texture": "#6"},
				"south": {"uv": [0, 0, 5, 8], "texture": "#6"},
				"west": {"uv": [0, 0, 5, 10], "texture": "#6"},
				"up": {"uv": [0, 0, 2, 7], "texture": "#6"},
				"down": {"uv": [0, 0, 5, 8], "texture": "#6"}
			}
		},
		{
			"from": [7.5, -5, 7.5],
			"to": [9.5, -3, 9.5],
			"faces": {
				"north": {"uv": [0, 0, 2, 2], "texture": "#6"},
				"east": {"uv": [0, 0, 2, 2], "texture": "#6"},
				"south": {"uv": [0, 0, 2, 2], "texture": "#6"},
				"west": {"uv": [0, 0, 2, 2], "texture": "#6"},
				"up": {"uv": [0, 0, 2, 2], "texture": "#6"},
				"down": {"uv": [0, 0, 2, 2], "texture": "#6"}
			}
		},
		{
			"from": [11, 11, 7.5],
			"to": [12.5, 12.5, 8],
			"faces": {
				"north": {"uv": [0, 0, 3, 3], "texture": "#5"},
				"east": {"uv": [4, 0, 5, 3], "texture": "#5"},
				"south": {"uv": [0, 4, 3, 7], "texture": "#5"},
				"west": {"uv": [4, 4, 5, 7], "texture": "#5"},
				"up": {"uv": [9, 1, 6, 0], "texture": "#5"},
				"down": {"uv": [9, 2, 6, 3], "texture": "#5"}
			}
		}
	],
	"display": {
		"thirdperson_righthand": {
			"rotation": [0, 90, 0],
			"translation": [-0.75, 2.75, 3.5]
		},
		"thirdperson_lefthand": {
			"rotation": [0, -90, 0],
			"translation": [0.5, 2, 3.25]
		},
		"firstperson_righthand": {
			"rotation": [-23, 85, -2],
			"translation": [0, 1, 0]
		},
		"firstperson_lefthand": {
			"rotation": [-19, -78, 0],
			"translation": [0, 1.5, 0]
		},
		"ground": {
			"translation": [0, 9.75, 0]
		},
		"gui": {
			"rotation": [0, 6, -35],
			"translation": [-2, -0.75, 0],
			"scale": [0.75, 0.75, 0.75]
		},
		"head": {
			"rotation": [0, 0, -180],
			"translation": [1.5, -13.25, 6]
		},
		"fixed": {
			"translation": [0, 0, -3.25]
		}
	},
	"groups": [
		0,
		1,
		2,
		3,
		4,
		5,
		6,
		7,
		8,
		9,
		10,
		11,
		12,
		13,
		14,
		15,
		16,
		17,
		18,
		19,
		20,
		21,
		22,
		23,
		24,
		25,
		26,
		{
			"name": "group",
			"origin": [0, 0, 0],
			"color": 0,
			"children": [
				27,
				28,
				{
					"name": "group",
					"origin": [0, 0, 0],
					"color": 0,
					"children": [
						29,
						30,
						{
							"name": "group",
							"origin": [0, 0, 0],
							"color": 0,
							"children": [
								31,
								32,
								{
									"name": "group",
									"origin": [0, 0, 0],
									"color": 0,
									"children": [33, 34]
								},
								{
									"name": "group",
									"origin": [0, 0, 0],
									"color": 0,
									"children": [
										35,
										36,
										{
											"name": "group",
											"origin": [0, 0, 0],
											"color": 0,
											"children": []
										}
									]
								}
							]
						}
					]
				}
			]
		},
		{
			"name": "group",
			"origin": [0, 0, 0],
			"color": 0,
			"children": [
				37,
				38,
				39,
				40,
				41,
				42,
				{
					"name": "group",
					"origin": [0, 0, 0],
					"color": 0,
					"children": []
				}
			]
		},
		43,
		44,
		45,
		46,
		47,
		48,
		49,
		50,
		51,
		52,
		53,
		54,
		55
	]
}