{
	"__comment": "Designed by MrZoom31 with Cubik Studio - https://cubik.studio",
	"textures": {
		"diamond_sword": "items/dai5"
	},
	"elements": [ 	 
		{
			"__comment": "Voxels",
			"from": [ -16, 5, 16 ],
			"to": [ -11, 6, 17 ],
			"faces": {
				"down": { "uv": [ 4, 1.25, 5.25, 1.5 ], "texture": "#diamond_sword" },
				"up": { "uv": [ 4, 0.75, 5.25, 0.5 ], "texture": "#diamond_sword" },
				"north": { "uv": [ 5.25, 0.25, 4, 0.5 ], "texture": "#diamond_sword" },
				"south": { "uv": [ 4, 0, 5.25, 0.25 ], "texture": "#diamond_sword" },
				"west": { "uv": [ 9.5, 5, 9.75, 5.25 ], "texture": "#diamond_sword" },
				"east": { "uv": [ 9.75, 5.25, 9.5, 5.5 ], "texture": "#diamond_sword" }
			}
		},
		{
			"__comment": "Voxels",
			"from": [ -16, 7, 16 ],
			"to": [ 30, 10, 17 ],
			"faces": {
				"down": { "uv": [ 0, 14, 11.5, 14.25 ], "texture": "#diamond_sword" },
				"up": { "uv": [ 0, 14.5, 11.5, 14.25 ], "texture": "#diamond_sword" },
				"north": { "uv": [ 11.5, 15.25, 0, 16 ], "texture": "#diamond_sword" },
				"south": { "uv": [ 0, 14.5, 11.5, 15.25 ], "texture": "#diamond_sword" },
				"west": { "uv": [ 3.75, 2, 4, 2.75 ], "texture": "#diamond_sword" },
				"east": { "uv": [ 4, 2.75, 3.75, 3.5 ], "texture": "#diamond_sword" }
			}
		},
		{
			"__comment": "Voxels",
			"from": [ -16, 8, 13 ],
			"to": [ -11, 9, 14 ],
			"faces": {
				"down": { "uv": [ 5.5, 7.75, 6.75, 8 ], "texture": "#diamond_sword" },
				"up": { "uv": [ 5.5, 7.75, 6.75, 7.5 ], "texture": "#diamond_sword" },
				"north": { "uv": [ 6.75, 7.25, 5.5, 7.5 ], "texture": "#diamond_sword" },
				"south": { "uv": [ 5.5, 7, 6.75, 7.25 ], "texture": "#diamond_sword" },
				"west": { "uv": [ 9.5, 5.5, 9.75, 5.75 ], "texture": "#diamond_sword" },
				"east": { "uv": [ 16, 6.25, 15.75, 6.5 ], "texture": "#diamond_sword" }
			}
		},
		{
			"__comment": "Voxels",
			"from": [ -16, 8, 15 ],
			"to": [ 7, 9, 16 ],
			"faces": {
				"down": { "uv": [ 8.25, 8.5, 14, 8.75 ], "texture": "#diamond_sword" },
				"up": { "uv": [ 8.25, 8.5, 14, 8.25 ], "texture": "#diamond_sword" },
				"north": { "uv": [ 14, 8, 8.25, 8.25 ], "texture": "#diamond_sword" },
				"south": { "uv": [ 8.25, 9.75, 14, 10 ], "texture": "#diamond_sword" },
				"west": { "uv": [ 15.5, 6.25, 15.75, 6.5 ], "texture": "#diamond_sword" },
				"east": { "uv": [ 15.5, 6.25, 15.25, 6.5 ], "texture": "#diamond_sword" }
			}
		},
		{
			"__comment": "Voxels",
			"from": [ -16, 8, 17 ],
			"to": [ 7, 9, 18 ],
			"faces": {
				"down": { "uv": [ 8.25, 9.25, 14, 9.5 ], "texture": "#diamond_sword" },
				"up": { "uv": [ 8.25, 9.25, 14, 9 ], "texture": "#diamond_sword" },
				"north": { "uv": [ 14, 8.75, 8.25, 9 ], "texture": "#diamond_sword" },
				"south": { "uv": [ 8.25, 9.5, 14, 9.75 ], "texture": "#diamond_sword" },
				"west": { "uv": [ 15, 6.25, 15.25, 6.5 ], "texture": "#diamond_sword" },
				"east": { "uv": [ 15, 6.25, 14.75, 6.5 ], "texture": "#diamond_sword" }
			}
		},
		{
			"__comment": "Voxels",
			"from": [ -16, 8, 19 ],
			"to": [ -11, 9, 20 ],
			"faces": {
				"down": { "uv": [ 5.5, 6.75, 6.75, 7 ], "texture": "#diamond_sword" },
				"up": { "uv": [ 5.5, 6.75, 6.75, 6.5 ], "texture": "#diamond_sword" },
				"north": { "uv": [ 6.75, 6.25, 5.5, 6.5 ], "texture": "#diamond_sword" },
				"south": { "uv": [ 5.5, 6, 6.75, 6.25 ], "texture": "#diamond_sword" },
				"west": { "uv": [ 14.5, 6.25, 14.75, 6.5 ], "texture": "#diamond_sword" },
				"east": { "uv": [ 14, 6.25, 13.75, 6.5 ], "texture": "#diamond_sword" }
			}
		},
		{
			"__comment": "Voxels",
			"from": [ -16, 11, 16 ],
			"to": [ -11, 12, 17 ],
			"faces": {
				"down": { "uv": [ 5.5, 5.75, 6.75, 6 ], "texture": "#diamond_sword" },
				"up": { "uv": [ 5.5, 5.75, 6.75, 5.5 ], "texture": "#diamond_sword" },
				"north": { "uv": [ 6.75, 5.25, 5.5, 5.5 ], "texture": "#diamond_sword" },
				"south": { "uv": [ 5.5, 3, 6.75, 3.25 ], "texture": "#diamond_sword" },
				"west": { "uv": [ 13.5, 6.25, 13.75, 6.5 ], "texture": "#diamond_sword" },
				"east": { "uv": [ 13, 6.25, 12.75, 6.5 ], "texture": "#diamond_sword" }
			}
		},
		{
			"__comment": "Voxels",
			"from": [ -15, 6, 16 ],
			"to": [ -10, 7, 17 ],
			"faces": {
				"down": { "uv": [ 5.5, 4.75, 6.75, 5 ], "texture": "#diamond_sword" },
				"up": { "uv": [ 5.5, 4.75, 6.75, 4.5 ], "texture": "#diamond_sword" },
				"north": { "uv": [ 6.75, 4.25, 5.5, 4.5 ], "texture": "#diamond_sword" },
				"south": { "uv": [ 5.5, 4, 6.75, 4.25 ], "texture": "#diamond_sword" },
				"west": { "uv": [ 12.5, 6.25, 12.75, 6.5 ], "texture": "#diamond_sword" },
				"east": { "uv": [ 12.5, 6.25, 12.25, 6.5 ], "texture": "#diamond_sword" }
			}
		},
		{
			"__comment": "Voxels",
			"from": [ -15, 7, 15 ],
			"to": [ 27, 8, 16 ],
			"faces": {
				"down": { "uv": [ 0, 13.25, 10.5, 13.5 ], "texture": "#diamond_sword" },
				"up": { "uv": [ 0, 13.25, 10.5, 13 ], "texture": "#diamond_sword" },
				"north": { "uv": [ 10.5, 12.75, 0, 13 ], "texture": "#diamond_sword" },
				"south": { "uv": [ 0, 12.25, 10.5, 12.5 ], "texture": "#diamond_sword" },
				"west": { "uv": [ 12, 6.25, 12.25, 6.5 ], "texture": "#diamond_sword" },
				"east": { "uv": [ 11.5, 6.25, 11.25, 6.5 ], "texture": "#diamond_sword" }
			}
		},
		{
			"__comment": "Voxels",
			"from": [ -15, 7, 17 ],
			"to": [ 27, 8, 18 ],
			"faces": {
				"down": { "uv": [ 0, 11.5, 10.5, 11.75 ], "texture": "#diamond_sword" },
				"up": { "uv": [ 0, 11.5, 10.5, 11.25 ], "texture": "#diamond_sword" },
				"north": { "uv": [ 10.5, 11, 0, 11.25 ], "texture": "#diamond_sword" },
				"south": { "uv": [ 0, 10.75, 10.5, 11 ], "texture": "#diamond_sword" },
				"west": { "uv": [ 11, 6.25, 11.25, 6.5 ], "texture": "#diamond_sword" },
				"east": { "uv": [ 11, 6.25, 10.75, 6.5 ], "texture": "#diamond_sword" }
			}
		},
		{
			"__comment": "Voxels",
			"from": [ -15, 8, 14 ],
			"to": [ 6, 9, 15 ],
			"faces": {
				"down": { "uv": [ 10.5, 13.5, 15.75, 13.75 ], "texture": "#diamond_sword" },
				"up": { "uv": [ 10.5, 14, 15.75, 13.75 ], "texture": "#diamond_sword" },
				"north": { "uv": [ 15.75, 13.25, 10.5, 13.5 ], "texture": "#diamond_sword" },
				"south": { "uv": [ 10.5, 13, 15.75, 13.25 ], "texture": "#diamond_sword" },
				"west": { "uv": [ 10.5, 6.25, 10.75, 6.5 ], "texture": "#diamond_sword" },
				"east": { "uv": [ 10, 6.25, 9.75, 6.5 ], "texture": "#diamond_sword" }
			}
		},
		{
			"__comment": "Voxels",
			"from": [ -15, 8, 18 ],
			"to": [ 6, 9, 19 ],
			"faces": {
				"down": { "uv": [ 10.5, 12.75, 15.75, 13 ], "texture": "#diamond_sword" },
				"up": { "uv": [ 10.5, 12.75, 15.75, 12.5 ], "texture": "#diamond_sword" },
				"north": { "uv": [ 15.75, 12, 10.5, 12.25 ], "texture": "#diamond_sword" },
				"south": { "uv": [ 10.5, 12.25, 15.75, 12.5 ], "texture": "#diamond_sword" },
				"west": { "uv": [ 9.5, 6.25, 9.75, 6.5 ], "texture": "#diamond_sword" },
				"east": { "uv": [ 9.5, 0, 9.25, 0.25 ], "texture": "#diamond_sword" }
			}
		},
		{
			"__comment": "Voxels",
			"from": [ -15, 9, 15 ],
			"to": [ 27, 10, 16 ],
			"faces": {
				"down": { "uv": [ 0, 10, 10.5, 10.25 ], "texture": "#diamond_sword" },
				"up": { "uv": [ 0, 10.75, 10.5, 10.5 ], "texture": "#diamond_sword" },
				"north": { "uv": [ 10.5, 10.25, 0, 10.5 ], "texture": "#diamond_sword" },
				"south": { "uv": [ 0, 13.75, 10.5, 14 ], "texture": "#diamond_sword" },
				"west": { "uv": [ 10, 5.25, 10.25, 5.5 ], "texture": "#diamond_sword" },
				"east": { "uv": [ 9.5, 0.25, 9.25, 0.5 ], "texture": "#diamond_sword" }
			}
		},
		{
			"__comment": "Voxels",
			"from": [ -15, 9, 17 ],
			"to": [ 27, 10, 18 ],
			"faces": {
				"down": { "uv": [ 0, 12.5, 10.5, 12.75 ], "texture": "#diamond_sword" },
				"up": { "uv": [ 0, 12, 10.5, 11.75 ], "texture": "#diamond_sword" },
				"north": { "uv": [ 10.5, 12, 0, 12.25 ], "texture": "#diamond_sword" },
				"south": { "uv": [ 0, 13.5, 10.5, 13.75 ], "texture": "#diamond_sword" },
				"west": { "uv": [ 9.25, 2.5, 9.5, 2.75 ], "texture": "#diamond_sword" },
				"east": { "uv": [ 9.5, 2.75, 9.25, 3 ], "texture": "#diamond_sword" }
			}
		},
		{
			"__comment": "Voxels",
			"from": [ -15, 10, 16 ],
			"to": [ -10, 11, 17 ],
			"faces": {
				"down": { "uv": [ 5.5, 2.25, 6.75, 2.5 ], "texture": "#diamond_sword" },
				"up": { "uv": [ 5.5, 2.25, 6.75, 2 ], "texture": "#diamond_sword" },
				"north": { "uv": [ 6.75, 1.75, 5.5, 2 ], "texture": "#diamond_sword" },
				"south": { "uv": [ 5.5, 1.5, 6.75, 1.75 ], "texture": "#diamond_sword" },
				"west": { "uv": [ 9.25, 3, 9.5, 3.25 ], "texture": "#diamond_sword" },
				"east": { "uv": [ 9.5, 3.25, 9.25, 3.5 ], "texture": "#diamond_sword" }
			}
		},
		{
			"__comment": "Voxels",
			"from": [ -13, 6, 15 ],
			"to": [ -12, 7, 16 ],
			"faces": {
				"down": { "uv": [ 9.25, 5.5, 9.5, 5.75 ], "texture": "#diamond_sword" },
				"up": { "uv": [ 9.25, 6, 9.5, 5.75 ], "texture": "#diamond_sword" },
				"north": { "uv": [ 9.5, 6, 9.25, 6.25 ], "texture": "#diamond_sword" },
				"south": { "uv": [ 9.25, 6.25, 9.5, 6.5 ], "texture": "#diamond_sword" },
				"west": { "uv": [ 9, 0.5, 9.25, 0.75 ], "texture": "#diamond_sword" },
				"east": { "uv": [ 9.25, 0.75, 9, 1 ], "texture": "#diamond_sword" }
			}
		},
		{
			"__comment": "Voxels",
			"from": [ -13, 6, 17 ],
			"to": [ -12, 7, 18 ],
			"faces": {
				"down": { "uv": [ 9, 1, 9.25, 1.25 ], "texture": "#diamond_sword" },
				"up": { "uv": [ 9, 1.5, 9.25, 1.25 ], "texture": "#diamond_sword" },
				"north": { "uv": [ 16, 6.5, 15.75, 6.75 ], "texture": "#diamond_sword" },
				"south": { "uv": [ 15.5, 6.5, 15.75, 6.75 ], "texture": "#diamond_sword" },
				"west": { "uv": [ 8.75, 0, 9, 0.25 ], "texture": "#diamond_sword" },
				"east": { "uv": [ 9, 0.25, 8.75, 0.5 ], "texture": "#diamond_sword" }
			}
		},
		{
			"__comment": "Voxels",
			"from": [ -13, 7, 14 ],
			"to": [ -12, 8, 15 ],
			"faces": {
				"down": { "uv": [ 15.75, 7.25, 16, 7.5 ], "texture": "#diamond_sword" },
				"up": { "uv": [ 8, 0.25, 8.25, 0 ], "texture": "#diamond_sword" },
				"north": { "uv": [ 16, 7.75, 15.75, 8 ], "texture": "#diamond_sword" },
				"south": { "uv": [ 7.5, 0.25, 7.75, 0.5 ], "texture": "#diamond_sword" },
				"west": { "uv": [ 6.5, 0, 6.75, 0.25 ], "texture": "#diamond_sword" },
				"east": { "uv": [ 6.75, 0.25, 6.5, 0.5 ], "texture": "#diamond_sword" }
			}
		},
		{
			"__comment": "Voxels",
			"from": [ -13, 7, 18 ],
			"to": [ -12, 8, 19 ],
			"faces": {
				"down": { "uv": [ 6.5, 0.5, 6.75, 0.75 ], "texture": "#diamond_sword" },
				"up": { "uv": [ 6.5, 1, 6.75, 0.75 ], "texture": "#diamond_sword" },
				"north": { "uv": [ 5.5, 0, 5.25, 0.25 ], "texture": "#diamond_sword" },
				"south": { "uv": [ 5.25, 0.25, 5.5, 0.5 ], "texture": "#diamond_sword" },
				"west": { "uv": [ 5.25, 0.5, 5.5, 0.75 ], "texture": "#diamond_sword" },
				"east": { "uv": [ 5.5, 0.75, 5.25, 1 ], "texture": "#diamond_sword" }
			}
		},
		{
			"__comment": "Voxels",
			"from": [ -13, 9, 14 ],
			"to": [ -12, 10, 15 ],
			"faces": {
				"down": { "uv": [ 15.75, 10, 16, 10.25 ], "texture": "#diamond_sword" },
				"up": { "uv": [ 15.75, 10.5, 16, 10.25 ], "texture": "#diamond_sword" },
				"north": { "uv": [ 16, 10.5, 15.75, 10.75 ], "texture": "#diamond_sword" },
				"south": { "uv": [ 15.75, 10.75, 16, 11 ], "texture": "#diamond_sword" },
				"west": { "uv": [ 15.75, 11, 16, 11.25 ], "texture": "#diamond_sword" },
				"east": { "uv": [ 16, 11.25, 15.75, 11.5 ], "texture": "#diamond_sword" }
			}
		},
		{
			"__comment": "Voxels",
			"from": [ -13, 9, 18 ],
			"to": [ -12, 10, 19 ],
			"faces": {
				"down": { "uv": [ 15.75, 11.5, 16, 11.75 ], "texture": "#diamond_sword" },
				"up": { "uv": [ 15.75, 12, 16, 11.75 ], "texture": "#diamond_sword" },
				"north": { "uv": [ 16, 12, 15.75, 12.25 ], "texture": "#diamond_sword" },
				"south": { "uv": [ 15.75, 12.25, 16, 12.5 ], "texture": "#diamond_sword" },
				"west": { "uv": [ 15.75, 12.5, 16, 12.75 ], "texture": "#diamond_sword" },
				"east": { "uv": [ 16, 12.75, 15.75, 13 ], "texture": "#diamond_sword" }
			}
		},
		{
			"__comment": "Voxels",
			"from": [ -13, 10, 15 ],
			"to": [ -12, 11, 16 ],
			"faces": {
				"down": { "uv": [ 15.75, 13, 16, 13.25 ], "texture": "#diamond_sword" },
				"up": { "uv": [ 15.75, 13.5, 16, 13.25 ], "texture": "#diamond_sword" },
				"north": { "uv": [ 16, 13.5, 15.75, 13.75 ], "texture": "#diamond_sword" },
				"south": { "uv": [ 15.75, 13.75, 16, 14 ], "texture": "#diamond_sword" },
				"west": { "uv": [ 12.25, 5.5, 12.5, 5.75 ], "texture": "#diamond_sword" },
				"east": { "uv": [ 12.25, 5.5, 12, 5.75 ], "texture": "#diamond_sword" }
			}
		},
		{
			"__comment": "Voxels",
			"from": [ -13, 10, 17 ],
			"to": [ -12, 11, 18 ],
			"faces": {
				"down": { "uv": [ 11.25, 5.5, 11.5, 5.75 ], "texture": "#diamond_sword" },
				"up": { "uv": [ 11, 5.75, 11.25, 5.5 ], "texture": "#diamond_sword" },
				"north": { "uv": [ 11, 5.5, 10.75, 5.75 ], "texture": "#diamond_sword" },
				"south": { "uv": [ 10.5, 5.5, 10.75, 5.75 ], "texture": "#diamond_sword" },
				"west": { "uv": [ 10, 0.25, 10.25, 0.5 ], "texture": "#diamond_sword" },
				"east": { "uv": [ 10.25, 0.5, 10, 0.75 ], "texture": "#diamond_sword" }
			}
		},
		{
			"__comment": "Voxels",
			"from": [ -7, 4, 16 ],
			"to": [ -6, 7, 17 ],
			"faces": {
				"down": { "uv": [ 10, 0.75, 10.25, 1 ], "texture": "#diamond_sword" },
				"up": { "uv": [ 10, 1.25, 10.25, 1 ], "texture": "#diamond_sword" },
				"north": { "uv": [ 8.25, 5.25, 8, 6 ], "texture": "#diamond_sword" },
				"south": { "uv": [ 7.75, 5.25, 8, 6 ], "texture": "#diamond_sword" },
				"west": { "uv": [ 8, 6, 8.25, 6.75 ], "texture": "#diamond_sword" },
				"east": { "uv": [ 8, 6, 7.75, 6.75 ], "texture": "#diamond_sword" }
			}
		},
		{
			"__comment": "Voxels",
			"from": [ -7, 6, 14 ],
			"to": [ -5, 8, 15 ],
			"faces": {
				"down": { "uv": [ 2.75, 5.75, 3.25, 6 ], "texture": "#diamond_sword" },
				"up": { "uv": [ 2.75, 5.75, 3.25, 5.5 ], "texture": "#diamond_sword" },
				"north": { "uv": [ 7.25, 3.25, 6.75, 3.75 ], "texture": "#diamond_sword" },
				"south": { "uv": [ 4.75, 3, 5.25, 3.5 ], "texture": "#diamond_sword" },
				"west": { "uv": [ 8.75, 1.25, 9, 1.75 ], "texture": "#diamond_sword" },
				"east": { "uv": [ 8.5, 0.75, 8.25, 1.25 ], "texture": "#diamond_sword" }
			}
		},
		{
			"__comment": "Voxels",
			"from": [ -7, 6, 15 ],
			"to": [ -5, 7, 16 ],
			"faces": {
				"down": { "uv": [ 2.75, 5.25, 3.25, 5.5 ], "texture": "#diamond_sword" },
				"up": { "uv": [ 2.75, 5.25, 3.25, 5 ], "texture": "#diamond_sword" },
				"north": { "uv": [ 12.5, 6.5, 12, 6.75 ], "texture": "#diamond_sword" },
				"south": { "uv": [ 2.75, 4.75, 3.25, 5 ], "texture": "#diamond_sword" },
				"west": { "uv": [ 10, 5.5, 10.25, 5.75 ], "texture": "#diamond_sword" },
				"east": { "uv": [ 15.5, 5.75, 15.25, 6 ], "texture": "#diamond_sword" }
			}
		},
		{
			"__comment": "Voxels",
			"from": [ -7, 6, 17 ],
			"to": [ -5, 7, 19 ],
			"faces": {
				"down": { "uv": [ 7.25, 3.25, 7.75, 3.75 ], "texture": "#diamond_sword" },
				"up": { "uv": [ 0, 0.5, 0.5, 0 ], "texture": "#diamond_sword" },
				"north": { "uv": [ 3.25, 4.5, 2.75, 4.75 ], "texture": "#diamond_sword" },
				"south": { "uv": [ 2.75, 4.25, 3.25, 4.5 ], "texture": "#diamond_sword" },
				"west": { "uv": [ 2.75, 3.5, 3.25, 3.75 ], "texture": "#diamond_sword" },
				"east": { "uv": [ 3.25, 3.25, 2.75, 3.5 ], "texture": "#diamond_sword" }
			}
		},
		{
			"__comment": "Voxels",
			"from": [ -7, 7, 13 ],
			"to": [ -5, 10, 14 ],
			"faces": {
				"down": { "uv": [ 2.75, 3, 3.25, 3.25 ], "texture": "#diamond_sword" },
				"up": { "uv": [ 7.25, 0.25, 7.75, 0 ], "texture": "#diamond_sword" },
				"north": { "uv": [ 4.5, 4.25, 4, 5 ], "texture": "#diamond_sword" },
				"south": { "uv": [ 15.5, 15.25, 16, 16 ], "texture": "#diamond_sword" },
				"west": { "uv": [ 7.75, 4.5, 8, 5.25 ], "texture": "#diamond_sword" },
				"east": { "uv": [ 8.25, 4.5, 8, 5.25 ], "texture": "#diamond_sword" }
			}
		},
		{
			"__comment": "Voxels",
			"from": [ -7, 7, 18 ],
			"to": [ 6, 8, 19 ],
			"faces": {
				"down": { "uv": [ 11.5, 14.25, 14.75, 14.5 ], "texture": "#diamond_sword" },
				"up": { "uv": [ 0, 7.25, 3.25, 7 ], "texture": "#diamond_sword" },
				"north": { "uv": [ 3.25, 7.25, 0, 7.5 ], "texture": "#diamond_sword" },
				"south": { "uv": [ 10.5, 10, 13.75, 10.25 ], "texture": "#diamond_sword" },
				"west": { "uv": [ 15, 5.75, 15.25, 6 ], "texture": "#diamond_sword" },
				"east": { "uv": [ 15, 5.75, 14.75, 6 ], "texture": "#diamond_sword" }
			}
		},
		{
			"__comment": "Voxels",
			"from": [ -7, 7, 19 ],
			"to": [ -5, 10, 20 ],
			"faces": {
				"down": { "uv": [ 8.5, 0.75, 9, 1 ], "texture": "#diamond_sword" },
				"up": { "uv": [ 8.25, 0.75, 8.75, 0.5 ], "texture": "#diamond_sword" },
				"north": { "uv": [ 3.75, 2.75, 3.25, 3.5 ], "texture": "#diamond_sword" },
				"south": { "uv": [ 3.25, 2, 3.75, 2.75 ], "texture": "#diamond_sword" },
				"west": { "uv": [ 8, 3, 8.25, 3.75 ], "texture": "#diamond_sword" },
				"east": { "uv": [ 8, 2.25, 7.75, 3 ], "texture": "#diamond_sword" }
			}
		},
		{
			"__comment": "Voxels",
			"from": [ -7, 9, 14 ],
			"to": [ 6, 10, 15 ],
			"faces": {
				"down": { "uv": [ 11.5, 15, 14.75, 15.25 ], "texture": "#diamond_sword" },
				"up": { "uv": [ 11.5, 15.5, 14.75, 15.25 ], "texture": "#diamond_sword" },
				"north": { "uv": [ 13.75, 11.75, 10.5, 12 ], "texture": "#diamond_sword" },
				"south": { "uv": [ 0, 7.75, 3.25, 8 ], "texture": "#diamond_sword" },
				"west": { "uv": [ 14.5, 5.75, 14.75, 6 ], "texture": "#diamond_sword" },
				"east": { "uv": [ 14, 5.75, 13.75, 6 ], "texture": "#diamond_sword" }
			}
		},
		{
			"__comment": "Voxels",
			"from": [ -7, 9, 18 ],
			"to": [ 6, 10, 19 ],
			"faces": {
				"down": { "uv": [ 0, 7.5, 3.25, 7.75 ], "texture": "#diamond_sword" },
				"up": { "uv": [ 11.5, 15, 14.75, 14.75 ], "texture": "#diamond_sword" },
				"north": { "uv": [ 14.75, 14.5, 11.5, 14.75 ], "texture": "#diamond_sword" },
				"south": { "uv": [ 10.5, 11, 13.75, 11.25 ], "texture": "#diamond_sword" },
				"west": { "uv": [ 13.5, 5.75, 13.75, 6 ], "texture": "#diamond_sword" },
				"east": { "uv": [ 13.5, 5.75, 13.25, 6 ], "texture": "#diamond_sword" }
			}
		},
		{
			"__comment": "Voxels",
			"from": [ -7, 10, 14 ],
			"to": [ -5, 11, 19 ],
			"faces": {
				"down": { "uv": [ 0, 0.5, 0.5, 1.75 ], "texture": "#diamond_sword" },
				"up": { "uv": [ 0, 3, 0.5, 1.75 ], "texture": "#diamond_sword" },
				"north": { "uv": [ 8.75, 0.25, 8.25, 0.5 ], "texture": "#diamond_sword" },
				"south": { "uv": [ 8.25, 0, 8.75, 0.25 ], "texture": "#diamond_sword" },
				"west": { "uv": [ 4, 1, 5.25, 1.25 ], "texture": "#diamond_sword" },
				"east": { "uv": [ 5.25, 0.75, 4, 1 ], "texture": "#diamond_sword" }
			}
		},
		{
			"__comment": "Voxels",
			"from": [ -7, 11, 16 ],
			"to": [ -5, 12, 17 ],
			"faces": {
				"down": { "uv": [ 10, 6.5, 10.5, 6.75 ], "texture": "#diamond_sword" },
				"up": { "uv": [ 10.5, 6.75, 11, 6.5 ], "texture": "#diamond_sword" },
				"north": { "uv": [ 11.5, 6.5, 11, 6.75 ], "texture": "#diamond_sword" },
				"south": { "uv": [ 11.5, 6.5, 12, 6.75 ], "texture": "#diamond_sword" },
				"west": { "uv": [ 13, 5.75, 13.25, 6 ], "texture": "#diamond_sword" },
				"east": { "uv": [ 12, 5.75, 11.75, 6 ], "texture": "#diamond_sword" }
			}
		},
		{
			"__comment": "Voxels",
			"from": [ -7, 12, 16 ],
			"to": [ -6, 13, 17 ],
			"faces": {
				"down": { "uv": [ 11.5, 5.75, 11.75, 6 ], "texture": "#diamond_sword" },
				"up": { "uv": [ 13.75, 6.25, 14, 6 ], "texture": "#diamond_sword" },
				"north": { "uv": [ 13.75, 6, 13.5, 6.25 ], "texture": "#diamond_sword" },
				"south": { "uv": [ 12.25, 6, 12.5, 6.25 ], "texture": "#diamond_sword" },
				"west": { "uv": [ 12, 6, 12.25, 6.25 ], "texture": "#diamond_sword" },
				"east": { "uv": [ 12, 6, 11.75, 6.25 ], "texture": "#diamond_sword" }
			}
		},
		{
			"__comment": "Voxels",
			"from": [ -6, 5, 16 ],
			"to": [ -5, 7, 17 ],
			"faces": {
				"down": { "uv": [ 11.5, 6, 11.75, 6.25 ], "texture": "#diamond_sword" },
				"up": { "uv": [ 10.75, 6.25, 11, 6 ], "texture": "#diamond_sword" },
				"north": { "uv": [ 9.25, 6, 9, 6.5 ], "texture": "#diamond_sword" },
				"south": { "uv": [ 9, 5.5, 9.25, 6 ], "texture": "#diamond_sword" },
				"west": { "uv": [ 9, 5, 9.25, 5.5 ], "texture": "#diamond_sword" },
				"east": { "uv": [ 9.25, 4.5, 9, 5 ], "texture": "#diamond_sword" }
			}
		},
		{
			"__comment": "Voxels",
			"from": [ -5, 6, 16 ],
			"to": [ 28, 7, 17 ],
			"faces": {
				"down": { "uv": [ 0, 9.5, 8.25, 9.75 ], "texture": "#diamond_sword" },
				"up": { "uv": [ 0, 8.25, 8.25, 8 ], "texture": "#diamond_sword" },
				"north": { "uv": [ 8.25, 8.75, 0, 9 ], "texture": "#diamond_sword" },
				"south": { "uv": [ 0, 8.5, 8.25, 8.75 ], "texture": "#diamond_sword" },
				"west": { "uv": [ 10.5, 6, 10.75, 6.25 ], "texture": "#diamond_sword" },
				"east": { "uv": [ 10.5, 6, 10.25, 6.25 ], "texture": "#diamond_sword" }
			}
		},
		{
			"__comment": "Voxels",
			"from": [ -5, 7, 14 ],
			"to": [ 6, 8, 15 ],
			"faces": {
				"down": { "uv": [ 0, 3.25, 2.75, 3.5 ], "texture": "#diamond_sword" },
				"up": { "uv": [ 0, 3.25, 2.75, 3 ], "texture": "#diamond_sword" },
				"north": { "uv": [ 2.75, 3.75, 0, 4 ], "texture": "#diamond_sword" },
				"south": { "uv": [ 0, 4, 2.75, 4.25 ], "texture": "#diamond_sword" },
				"west": { "uv": [ 10, 6, 10.25, 6.25 ], "texture": "#diamond_sword" },
				"east": { "uv": [ 10, 6, 9.75, 6.25 ], "texture": "#diamond_sword" }
			}
		},
		{
			"__comment": "Voxels",
			"from": [ -5, 8, 13 ],
			"to": [ 6, 9, 14 ],
			"faces": {
				"down": { "uv": [ 0, 4.25, 2.75, 4.5 ], "texture": "#diamond_sword" },
				"up": { "uv": [ 0, 4.75, 2.75, 4.5 ], "texture": "#diamond_sword" },
				"north": { "uv": [ 2.75, 4.75, 0, 5 ], "texture": "#diamond_sword" },
				"south": { "uv": [ 0, 3.5, 2.75, 3.75 ], "texture": "#diamond_sword" },
				"west": { "uv": [ 9.5, 0, 9.75, 0.25 ], "texture": "#diamond_sword" },
				"east": { "uv": [ 9.75, 0.25, 9.5, 0.5 ], "texture": "#diamond_sword" }
			}
		},
		{
			"__comment": "Voxels",
			"from": [ -5, 8, 19 ],
			"to": [ 6, 9, 20 ],
			"faces": {
				"down": { "uv": [ 0, 5, 2.75, 5.25 ], "texture": "#diamond_sword" },
				"up": { "uv": [ 0, 5.5, 2.75, 5.25 ], "texture": "#diamond_sword" },
				"north": { "uv": [ 2.75, 5.5, 0, 5.75 ], "texture": "#diamond_sword" },
				"south": { "uv": [ 0, 5.75, 2.75, 6 ], "texture": "#diamond_sword" },
				"west": { "uv": [ 9.5, 0.5, 9.75, 0.75 ], "texture": "#diamond_sword" },
				"east": { "uv": [ 9.75, 0.75, 9.5, 1 ], "texture": "#diamond_sword" }
			}
		},
		{
			"__comment": "Voxels",
			"from": [ -5, 10, 16 ],
			"to": [ 28, 11, 17 ],
			"faces": {
				"down": { "uv": [ 0, 9, 8.25, 9.25 ], "texture": "#diamond_sword" },
				"up": { "uv": [ 0, 8.5, 8.25, 8.25 ], "texture": "#diamond_sword" },
				"north": { "uv": [ 8.25, 9.75, 0, 10 ], "texture": "#diamond_sword" },
				"south": { "uv": [ 0, 9.25, 8.25, 9.5 ], "texture": "#diamond_sword" },
				"west": { "uv": [ 9.5, 1, 9.75, 1.25 ], "texture": "#diamond_sword" },
				"east": { "uv": [ 9.75, 1.75, 9.5, 2 ], "texture": "#diamond_sword" }
			}
		},
		{
			"__comment": "Voxels",
			"from": [ -3, 5, 16 ],
			"to": [ 10, 6, 17 ],
			"faces": {
				"down": { "uv": [ 11.5, 15.75, 14.75, 16 ], "texture": "#diamond_sword" },
				"up": { "uv": [ 10.5, 10.5, 13.75, 10.25 ], "texture": "#diamond_sword" },
				"north": { "uv": [ 13.75, 10.75, 10.5, 11 ], "texture": "#diamond_sword" },
				"south": { "uv": [ 10.5, 10.5, 13.75, 10.75 ], "texture": "#diamond_sword" },
				"west": { "uv": [ 9.5, 2, 9.75, 2.25 ], "texture": "#diamond_sword" },
				"east": { "uv": [ 9.75, 2.25, 9.5, 2.5 ], "texture": "#diamond_sword" }
			}
		},
		{
			"__comment": "Voxels",
			"from": [ -3, 11, 16 ],
			"to": [ 10, 12, 17 ],
			"faces": {
				"down": { "uv": [ 11.5, 14, 14.75, 14.25 ], "texture": "#diamond_sword" },
				"up": { "uv": [ 10.5, 11.75, 13.75, 11.5 ], "texture": "#diamond_sword" },
				"north": { "uv": [ 13.75, 11.25, 10.5, 11.5 ], "texture": "#diamond_sword" },
				"south": { "uv": [ 11.5, 15.5, 14.75, 15.75 ], "texture": "#diamond_sword" },
				"west": { "uv": [ 9.5, 2.5, 9.75, 2.75 ], "texture": "#diamond_sword" },
				"east": { "uv": [ 9.75, 3.25, 9.5, 3.5 ], "texture": "#diamond_sword" }
			}
		},
		{
			"__comment": "Voxels",
			"from": [ -2, 4, 16 ],
			"to": [ 4, 5, 17 ],
			"faces": {
				"down": { "uv": [ 4, 7, 5.5, 7.25 ], "texture": "#diamond_sword" },
				"up": { "uv": [ 4, 4.25, 5.5, 4 ], "texture": "#diamond_sword" },
				"north": { "uv": [ 5.5, 6.75, 4, 7 ], "texture": "#diamond_sword" },
				"south": { "uv": [ 4, 6.5, 5.5, 6.75 ], "texture": "#diamond_sword" },
				"west": { "uv": [ 9.5, 3.5, 9.75, 3.75 ], "texture": "#diamond_sword" },
				"east": { "uv": [ 9.75, 4.75, 9.5, 5 ], "texture": "#diamond_sword" }
			}
		},
		{
			"__comment": "Voxels",
			"from": [ -2, 7, 13 ],
			"to": [ 6, 8, 14 ],
			"faces": {
				"down": { "uv": [ 14, 9, 16, 9.25 ], "texture": "#diamond_sword" },
				"up": { "uv": [ 14, 9, 16, 8.75 ], "texture": "#diamond_sword" },
				"north": { "uv": [ 16, 8.5, 14, 8.75 ], "texture": "#diamond_sword" },
				"south": { "uv": [ 14, 8.25, 16, 8.5 ], "texture": "#diamond_sword" },
				"west": { "uv": [ 9.25, 5, 9.5, 5.25 ], "texture": "#diamond_sword" },
				"east": { "uv": [ 9.5, 5.25, 9.25, 5.5 ], "texture": "#diamond_sword" }
			}
		},
		{
			"__comment": "Voxels",
			"from": [ -2, 7, 19 ],
			"to": [ 6, 8, 20 ],
			"faces": {
				"down": { "uv": [ 14, 8, 16, 8.25 ], "texture": "#diamond_sword" },
				"up": { "uv": [ 14, 9.5, 16, 9.25 ], "texture": "#diamond_sword" },
				"north": { "uv": [ 16, 9.75, 14, 10 ], "texture": "#diamond_sword" },
				"south": { "uv": [ 1.25, 1.5, 3.25, 1.75 ], "texture": "#diamond_sword" },
				"west": { "uv": [ 9, 0, 9.25, 0.25 ], "texture": "#diamond_sword" },
				"east": { "uv": [ 9.25, 0.25, 9, 0.5 ], "texture": "#diamond_sword" }
			}
		},
		{
			"__comment": "Voxels",
			"from": [ -2, 9, 13 ],
			"to": [ 6, 10, 14 ],
			"faces": {
				"down": { "uv": [ 1.25, 1.25, 3.25, 1.5 ], "texture": "#diamond_sword" },
				"up": { "uv": [ 1.25, 1.25, 3.25, 1 ], "texture": "#diamond_sword" },
				"north": { "uv": [ 3.25, 0.75, 1.25, 1 ], "texture": "#diamond_sword" },
				"south": { "uv": [ 13.75, 11.5, 15.75, 11.75 ], "texture": "#diamond_sword" },
				"west": { "uv": [ 9, 1.5, 9.25, 1.75 ], "texture": "#diamond_sword" },
				"east": { "uv": [ 9.25, 1.75, 9, 2 ], "texture": "#diamond_sword" }
			}
		},
		{
			"__comment": "Voxels",
			"from": [ -2, 9, 19 ],
			"to": [ 6, 10, 20 ],
			"faces": {
				"down": { "uv": [ 13.75, 11.25, 15.75, 11.5 ], "texture": "#diamond_sword" },
				"up": { "uv": [ 13.75, 11.25, 15.75, 11 ], "texture": "#diamond_sword" },
				"north": { "uv": [ 15.75, 10.75, 13.75, 11 ], "texture": "#diamond_sword" },
				"south": { "uv": [ 13.75, 10.25, 15.75, 10.5 ], "texture": "#diamond_sword" },
				"west": { "uv": [ 8.75, 0.5, 9, 0.75 ], "texture": "#diamond_sword" },
				"east": { "uv": [ 16, 7, 15.75, 7.25 ], "texture": "#diamond_sword" }
			}
		},
		{
			"__comment": "Voxels",
			"from": [ -2, 12, 16 ],
			"to": [ 4, 13, 17 ],
			"faces": {
				"down": { "uv": [ 4, 7.75, 5.5, 8 ], "texture": "#diamond_sword" },
				"up": { "uv": [ 4, 7.75, 5.5, 7.5 ], "texture": "#diamond_sword" },
				"north": { "uv": [ 5.5, 7.25, 4, 7.5 ], "texture": "#diamond_sword" },
				"south": { "uv": [ 4, 5.5, 5.5, 5.75 ], "texture": "#diamond_sword" },
				"west": { "uv": [ 7, 0, 7.25, 0.25 ], "texture": "#diamond_sword" },
				"east": { "uv": [ 6.75, 1.25, 6.5, 1.5 ], "texture": "#diamond_sword" }
			}
		},
		{
			"__comment": "Voxels",
			"from": [ -1, 1, 16 ],
			"to": [ 3, 3, 17 ],
			"faces": {
				"down": { "uv": [ 5.5, 1, 6.5, 1.25 ], "texture": "#diamond_sword" },
				"up": { "uv": [ 5.5, 1, 6.5, 0.75 ], "texture": "#diamond_sword" },
				"north": { "uv": [ 3.25, 1.75, 2.25, 2.25 ], "texture": "#diamond_sword" },
				"south": { "uv": [ 1.25, 1.75, 2.25, 2.25 ], "texture": "#diamond_sword" },
				"west": { "uv": [ 9, 4, 9.25, 4.5 ], "texture": "#diamond_sword" },
				"east": { "uv": [ 9.25, 3.5, 9, 4 ], "texture": "#diamond_sword" }
			}
		},
		{
			"__comment": "Voxels",
			"from": [ -1, 2, 15 ],
			"to": [ 3, 3, 16 ],
			"faces": {
				"down": { "uv": [ 6.75, 5, 7.75, 5.25 ], "texture": "#diamond_sword" },
				"up": { "uv": [ 6.75, 5, 7.75, 4.75 ], "texture": "#diamond_sword" },
				"north": { "uv": [ 7.75, 4.5, 6.75, 4.75 ], "texture": "#diamond_sword" },
				"south": { "uv": [ 6.75, 4.25, 7.75, 4.5 ], "texture": "#diamond_sword" },
				"west": { "uv": [ 9.5, 3.75, 9.75, 4 ], "texture": "#diamond_sword" },
				"east": { "uv": [ 9.75, 4, 9.5, 4.25 ], "texture": "#diamond_sword" }
			}
		},
		{
			"__comment": "Voxels",
			"from": [ -1, 2, 17 ],
			"to": [ 3, 3, 18 ],
			"faces": {
				"down": { "uv": [ 4.5, 2, 5.5, 2.25 ], "texture": "#diamond_sword" },
				"up": { "uv": [ 6.75, 8, 7.75, 7.75 ], "texture": "#diamond_sword" },
				"north": { "uv": [ 6.5, 0, 5.5, 0.25 ], "texture": "#diamond_sword" },
				"south": { "uv": [ 6.75, 1.75, 7.75, 2 ], "texture": "#diamond_sword" },
				"west": { "uv": [ 6.5, 1, 6.75, 1.25 ], "texture": "#diamond_sword" },
				"east": { "uv": [ 7, 0, 6.75, 0.25 ], "texture": "#diamond_sword" }
			}
		},
		{
			"__comment": "Voxels",
			"from": [ -1, 3, 15 ],
			"to": [ 2, 7, 16 ],
			"faces": {
				"down": { "uv": [ 9, 7.25, 9.75, 7.5 ], "texture": "#diamond_sword" },
				"up": { "uv": [ 10.25, 7.75, 11, 7.5 ], "texture": "#diamond_sword" },
				"north": { "uv": [ 2.25, 6, 1.5, 7 ], "texture": "#diamond_sword" },
				"south": { "uv": [ 2.25, 6, 3, 7 ], "texture": "#diamond_sword" },
				"west": { "uv": [ 3, 6, 3.25, 7 ], "texture": "#diamond_sword" },
				"east": { "uv": [ 7, 0.25, 6.75, 1.25 ], "texture": "#diamond_sword" }
			}
		},
		{
			"__comment": "Voxels",
			"from": [ -1, 3, 16 ],
			"to": [ 2, 4, 18 ],
			"faces": {
				"down": { "uv": [ 4.5, 4.5, 5.25, 5 ], "texture": "#diamond_sword" },
				"up": { "uv": [ 4, 5.5, 4.75, 5 ], "texture": "#diamond_sword" },
				"north": { "uv": [ 11.25, 7.25, 10.5, 7.5 ], "texture": "#diamond_sword" },
				"south": { "uv": [ 14.75, 7.5, 15.5, 7.75 ], "texture": "#diamond_sword" },
				"west": { "uv": [ 12.5, 6.5, 13, 6.75 ], "texture": "#diamond_sword" },
				"east": { "uv": [ 13.5, 6.5, 13, 6.75 ], "texture": "#diamond_sword" }
			}
		},
		{
			"__comment": "Voxels",
			"from": [ -1, 4, 14 ],
			"to": [ 2, 7, 15 ],
			"faces": {
				"down": { "uv": [ 14, 7.5, 14.75, 7.75 ], "texture": "#diamond_sword" },
				"up": { "uv": [ 11.75, 7.75, 12.5, 7.5 ], "texture": "#diamond_sword" },
				"north": { "uv": [ 1.25, 0, 0.5, 0.75 ], "texture": "#diamond_sword" },
				"south": { "uv": [ 0.5, 0.75, 1.25, 1.5 ], "texture": "#diamond_sword" },
				"west": { "uv": [ 7.75, 3, 8, 3.75 ], "texture": "#diamond_sword" },
				"east": { "uv": [ 7.75, 0.5, 7.5, 1.25 ], "texture": "#diamond_sword" }
			}
		},
		{
			"__comment": "Voxels",
			"from": [ -1, 4, 17 ],
			"to": [ 2, 7, 19 ],
			"faces": {
				"down": { "uv": [ 3.25, 1.5, 4, 2 ], "texture": "#diamond_sword" },
				"up": { "uv": [ 3.25, 4, 4, 3.5 ], "texture": "#diamond_sword" },
				"north": { "uv": [ 1.25, 1.5, 0.5, 2.25 ], "texture": "#diamond_sword" },
				"south": { "uv": [ 0.5, 2.25, 1.25, 3 ], "texture": "#diamond_sword" },
				"west": { "uv": [ 4, 5.75, 4.5, 6.5 ], "texture": "#diamond_sword" },
				"east": { "uv": [ 3.25, 0, 2.75, 0.75 ], "texture": "#diamond_sword" }
			}
		},
		{
			"__comment": "Voxels",
			"from": [ -1, 6, 13 ],
			"to": [ 3, 7, 14 ],
			"faces": {
				"down": { "uv": [ 4.5, 1.5, 5.5, 1.75 ], "texture": "#diamond_sword" },
				"up": { "uv": [ 6.75, 3, 7.75, 2.75 ], "texture": "#diamond_sword" },
				"north": { "uv": [ 7.75, 3, 6.75, 3.25 ], "texture": "#diamond_sword" },
				"south": { "uv": [ 6.75, 5.25, 7.75, 5.5 ], "texture": "#diamond_sword" },
				"west": { "uv": [ 11, 6, 11.25, 6.25 ], "texture": "#diamond_sword" },
				"east": { "uv": [ 11.5, 6, 11.25, 6.25 ], "texture": "#diamond_sword" }
			}
		},
		{
			"__comment": "Voxels",
			"from": [ -1, 6, 19 ],
			"to": [ 3, 7, 20 ],
			"faces": {
				"down": { "uv": [ 6.75, 5.5, 7.75, 5.75 ], "texture": "#diamond_sword" },
				"up": { "uv": [ 6.75, 6, 7.75, 5.75 ], "texture": "#diamond_sword" },
				"north": { "uv": [ 7.75, 6, 6.75, 6.25 ], "texture": "#diamond_sword" },
				"south": { "uv": [ 6.75, 6.25, 7.75, 6.5 ], "texture": "#diamond_sword" },
				"west": { "uv": [ 13, 6, 13.25, 6.25 ], "texture": "#diamond_sword" },
				"east": { "uv": [ 13.5, 6, 13.25, 6.25 ], "texture": "#diamond_sword" }
			}
		},
		{
			"__comment": "Voxels",
			"from": [ -1, 10, 13 ],
			"to": [ 3, 11, 14 ],
			"faces": {
				"down": { "uv": [ 6.75, 6.5, 7.75, 6.75 ], "texture": "#diamond_sword" },
				"up": { "uv": [ 6.75, 7, 7.75, 6.75 ], "texture": "#diamond_sword" },
				"north": { "uv": [ 7.75, 7, 6.75, 7.25 ], "texture": "#diamond_sword" },
				"south": { "uv": [ 6.75, 7.25, 7.75, 7.5 ], "texture": "#diamond_sword" },
				"west": { "uv": [ 12, 5.75, 12.25, 6 ], "texture": "#diamond_sword" },
				"east": { "uv": [ 12.5, 5.75, 12.25, 6 ], "texture": "#diamond_sword" }
			}
		},
		{
			"__comment": "Voxels",
			"from": [ -1, 10, 14 ],
			"to": [ 2, 13, 16 ],
			"faces": {
				"down": { "uv": [ 4.75, 5, 5.5, 5.5 ], "texture": "#diamond_sword" },
				"up": { "uv": [ 3.25, 7.5, 4, 7 ], "texture": "#diamond_sword" },
				"north": { "uv": [ 15.5, 15.25, 14.75, 16 ], "texture": "#diamond_sword" },
				"south": { "uv": [ 1.25, 2.25, 2, 3 ], "texture": "#diamond_sword" },
				"west": { "uv": [ 15.5, 14.5, 16, 15.25 ], "texture": "#diamond_sword" },
				"east": { "uv": [ 3.25, 2.25, 2.75, 3 ], "texture": "#diamond_sword" }
			}
		},
		{
			"__comment": "Voxels",
			"from": [ -1, 10, 17 ],
			"to": [ 7, 11, 18 ],
			"faces": {
				"down": { "uv": [ 14, 9.5, 16, 9.75 ], "texture": "#diamond_sword" },
				"up": { "uv": [ 13.75, 12, 15.75, 11.75 ], "texture": "#diamond_sword" },
				"north": { "uv": [ 15.75, 10, 13.75, 10.25 ], "texture": "#diamond_sword" },
				"south": { "uv": [ 13.75, 10.5, 15.75, 10.75 ], "texture": "#diamond_sword" },
				"west": { "uv": [ 10, 5, 10.25, 5.25 ], "texture": "#diamond_sword" },
				"east": { "uv": [ 10.25, 4.75, 10, 5 ], "texture": "#diamond_sword" }
			}
		},
		{
			"__comment": "Voxels",
			"from": [ -1, 10, 18 ],
			"to": [ 2, 13, 19 ],
			"faces": {
				"down": { "uv": [ 12.5, 7.5, 13.25, 7.75 ], "texture": "#diamond_sword" },
				"up": { "uv": [ 13.25, 7.75, 14, 7.5 ], "texture": "#diamond_sword" },
				"north": { "uv": [ 15.5, 14.5, 14.75, 15.25 ], "texture": "#diamond_sword" },
				"south": { "uv": [ 2, 2.25, 2.75, 3 ], "texture": "#diamond_sword" },
				"west": { "uv": [ 7.75, 3.75, 8, 4.5 ], "texture": "#diamond_sword" },
				"east": { "uv": [ 8.25, 3.75, 8, 4.5 ], "texture": "#diamond_sword" }
			}
		},
		{
			"__comment": "Voxels",
			"from": [ -1, 10, 19 ],
			"to": [ 3, 11, 20 ],
			"faces": {
				"down": { "uv": [ 6.75, 2, 7.75, 2.25 ], "texture": "#diamond_sword" },
				"up": { "uv": [ 6.75, 2.75, 7.75, 2.5 ], "texture": "#diamond_sword" },
				"north": { "uv": [ 7.75, 1.5, 6.75, 1.75 ], "texture": "#diamond_sword" },
				"south": { "uv": [ 6.75, 1.25, 7.75, 1.5 ], "texture": "#diamond_sword" },
				"west": { "uv": [ 12.5, 5.5, 12.75, 5.75 ], "texture": "#diamond_sword" },
				"east": { "uv": [ 13, 5.5, 12.75, 5.75 ], "texture": "#diamond_sword" }
			}
		},
		{
			"__comment": "Voxels",
			"from": [ -1, 11, 17 ],
			"to": [ 2, 15, 18 ],
			"faces": {
				"down": { "uv": [ 13.5, 7.25, 14.25, 7.5 ], "texture": "#diamond_sword" },
				"up": { "uv": [ 15, 7.5, 15.75, 7.25 ], "texture": "#diamond_sword" },
				"north": { "uv": [ 1.5, 6, 0.75, 7 ], "texture": "#diamond_sword" },
				"south": { "uv": [ 0, 6, 0.75, 7 ], "texture": "#diamond_sword" },
				"west": { "uv": [ 7, 0.25, 7.25, 1.25 ], "texture": "#diamond_sword" },
				"east": { "uv": [ 7.5, 0.25, 7.25, 1.25 ], "texture": "#diamond_sword" }
			}
		},
		{
			"__comment": "Voxels",
			"from": [ -1, 13, 15 ],
			"to": [ 2, 15, 17 ],
			"faces": {
				"down": { "uv": [ 3.25, 5, 4, 5.5 ], "texture": "#diamond_sword" },
				"up": { "uv": [ 3.25, 6, 4, 5.5 ], "texture": "#diamond_sword" },
				"north": { "uv": [ 4, 6, 3.25, 6.5 ], "texture": "#diamond_sword" },
				"south": { "uv": [ 3.25, 6.5, 4, 7 ], "texture": "#diamond_sword" },
				"west": { "uv": [ 7.75, 7.25, 8.25, 7.75 ], "texture": "#diamond_sword" },
				"east": { "uv": [ 8.25, 6.75, 7.75, 7.25 ], "texture": "#diamond_sword" }
			}
		},
		{
			"__comment": "Voxels",
			"from": [ -1, 15, 16 ],
			"to": [ 3, 16, 17 ],
			"faces": {
				"down": { "uv": [ 8.75, 7.75, 9.75, 8 ], "texture": "#diamond_sword" },
				"up": { "uv": [ 9.75, 8, 10.75, 7.75 ], "texture": "#diamond_sword" },
				"north": { "uv": [ 5.5, 5.75, 4.5, 6 ], "texture": "#diamond_sword" },
				"south": { "uv": [ 4.5, 4.25, 5.5, 4.5 ], "texture": "#diamond_sword" },
				"west": { "uv": [ 5.25, 1.25, 5.5, 1.5 ], "texture": "#diamond_sword" },
				"east": { "uv": [ 5.5, 1, 5.25, 1.25 ], "texture": "#diamond_sword" }
			}
		},
		{
			"__comment": "Voxels",
			"from": [ 0, -1, 16 ],
			"to": [ 3, 1, 17 ],
			"faces": {
				"down": { "uv": [ 8.25, 7.25, 9, 7.5 ], "texture": "#diamond_sword" },
				"up": { "uv": [ 9.75, 7.5, 10.5, 7.25 ], "texture": "#diamond_sword" },
				"north": { "uv": [ 4, 7.5, 3.25, 8 ], "texture": "#diamond_sword" },
				"south": { "uv": [ 2, 0.25, 2.75, 0.75 ], "texture": "#diamond_sword" },
				"west": { "uv": [ 9, 3, 9.25, 3.5 ], "texture": "#diamond_sword" },
				"east": { "uv": [ 9.25, 2.5, 9, 3 ], "texture": "#diamond_sword" }
			}
		},
		{
			"__comment": "Voxels",
			"from": [ 0, 0, 15 ],
			"to": [ 3, 2, 16 ],
			"faces": {
				"down": { "uv": [ 11.25, 7.25, 12, 7.5 ], "texture": "#diamond_sword" },
				"up": { "uv": [ 12, 7.5, 12.75, 7.25 ], "texture": "#diamond_sword" },
				"north": { "uv": [ 2, 0.25, 1.25, 0.75 ], "texture": "#diamond_sword" },
				"south": { "uv": [ 4, 3, 4.75, 3.5 ], "texture": "#diamond_sword" },
				"west": { "uv": [ 9, 2, 9.25, 2.5 ], "texture": "#diamond_sword" },
				"east": { "uv": [ 5.5, 6, 5.25, 6.5 ], "texture": "#diamond_sword" }
			}
		},
		{
			"__comment": "Voxels",
			"from": [ 0, 0, 17 ],
			"to": [ 3, 2, 18 ],
			"faces": {
				"down": { "uv": [ 12.75, 7.25, 13.5, 7.5 ], "texture": "#diamond_sword" },
				"up": { "uv": [ 14.25, 7.5, 15, 7.25 ], "texture": "#diamond_sword" },
				"north": { "uv": [ 5.5, 3.5, 4.75, 4 ], "texture": "#diamond_sword" },
				"south": { "uv": [ 4, 3.5, 4.75, 4 ], "texture": "#diamond_sword" },
				"west": { "uv": [ 5.25, 4.5, 5.5, 5 ], "texture": "#diamond_sword" },
				"east": { "uv": [ 5.5, 3, 5.25, 3.5 ], "texture": "#diamond_sword" }
			}
		},
		{
			"__comment": "Voxels",
			"from": [ 0, 15, 15 ],
			"to": [ 3, 17, 16 ],
			"faces": {
				"down": { "uv": [ 8.25, 7, 9, 7.25 ], "texture": "#diamond_sword" },
				"up": { "uv": [ 9, 7.25, 9.75, 7 ], "texture": "#diamond_sword" },
				"north": { "uv": [ 5.25, 6, 4.5, 6.5 ], "texture": "#diamond_sword" },
				"south": { "uv": [ 3.25, 0, 4, 0.5 ], "texture": "#diamond_sword" },
				"west": { "uv": [ 8, 0.25, 8.25, 0.75 ], "texture": "#diamond_sword" },
				"east": { "uv": [ 8.5, 1.75, 8.25, 2.25 ], "texture": "#diamond_sword" }
			}
		},
		{
			"__comment": "Voxels",
			"from": [ 0, 15, 17 ],
			"to": [ 3, 17, 18 ],
			"faces": {
				"down": { "uv": [ 11.25, 7, 12, 7.25 ], "texture": "#diamond_sword" },
				"up": { "uv": [ 8.25, 6.75, 9, 6.5 ], "texture": "#diamond_sword" },
				"north": { "uv": [ 4, 0.5, 3.25, 1 ], "texture": "#diamond_sword" },
				"south": { "uv": [ 3.25, 1, 4, 1.5 ], "texture": "#diamond_sword" },
				"west": { "uv": [ 8.5, 1.75, 8.75, 2.25 ], "texture": "#diamond_sword" },
				"east": { "uv": [ 9, 1.75, 8.75, 2.25 ], "texture": "#diamond_sword" }
			}
		},
		{
			"__comment": "Voxels",
			"from": [ 0, 16, 16 ],
			"to": [ 3, 18, 17 ],
			"faces": {
				"down": { "uv": [ 8.25, 6.25, 9, 6.5 ], "texture": "#diamond_sword" },
				"up": { "uv": [ 8.25, 6.25, 9, 6 ], "texture": "#diamond_sword" },
				"north": { "uv": [ 4, 4, 3.25, 4.5 ], "texture": "#diamond_sword" },
				"south": { "uv": [ 3.25, 4.5, 4, 5 ], "texture": "#diamond_sword" },
				"west": { "uv": [ 8.25, 1.25, 8.5, 1.75 ], "texture": "#diamond_sword" },
				"east": { "uv": [ 8.75, 1.25, 8.5, 1.75 ], "texture": "#diamond_sword" }
			}
		},
		{
			"__comment": "Voxels",
			"from": [ 2, 6, 14 ],
			"to": [ 3, 7, 15 ],
			"faces": {
				"down": { "uv": [ 9.25, 4.75, 9.5, 5 ], "texture": "#diamond_sword" },
				"up": { "uv": [ 9.25, 4.75, 9.5, 4.5 ], "texture": "#diamond_sword" },
				"north": { "uv": [ 9.5, 4.25, 9.25, 4.5 ], "texture": "#diamond_sword" },
				"south": { "uv": [ 9.25, 4, 9.5, 4.25 ], "texture": "#diamond_sword" },
				"west": { "uv": [ 9.25, 3.75, 9.5, 4 ], "texture": "#diamond_sword" },
				"east": { "uv": [ 9.5, 3.5, 9.25, 3.75 ], "texture": "#diamond_sword" }
			}
		},
		{
			"__comment": "Voxels",
			"from": [ 2, 6, 17 ],
			"to": [ 7, 7, 18 ],
			"faces": {
				"down": { "uv": [ 14.75, 14, 16, 14.25 ], "texture": "#diamond_sword" },
				"up": { "uv": [ 14.75, 14.5, 16, 14.25 ], "texture": "#diamond_sword" },
				"north": { "uv": [ 6.75, 2.5, 5.5, 2.75 ], "texture": "#diamond_sword" },
				"south": { "uv": [ 5.5, 2.75, 6.75, 3 ], "texture": "#diamond_sword" },
				"west": { "uv": [ 9.25, 2.25, 9.5, 2.5 ], "texture": "#diamond_sword" },
				"east": { "uv": [ 9.5, 2, 9.25, 2.25 ], "texture": "#diamond_sword" }
			}
		},
		{
			"__comment": "Voxels",
			"from": [ 2, 6, 18 ],
			"to": [ 3, 7, 19 ],
			"faces": {
				"down": { "uv": [ 9.25, 1.75, 9.5, 2 ], "texture": "#diamond_sword" },
				"up": { "uv": [ 9.25, 1.75, 9.5, 1.5 ], "texture": "#diamond_sword" },
				"north": { "uv": [ 9.5, 1.25, 9.25, 1.5 ], "texture": "#diamond_sword" },
				"south": { "uv": [ 9.25, 1, 9.5, 1.25 ], "texture": "#diamond_sword" },
				"west": { "uv": [ 9.25, 0.75, 9.5, 1 ], "texture": "#diamond_sword" },
				"east": { "uv": [ 9.5, 0.5, 9.25, 0.75 ], "texture": "#diamond_sword" }
			}
		},
		{
			"__comment": "Voxels",
			"from": [ 2, 8, 12 ],
			"to": [ 6, 9, 13 ],
			"faces": {
				"down": { "uv": [ 6.75, 2.25, 7.75, 2.5 ], "texture": "#diamond_sword" },
				"up": { "uv": [ 4.5, 2, 5.5, 1.75 ], "texture": "#diamond_sword" },
				"north": { "uv": [ 6.5, 1.25, 5.5, 1.5 ], "texture": "#diamond_sword" },
				"south": { "uv": [ 5.5, 0.5, 6.5, 0.75 ], "texture": "#diamond_sword" },
				"west": { "uv": [ 10, 6.25, 10.25, 6.5 ], "texture": "#diamond_sword" },
				"east": { "uv": [ 10.5, 6.25, 10.25, 6.5 ], "texture": "#diamond_sword" }
			}
		},
		{
			"__comment": "Voxels",
			"from": [ 2, 8, 20 ],
			"to": [ 6, 9, 21 ],
			"faces": {
				"down": { "uv": [ 5.5, 0.25, 6.5, 0.5 ], "texture": "#diamond_sword" },
				"up": { "uv": [ 6.75, 7.75, 7.75, 7.5 ], "texture": "#diamond_sword" },
				"north": { "uv": [ 7.75, 4, 6.75, 4.25 ], "texture": "#diamond_sword" },
				"south": { "uv": [ 6.75, 3.75, 7.75, 4 ], "texture": "#diamond_sword" },
				"west": { "uv": [ 11.5, 6.25, 11.75, 6.5 ], "texture": "#diamond_sword" },
				"east": { "uv": [ 12, 6.25, 11.75, 6.5 ], "texture": "#diamond_sword" }
			}
		},
		{
			"__comment": "Voxels",
			"from": [ 2, 10, 15 ],
			"to": [ 7, 11, 16 ],
			"faces": {
				"down": { "uv": [ 5.5, 3.25, 6.75, 3.5 ], "texture": "#diamond_sword" },
				"up": { "uv": [ 5.5, 3.75, 6.75, 3.5 ], "texture": "#diamond_sword" },
				"north": { "uv": [ 6.75, 3.75, 5.5, 4 ], "texture": "#diamond_sword" },
				"south": { "uv": [ 5.5, 5, 6.75, 5.25 ], "texture": "#diamond_sword" },
				"west": { "uv": [ 13, 6.25, 13.25, 6.5 ], "texture": "#diamond_sword" },
				"east": { "uv": [ 13.5, 6.25, 13.25, 6.5 ], "texture": "#diamond_sword" }
			}
		},
		{
			"__comment": "Voxels",
			"from": [ 2, 14, 15 ],
			"to": [ 3, 15, 18 ],
			"faces": {
				"down": { "uv": [ 8, 1.5, 8.25, 2.25 ], "texture": "#diamond_sword" },
				"up": { "uv": [ 7.75, 0.75, 8, 0 ], "texture": "#diamond_sword" },
				"north": { "uv": [ 14.25, 6.25, 14, 6.5 ], "texture": "#diamond_sword" },
				"south": { "uv": [ 14.25, 6.25, 14.5, 6.5 ], "texture": "#diamond_sword" },
				"west": { "uv": [ 11, 7.5, 11.75, 7.75 ], "texture": "#diamond_sword" },
				"east": { "uv": [ 9, 5.5, 8.25, 5.75 ], "texture": "#diamond_sword" }
			}
		},
		{
			"__comment": "Voxels",
			"from": [ 3, 7, 12 ],
			"to": [ 6, 8, 13 ],
			"faces": {
				"down": { "uv": [ 8.25, 5.25, 9, 5.5 ], "texture": "#diamond_sword" },
				"up": { "uv": [ 8.25, 5.25, 9, 5 ], "texture": "#diamond_sword" },
				"north": { "uv": [ 9, 4.75, 8.25, 5 ], "texture": "#diamond_sword" },
				"south": { "uv": [ 8.25, 4.5, 9, 4.75 ], "texture": "#diamond_sword" },
				"west": { "uv": [ 9.5, 6, 9.75, 6.25 ], "texture": "#diamond_sword" },
				"east": { "uv": [ 9.75, 5.75, 9.5, 6 ], "texture": "#diamond_sword" }
			}
		},
		{
			"__comment": "Voxels",
			"from": [ 3, 7, 20 ],
			"to": [ 6, 8, 21 ],
			"faces": {
				"down": { "uv": [ 8.25, 4.25, 9, 4.5 ], "texture": "#diamond_sword" },
				"up": { "uv": [ 1.25, 0.25, 2, 0 ], "texture": "#diamond_sword" },
				"north": { "uv": [ 2.75, 0, 2, 0.25 ], "texture": "#diamond_sword" },
				"south": { "uv": [ 9.75, 7, 10.5, 7.25 ], "texture": "#diamond_sword" },
				"west": { "uv": [ 9.5, 4.5, 9.75, 4.75 ], "texture": "#diamond_sword" },
				"east": { "uv": [ 9.75, 4.25, 9.5, 4.5 ], "texture": "#diamond_sword" }
			}
		},
		{
			"__comment": "Voxels",
			"from": [ 3, 9, 12 ],
			"to": [ 6, 10, 13 ],
			"faces": {
				"down": { "uv": [ 10.5, 7, 11.25, 7.25 ], "texture": "#diamond_sword" },
				"up": { "uv": [ 8.25, 6, 9, 5.75 ], "texture": "#diamond_sword" },
				"north": { "uv": [ 12.75, 7, 12, 7.25 ], "texture": "#diamond_sword" },
				"south": { "uv": [ 12.75, 7, 13.5, 7.25 ], "texture": "#diamond_sword" },
				"west": { "uv": [ 9.5, 3, 9.75, 3.25 ], "texture": "#diamond_sword" },
				"east": { "uv": [ 9.75, 2.75, 9.5, 3 ], "texture": "#diamond_sword" }
			}
		},
		{
			"__comment": "Voxels",
			"from": [ 3, 9, 20 ],
			"to": [ 6, 10, 21 ],
			"faces": {
				"down": { "uv": [ 13.5, 7, 14.25, 7.25 ], "texture": "#diamond_sword" },
				"up": { "uv": [ 14.25, 7.25, 15, 7 ], "texture": "#diamond_sword" },
				"north": { "uv": [ 15.75, 7, 15, 7.25 ], "texture": "#diamond_sword" },
				"south": { "uv": [ 8.25, 6.75, 9, 7 ], "texture": "#diamond_sword" },
				"west": { "uv": [ 9.5, 1.5, 9.75, 1.75 ], "texture": "#diamond_sword" },
				"east": { "uv": [ 9.75, 1.25, 9.5, 1.5 ], "texture": "#diamond_sword" }
			}
		},
		{
			"__comment": "Voxels",
			"from": [ 4, 7, 11 ],
			"to": [ 6, 10, 12 ],
			"faces": {
				"down": { "uv": [ 2.75, 4, 3.25, 4.25 ], "texture": "#diamond_sword" },
				"up": { "uv": [ 2.75, 4, 3.25, 3.75 ], "texture": "#diamond_sword" },
				"north": { "uv": [ 4.5, 2.25, 4, 3 ], "texture": "#diamond_sword" },
				"south": { "uv": [ 4.5, 2.25, 5, 3 ], "texture": "#diamond_sword" },
				"west": { "uv": [ 8, 2.25, 8.25, 3 ], "texture": "#diamond_sword" },
				"east": { "uv": [ 8, 1.5, 7.75, 2.25 ], "texture": "#diamond_sword" }
			}
		},
		{
			"__comment": "Voxels",
			"from": [ 4, 7, 21 ],
			"to": [ 6, 10, 22 ],
			"faces": {
				"down": { "uv": [ 15.5, 7.5, 16, 7.75 ], "texture": "#diamond_sword" },
				"up": { "uv": [ 8.5, 1.25, 9, 1 ], "texture": "#diamond_sword" },
				"north": { "uv": [ 5.5, 2.25, 5, 3 ], "texture": "#diamond_sword" },
				"south": { "uv": [ 4, 1.5, 4.5, 2.25 ], "texture": "#diamond_sword" },
				"west": { "uv": [ 7.75, 0.75, 8, 1.5 ], "texture": "#diamond_sword" },
				"east": { "uv": [ 8.25, 0.75, 8, 1.5 ], "texture": "#diamond_sword" }
			}
		},
		{
			"__comment": "Voxels",
			"from": [ 5, 4, 16 ],
			"to": [ 7, 5, 17 ],
			"faces": {
				"down": { "uv": [ 9, 6.75, 9.5, 7 ], "texture": "#diamond_sword" },
				"up": { "uv": [ 9.5, 7, 10, 6.75 ], "texture": "#diamond_sword" },
				"north": { "uv": [ 10.5, 6.75, 10, 7 ], "texture": "#diamond_sword" },
				"south": { "uv": [ 10.5, 6.75, 11, 7 ], "texture": "#diamond_sword" },
				"west": { "uv": [ 12.5, 6, 12.75, 6.25 ], "texture": "#diamond_sword" },
				"east": { "uv": [ 13, 6, 12.75, 6.25 ], "texture": "#diamond_sword" }
			}
		},
		{
			"__comment": "Voxels",
			"from": [ 5, 12, 16 ],
			"to": [ 7, 13, 17 ],
			"faces": {
				"down": { "uv": [ 11, 6.75, 11.5, 7 ], "texture": "#diamond_sword" },
				"up": { "uv": [ 11.5, 7, 12, 6.75 ], "texture": "#diamond_sword" },
				"north": { "uv": [ 12.5, 6.75, 12, 7 ], "texture": "#diamond_sword" },
				"south": { "uv": [ 12.5, 6.75, 13, 7 ], "texture": "#diamond_sword" },
				"west": { "uv": [ 14, 6, 14.25, 6.25 ], "texture": "#diamond_sword" },
				"east": { "uv": [ 14.5, 6, 14.25, 6.25 ], "texture": "#diamond_sword" }
			}
		},
		{
			"__comment": "Voxels",
			"from": [ 8, 8, 15 ],
			"to": [ 9, 9, 16 ],
			"faces": {
				"down": { "uv": [ 14.5, 6, 14.75, 6.25 ], "texture": "#diamond_sword" },
				"up": { "uv": [ 14.75, 6.25, 15, 6 ], "texture": "#diamond_sword" },
				"north": { "uv": [ 15.25, 6, 15, 6.25 ], "texture": "#diamond_sword" },
				"south": { "uv": [ 15.25, 6, 15.5, 6.25 ], "texture": "#diamond_sword" },
				"west": { "uv": [ 15.5, 6, 15.75, 6.25 ], "texture": "#diamond_sword" },
				"east": { "uv": [ 16, 6, 15.75, 6.25 ], "texture": "#diamond_sword" }
			}
		},
		{
			"__comment": "Voxels",
			"from": [ 8, 8, 17 ],
			"to": [ 9, 9, 18 ],
			"faces": {
				"down": { "uv": [ 9.75, 5.75, 10, 6 ], "texture": "#diamond_sword" },
				"up": { "uv": [ 9.75, 5.75, 10, 5.5 ], "texture": "#diamond_sword" },
				"north": { "uv": [ 10, 5.25, 9.75, 5.5 ], "texture": "#diamond_sword" },
				"south": { "uv": [ 9.75, 5, 10, 5.25 ], "texture": "#diamond_sword" },
				"west": { "uv": [ 9.75, 4.75, 10, 5 ], "texture": "#diamond_sword" },
				"east": { "uv": [ 10, 4.5, 9.75, 4.75 ], "texture": "#diamond_sword" }
			}
		},
		{
			"__comment": "Voxels",
			"from": [ 11, 8, 15 ],
			"to": [ 12, 9, 16 ],
			"faces": {
				"down": { "uv": [ 9.75, 4.25, 10, 4.5 ], "texture": "#diamond_sword" },
				"up": { "uv": [ 9.75, 4.25, 10, 4 ], "texture": "#diamond_sword" },
				"north": { "uv": [ 10, 3.75, 9.75, 4 ], "texture": "#diamond_sword" },
				"south": { "uv": [ 9.75, 3.5, 10, 3.75 ], "texture": "#diamond_sword" },
				"west": { "uv": [ 9.75, 3.25, 10, 3.5 ], "texture": "#diamond_sword" },
				"east": { "uv": [ 10, 3, 9.75, 3.25 ], "texture": "#diamond_sword" }
			}
		},
		{
			"__comment": "Voxels",
			"from": [ 11, 8, 17 ],
			"to": [ 12, 9, 18 ],
			"faces": {
				"down": { "uv": [ 9.75, 2.75, 10, 3 ], "texture": "#diamond_sword" },
				"up": { "uv": [ 9.75, 2.75, 10, 2.5 ], "texture": "#diamond_sword" },
				"north": { "uv": [ 10, 2.25, 9.75, 2.5 ], "texture": "#diamond_sword" },
				"south": { "uv": [ 9.75, 2, 10, 2.25 ], "texture": "#diamond_sword" },
				"west": { "uv": [ 9.75, 1.75, 10, 2 ], "texture": "#diamond_sword" },
				"east": { "uv": [ 10, 1.5, 9.75, 1.75 ], "texture": "#diamond_sword" }
			}
		},
		{
			"__comment": "Voxels",
			"from": [ 16, 8, 15 ],
			"to": [ 17, 9, 16 ],
			"faces": {
				"down": { "uv": [ 9.75, 1.25, 10, 1.5 ], "texture": "#diamond_sword" },
				"up": { "uv": [ 9.75, 1.25, 10, 1 ], "texture": "#diamond_sword" },
				"north": { "uv": [ 10, 0.75, 9.75, 1 ], "texture": "#diamond_sword" },
				"south": { "uv": [ 9.75, 0.5, 10, 0.75 ], "texture": "#diamond_sword" },
				"west": { "uv": [ 9.75, 0.25, 10, 0.5 ], "texture": "#diamond_sword" },
				"east": { "uv": [ 10, 0, 9.75, 0.25 ], "texture": "#diamond_sword" }
			}
		},
		{
			"__comment": "Voxels",
			"from": [ 16, 8, 17 ],
			"to": [ 17, 9, 18 ],
			"faces": {
				"down": { "uv": [ 10, 5.75, 10.25, 6 ], "texture": "#diamond_sword" },
				"up": { "uv": [ 10.25, 6, 10.5, 5.75 ], "texture": "#diamond_sword" },
				"north": { "uv": [ 10.75, 5.75, 10.5, 6 ], "texture": "#diamond_sword" },
				"south": { "uv": [ 10.75, 5.75, 11, 6 ], "texture": "#diamond_sword" },
				"west": { "uv": [ 11, 5.75, 11.25, 6 ], "texture": "#diamond_sword" },
				"east": { "uv": [ 11.5, 5.75, 11.25, 6 ], "texture": "#diamond_sword" }
			}
		},
		{
			"__comment": "Voxels",
			"from": [ 20, 8, 15 ],
			"to": [ 22, 9, 16 ],
			"faces": {
				"down": { "uv": [ 13, 6.75, 13.5, 7 ], "texture": "#diamond_sword" },
				"up": { "uv": [ 13.5, 7, 14, 6.75 ], "texture": "#diamond_sword" },
				"north": { "uv": [ 14.5, 6.75, 14, 7 ], "texture": "#diamond_sword" },
				"south": { "uv": [ 14.5, 6.75, 15, 7 ], "texture": "#diamond_sword" },
				"west": { "uv": [ 12.5, 5.75, 12.75, 6 ], "texture": "#diamond_sword" },
				"east": { "uv": [ 13, 5.75, 12.75, 6 ], "texture": "#diamond_sword" }
			}
		},
		{
			"__comment": "Voxels",
			"from": [ 20, 8, 17 ],
			"to": [ 22, 9, 18 ],
			"faces": {
				"down": { "uv": [ 15, 6.75, 15.5, 7 ], "texture": "#diamond_sword" },
				"up": { "uv": [ 15.5, 7, 16, 6.75 ], "texture": "#diamond_sword" },
				"north": { "uv": [ 9.5, 6.5, 9, 6.75 ], "texture": "#diamond_sword" },
				"south": { "uv": [ 9.5, 6.5, 10, 6.75 ], "texture": "#diamond_sword" },
				"west": { "uv": [ 14, 5.75, 14.25, 6 ], "texture": "#diamond_sword" },
				"east": { "uv": [ 14.5, 5.75, 14.25, 6 ], "texture": "#diamond_sword" }
			}
		},
		{
			"__comment": "Voxels",
			"from": [ 22, 5, 16 ],
			"to": [ 26, 6, 17 ],
			"faces": {
				"down": { "uv": [ 7.75, 7.75, 8.75, 8 ], "texture": "#diamond_sword" },
				"up": { "uv": [ 10.75, 8, 11.75, 7.75 ], "texture": "#diamond_sword" },
				"north": { "uv": [ 12.75, 7.75, 11.75, 8 ], "texture": "#diamond_sword" },
				"south": { "uv": [ 12.75, 7.75, 13.75, 8 ], "texture": "#diamond_sword" },
				"west": { "uv": [ 15.5, 5.75, 15.75, 6 ], "texture": "#diamond_sword" },
				"east": { "uv": [ 16, 5.75, 15.75, 6 ], "texture": "#diamond_sword" }
			}
		},
		{
			"__comment": "Voxels",
			"from": [ 22, 11, 16 ],
			"to": [ 26, 12, 17 ],
			"faces": {
				"down": { "uv": [ 13.75, 7.75, 14.75, 8 ], "texture": "#diamond_sword" },
				"up": { "uv": [ 14.75, 8, 15.75, 7.75 ], "texture": "#diamond_sword" },
				"north": { "uv": [ 9.25, 7.5, 8.25, 7.75 ], "texture": "#diamond_sword" },
				"south": { "uv": [ 9.25, 7.5, 10.25, 7.75 ], "texture": "#diamond_sword" },
				"west": { "uv": [ 10, 4.5, 10.25, 4.75 ], "texture": "#diamond_sword" },
				"east": { "uv": [ 10.25, 4.25, 10, 4.5 ], "texture": "#diamond_sword" }
			}
		},
		{
			"__comment": "Voxels",
			"from": [ 24, 8, 15 ],
			"to": [ 25, 9, 16 ],
			"faces": {
				"down": { "uv": [ 10, 4, 10.25, 4.25 ], "texture": "#diamond_sword" },
				"up": { "uv": [ 10, 4, 10.25, 3.75 ], "texture": "#diamond_sword" },
				"north": { "uv": [ 10.25, 3.5, 10, 3.75 ], "texture": "#diamond_sword" },
				"south": { "uv": [ 10, 3.25, 10.25, 3.5 ], "texture": "#diamond_sword" },
				"west": { "uv": [ 10, 3, 10.25, 3.25 ], "texture": "#diamond_sword" },
				"east": { "uv": [ 10.25, 2.75, 10, 3 ], "texture": "#diamond_sword" }
			}
		},
		{
			"__comment": "Voxels",
			"from": [ 24, 8, 17 ],
			"to": [ 25, 9, 18 ],
			"faces": {
				"down": { "uv": [ 10, 2.5, 10.25, 2.75 ], "texture": "#diamond_sword" },
				"up": { "uv": [ 10, 2.5, 10.25, 2.25 ], "texture": "#diamond_sword" },
				"north": { "uv": [ 10.25, 2, 10, 2.25 ], "texture": "#diamond_sword" },
				"south": { "uv": [ 10, 1.75, 10.25, 2 ], "texture": "#diamond_sword" },
				"west": { "uv": [ 10, 1.5, 10.25, 1.75 ], "texture": "#diamond_sword" },
				"east": { "uv": [ 10.25, 1.25, 10, 1.5 ], "texture": "#diamond_sword" }
			}
		},
		{
			"__comment": "Voxels",
			"from": [ 26, 8, 15 ],
			"to": [ 29, 9, 16 ],
			"faces": {
				"down": { "uv": [ 8.25, 4, 9, 4.25 ], "texture": "#diamond_sword" },
				"up": { "uv": [ 8.25, 4, 9, 3.75 ], "texture": "#diamond_sword" },
				"north": { "uv": [ 9, 3.5, 8.25, 3.75 ], "texture": "#diamond_sword" },
				"south": { "uv": [ 8.25, 3.25, 9, 3.5 ], "texture": "#diamond_sword" },
				"west": { "uv": [ 10, 0, 10.25, 0.25 ], "texture": "#diamond_sword" },
				"east": { "uv": [ 10.5, 5.5, 10.25, 5.75 ], "texture": "#diamond_sword" }
			}
		},
		{
			"__comment": "Voxels",
			"from": [ 26, 8, 17 ],
			"to": [ 29, 9, 18 ],
			"faces": {
				"down": { "uv": [ 8.25, 3, 9, 3.25 ], "texture": "#diamond_sword" },
				"up": { "uv": [ 8.25, 3, 9, 2.75 ], "texture": "#diamond_sword" },
				"north": { "uv": [ 9, 2.5, 8.25, 2.75 ], "texture": "#diamond_sword" },
				"south": { "uv": [ 8.25, 2.25, 9, 2.5 ], "texture": "#diamond_sword" },
				"west": { "uv": [ 11.5, 5.5, 11.75, 5.75 ], "texture": "#diamond_sword" },
				"east": { "uv": [ 12, 5.5, 11.75, 5.75 ], "texture": "#diamond_sword" }
			}
		},
		{
			"__comment": "Voxels",
			"from": [ 30, 8, 16 ],
			"to": [ 32, 9, 17 ],
			"faces": {
				"down": { "uv": [ 13.5, 6.5, 14, 6.75 ], "texture": "#diamond_sword" },
				"up": { "uv": [ 14, 6.75, 14.5, 6.5 ], "texture": "#diamond_sword" },
				"north": { "uv": [ 15, 6.5, 14.5, 6.75 ], "texture": "#diamond_sword" },
				"south": { "uv": [ 15, 6.5, 15.5, 6.75 ], "texture": "#diamond_sword" },
				"west": { "uv": [ 13, 5.5, 13.25, 5.75 ], "texture": "#diamond_sword" },
				"east": { "uv": [ 13.5, 5.5, 13.25, 5.75 ], "texture": "#diamond_sword" }
			}
		}
	],
	"display": {
		"thirdperson_righthand": {
			"rotation":  [ 90, 90, 0 ],
			"translation":  [ -3.4, 8.6, 1.7 ],
			"scale":  [ 0.7, 0.4, 0.4 ]
		},
		"thirdperson_lefthand": {
			"rotation":  [ 90, 90, -180 ],
			"translation":  [ -3.4, 8.6, 1.7 ],
			"scale":  [ 0.7, 0.4, 0.4 ]
		},
		"firstperson_righthand": {
			"rotation":  [ 0, 100, 90 ],
			"translation":  [ 13, 0, -30 ],
			"scale":  [ 1.8, 1.3, 1.1 ]
		},
		"firstperson_lefthand": {
			"rotation":  [ 0, 100, -90 ],
			"translation":  [ 13, 0, -30 ],
			"scale":  [ 1.8, 1.3, 1.1 ]
		},
		"gui": {
			"rotation":  [ 0, 0, 44 ],
			"translation":  [ 0.3, 0, 0 ],
			"scale":  [ 0.42, 0.3, 0.4 ]
		},
		"ground": {
			"rotation":  [ 0, 0, 45 ],
			"translation":  [ 0, 23, 0 ],
			"scale":  [ 1.5, 1.1, 0.86 ]
		},
		"fixed": {
			"rotation":  [ 0, 0, 90 ],
			"translation":  [ 0, 0, -10 ],
			"scale":  [ 2.3, 1.6, 1.2 ]
		}
	}
}