﻿{
	"parent": "item/handheld",
	"textures": {
	"layer0": "item/diamond_sword"
	},
	
	"overrides": [
		{"predicate": {"custom_model_data":1}, "model": "item/sword/epee1"},
		{"predicate": {"custom_model_data":2}, "model": "item/sword/epee2"},
		{"predicate": {"custom_model_data":3}, "model": "item/sword/epee3"},
		{"predicate": {"custom_model_data":4}, "model": "item/sword/epee4"},
		{"predicate": {"custom_model_data":5}, "model": "item/sword/epee5"},
		{"predicate": {"custom_model_data":6}, "model": "item/sword/epee6"},
		{"predicate": {"custom_model_data":7}, "model": "item/sword/epee7"},
		{"predicate": {"custom_model_data":8}, "model": "item/sword/epee8"},
		{"predicate": {"custom_model_data":9}, "model": "item/sword/epee9"},
		{"predicate": {"custom_model_data":10}, "model": "item/sword/epee10"},
		{"predicate": {"custom_model_data":11}, "model": "item/sword/epee11"},
		{"predicate": {"custom_model_data":12}, "model": "item/sword/epee12"},
		{"predicate": {"custom_model_data":13}, "model": "item/sword/epee13"},
		{"predicate": {"custom_model_data":14}, "model": "item/sword/epee14"},
		{"predicate": {"custom_model_data":15}, "model": "item/sword/epee15"},
		{"predicate": {"custom_model_data":16}, "model": "item/sword/epee16"},
		{"predicate": {"custom_model_data":17}, "model": "item/sword/epee17"},
		{"predicate": {"custom_model_data":18}, "model": "item/sword/epee18"},
		{"predicate": {"custom_model_data":19}, "model": "item/sword/epee19"},
	    {"predicate": {"custom_model_data":21}, "model": "item/watersword"},
		{"predicate": {"custom_model_data":23}, "model": "item/k1"},
		{"predicate": {"custom_model_data":24}, "model": "item/k2"},
	    {"predicate": {"custom_model_data":25}, "model": "item/meme"},
		{"predicate": {"custom_model_data":26}, "model": "item/customitem/s1"},
	{"predicate": {"custom_model_data":27}, "model": "item/customitem/s2"},
	{"predicate": {"custom_model_data":28}, "model": "item/customitem/s3"},
	{"predicate": {"custom_model_data":29}, "model": "item/customitem/s4"},
	{"predicate": {"custom_model_data":30}, "model": "item/customitem/s5"},
	{"predicate": {"custom_model_data":31}, "model": "item/customitem/s6"},
	{"predicate": {"custom_model_data":32}, "model": "item/customitem/s7"},
	{"predicate": {"custom_model_data":33}, "model": "item/customitem/s8"},
	{"predicate": {"custom_model_data":34}, "model": "item/customitem/s9"},
	{"predicate": {"custom_model_data":35}, "model": "item/customitem/s10"},
	{"predicate": {"custom_model_data":36}, "model": "item/customitem/s11"},
	{"predicate": {"custom_model_data":37}, "model": "item/customitem/s12"},
	{"predicate": {"custom_model_data":38}, "model": "item/customitem/s13"},
	{"predicate": {"custom_model_data":39}, "model": "item/customitem/s14"},
	{"predicate": {"custom_model_data":40}, "model": "item/customitem/s15"},
	{"predicate": {"custom_model_data":41}, "model": "item/customitem/s16"},
	{"predicate": {"custom_model_data":42}, "model": "item/customitem/s17"},
	{"predicate": {"custom_model_data":43}, "model": "item/customitem/s18"},
	{"predicate": {"custom_model_data":44}, "model": "item/customitem/s19"},
	{"predicate": {"custom_model_data":45}, "model": "item/customitem/s20"},
	{"predicate": {"custom_model_data":46}, "model": "item/customitem/s21"},
	{"predicate": {"custom_model_data":47}, "model": "item/customitem/s22"},
	{"predicate": {"custom_model_data":48}, "model": "item/customitem/s23"},
	{"predicate": {"custom_model_data":49}, "model": "item/customitem/s24"},
	{"predicate": {"custom_model_data":50}, "model": "item/customitem/s25"},
	{"predicate": {"custom_model_data":51}, "model": "item/customitem/s26"},
    {"predicate": {"custom_model_data":52}, "model": "item/customitem/s27"},
	{"predicate": {"custom_model_data":53}, "model": "item/customitem/s28"},
	{"predicate": {"custom_model_data":54}, "model": "item/customitem/s29"},
	{"predicate": {"custom_model_data":55}, "model": "item/test"},
	{"predicate": {"custom_model_data":56}, "model": "item/daw1"},
	{"predicate": {"custom_model_data":57}, "model": "item/ice/icesword"},
	{"predicate": {"custom_model_data":58}, "model": "item/dai2"},
	{"predicate": {"custom_model_data":59}, "model": "item/irn2"},
	{"predicate": {"custom_model_data":60}, "model": "item/irn3"},
	{"predicate": {"custom_model_data":61}, "model": "item/dai3"},
	{"predicate": {"custom_model_data":62}, "model": "item/dai4"},
	{"predicate": {"custom_model_data":63}, "model": "item/irn4"},
	{"predicate": {"custom_model_data":64}, "model": "item/dai5"},
	{"predicate": {"custom_model_data":65}, "model": "item/dai7"},
	{"predicate": {"custom_model_data":66}, "model": "item/dai8"},
	{"predicate": {"custom_model_data":67}, "model": "item/axe_1"},
	{"predicate": {"custom_model_data":68}, "model": "item/axe_2"},
	{"predicate": {"custom_model_data":69}, "model": "item/spear_1"},
	{"predicate": {"custom_model_data":70}, "model": "item/sword_2"},
	{"predicate": {"custom_model_data":71}, "model": "item/sword_3"},
	{"predicate": {"custom_model_data":72}, "model": "item/sword_4"},
	{"predicate": {"custom_model_data":73}, "model": "item/sword_5"},
	{"predicate": {"custom_model_data":74}, "model": "item/sword_6"},
	{"predicate": {"custom_model_data":75}, "model": "item/sword_7"},
	{"predicate": {"custom_model_data":76}, "model": "item/sword_8"},
	{"predicate": {"custom_model_data":77}, "model": "item/sword_9"},
	{"predicate": {"custom_model_data":78}, "model": "item/sword_10"},
	{"predicate": {"custom_model_data":79}, "model": "item/sword_11"},
	{"predicate": {"custom_model_data":80}, "model": "item/sword_12"},
	{"predicate": {"custom_model_data":81}, "model": "item/sword_13"},
	{"predicate": {"custom_model_data":82}, "model": "item/sword_14"},
	{"predicate": {"custom_model_data":83}, "model": "item/sword_15"},
	{"predicate": {"custom_model_data":84}, "model": "item/sword_16"},
	{"predicate": {"custom_model_data":85}, "model": "item/cus1"},
	{"predicate": {"custom_model_data":86}, "model": "item/cu1"},
	{"predicate": {"custom_model_data":87}, "model": "item/po1"},
	{"predicate": {"custom_model_data":88}, "model": "item/dog"},
	{"predicate": {"custom_model_data":901}, "model": "item/zhi"},
	{"predicate": {"custom_model_data":902}, "model": "item/zhi2"},
	{"predicate": {"custom_model_data":903}, "model": "item/zhi3"},
	{"predicate": {"custom_model_data":904}, "model": "item/qoo"},
	{"predicate": {"custom_model_data":905}, "model": "item/qoo2"},
	{"predicate": {"custom_model_data":906}, "model": "item/qoo22"},
	{"predicate": {"custom_model_data":907}, "model": "item/enx1"},
	{"predicate": {"custom_model_data":908}, "model": "item/king1"},
	{"predicate": {"custom_model_data":909}, "model": "item/king2"},
	{"predicate": {"custom_model_data":910}, "model": "item/king3"},
	{"predicate": {"custom_model_data":999}, "model": "item/inhh"},
	{"predicate": {"custom_model_data":9999}, "model": "item/inhh2"}
	]
   }