{
	"credit": "Made with Blockbench",
	"texture_size": [64, 64],
	"textures": {
		"0": "block/dogcolor",
		"1": "dog2",
		"particle": "block/dogcolor"
	},
	"elements": [
		{
			"from": [2, 0, 6],
			"to": [14, 3, 12],
			"faces": {
				"north": {"uv": [0, 6, 6, 7.5], "texture": "#0"},
				"east": {"uv": [6, 5.5, 9, 7], "texture": "#0"},
				"south": {"uv": [6, 0, 12, 1.5], "texture": "#0"},
				"west": {"uv": [6, 7, 9, 8.5], "texture": "#0"},
				"up": {"uv": [14.93793, 9.51034, 4.85517, 4.8], "texture": "#1"},
				"down": {"uv": [6, 3, 0, 6], "texture": "#0"}
			}
		}
	],
	"display": {
		"thirdperson_righthand": {
			"translation": [0, 3.5, 0],
			"scale": [0.5, 0.5, 0.5]
		},
		"thirdperson_lefthand": {
			"translation": [0, 3, 0],
			"scale": [0.5, 0.5, 0.5]
		},
		"firstperson_righthand": {
			"rotation": [40, -180, 0],
			"translation": [0, 5, 1.25]
		},
		"ground": {
			"translation": [0, 3.25, 0]
		},
		"gui": {
			"rotation": [90, -180, 0],
			"translation": [0, -1.25, 0]
		},
		"head": {
			"rotation": [-90, 0, 0],
			"translation": [0, 8.25, -6.5]
		},
		"fixed": {
			"rotation": [-90, 0, 0],
			"translation": [0, 0.25, -9]
		}
	}
}