{
	"credit": "Made with Blockbench",
	"texture_size": [32, 32],
	"textures": {
		"1": "block/enxcolor",
		"3": "enxcolorgif2"
	},
	"elements": [
		{
			"from": [7, -13, 7],
			"to": [9, -8, 8.5],
			"faces": {
				"north": {"uv": [3, 0, 4, 2.5], "texture": "#1"},
				"east": {"uv": [5, 3, 5.75, 5.5], "texture": "#1"},
				"south": {"uv": [3, 2.5, 4, 5], "texture": "#1"},
				"west": {"uv": [4, 5, 4.75, 7.5], "texture": "#1"},
				"up": {"uv": [7.5, 2.25, 6.5, 1.5], "texture": "#1"},
				"down": {"uv": [7, 6.5, 6, 7.25], "texture": "#1"}
			}
		},
		{
			"from": [7, -5, 7],
			"to": [9, -1, 8.5],
			"faces": {
				"north": {"uv": [4, 3, 5, 5], "texture": "#1"},
				"east": {"uv": [5, 5.5, 5.75, 7.5], "texture": "#1"},
				"south": {"uv": [3, 5, 4, 7], "texture": "#1"},
				"west": {"uv": [6, 3, 6.75, 5], "texture": "#1"},
				"up": {"uv": [8, 4.25, 7, 3.5], "texture": "#1"},
				"down": {"uv": [8, 4.5, 7, 5.25], "texture": "#1"}
			}
		},
		{
			"from": [7.1, -8, 7.1],
			"to": [8.9, -5, 8.4],
			"faces": {
				"north": {"uv": [5.5, 0, 6.5, 1.5], "texture": "#1"},
				"east": {"uv": [6, 5, 6.75, 6.5], "texture": "#1"},
				"south": {"uv": [5.5, 1.5, 6.5, 3], "texture": "#1"},
				"west": {"uv": [6.5, 0, 7.25, 1.5], "texture": "#1"},
				"up": {"uv": [8, 3.25, 7, 2.5], "texture": "#1"},
				"down": {"uv": [4, 7, 3, 7.75], "texture": "#1"}
			}
		},
		{
			"from": [6.5, -1, 6.25],
			"to": [9.5, -0.5, 9.25],
			"faces": {
				"north": {"uv": [7, 5.5, 8.5, 5.75], "texture": "#1"},
				"east": {"uv": [7, 6, 8.5, 6.25], "texture": "#1"},
				"south": {"uv": [7, 6.5, 8.5, 6.75], "texture": "#1"},
				"west": {"uv": [7, 7, 8.5, 7.25], "texture": "#1"},
				"up": {"uv": [5.5, 1.5, 4, 0], "texture": "#1"},
				"down": {"uv": [5.5, 1.5, 4, 3], "texture": "#1"}
			}
		},
		{
			"from": [6, -1, 6.75],
			"to": [6.5, -0.5, 8.75],
			"faces": {
				"north": {"uv": [5, 8.5, 5.25, 8.75], "texture": "#1"},
				"east": {"uv": [7.5, 0, 8.5, 0.25], "texture": "#1"},
				"south": {"uv": [5.5, 8.5, 5.75, 8.75], "texture": "#1"},
				"west": {"uv": [7.5, 0.5, 8.5, 0.75], "texture": "#1"},
				"up": {"uv": [7.75, 2, 7.5, 1], "texture": "#1"},
				"down": {"uv": [4.25, 7.5, 4, 8.5], "texture": "#1"}
			}
		},
		{
			"from": [9.5, -1, 6.75],
			"to": [10, -0.5, 8.75],
			"faces": {
				"north": {"uv": [8.5, 5.5, 8.75, 5.75], "texture": "#1"},
				"east": {"uv": [7.5, 2, 8.5, 2.25], "texture": "#1"},
				"south": {"uv": [6, 8.5, 6.25, 8.75], "texture": "#1"},
				"west": {"uv": [4.5, 7.5, 5.5, 7.75], "texture": "#1"},
				"up": {"uv": [5.75, 8.5, 5.5, 7.5], "texture": "#1"},
				"down": {"uv": [6.25, 7.5, 6, 8.5], "texture": "#1"}
			}
		},
		{
			"from": [7, -1, 9.25],
			"to": [9, -0.5, 9.75],
			"faces": {
				"north": {"uv": [6.5, 7.5, 7.5, 7.75], "texture": "#1"},
				"east": {"uv": [8.5, 6, 8.75, 6.25], "texture": "#1"},
				"south": {"uv": [7.5, 7.5, 8.5, 7.75], "texture": "#1"},
				"west": {"uv": [6.5, 8.5, 6.75, 8.75], "texture": "#1"},
				"up": {"uv": [9, 1.25, 8, 1], "texture": "#1"},
				"down": {"uv": [9, 1.5, 8, 1.75], "texture": "#1"}
			}
		},
		{
			"from": [7, -1, 5.75],
			"to": [9, -0.5, 6.25],
			"faces": {
				"north": {"uv": [8, 2.5, 9, 2.75], "texture": "#1"},
				"east": {"uv": [8.5, 6.5, 8.75, 6.75], "texture": "#1"},
				"south": {"uv": [3, 8, 4, 8.25], "texture": "#1"},
				"west": {"uv": [7, 8.5, 7.25, 8.75], "texture": "#1"},
				"up": {"uv": [9, 3.25, 8, 3], "texture": "#1"},
				"down": {"uv": [9, 3.5, 8, 3.75], "texture": "#1"}
			}
		},
		{
			"from": [7, -0.5, 7.5],
			"to": [9, 26, 8],
			"faces": {
				"north": {"uv": [0, 0, 0.75, 13.25], "texture": "#1"},
				"east": {"uv": [2, 0, 2.25, 13.25], "texture": "#1"},
				"south": {"uv": [1, 0, 1.75, 13.25], "texture": "#1"},
				"west": {"uv": [2.5, 0, 2.75, 13.25], "texture": "#1"},
				"up": {"uv": [8.75, 4.25, 8, 4], "texture": "#1"},
				"down": {"uv": [5.25, 8, 4.5, 8.25], "texture": "#1"}
			}
		},
		{
			"from": [7, 26, 7.5],
			"to": [8.75, 26.5, 8],
			"faces": {
				"north": {"uv": [8, 4.5, 8.75, 4.75], "texture": "#1"},
				"east": {"uv": [8.5, 7, 8.75, 7.25], "texture": "#1"},
				"south": {"uv": [8, 5, 8.75, 5.25], "texture": "#1"},
				"west": {"uv": [7.5, 8.5, 7.75, 8.75], "texture": "#1"},
				"up": {"uv": [7.25, 8.25, 6.5, 8], "texture": "#1"},
				"down": {"uv": [8.25, 8, 7.5, 8.25], "texture": "#1"}
			}
		},
		{
			"from": [7, 27, 7.5],
			"to": [7.75, 27.5, 8],
			"faces": {
				"north": {"uv": [6.5, 2.5, 7, 2.75], "texture": "#1"},
				"east": {"uv": [8.5, 7.5, 8.75, 7.75], "texture": "#1"},
				"south": {"uv": [8.5, 0, 9, 0.25], "texture": "#1"},
				"west": {"uv": [8, 8.5, 8.25, 8.75], "texture": "#1"},
				"up": {"uv": [9, 0.75, 8.5, 0.5], "texture": "#1"},
				"down": {"uv": [9, 2, 8.5, 2.25], "texture": "#1"}
			}
		},
		{
			"from": [7, 26.5, 7.5],
			"to": [8.25, 27, 8],
			"faces": {
				"north": {"uv": [3, 8.5, 3.5, 8.75], "texture": "#1"},
				"east": {"uv": [8.5, 8, 8.75, 8.25], "texture": "#1"},
				"south": {"uv": [3.5, 8.5, 4, 8.75], "texture": "#1"},
				"west": {"uv": [8.5, 8.5, 8.75, 8.75], "texture": "#1"},
				"up": {"uv": [4.5, 8.75, 4, 8.5], "texture": "#1"},
				"down": {"uv": [5, 8.5, 4.5, 8.75], "texture": "#1"}
			}
		},
		{
			"from": [4, 0, 7.75],
			"to": [8, 28, 7.75],
			"faces": {
				"north": {"uv": [14, 0.125, 16, 14.125], "texture": "#3"},
				"east": {"uv": [0, 0, 0, 14], "texture": "#3"},
				"south": {"uv": [2, 0, 4, 14], "texture": "#3"},
				"west": {"uv": [0, 0, 0, 14], "texture": "#3"},
				"up": {"uv": [2, 0, 0, 0], "texture": "#3"},
				"down": {"uv": [2, 0, 0, 0], "texture": "#3"}
			}
		}
	],
	"display": {
		"thirdperson_righthand": {
			"rotation": [0, 90, 0],
			"translation": [0, 13.25, 0]
		},
		"thirdperson_lefthand": {
			"rotation": [0, -89, 0],
			"translation": [0, 12.5, 0.25]
		},
		"firstperson_righthand": {
			"rotation": [0, 112, -20],
			"translation": [-1, 2.75, -1]
		},
		"firstperson_lefthand": {
			"rotation": [0, -73, 0]
		},
		"ground": {
			"translation": [0, 20, 0]
		},
		"gui": {
			"rotation": [0, 0, 42],
			"scale": [0.5, 0.5, 0.5]
		},
		"fixed": {
			"rotation": [0, 0, -46],
			"translation": [0, 0, -1.25]
		}
	}
}