{
	"credit": "Made with Blockbench",
	"textures": {
		"0": "12",
		"1": "988",
		"particle": "12"
	},
	"elements": [
		{
			"from": [8, 3, 3],
			"to": [9, 7, 7],
			"faces": {
				"north": {"uv": [7.09565, 6.05217, 8.09565, 10.05217], "texture": "#0"},
				"east": {"uv": [6.95652, 5.63478, 9.70435, 8.10435], "texture": "#0"},
				"south": {"uv": [8, 5.84348, 7.12174, 9.84348], "texture": "#0"},
				"west": {"uv": [6.6087, 6.4, 8.52174, 7.89565], "texture": "#0"},
				"up": {"uv": [7.02609, 5.63478, 8.02609, 9.63478], "texture": "#0"},
				"down": {"uv": [7.02609, 5.63478, 8.02609, 9.63478], "texture": "#0"}
			}
		},
		{
			"from": [8, 3, 9],
			"to": [9, 7, 13],
			"faces": {
				"north": {"uv": [7.02609, 6.95652, 8.02609, 10.95652], "texture": "#0"},
				"east": {"uv": [6.33043, 6.05217, 9.21739, 8.24348], "texture": "#0"},
				"south": {"uv": [7.02609, 6.74783, 8.02609, 10.74783], "texture": "#0"},
				"west": {"uv": [6.46957, 5.77391, 8.8, 8.17391], "texture": "#0"},
				"up": {"uv": [7.09565, 5.91304, 8.09565, 9.91304], "texture": "#0"},
				"down": {"uv": [7.02609, 5.63478, 8.02609, 9.63478], "texture": "#0"}
			}
		},
		{
			"from": [8, 7, 3],
			"to": [9, 8, 5],
			"faces": {
				"north": {"uv": [7.7913, 6.12174, 8.7913, 7.12174], "texture": "#0"},
				"east": {"uv": [7.16522, 6.1913, 9.16522, 7.1913], "texture": "#0"},
				"south": {"uv": [7.37391, 5.77391, 8.37391, 6.77391], "texture": "#0"},
				"west": {"uv": [6.95652, 5.98261, 8.95652, 6.98261], "texture": "#0"},
				"up": {"uv": [7.16522, 6.67826, 8.16522, 8.67826], "texture": "#0"},
				"down": {"uv": [7.51304, 5.35652, 8.51304, 7.35652], "texture": "#0"}
			}
		},
		{
			"from": [8, 8, 2],
			"to": [9, 9, 4],
			"faces": {
				"north": {"uv": [6.74783, 6.4, 7.74783, 7.4], "texture": "#0"},
				"east": {"uv": [6.4, 6.67826, 8.4, 7.67826], "texture": "#0"},
				"south": {"uv": [7.65217, 6.81739, 8.65217, 7.81739], "texture": "#0"},
				"west": {"uv": [6.53913, 6.05217, 8.53913, 7.05217], "texture": "#0"},
				"up": {"uv": [6.88696, 5.77391, 7.88696, 7.77391], "texture": "#0"},
				"down": {"uv": [7.02609, 5.91304, 8.02609, 7.91304], "texture": "#0"}
			}
		},
		{
			"from": [8, 9, 1],
			"to": [9, 10, 4],
			"faces": {
				"north": {"uv": [0, 0, 1, 1], "texture": "#0"},
				"east": {"uv": [0, 0, 3, 1], "texture": "#0"},
				"south": {"uv": [0, 0, 1, 1], "texture": "#0"},
				"west": {"uv": [0, 0, 3, 1], "texture": "#0"},
				"up": {"uv": [0, 0, 1, 3], "texture": "#0"},
				"down": {"uv": [0, 0, 1, 3], "texture": "#0"}
			}
		},
		{
			"from": [8, 7, 11],
			"to": [9, 8, 13],
			"faces": {
				"north": {"uv": [7.02609, 5.42609, 8.02609, 6.42609], "texture": "#0"},
				"east": {"uv": [7.37391, 6.4, 9.37391, 7.4], "texture": "#0"},
				"south": {"uv": [7.7913, 6.4, 8.7913, 7.4], "texture": "#0"},
				"west": {"uv": [6.88696, 5.77391, 8.88696, 6.77391], "texture": "#0"},
				"up": {"uv": [7.65217, 5.98261, 8.65217, 7.98261], "texture": "#0"},
				"down": {"uv": [8, 6.05217, 9, 8.05217], "texture": "#0"}
			}
		},
		{
			"from": [8, 8, 12],
			"to": [9, 9, 14],
			"faces": {
				"north": {"uv": [7.23478, 5.98261, 8.23478, 6.98261], "texture": "#0"},
				"east": {"uv": [6.67826, 7.09565, 8.67826, 8.09565], "texture": "#0"},
				"south": {"uv": [7.30435, 5.91304, 8.30435, 6.91304], "texture": "#0"},
				"west": {"uv": [6.67826, 6.4, 8.67826, 7.4], "texture": "#0"},
				"up": {"uv": [7.44348, 5.42609, 8.44348, 7.42609], "texture": "#0"},
				"down": {"uv": [7.09565, 5.77391, 8.02609, 7.49565], "texture": "#0"}
			}
		},
		{
			"from": [8, 9, 12],
			"to": [9, 10, 15],
			"faces": {
				"north": {"uv": [6.81739, 1.3913, 7.81739, 2.3913], "texture": "#0"},
				"east": {"uv": [0.97391, 2.71304, 3.97391, 3.71304], "texture": "#0"},
				"south": {"uv": [1.32174, 5.77391, 2.32174, 6.77391], "texture": "#0"},
				"west": {"uv": [2.08696, 1.32174, 5.08696, 2.32174], "texture": "#0"},
				"up": {"uv": [6.4, 2.9913, 3.78261, 3.83478], "texture": "#0"},
				"down": {"uv": [0.90435, 0.34783, 1.90435, 3.34783], "texture": "#0"}
			}
		},
		{
			"from": [8, 5, 2],
			"to": [9, 8, 3],
			"faces": {
				"north": {"uv": [7.09565, 5.77391, 8.09565, 8.77391], "texture": "#0"},
				"east": {"uv": [7.02609, 5.77391, 8.02609, 8.77391], "texture": "#0"},
				"south": {"uv": [7.23478, 5.63478, 8.23478, 8.63478], "texture": "#0"},
				"west": {"uv": [6.95652, 5.49565, 7.95652, 8.49565], "texture": "#0"},
				"up": {"uv": [6.67826, 6.53913, 7.67826, 7.53913], "texture": "#0"},
				"down": {"uv": [7.09565, 6.4, 8.09565, 7.4], "texture": "#0"}
			}
		},
		{
			"from": [8, 6, 1],
			"to": [9, 9, 2],
			"faces": {
				"north": {"uv": [6.81739, 5.63478, 7.81739, 8.63478], "texture": "#0"},
				"east": {"uv": [6.88696, 5.91304, 7.88696, 8.91304], "texture": "#0"},
				"south": {"uv": [7.02609, 5.21739, 8.02609, 8.21739], "texture": "#0"},
				"west": {"uv": [7.09565, 5.91304, 8.09565, 8.91304], "texture": "#0"},
				"up": {"uv": [6.81739, 6.53913, 7.81739, 7.53913], "texture": "#0"},
				"down": {"uv": [6.1913, 6.67826, 7.1913, 7.67826], "texture": "#0"}
			}
		},
		{
			"from": [8, 6, 0],
			"to": [9, 10, 1],
			"faces": {
				"north": {"uv": [0, 0, 1, 4], "texture": "#0"},
				"east": {"uv": [0, 0, 1, 4], "texture": "#0"},
				"south": {"uv": [0, 0, 1, 4], "texture": "#0"},
				"west": {"uv": [0, 0, 1, 4], "texture": "#0"},
				"up": {"uv": [0, 0, 1, 1], "texture": "#0"},
				"down": {"uv": [0, 0, 1, 1], "texture": "#0"}
			}
		},
		{
			"from": [8, 5, 13],
			"to": [9, 8, 14],
			"faces": {
				"north": {"uv": [7.02609, 5.63478, 8.02609, 8.63478], "texture": "#0"},
				"east": {"uv": [7.02609, 5.91304, 8.02609, 8.91304], "texture": "#0"},
				"south": {"uv": [6.81739, 5.49565, 7.81739, 8.49565], "texture": "#0"},
				"west": {"uv": [6.88696, 5.63478, 7.88696, 8.63478], "texture": "#0"},
				"up": {"uv": [6.88696, 6.46957, 7.88696, 7.46957], "texture": "#0"},
				"down": {"uv": [7.09565, 6.95652, 8.09565, 7.95652], "texture": "#0"}
			}
		},
		{
			"from": [8, 6, 14],
			"to": [9, 9, 15],
			"faces": {
				"north": {"uv": [6.67826, 5.77391, 7.6087, 8.70435], "texture": "#0"},
				"east": {"uv": [6.74783, 5.84348, 7.74783, 8.84348], "texture": "#0"},
				"south": {"uv": [6.81739, 5.84348, 7.81739, 8.84348], "texture": "#0"},
				"west": {"uv": [6.6087, 5.77391, 7.6087, 8.77391], "texture": "#0"},
				"up": {"uv": [6.6087, 6.88696, 7.6087, 7.88696], "texture": "#0"},
				"down": {"uv": [6.67826, 7.09565, 7.67826, 8.09565], "texture": "#0"}
			}
		},
		{
			"from": [8, 6, 15],
			"to": [9, 10, 16],
			"faces": {
				"north": {"uv": [0.62609, 0.97391, 1.62609, 4.97391], "texture": "#0"},
				"east": {"uv": [2.71304, 0.83478, 3.71304, 4.83478], "texture": "#0"},
				"south": {"uv": [0, 0, 1, 4], "texture": "#0"},
				"west": {"uv": [0, 0, 1, 4], "texture": "#0"},
				"up": {"uv": [0, 0, 1, 1], "texture": "#0"},
				"down": {"uv": [0, 0, 1, 1], "texture": "#0"}
			}
		},
		{
			"from": [8, 0, 5],
			"to": [9, 2, 7],
			"faces": {
				"north": {"uv": [0, 0, 1, 2], "texture": "#0"},
				"east": {"uv": [0, 0, 2, 2], "texture": "#0"},
				"south": {"uv": [0, 0, 1, 2], "texture": "#0"},
				"west": {"uv": [0, 0, 2, 2], "texture": "#0"},
				"up": {"uv": [0, 0, 1, 2], "texture": "#0"},
				"down": {"uv": [0, 0, 1, 2], "texture": "#0"}
			}
		},
		{
			"from": [8, 0, 9],
			"to": [9, 2, 11],
			"faces": {
				"north": {"uv": [0, 0, 1, 2], "texture": "#0"},
				"east": {"uv": [0, 0, 2, 2], "texture": "#0"},
				"south": {"uv": [0, 0, 1, 2], "texture": "#0"},
				"west": {"uv": [0, 0, 2, 2], "texture": "#0"},
				"up": {"uv": [0, 0, 1, 2], "texture": "#0"},
				"down": {"uv": [0, 0, 1, 2], "texture": "#0"}
			}
		},
		{
			"from": [8, 8, 4],
			"to": [9, 9, 5],
			"faces": {
				"north": {"uv": [0, 0, 1, 1], "texture": "#0"},
				"east": {"uv": [0, 0, 1, 1], "texture": "#0"},
				"south": {"uv": [0, 0, 1, 1], "texture": "#0"},
				"west": {"uv": [0, 0, 1, 1], "texture": "#0"},
				"up": {"uv": [0, 0, 1, 1], "texture": "#0"},
				"down": {"uv": [0, 0, 1, 1], "texture": "#0"}
			}
		},
		{
			"from": [8, 5, 1],
			"to": [9, 6, 2],
			"faces": {
				"north": {"uv": [0, 0, 1, 1], "texture": "#0"},
				"east": {"uv": [0, 0, 1, 1], "texture": "#0"},
				"south": {"uv": [0, 0, 1, 1], "texture": "#0"},
				"west": {"uv": [0, 0, 1, 1], "texture": "#0"},
				"up": {"uv": [0, 0, 1, 1], "texture": "#0"},
				"down": {"uv": [0, 0, 1, 1], "texture": "#0"}
			}
		},
		{
			"from": [8, 4, 2],
			"to": [9, 5, 3],
			"faces": {
				"north": {"uv": [0, 0, 1, 1], "texture": "#0"},
				"east": {"uv": [0, 0, 1, 1], "texture": "#0"},
				"south": {"uv": [0, 0, 1, 1], "texture": "#0"},
				"west": {"uv": [0, 0, 1, 1], "texture": "#0"},
				"up": {"uv": [0, 0, 1, 1], "texture": "#0"},
				"down": {"uv": [0, 0, 1, 1], "texture": "#0"}
			}
		},
		{
			"from": [8, 7, 5],
			"to": [9, 8, 6],
			"faces": {
				"north": {"uv": [0, 0, 1, 1], "texture": "#0"},
				"east": {"uv": [0, 0, 1, 1], "texture": "#0"},
				"south": {"uv": [0, 0, 1, 1], "texture": "#0"},
				"west": {"uv": [0, 0, 1, 1], "texture": "#0"},
				"up": {"uv": [0, 0, 1, 1], "texture": "#0"},
				"down": {"uv": [0, 0, 1, 1], "texture": "#0"}
			}
		},
		{
			"from": [8, 7, 10],
			"to": [9, 8, 11],
			"faces": {
				"north": {"uv": [0, 0, 1, 1], "texture": "#0"},
				"east": {"uv": [0, 0, 1, 1], "texture": "#0"},
				"south": {"uv": [0, 0, 1, 1], "texture": "#0"},
				"west": {"uv": [0, 0, 1, 1], "texture": "#0"},
				"up": {"uv": [0, 0, 1, 1], "texture": "#0"},
				"down": {"uv": [0, 0, 1, 1], "texture": "#0"}
			}
		},
		{
			"from": [8, 8, 11],
			"to": [9, 9, 12],
			"faces": {
				"north": {"uv": [0, 0, 1, 1], "texture": "#0"},
				"east": {"uv": [0, 0, 1, 1], "texture": "#0"},
				"south": {"uv": [0, 0, 1, 1], "texture": "#0"},
				"west": {"uv": [0, 0, 1, 1], "texture": "#0"},
				"up": {"uv": [0, 0, 1, 1], "texture": "#0"},
				"down": {"uv": [0, 0, 1, 1], "texture": "#0"}
			}
		},
		{
			"from": [8, 4, 13],
			"to": [9, 5, 14],
			"faces": {
				"north": {"uv": [0, 0, 1, 1], "texture": "#0"},
				"east": {"uv": [0, 0, 1, 1], "texture": "#0"},
				"south": {"uv": [0, 0, 1, 1], "texture": "#0"},
				"west": {"uv": [0, 0, 1, 1], "texture": "#0"},
				"up": {"uv": [0, 0, 1, 1], "texture": "#0"},
				"down": {"uv": [0, 0, 1, 1], "texture": "#0"}
			}
		},
		{
			"from": [8, 5, 14],
			"to": [9, 6, 15],
			"faces": {
				"north": {"uv": [0, 0, 1, 1], "texture": "#0"},
				"east": {"uv": [0, 0, 1, 1], "texture": "#0"},
				"south": {"uv": [0, 0, 1, 1], "texture": "#0"},
				"west": {"uv": [0, 0, 1, 1], "texture": "#0"},
				"up": {"uv": [0, 0, 1, 1], "texture": "#0"},
				"down": {"uv": [0, 0, 1, 1], "texture": "#0"}
			}
		},
		{
			"from": [8, 13, -14],
			"to": [9, 15, -5],
			"rotation": {"angle": 22.5, "axis": "x", "origin": [0, 0, 0]},
			"faces": {
				"north": {"uv": [6.04444, 8.24889, 7.04444, 10.24889], "texture": "#1"},
				"east": {"uv": [1.77778, 8.03556, 10.77778, 10.03556], "texture": "#1"},
				"south": {"uv": [6.61333, 6.82667, 7.61333, 8.82667], "texture": "#1"},
				"west": {"uv": [2.13333, 7.39556, 11.13333, 9.39556], "texture": "#1"},
				"up": {"uv": [6.89778, 3.76889, 7.89778, 12.76889], "texture": "#1"},
				"down": {"uv": [6.96889, 4.26667, 7.96889, 13.26667], "texture": "#1"}
			}
		},
		{
			"from": [8, 16, 16],
			"to": [9, 25, 18],
			"rotation": {"angle": 22.5, "axis": "x", "origin": [0, 0, 0]},
			"faces": {
				"north": {"uv": [7.11111, 3.84, 8.11111, 12.84], "rotation": 180, "texture": "#1"},
				"east": {"uv": [2.13333, 7.11111, 11.13333, 9.11111], "rotation": 270, "texture": "#1"},
				"south": {"uv": [7.04, 3.69778, 8.04, 12.69778], "texture": "#1"},
				"west": {"uv": [1.99111, 7.75111, 10.99111, 9.75111], "rotation": 90, "texture": "#1"},
				"up": {"uv": [5.19111, 7.75111, 6.19111, 9.75111], "rotation": 180, "texture": "#1"},
				"down": {"uv": [5.68889, 7.25333, 6.68889, 9.25333], "texture": "#1"}
			}
		},
		{
			"from": [8, 11, -1],
			"to": [9, 20, 1],
			"rotation": {"angle": -22.5, "axis": "x", "origin": [0, 0, 0]},
			"faces": {
				"north": {"uv": [7.25333, 3.98222, 8.25333, 12.98222], "rotation": 180, "texture": "#1"},
				"east": {"uv": [1.99111, 7.39556, 10.99111, 9.39556], "rotation": 90, "texture": "#1"},
				"south": {"uv": [7.04, 4.12444, 8.04, 13.12444], "texture": "#1"},
				"west": {"uv": [2.34667, 7.25333, 11.34667, 9.25333], "rotation": 270, "texture": "#1"},
				"up": {"uv": [6.4, 7.96444, 7.4, 9.96444], "texture": "#1"},
				"down": {"uv": [5.54667, 6.75556, 6.54667, 8.75556], "rotation": 180, "texture": "#1"}
			}
		},
		{
			"from": [8, 5, 21],
			"to": [9, 7, 30],
			"rotation": {"angle": -22.5, "axis": "x", "origin": [0, 0, 0]},
			"faces": {
				"north": {"uv": [7.11111, 5.40444, 8.11111, 7.40444], "rotation": 180, "texture": "#1"},
				"east": {"uv": [3.12889, 6.96889, 11.27556, 8.82667], "rotation": 180, "texture": "#1"},
				"south": {"uv": [7.68, 3.48444, 8.68, 5.48444], "rotation": 180, "texture": "#1"},
				"west": {"uv": [2.77333, 7.39556, 11.77333, 9.39556], "rotation": 180, "texture": "#1"},
				"up": {"uv": [8.10667, 2.98667, 9.10667, 11.98667], "texture": "#1"},
				"down": {"uv": [7.25333, 3.2, 8.25333, 12.2], "texture": "#1"}
			}
		}
	],
	"display": {
		"thirdperson_righthand": {
			"rotation": [21, -86, -49],
			"translation": [-5.5, -5.75, 11.5]
		},
		"gui": {
			"rotation": [18, -77, 29],
			"translation": [0, 0.75, 0]
		},
		"head": {
			"rotation": [-2, -81, -11],
			"translation": [0, -12.75, 6.75],
			"scale": [1.5, 2, 2]
		},
		"fixed": {
			"rotation": [-11, -84, 0],
			"translation": [0, 0, -3.25]
		}
	}
}