{
	"credit": "Made with Blockbench",
	"parent": "2",
	"texture_size": [32, 32],
	"textures": {
		"0": "1234",
		"particle": "1234"
	},
	"elements": [
		{
			"from": [5, -1, 6],
			"to": [11, 4, 12],
			"faces": {
				"north": {"uv": [8.56308, 7.75692, 9.39692, 8.58308], "texture": "#0"},
				"east": {"uv": [8.41538, 7.65846, 9.29846, 8.43538], "texture": "#0"},
				"south": {"uv": [8.51385, 7.75692, 9.2, 8.43538], "texture": "#0"},
				"west": {"uv": [8.41538, 8.05231, 9.05231, 8.63231], "texture": "#0"},
				"up": {"uv": [9.44615, 8.53385, 8.71077, 7.80615], "texture": "#0"},
				"down": {"uv": [8.95385, 8.05231, 8.46462, 8.53385], "texture": "#0"}
			}
		},
		{
			"from": [9.5, 2, 5.7],
			"to": [10, 2.5, 6],
			"color": 9,
			"faces": {
				"north": {"uv": [0, 0, 0.25, 0.25], "texture": "#missing"},
				"east": {"uv": [0, 0, 0.15, 0.25], "texture": "#missing"},
				"south": {"uv": [0, 0, 0.25, 0.25], "texture": "#missing"},
				"west": {"uv": [0, 0, 0.15, 0.25], "texture": "#missing"},
				"up": {"uv": [0, 0, 0.25, 0.15], "texture": "#missing"},
				"down": {"uv": [0, 0, 0.25, 0.15], "texture": "#missing"}
			}
		},
		{
			"from": [5, 4, 6],
			"to": [7, 5, 7],
			"faces": {
				"north": {"uv": [9.79692, 1.03385, 10.79692, 1.53385], "texture": "#0"},
				"east": {"uv": [6.05538, 1.37846, 6.55538, 1.87846], "texture": "#0"},
				"south": {"uv": [7.77846, 2.85538, 8.77846, 3.35538], "texture": "#0"},
				"west": {"uv": [7.82769, 3.05231, 8.32769, 3.55231], "texture": "#0"},
				"up": {"uv": [7.92615, 5.56308, 8.92615, 6.06308], "texture": "#0"},
				"down": {"uv": [0, 0, 1, 0.5], "texture": "#missing"}
			}
		},
		{
			"from": [9, 4, 6],
			"to": [11, 5, 7],
			"faces": {
				"north": {"uv": [9.84615, 1.08308, 10.55077, 1.53385], "texture": "#0"},
				"east": {"uv": [5.56308, 2.36308, 6.06308, 2.86308], "texture": "#0"},
				"south": {"uv": [5.66154, 1.32923, 6.66154, 1.82923], "texture": "#0"},
				"west": {"uv": [5.61231, 2.31385, 6.11231, 3.06], "texture": "#0"},
				"up": {"uv": [7.82769, 5.41538, 8.82769, 5.91538], "texture": "#0"},
				"down": {"uv": [0, 0, 1, 0.5], "texture": "#missing"}
			}
		},
		{
			"from": [6, 2, 5.7],
			"to": [6.5, 2.5, 6],
			"color": 9,
			"faces": {
				"north": {"uv": [0, 0, 0.25, 0.25], "texture": "#missing"},
				"east": {"uv": [0, 0, 0.15, 0.25], "texture": "#missing"},
				"south": {"uv": [0, 0, 0.25, 0.25], "texture": "#missing"},
				"west": {"uv": [0, 0, 0.15, 0.25], "texture": "#missing"},
				"up": {"uv": [0, 0, 0.25, 0.15], "texture": "#missing"},
				"down": {"uv": [0, 0, 0.25, 0.15], "texture": "#missing"}
			}
		},
		{
			"from": [6, 2.5, 5.7],
			"to": [6.5, 3, 6],
			"color": 5,
			"faces": {
				"north": {"uv": [0, 0, 0.25, 0.25], "texture": "#missing"},
				"east": {"uv": [0, 0, 0.15, 0.25], "texture": "#missing"},
				"south": {"uv": [0, 0, 0.25, 0.25], "texture": "#missing"},
				"west": {"uv": [0, 0, 0.15, 0.25], "texture": "#missing"},
				"up": {"uv": [0, 0, 0.25, 0.15], "texture": "#missing"},
				"down": {"uv": [0, 0, 0.25, 0.15], "texture": "#missing"}
			}
		},
		{
			"from": [6.5, 2.5, 5.7],
			"to": [7, 3, 6],
			"color": 9,
			"faces": {
				"north": {"uv": [0, 0, 0.25, 0.25], "texture": "#missing"},
				"east": {"uv": [0, 0, 0.15, 0.25], "texture": "#missing"},
				"south": {"uv": [0, 0, 0.25, 0.25], "texture": "#missing"},
				"west": {"uv": [0, 0, 0.15, 0.25], "texture": "#missing"},
				"up": {"uv": [0, 0, 0.25, 0.15], "texture": "#missing"},
				"down": {"uv": [0, 0, 0.25, 0.15], "texture": "#missing"}
			}
		},
		{
			"from": [9, 2.5, 5.7],
			"to": [9.5, 3, 6],
			"color": 9,
			"faces": {
				"north": {"uv": [0, 0, 0.25, 0.25], "texture": "#missing"},
				"east": {"uv": [0, 0, 0.15, 0.25], "texture": "#missing"},
				"south": {"uv": [0, 0, 0.25, 0.25], "texture": "#missing"},
				"west": {"uv": [0, 0, 0.15, 0.25], "texture": "#missing"},
				"up": {"uv": [0, 0, 0.25, 0.15], "texture": "#missing"},
				"down": {"uv": [0, 0, 0.25, 0.15], "texture": "#missing"}
			}
		},
		{
			"from": [9, 2, 5.7],
			"to": [9.5, 2.5, 6],
			"color": 5,
			"faces": {
				"north": {"uv": [0, 0, 0.25, 0.25], "texture": "#missing"},
				"east": {"uv": [0, 0, 0.15, 0.25], "texture": "#missing"},
				"south": {"uv": [0, 0, 0.25, 0.25], "texture": "#missing"},
				"west": {"uv": [0, 0, 0.15, 0.25], "texture": "#missing"},
				"up": {"uv": [0, 0, 0.25, 0.15], "texture": "#missing"},
				"down": {"uv": [0, 0, 0.25, 0.15], "texture": "#missing"}
			}
		},
		{
			"from": [9.5, 2.5, 5.7],
			"to": [10, 3, 6],
			"color": 5,
			"faces": {
				"north": {"uv": [0, 0, 0.25, 0.25], "texture": "#missing"},
				"east": {"uv": [0, 0, 0.15, 0.25], "texture": "#missing"},
				"south": {"uv": [0, 0, 0.25, 0.25], "texture": "#missing"},
				"west": {"uv": [0, 0, 0.15, 0.25], "texture": "#missing"},
				"up": {"uv": [0, 0, 0.25, 0.15], "texture": "#missing"},
				"down": {"uv": [0, 0, 0.25, 0.15], "texture": "#missing"}
			}
		},
		{
			"from": [6, 2, 5.7],
			"to": [6.5, 2.5, 6],
			"color": 9,
			"faces": {
				"north": {"uv": [0, 0, 0.25, 0.25], "texture": "#missing"},
				"east": {"uv": [0, 0, 0.15, 0.25], "texture": "#missing"},
				"south": {"uv": [0, 0, 0.25, 0.25], "texture": "#missing"},
				"west": {"uv": [0, 0, 0.15, 0.25], "texture": "#missing"},
				"up": {"uv": [0, 0, 0.25, 0.15], "texture": "#missing"},
				"down": {"uv": [0, 0, 0.25, 0.15], "texture": "#missing"}
			}
		},
		{
			"from": [6.5, 2, 5.7],
			"to": [7, 2.5, 6],
			"color": 5,
			"faces": {
				"north": {"uv": [0, 0, 0.25, 0.25], "texture": "#missing"},
				"east": {"uv": [0, 0, 0.15, 0.25], "texture": "#missing"},
				"south": {"uv": [0, 0, 0.25, 0.25], "texture": "#missing"},
				"west": {"uv": [0, 0, 0.15, 0.25], "texture": "#missing"},
				"up": {"uv": [0, 0, 0.25, 0.15], "texture": "#missing"},
				"down": {"uv": [0, 0, 0.25, 0.15], "texture": "#missing"}
			}
		}
	],
	"display": {
		"thirdperson_righthand": {
			"rotation": [67, 0, 0],
			"translation": [-6, 6.5, 26.75]
		},
		"thirdperson_lefthand": {
			"translation": [0, 8.25, 0]
		},
		"ground": {
			"translation": [0, 5, 0]
		},
		"gui": {
			"rotation": [0, -149, 0],
			"translation": [0, 4.25, 0]
		},
		"head": {
			"translation": [0, 15.5, -1.75]
		},
		"fixed": {
			"translation": [0, 7.5, -4.25]
		}
	}
}