{
	"credit": "Made with Blockbench",
	"texture_size": [64, 64],
	"textures": {
		"0": "item/vs_frostfestivalshovel",
		"particle": "item/vs_frostfestivalshovel"
	},
	"elements": [
		{
			"from": [6.8, -4.2, 7],
			"to": [11.9, -1, 12],
			"faces": {
				"north": {"uv": [8.5, 5.25, 9.75, 6], "texture": "#0"},
				"east": {"uv": [8.75, 1.5, 10, 2.25], "texture": "#0"},
				"south": {"uv": [9, 0, 10.25, 0.75], "texture": "#0"},
				"west": {"uv": [9, 0.75, 10.25, 1.5], "texture": "#0"},
				"up": {"uv": [5.75, 6.5, 4.5, 5.25], "texture": "#0"},
				"down": {"uv": [6.75, 3.75, 5.5, 5], "texture": "#0"}
			}
		},
		{
			"from": [5, -3, 8],
			"to": [8, 7, 11],
			"faces": {
				"north": {"uv": [0, 3.75, 0.75, 6.25], "texture": "#0"},
				"east": {"uv": [0.75, 3.75, 1.5, 6.25], "texture": "#0"},
				"south": {"uv": [1.5, 3.75, 2.25, 6.25], "texture": "#0"},
				"west": {"uv": [4.25, 1.25, 5, 3.75], "texture": "#0"},
				"up": {"uv": [11, 7.5, 10.25, 6.75], "texture": "#0"},
				"down": {"uv": [0.75, 10.5, 0, 11.25], "texture": "#0"}
			}
		},
		{
			"from": [8, 4, 8],
			"to": [11, 12, 11],
			"faces": {
				"north": {"uv": [2.5, 6.25, 3.25, 8.25], "texture": "#0"},
				"east": {"uv": [5.75, 6.25, 6.5, 8.25], "texture": "#0"},
				"south": {"uv": [4.5, 6.5, 5.25, 8.5], "texture": "#0"},
				"west": {"uv": [6.5, 6.25, 7.25, 8.25], "texture": "#0"},
				"up": {"uv": [11.25, 2.75, 10.5, 2], "texture": "#0"},
				"down": {"uv": [3.25, 10.5, 2.5, 11.25], "texture": "#0"}
			}
		},
		{
			"from": [7, 9, 7],
			"to": [12, 16, 12],
			"faces": {
				"north": {"uv": [0, 2, 1.25, 3.75], "texture": "#0"},
				"east": {"uv": [1.25, 2, 2.5, 3.75], "texture": "#0"},
				"south": {"uv": [2.25, 0, 3.5, 1.75], "texture": "#0"},
				"west": {"uv": [2.5, 1.75, 3.75, 3.5], "texture": "#0"},
				"up": {"uv": [7, 6.25, 5.75, 5], "texture": "#0"},
				"down": {"uv": [7.25, 0.75, 6, 2], "texture": "#0"}
			}
		},
		{
			"from": [6, 12, 8.5],
			"to": [7, 18, 10.5],
			"faces": {
				"north": {"uv": [3.25, 7, 4.25, 8.5], "texture": "#0"},
				"east": {"uv": [4.25, 3.75, 5.5, 5.25], "texture": "#0"},
				"south": {"uv": [7, 3.75, 8, 5.25], "texture": "#0"},
				"west": {"uv": [2.25, 4.75, 3.5, 6.25], "texture": "#0"},
				"up": {"uv": [8.25, 9.25, 7.25, 8], "texture": "#0"},
				"down": {"uv": [3, 8.25, 2, 9.5], "texture": "#0"}
			}
		},
		{
			"from": [8.06497, -14.70148, 8.7],
			"to": [9.36497, -11.50148, 10.3],
			"rotation": {"angle": 0, "axis": "y", "origin": [9.09668, -8.48152, 9.5]},
			"faces": {
				"north": {"uv": [1.5, 9.75, 1.75, 10.5], "texture": "#0"},
				"east": {"uv": [9, 11.25, 9.5, 12], "texture": "#0"},
				"south": {"uv": [11.5, 0.25, 11.75, 1], "texture": "#0"},
				"west": {"uv": [11.25, 9.25, 11.75, 10], "texture": "#0"},
				"up": {"uv": [2.25, 12, 2, 11.5], "texture": "#0"},
				"down": {"uv": [11.75, 2.75, 11.5, 3.25], "texture": "#0"}
			}
		},
		{
			"from": [7.06497, -11.70148, 8.7],
			"to": [10.36497, -8.50148, 10.3],
			"rotation": {"angle": 0, "axis": "y", "origin": [9.09668, -8.48152, 9.5]},
			"faces": {
				"north": {"uv": [10.75, 2.75, 11.5, 3.5], "texture": "#0"},
				"east": {"uv": [6, 11.25, 6.5, 12], "texture": "#0"},
				"south": {"uv": [10.75, 3.5, 11.5, 4.25], "texture": "#0"},
				"west": {"uv": [11.25, 6, 11.75, 6.75], "texture": "#0"},
				"up": {"uv": [12, 8.75, 11.25, 8.25], "texture": "#0"},
				"down": {"uv": [12, 8.75, 11.25, 9.25], "texture": "#0"}
			}
		},
		{
			"from": [7.06497, -8.70148, 8.7],
			"to": [11.36497, -3.50148, 10.3],
			"rotation": {"angle": 0, "axis": "y", "origin": [9.09668, -8.48152, 9.5]},
			"faces": {
				"north": {"uv": [8.25, 8.25, 9.25, 9.5], "texture": "#0"},
				"east": {"uv": [5.25, 6.5, 5.75, 7.75], "texture": "#0"},
				"south": {"uv": [0.75, 8.5, 1.75, 9.75], "texture": "#0"},
				"west": {"uv": [6, 9.25, 6.5, 10.5], "texture": "#0"},
				"up": {"uv": [11.75, 5, 10.75, 4.5], "texture": "#0"},
				"down": {"uv": [11.75, 5.25, 10.75, 5.75], "texture": "#0"}
			}
		},
		{
			"from": [5.43114, -11.27506, 9],
			"to": [6.73114, -3.57506, 10],
			"rotation": {"angle": -22.5, "axis": "z", "origin": [9.09668, -8.48152, 9.5]},
			"faces": {
				"north": {"uv": [5, 10.75, 5.25, 12.75], "texture": "#0"},
				"east": {"uv": [8.25, 10.75, 8.5, 12.75], "texture": "#0"},
				"south": {"uv": [8.5, 10.75, 8.75, 12.75], "texture": "#0"},
				"west": {"uv": [8.75, 10.75, 9, 12.75], "texture": "#0"},
				"up": {"uv": [1.75, 10.75, 1.5, 10.5], "texture": "#0"},
				"down": {"uv": [10.75, 2.75, 10.5, 3], "texture": "#0"}
			}
		},
		{
			"from": [11.65508, -11.89169, 8.9],
			"to": [13.45508, -4.19169, 10.1],
			"rotation": {"angle": 22.5, "axis": "z", "origin": [9.09668, -8.48152, 9.5]},
			"faces": {
				"north": {"uv": [3.75, 1.25, 4.25, 3.25], "texture": "#0"},
				"east": {"uv": [6.75, 10.25, 7, 12.25], "texture": "#0"},
				"south": {"uv": [6.5, 8.25, 7, 10.25], "texture": "#0"},
				"west": {"uv": [2.25, 10.75, 2.5, 12.75], "texture": "#0"},
				"up": {"uv": [10.5, 2.25, 10, 2], "texture": "#0"},
				"down": {"uv": [2, 11.5, 1.5, 11.75], "texture": "#0"}
			}
		},
		{
			"from": [6.83517, 9.07397, 2.66069],
			"to": [8.83517, 27.27397, 16.46069],
			"rotation": {"angle": 0, "axis": "y", "origin": [17.80184, 23.67397, 9.66069]},
			"faces": {
				"north": {"uv": [11.25, 9, 10, 9.5], "rotation": 270, "texture": "#0"},
				"east": {"uv": [8.25, 7.25, 9.5, 8.25], "rotation": 270, "texture": "#0"},
				"south": {"uv": [11.25, 2, 10, 1.5], "rotation": 270, "texture": "#0"},
				"west": {"uv": [5.25, 8.25, 6.5, 9.25], "rotation": 90, "texture": "#0"},
				"up": {"uv": [2.5, 9.5, 3, 10.5], "rotation": 180, "texture": "#0"},
				"down": {"uv": [7.75, 10, 8.25, 11], "texture": "#0"}
			}
		},
		{
			"from": [8.83517, 7.87397, 2.66069],
			"to": [10.83517, 15.07397, 7.46069],
			"rotation": {"angle": 0, "axis": "y", "origin": [17.80184, 23.67397, 9.66069]},
			"faces": {
				"north": {"uv": [11.75, 6.75, 11, 7.25], "rotation": 270, "texture": "#0"},
				"east": {"uv": [8.75, 2.25, 10.3, 3.2], "rotation": 270, "texture": "#0"},
				"south": {"uv": [10, 4.75, 9.25, 4.25], "rotation": 270, "texture": "#0"},
				"west": {"uv": [8.5, 6, 9.25, 6.25], "rotation": 90, "texture": "#0"},
				"up": {"uv": [3.75, 3.25, 4.25, 3.5], "rotation": 180, "texture": "#0"},
				"down": {"uv": [5.25, 7.75, 5.75, 8], "texture": "#0"}
			}
		},
		{
			"from": [8.83517, 15.07397, 2.66069],
			"to": [10.83517, 22.27397, 4.46069],
			"rotation": {"angle": 0, "axis": "y", "origin": [17.80184, 23.67397, 9.66069]},
			"faces": {
				"north": {"uv": [11.75, 6.75, 11, 7.25], "rotation": 270, "texture": "#0"},
				"east": {"uv": [8.75, 2.25, 9.5, 2.5], "rotation": 270, "texture": "#0"},
				"south": {"uv": [10, 4.75, 9.25, 4.25], "rotation": 270, "texture": "#0"},
				"west": {"uv": [8.5, 6, 9.25, 6.25], "rotation": 90, "texture": "#0"},
				"up": {"uv": [3.75, 3.25, 4.25, 3.5], "rotation": 180, "texture": "#0"},
				"down": {"uv": [5.25, 7.75, 5.75, 8], "texture": "#0"}
			}
		},
		{
			"from": [8.83517, 15.27397, 14.66069],
			"to": [10.83517, 22.47397, 16.46069],
			"rotation": {"angle": 0, "axis": "y", "origin": [17.80184, 23.67397, 9.66069]},
			"faces": {
				"north": {"uv": [11.75, 6.75, 11, 7.25], "rotation": 270, "texture": "#0"},
				"east": {"uv": [8.75, 2.25, 9.5, 2.5], "rotation": 270, "texture": "#0"},
				"south": {"uv": [10, 4.75, 9.25, 4.25], "rotation": 270, "texture": "#0"},
				"west": {"uv": [8.5, 6, 9.25, 6.25], "rotation": 90, "texture": "#0"},
				"up": {"uv": [3.75, 3.25, 4.25, 3.5], "rotation": 180, "texture": "#0"},
				"down": {"uv": [5.25, 7.75, 5.75, 8], "texture": "#0"}
			}
		},
		{
			"from": [8.83517, 8.17397, 11.63931],
			"to": [10.83517, 15.37397, 16.43931],
			"rotation": {"angle": 0, "axis": "y", "origin": [17.80184, 23.67397, 6.33931]},
			"faces": {
				"north": {"uv": [10, 4.25, 9.25, 4.75], "rotation": 270, "texture": "#0"},
				"east": {"uv": [8.75, 3.2, 10.3, 2.25], "rotation": 270, "texture": "#0"},
				"south": {"uv": [11.75, 7.25, 11, 6.75], "rotation": 270, "texture": "#0"},
				"west": {"uv": [8.5, 6.25, 9.25, 6], "rotation": 90, "texture": "#0"},
				"up": {"uv": [3.75, 3.5, 4.25, 3.25], "rotation": 180, "texture": "#0"},
				"down": {"uv": [5.25, 8, 5.75, 7.75], "texture": "#0"}
			}
		},
		{
			"from": [4.83517, 10.97397, 7.13931],
			"to": [6.83517, 18.17397, 11.93931],
			"rotation": {"angle": 0, "axis": "y", "origin": [17.80184, 23.67397, 6.33931]},
			"faces": {
				"north": {"uv": [10, 4.25, 9.25, 4.75], "rotation": 270, "texture": "#0"},
				"east": {"uv": [8.75, 2.5, 9.5, 2.25], "rotation": 270, "texture": "#0"},
				"south": {"uv": [11.75, 7.25, 11, 6.75], "rotation": 270, "texture": "#0"},
				"west": {"uv": [8.5, 6.25, 9.25, 6], "rotation": 90, "texture": "#0"},
				"up": {"uv": [3.75, 3.5, 4.25, 3.25], "rotation": 180, "texture": "#0"},
				"down": {"uv": [5.25, 8, 5.75, 7.75], "texture": "#0"}
			}
		}
	],
	"gui_light": "front",
	"display": {
		"thirdperson_righthand": {
			"rotation": [80.5, -87, 81],
			"translation": [0.5, 2.5, 1.5],
			"scale": [0.62, 0.61, 0.61]
		},
		"thirdperson_lefthand": {
			"rotation": [11.4, 83.44, -7.85],
			"translation": [-0.25, 2.5, 1.5],
			"scale": [0.62, 0.61, 0.61]
		},
		"firstperson_righthand": {
			"rotation": [-27.75, -80.5, 0],
			"translation": [2.25, 2.5, 0],
			"scale": [0.41, 0.34, 0.33]
		},
		"firstperson_lefthand": {
			"rotation": [-98.28, 84.38, 78.27],
			"translation": [2.25, 2.5, 0],
			"scale": [0.41, 0.34, 0.33]
		},
		"ground": {
			"rotation": [172.41, 38.27, -8.65],
			"scale": [0.34, 0.48, 0.33]
		},
		"gui": {
			"rotation": [-8.93, -23.72, -21.37],
			"translation": [0, 0.25, 0],
			"scale": [0.36523, 0.35352, 0.59]
		},
		"fixed": {
			"translation": [0, 0, -5.5],
			"scale": [1, 1.34766, 1]
		}
	}
}