{
	"credit": "Made with Blockbench",
	"textures": {
		"1": "block/inhhcolor1",
		"2": "block/inhhcolor2"
	},
	"elements": [
		{
			"from": [7, 3.5, 7],
			"to": [9, 4, 9],
			"faces": {
				"north": {"uv": [0, 0, 3, 2], "texture": "#2"},
				"east": {"uv": [0, 0, 2, 2], "texture": "#2"},
				"south": {"uv": [0, 0, 4, 2], "texture": "#2"},
				"west": {"uv": [0, 0, 1, 2], "texture": "#2"},
				"up": {"uv": [0, 0, 3, 8], "texture": "#2"},
				"down": {"uv": [0, 0, 3, 8], "texture": "#2"}
			}
		},
		{
			"from": [7, 1, 7],
			"to": [9, 1.5, 9],
			"faces": {
				"north": {"uv": [0, 0, 3, 2], "texture": "#2"},
				"east": {"uv": [0, 0, 2, 2], "texture": "#2"},
				"south": {"uv": [0, 0, 4, 2], "texture": "#2"},
				"west": {"uv": [0, 0, 1, 2], "texture": "#2"},
				"up": {"uv": [0, 0, 3, 8], "texture": "#2"},
				"down": {"uv": [0, 0, 3, 8], "texture": "#2"}
			}
		},
		{
			"from": [6.5, 1, 7],
			"to": [7, 4, 9],
			"faces": {
				"north": {"uv": [0, 0, 2, 3], "texture": "#2"},
				"east": {"uv": [0, 0, 2, 4], "texture": "#2"},
				"south": {"uv": [0, 0, 2, 5], "texture": "#2"},
				"west": {"uv": [0, 0, 3, 5], "texture": "#2"},
				"up": {"uv": [0, 0, 2, 8], "texture": "#2"},
				"down": {"uv": [0, 0, 2, 8], "texture": "#2"}
			}
		},
		{
			"from": [9, 1, 7],
			"to": [9.5, 4, 9],
			"faces": {
				"north": {"uv": [0, 0, 2, 3], "texture": "#2"},
				"east": {"uv": [0, 0, 2, 4], "texture": "#2"},
				"south": {"uv": [0, 0, 2, 5], "texture": "#2"},
				"west": {"uv": [0, 0, 3, 5], "texture": "#2"},
				"up": {"uv": [0, 0, 2, 8], "texture": "#2"},
				"down": {"uv": [0, 0, 2, 8], "texture": "#2"}
			}
		},
		{
			"from": [7.375, 8, 7.375],
			"to": [8.625, 16, 8.625],
			"faces": {
				"north": {"uv": [0, 0, 1, 8], "texture": "#2"},
				"east": {"uv": [1, 0, 2, 8], "texture": "#2"},
				"south": {"uv": [2, 0, 3, 8], "texture": "#2"},
				"west": {"uv": [3, 0, 4, 8], "texture": "#2"},
				"up": {"uv": [5, 1, 4, 0], "texture": "#2"},
				"down": {"uv": [5, 1, 4, 2], "texture": "#2"}
			}
		},
		{
			"from": [7.25, 4, 7.25],
			"to": [8.75, 8, 8.75],
			"faces": {
				"north": {"uv": [0, 0, 3, 8], "texture": "#1"},
				"east": {"uv": [4, 0, 7, 8], "texture": "#1"},
				"south": {"uv": [0, 8, 3, 16], "texture": "#1"},
				"west": {"uv": [8, 0, 11, 8], "texture": "#1"},
				"up": {"uv": [7, 11, 4, 8], "texture": "#1"},
				"down": {"uv": [11, 8, 8, 11], "texture": "#1"}
			}
		},
		{
			"from": [7.5, 17, 7.5],
			"to": [8.5, 18, 8.5],
			"faces": {
				"north": {"uv": [0, 0, 4, 4], "texture": "#2"},
				"east": {"uv": [0, 0, 4, 4], "texture": "#2"},
				"south": {"uv": [0, 0, 4, 4], "texture": "#2"},
				"west": {"uv": [0, 0, 4, 4], "texture": "#2"},
				"up": {"uv": [0, 0, 4, 4], "texture": "#2"},
				"down": {"uv": [0, 0, 4, 4], "texture": "#2"}
			}
		},
		{
			"from": [7.375, 16, 7.375],
			"to": [8.625, 17, 8.625],
			"faces": {
				"north": {"uv": [0, 0, 4, 4], "texture": "#2"},
				"east": {"uv": [0, 0, 3, 4], "texture": "#2"},
				"south": {"uv": [0, 0, 3, 4], "texture": "#2"},
				"west": {"uv": [0, 0, 3, 4], "texture": "#2"},
				"up": {"uv": [0, 0, 4, 5], "texture": "#2"},
				"down": {"uv": [0, 0, 4, 5], "texture": "#2"}
			}
		},
		{
			"from": [7.625, 18, 7.625],
			"to": [8.375, 19, 8.375],
			"faces": {
				"north": {"uv": [0, 0, 3, 4], "texture": "#2"},
				"east": {"uv": [0, 0, 3, 4], "texture": "#2"},
				"south": {"uv": [0, 0, 3, 4], "texture": "#2"},
				"west": {"uv": [0, 0, 3, 4], "texture": "#2"},
				"up": {"uv": [0, 0, 3, 3], "texture": "#2"},
				"down": {"uv": [0, 0, 3, 3], "texture": "#2"}
			}
		},
		{
			"from": [7.75, 19, 7.75],
			"to": [8.25, 20, 8.25],
			"faces": {
				"north": {"uv": [0, 0, 2, 4], "texture": "#2"},
				"east": {"uv": [0, 0, 2, 4], "texture": "#2"},
				"south": {"uv": [0, 0, 2, 4], "texture": "#2"},
				"west": {"uv": [0, 0, 2, 4], "texture": "#2"},
				"up": {"uv": [0, 0, 2, 2], "texture": "#2"},
				"down": {"uv": [0, 0, 2, 2], "texture": "#2"}
			}
		}
	],
	"display": {
		"thirdperson_lefthand": {
			"translation": [-0.5, 0, 0]
		},
		"firstperson_righthand": {
			"rotation": [-15, 0, 0],
			"translation": [0, 1.5, 0]
		},
		"firstperson_lefthand": {
			"rotation": [-11, 0, 0],
			"translation": [0, 1.25, 0]
		},
		"ground": {
			"translation": [0, 3.5, 0]
		},
		"gui": {
			"rotation": [0, 0, -45],
			"translation": [-1, -0.75, 3.5]
		},
		"head": {
			"translation": [0, 13.5, 0]
		},
		"fixed": {
			"translation": [0, 0, -0.25]
		}
	}
}