{
	"credit": "Made with Blockbench",
	"textures": {
		"0": "inhh",
		"particle": "inhh"
	},
	"elements": [
		{
			"from": [4, 0, 0],
			"to": [11, 1, 16],
			"faces": {
				"north": {"uv": [7.69082, 9.70048, 8.27295, 10.06522], "texture": "#0"},
				"east": {"uv": [7.72947, 9.60386, 8.36715, 9.92995], "texture": "#0"},
				"south": {"uv": [7.78744, 9.56522, 8.44686, 9.92995], "texture": "#0"},
				"west": {"uv": [7.49758, 9.4686, 8.54106, 9.9686], "texture": "#0"},
				"up": {"uv": [4.71498, 4.17391, 8.21498, 12.17391], "texture": "#0"},
				"down": {"uv": [7.74879, 9.75845, 8.27295, 10.2029], "texture": "#0"}
			}
		},
		{
			"from": [4, 1, 0],
			"to": [11, 2, 2],
			"faces": {
				"north": {"uv": [7.94203, 9.7198, 8.21497, 10.00724], "texture": "#0"},
				"east": {"uv": [7.53623, 9.66184, 7.87923, 10.02657], "texture": "#0"},
				"south": {"uv": [5.08213, 6.43478, 8.58213, 6.93478], "texture": "#0"},
				"west": {"uv": [7.45894, 9.58454, 7.76329, 9.94928], "texture": "#0"},
				"up": {"uv": [7.45894, 9.60386, 7.73188, 9.96618], "texture": "#0"},
				"down": {"uv": [1.29469, 5.02415, 4.79469, 6.02415], "texture": "#0"}
			}
		},
		{
			"from": [4, 1, 14],
			"to": [11, 2, 16],
			"faces": {
				"north": {"uv": [0, 0, 3.5, 0.5], "texture": "#0"},
				"east": {"uv": [7.72947, 9.48792, 8.45894, 9.8913], "texture": "#0"},
				"south": {"uv": [7.63285, 9.66184, 8.35024, 10.12319], "texture": "#0"},
				"west": {"uv": [7.82609, 9.83575, 8.32367, 10.2971], "texture": "#0"},
				"up": {"uv": [7.78744, 9.62319, 8.44686, 10.04348], "texture": "#0"},
				"down": {"uv": [0, 0, 3.5, 1], "texture": "#0"}
			}
		},
		{
			"from": [4, 1, 2],
			"to": [8, 2, 14],
			"faces": {
				"north": {"uv": [0, 0, 2, 0.5], "texture": "#0"},
				"east": {"uv": [0, 0, 6, 0.5], "texture": "#0"},
				"south": {"uv": [0, 0, 2, 0.5], "texture": "#0"},
				"west": {"uv": [7.86473, 9.73913, 8.51208, 10.02657], "texture": "#0"},
				"up": {"uv": [7.51691, 9.56522, 8.35749, 10.03865], "texture": "#0"},
				"down": {"uv": [0, 0, 2, 6], "texture": "#0"}
			}
		},
		{
			"from": [8, 1, 13],
			"to": [11, 2, 14],
			"faces": {
				"north": {"uv": [2.6087, 8.85024, 4.1087, 9.35024], "texture": "#0"},
				"east": {"uv": [1.29469, 5.70048, 7.29469, 6.20048], "texture": "#0"},
				"south": {"uv": [4, 7.22705, 5.5, 7.72705], "texture": "#0"},
				"west": {"uv": [0, 0, 6, 0.5], "texture": "#0"},
				"up": {"uv": [7.30435, 6.95652, 6.87198, 7.57488], "texture": "#0"},
				"down": {"uv": [0, 0, 1.5, 6], "texture": "#0"}
			}
		},
		{
			"from": [8, 1, 10],
			"to": [11, 2, 11],
			"faces": {
				"north": {"uv": [2.6087, 8.85024, 4.1087, 9.35024], "texture": "#0"},
				"east": {"uv": [1.29469, 5.70048, 7.29469, 6.20048], "texture": "#0"},
				"south": {"uv": [4, 7.22705, 5.5, 7.72705], "texture": "#0"},
				"west": {"uv": [0, 0, 6, 0.5], "texture": "#0"},
				"up": {"uv": [7.30435, 6.95652, 6.87198, 7.57488], "texture": "#0"},
				"down": {"uv": [0, 0, 1.5, 6], "texture": "#0"}
			}
		},
		{
			"from": [8, 1, 11],
			"to": [11, 2, 12],
			"faces": {
				"north": {"uv": [2.6087, 8.85024, 4.1087, 9.35024], "texture": "#0"},
				"east": {"uv": [1.29469, 5.70048, 7.29469, 6.20048], "texture": "#0"},
				"south": {"uv": [4, 7.22705, 5.5, 7.72705], "texture": "#0"},
				"west": {"uv": [0, 0, 6, 0.5], "texture": "#0"},
				"up": {"uv": [7.30435, 6.95652, 6.87198, 7.57488], "texture": "#0"},
				"down": {"uv": [0, 0, 1.5, 6], "texture": "#0"}
			}
		},
		{
			"from": [8, 1, 8],
			"to": [11, 2, 9],
			"faces": {
				"north": {"uv": [2.6087, 8.85024, 4.1087, 9.35024], "texture": "#0"},
				"east": {"uv": [1.29469, 5.70048, 7.29469, 6.20048], "texture": "#0"},
				"south": {"uv": [4, 7.22705, 5.5, 7.72705], "texture": "#0"},
				"west": {"uv": [0, 0, 6, 0.5], "texture": "#0"},
				"up": {"uv": [7.30435, 6.95652, 6.87198, 7.57488], "texture": "#0"},
				"down": {"uv": [0, 0, 1.5, 6], "texture": "#0"}
			}
		},
		{
			"from": [8, 1, 6],
			"to": [11, 2, 7],
			"faces": {
				"north": {"uv": [2.6087, 8.85024, 4.1087, 9.35024], "texture": "#0"},
				"east": {"uv": [1.29469, 5.70048, 7.29469, 6.20048], "texture": "#0"},
				"south": {"uv": [4, 7.22705, 5.5, 7.72705], "texture": "#0"},
				"west": {"uv": [0, 0, 6, 0.5], "texture": "#0"},
				"up": {"uv": [7.30435, 6.95652, 6.87198, 7.57488], "texture": "#0"},
				"down": {"uv": [0, 0, 1.5, 6], "texture": "#0"}
			}
		},
		{
			"from": [8, 1, 5],
			"to": [11, 2, 6],
			"faces": {
				"north": {"uv": [2.6087, 8.85024, 4.1087, 9.35024], "texture": "#0"},
				"east": {"uv": [1.29469, 5.70048, 7.29469, 6.20048], "texture": "#0"},
				"south": {"uv": [4, 7.22705, 5.5, 7.72705], "texture": "#0"},
				"west": {"uv": [0, 0, 6, 0.5], "texture": "#0"},
				"up": {"uv": [7.30435, 6.95652, 6.87198, 7.57488], "texture": "#0"},
				"down": {"uv": [0, 0, 1.5, 6], "texture": "#0"}
			}
		},
		{
			"from": [8, 1, 3],
			"to": [11, 2, 4],
			"faces": {
				"north": {"uv": [2.6087, 8.85024, 4.1087, 9.35024], "texture": "#0"},
				"east": {"uv": [1.29469, 5.70048, 7.29469, 6.20048], "texture": "#0"},
				"south": {"uv": [4, 7.22705, 5.5, 7.72705], "texture": "#0"},
				"west": {"uv": [0, 0, 6, 0.5], "texture": "#0"},
				"up": {"uv": [7.30435, 6.95652, 6.87198, 7.57488], "texture": "#0"},
				"down": {"uv": [0, 0, 1.5, 6], "texture": "#0"}
			}
		},
		{
			"from": [8, 1, 2],
			"to": [11, 2, 3],
			"faces": {
				"north": {"uv": [2.6087, 8.85024, 4.1087, 9.35024], "texture": "#0"},
				"east": {"uv": [1.29469, 5.70048, 7.29469, 6.20048], "texture": "#0"},
				"south": {"uv": [4, 7.22705, 5.5, 7.72705], "texture": "#0"},
				"west": {"uv": [0, 0, 6, 0.5], "texture": "#0"},
				"up": {"uv": [7.30435, 6.95652, 6.87198, 7.57488], "texture": "#0"},
				"down": {"uv": [0, 0, 1.5, 6], "texture": "#0"}
			}
		},
		{
			"from": [8, 1, 12],
			"to": [10, 2, 13],
			"faces": {
				"north": {"uv": [0, 0, 1.5, 0.5], "texture": "#0"},
				"east": {"uv": [0, 0, 0.91787, 0.5], "texture": "#0"},
				"south": {"uv": [0, 0, 1.5, 0.5], "texture": "#0"},
				"west": {"uv": [0, 0, 6, 0.5], "texture": "#0"},
				"up": {"uv": [0.69565, 1.60386, 1.92512, 3.65217], "texture": "#0"},
				"down": {"uv": [0, 0, 1.5, 6], "texture": "#0"}
			}
		},
		{
			"from": [8, 1, 9],
			"to": [10, 2, 10],
			"faces": {
				"north": {"uv": [0, 0, 1.5, 0.5], "texture": "#0"},
				"east": {"uv": [0, 0, 0.91787, 0.5], "texture": "#0"},
				"south": {"uv": [0, 0, 1.5, 0.5], "texture": "#0"},
				"west": {"uv": [0, 0, 6, 0.5], "texture": "#0"},
				"up": {"uv": [0.69565, 1.60386, 1.92512, 3.65217], "texture": "#0"},
				"down": {"uv": [0, 0, 1.5, 6], "texture": "#0"}
			}
		},
		{
			"from": [8, 1, 7],
			"to": [10, 2, 8],
			"faces": {
				"north": {"uv": [0, 0, 1.5, 0.5], "texture": "#0"},
				"east": {"uv": [0, 0, 0.91787, 0.5], "texture": "#0"},
				"south": {"uv": [0, 0, 1.5, 0.5], "texture": "#0"},
				"west": {"uv": [0, 0, 6, 0.5], "texture": "#0"},
				"up": {"uv": [0.69565, 1.60386, 1.92512, 3.65217], "texture": "#0"},
				"down": {"uv": [0, 0, 1.5, 6], "texture": "#0"}
			}
		},
		{
			"from": [8, 1, 4],
			"to": [10, 2, 5],
			"faces": {
				"north": {"uv": [0, 0, 1.5, 0.5], "texture": "#0"},
				"east": {"uv": [0, 0, 0.91787, 0.5], "texture": "#0"},
				"south": {"uv": [0, 0, 1.5, 0.5], "texture": "#0"},
				"west": {"uv": [0, 0, 6, 0.5], "texture": "#0"},
				"up": {"uv": [0.69565, 1.60386, 1.92512, 3.65217], "texture": "#0"},
				"down": {"uv": [0, 0, 1.5, 6], "texture": "#0"}
			}
		},
		{
			"from": [10, 1, 12],
			"to": [11, 2, 13],
			"faces": {
				"north": {"uv": [0, 0, 1.5, 0.5], "texture": "#0"},
				"east": {"uv": [0.98551, 6.51208, 6.98551, 7.01208], "texture": "#0"},
				"south": {"uv": [0, 0, 1.5, 0.5], "texture": "#0"},
				"west": {"uv": [0, 0, 6, 0.5], "texture": "#0"},
				"up": {"uv": [1.23671, 5.02415, 5.11353, 7.07246], "texture": "#0"},
				"down": {"uv": [0, 0, 1.5, 6], "texture": "#0"}
			}
		},
		{
			"from": [10, 1, 9],
			"to": [11, 2, 10],
			"faces": {
				"north": {"uv": [0, 0, 1.5, 0.5], "texture": "#0"},
				"east": {"uv": [0.98551, 6.51208, 6.98551, 7.01208], "texture": "#0"},
				"south": {"uv": [0, 0, 1.5, 0.5], "texture": "#0"},
				"west": {"uv": [0, 0, 6, 0.5], "texture": "#0"},
				"up": {"uv": [1.23671, 5.02415, 5.11353, 7.07246], "texture": "#0"},
				"down": {"uv": [0, 0, 1.5, 6], "texture": "#0"}
			}
		},
		{
			"from": [10, 1, 7],
			"to": [11, 2, 8],
			"faces": {
				"north": {"uv": [0, 0, 1.5, 0.5], "texture": "#0"},
				"east": {"uv": [0.98551, 6.51208, 6.98551, 7.01208], "texture": "#0"},
				"south": {"uv": [0, 0, 1.5, 0.5], "texture": "#0"},
				"west": {"uv": [0, 0, 6, 0.5], "texture": "#0"},
				"up": {"uv": [1.23671, 5.02415, 5.11353, 7.07246], "texture": "#0"},
				"down": {"uv": [0, 0, 1.5, 6], "texture": "#0"}
			}
		},
		{
			"from": [10, 1, 4],
			"to": [11, 2, 5],
			"faces": {
				"north": {"uv": [0, 0, 1.5, 0.5], "texture": "#0"},
				"east": {"uv": [0.98551, 6.51208, 6.98551, 7.01208], "texture": "#0"},
				"south": {"uv": [0, 0, 1.5, 0.5], "texture": "#0"},
				"west": {"uv": [0, 0, 6, 0.5], "texture": "#0"},
				"up": {"uv": [1.23671, 5.02415, 5.11353, 7.07246], "texture": "#0"},
				"down": {"uv": [0, 0, 1.5, 6], "texture": "#0"}
			}
		},
		{
			"from": [5, 2, 1],
			"to": [7, 2.5, 2],
			"faces": {
				"north": {"uv": [11.11111, 8.42512, 11.33816, 8.59783], "texture": "#0"},
				"east": {"uv": [11.42029, 8.36715, 11.20531, 8.6558], "texture": "#0"},
				"south": {"uv": [11.16908, 8.69565, 11.31884, 8.38527], "texture": "#0"},
				"west": {"uv": [11.13043, 8.34783, 11.28261, 8.63647], "texture": "#0"},
				"up": {"uv": [11.16908, 8.38647, 11.39614, 8.65459], "texture": "#0"},
				"down": {"uv": [0, 0, 1, 0.5], "texture": "#0"}
			}
		},
		{
			"from": [7, 2, 14],
			"to": [7.5, 2.5, 14.5],
			"faces": {
				"north": {"uv": [10.33816, 9.31401, 10.89734, 9.56401], "texture": "#0"},
				"east": {"uv": [10.57005, 9.73913, 11.09058, 9.13889], "texture": "#0"},
				"south": {"uv": [10.10628, 9.44928, 10.76208, 9.06159], "texture": "#0"},
				"west": {"uv": [10.47343, 9.02415, 11.09058, 9.46739], "texture": "#0"},
				"up": {"uv": [10.43478, 9.08213, 10.95531, 9.66063], "texture": "#0"},
				"down": {"uv": [0, 0, 0.25, 0.25], "texture": "#0"}
			}
		},
		{
			"from": [5, 2, 14],
			"to": [5.5, 2.5, 14.5],
			"faces": {
				"north": {"uv": [10.33816, 9.31401, 10.89734, 9.56401], "texture": "#0"},
				"east": {"uv": [10.57005, 9.73913, 11.09058, 9.13889], "texture": "#0"},
				"south": {"uv": [10.10628, 9.44928, 10.76208, 9.06159], "texture": "#0"},
				"west": {"uv": [10.47343, 9.02415, 11.09058, 9.46739], "texture": "#0"},
				"up": {"uv": [10.43478, 9.08213, 10.95531, 9.66063], "texture": "#0"},
				"down": {"uv": [0, 0, 0.25, 0.25], "texture": "#0"}
			}
		},
		{
			"from": [5, 2, 12],
			"to": [5.5, 2.5, 12.5],
			"faces": {
				"north": {"uv": [10.33816, 9.31401, 10.89734, 9.56401], "texture": "#0"},
				"east": {"uv": [10.57005, 9.73913, 11.09058, 9.13889], "texture": "#0"},
				"south": {"uv": [10.10628, 9.44928, 10.76208, 9.06159], "texture": "#0"},
				"west": {"uv": [10.47343, 9.02415, 11.09058, 9.46739], "texture": "#0"},
				"up": {"uv": [10.43478, 9.08213, 10.95531, 9.66063], "texture": "#0"},
				"down": {"uv": [0, 0, 0.25, 0.25], "texture": "#0"}
			}
		},
		{
			"from": [5, 2, 5],
			"to": [5.5, 2.5, 5.5],
			"faces": {
				"north": {"uv": [10.33816, 9.31401, 10.89734, 9.56401], "texture": "#0"},
				"east": {"uv": [10.57005, 9.73913, 11.09058, 9.13889], "texture": "#0"},
				"south": {"uv": [10.10628, 9.44928, 10.76208, 9.06159], "texture": "#0"},
				"west": {"uv": [10.47343, 9.02415, 11.09058, 9.46739], "texture": "#0"},
				"up": {"uv": [10.43478, 9.08213, 10.95531, 9.66063], "texture": "#0"},
				"down": {"uv": [0, 0, 0.25, 0.25], "texture": "#0"}
			}
		},
		{
			"from": [7, 2, 12],
			"to": [7.5, 2.5, 12.5],
			"faces": {
				"north": {"uv": [10.33816, 9.31401, 10.89734, 9.56401], "texture": "#0"},
				"east": {"uv": [10.57005, 9.73913, 11.09058, 9.13889], "texture": "#0"},
				"south": {"uv": [10.10628, 9.44928, 10.76208, 9.06159], "texture": "#0"},
				"west": {"uv": [10.47343, 9.02415, 11.09058, 9.46739], "texture": "#0"},
				"up": {"uv": [10.43478, 9.08213, 10.95531, 9.66063], "texture": "#0"},
				"down": {"uv": [0, 0, 0.25, 0.25], "texture": "#0"}
			}
		},
		{
			"from": [7, 2, 4],
			"to": [7.5, 2.5, 5.5],
			"faces": {
				"north": {"uv": [9.73913, 8.7343, 9.87319, 8.88768], "texture": "#0"},
				"east": {"uv": [9.73913, 8.94686, 9.8901, 8.73309], "texture": "#0"},
				"south": {"uv": [9.71981, 8.69565, 9.95048, 8.94565], "texture": "#0"},
				"west": {"uv": [9.75845, 8.71498, 9.90942, 8.96498], "texture": "#0"},
				"up": {"uv": [9.73913, 8.71498, 9.91184, 8.96256], "texture": "#0"},
				"down": {"uv": [0, 0, 0.25, 0.75], "texture": "#0"}
			}
		},
		{
			"from": [7, 2, 7],
			"to": [7.5, 2.5, 8.5],
			"faces": {
				"north": {"uv": [9.73913, 8.7343, 9.87319, 8.88768], "texture": "#0"},
				"east": {"uv": [9.73913, 8.94686, 9.8901, 8.73309], "texture": "#0"},
				"south": {"uv": [9.71981, 8.69565, 9.95048, 8.94565], "texture": "#0"},
				"west": {"uv": [9.75845, 8.71498, 9.90942, 8.96498], "texture": "#0"},
				"up": {"uv": [9.73913, 8.71498, 9.91184, 8.96256], "texture": "#0"},
				"down": {"uv": [0, 0, 0.25, 0.75], "texture": "#0"}
			}
		},
		{
			"from": [6, 2, 3],
			"to": [6.5, 2.5, 4.5],
			"faces": {
				"north": {"uv": [9.73913, 8.7343, 9.87319, 8.88768], "texture": "#0"},
				"east": {"uv": [9.73913, 8.94686, 9.8901, 8.73309], "texture": "#0"},
				"south": {"uv": [9.71981, 8.69565, 9.95048, 8.94565], "texture": "#0"},
				"west": {"uv": [9.75845, 8.71498, 9.90942, 8.96498], "texture": "#0"},
				"up": {"uv": [9.73913, 8.71498, 9.91184, 8.96256], "texture": "#0"},
				"down": {"uv": [0, 0, 0.25, 0.75], "texture": "#0"}
			}
		},
		{
			"from": [6, 2, 7],
			"to": [6.5, 2.5, 8.5],
			"faces": {
				"north": {"uv": [9.73913, 8.7343, 9.87319, 8.88768], "texture": "#0"},
				"east": {"uv": [9.73913, 8.94686, 9.8901, 8.73309], "texture": "#0"},
				"south": {"uv": [9.71981, 8.69565, 9.95048, 8.94565], "texture": "#0"},
				"west": {"uv": [9.75845, 8.71498, 9.90942, 8.96498], "texture": "#0"},
				"up": {"uv": [9.73913, 8.71498, 9.91184, 8.96256], "texture": "#0"},
				"down": {"uv": [0, 0, 0.25, 0.75], "texture": "#0"}
			}
		},
		{
			"from": [5, 2, 7],
			"to": [5.5, 2.5, 8.5],
			"faces": {
				"north": {"uv": [9.73913, 8.7343, 9.87319, 8.88768], "texture": "#0"},
				"east": {"uv": [9.73913, 8.94686, 9.8901, 8.73309], "texture": "#0"},
				"south": {"uv": [9.71981, 8.69565, 9.95048, 8.94565], "texture": "#0"},
				"west": {"uv": [9.75845, 8.71498, 9.90942, 8.96498], "texture": "#0"},
				"up": {"uv": [9.73913, 8.71498, 9.91184, 8.96256], "texture": "#0"},
				"down": {"uv": [0, 0, 0.25, 0.75], "texture": "#0"}
			}
		}
	],
	"display": {
		"thirdperson_righthand": {
			"rotation": [0, 90, 0],
			"translation": [-6, 8, 1.5]
		},
		"thirdperson_lefthand": {
			"rotation": [0, 90, 0],
			"translation": [-6, 8, 0]
		},
		"firstperson_righthand": {
			"rotation": [0, -90, -12],
			"translation": [-9, 6.5, 0]
		},
		"firstperson_lefthand": {
			"rotation": [0, 90, 20],
			"translation": [-9.5, 5.75, 0]
		},
		"ground": {
			"translation": [0, 4.75, 0]
		},
		"gui": {
			"rotation": [90, -90, 0]
		},
		"head": {
			"translation": [0, 14.25, 0]
		},
		"fixed": {
			"rotation": [0, 90, 0],
			"translation": [0, 6.5, -4.75]
		}
	}
}