{
	"__comment": "Designed by MrZoom31 with Cubik Studio - https://cubik.studio",
	"textures": {
		"iron_sword": "items/irn2"
	},
	"elements": [ 	 
		{
			"__comment": "Voxels",
			"from": [ -16, 7.3846, 8 ],
			"to": [ 24, 9.230754, 8.615385 ],
			"faces": {
				"down": { "uv": [ 0, 14.125, 8.125, 14.25 ], "texture": "#iron_sword" },
				"up": { "uv": [ 0, 14.125, 8.125, 14 ], "texture": "#iron_sword" },
				"north": { "uv": [ 8.125, 15.625, 0, 16 ], "texture": "#iron_sword" },
				"south": { "uv": [ 0, 15.25, 8.125, 15.625 ], "texture": "#iron_sword" },
				"west": { "uv": [ 1, 10.875, 1.125, 11.25 ], "texture": "#iron_sword" },
				"east": { "uv": [ 1.125, 10.5, 1, 10.875 ], "texture": "#iron_sword" }
			}
		},
		{
			"__comment": "Voxels",
			"from": [ -16, 8, 7.3846 ],
			"to": [ 27.69231, 8.615385, 7.999984 ],
			"faces": {
				"down": { "uv": [ 0, 15.125, 8.875, 15.25 ], "texture": "#iron_sword" },
				"up": { "uv": [ 0, 15.125, 8.875, 15 ], "texture": "#iron_sword" },
				"north": { "uv": [ 8.875, 14.875, 0, 15 ], "texture": "#iron_sword" },
				"south": { "uv": [ 0, 14.75, 8.875, 14.875 ], "texture": "#iron_sword" },
				"west": { "uv": [ 1, 5.875, 1.125, 6 ], "texture": "#iron_sword" },
				"east": { "uv": [ 1.125, 5.75, 1, 5.875 ], "texture": "#iron_sword" }
			}
		},
		{
			"__comment": "Voxels",
			"from": [ -16, 8, 8.615399 ],
			"to": [ 27.69231, 8.615385, 9.230784 ],
			"faces": {
				"down": { "uv": [ 0, 14.625, 8.875, 14.75 ], "texture": "#iron_sword" },
				"up": { "uv": [ 0, 14.625, 8.875, 14.5 ], "texture": "#iron_sword" },
				"north": { "uv": [ 8.875, 14.375, 0, 14.5 ], "texture": "#iron_sword" },
				"south": { "uv": [ 0, 14.25, 8.875, 14.375 ], "texture": "#iron_sword" },
				"west": { "uv": [ 1, 5.625, 1.125, 5.75 ], "texture": "#iron_sword" },
				"east": { "uv": [ 1.125, 5.5, 1, 5.625 ], "texture": "#iron_sword" }
			}
		},
		{
			"__comment": "Voxels",
			"from": [ -15.3846, 7.3846, 7.3846 ],
			"to": [ -11.07691, 7.999984, 7.999984 ],
			"faces": {
				"down": { "uv": [ 0, 2.625, 0.875, 2.75 ], "texture": "#iron_sword" },
				"up": { "uv": [ 0, 2.625, 0.875, 2.5 ], "texture": "#iron_sword" },
				"north": { "uv": [ 0.875, 2.375, 0, 2.5 ], "texture": "#iron_sword" },
				"south": { "uv": [ 0, 2.25, 0.875, 2.375 ], "texture": "#iron_sword" },
				"west": { "uv": [ 1, 5.375, 1.125, 5.5 ], "texture": "#iron_sword" },
				"east": { "uv": [ 1.125, 5.25, 1, 5.375 ], "texture": "#iron_sword" }
			}
		},
		{
			"__comment": "Voxels",
			"from": [ -15.3846, 7.3846, 8.615399 ],
			"to": [ -11.07691, 7.999984, 9.230784 ],
			"faces": {
				"down": { "uv": [ 0, 2.125, 0.875, 2.25 ], "texture": "#iron_sword" },
				"up": { "uv": [ 0, 2.125, 0.875, 2 ], "texture": "#iron_sword" },
				"north": { "uv": [ 0.875, 1.875, 0, 2 ], "texture": "#iron_sword" },
				"south": { "uv": [ 0, 1.75, 0.875, 1.875 ], "texture": "#iron_sword" },
				"west": { "uv": [ 1, 5.125, 1.125, 5.25 ], "texture": "#iron_sword" },
				"east": { "uv": [ 1.125, 5, 1, 5.125 ], "texture": "#iron_sword" }
			}
		},
		{
			"__comment": "Voxels",
			"from": [ -15.3846, 8.615399, 7.3846 ],
			"to": [ -11.07691, 9.230784, 7.999984 ],
			"faces": {
				"down": { "uv": [ 0, 1.625, 0.875, 1.75 ], "texture": "#iron_sword" },
				"up": { "uv": [ 0, 1.625, 0.875, 1.5 ], "texture": "#iron_sword" },
				"north": { "uv": [ 0.875, 1.375, 0, 1.5 ], "texture": "#iron_sword" },
				"south": { "uv": [ 0, 1.25, 0.875, 1.375 ], "texture": "#iron_sword" },
				"west": { "uv": [ 1, 4.875, 1.125, 5 ], "texture": "#iron_sword" },
				"east": { "uv": [ 1.125, 4.75, 1, 4.875 ], "texture": "#iron_sword" }
			}
		},
		{
			"__comment": "Voxels",
			"from": [ -15.3846, 8.615399, 8.615399 ],
			"to": [ -11.07691, 9.230784, 9.230784 ],
			"faces": {
				"down": { "uv": [ 0, 1.125, 0.875, 1.25 ], "texture": "#iron_sword" },
				"up": { "uv": [ 0, 1.125, 0.875, 1 ], "texture": "#iron_sword" },
				"north": { "uv": [ 0.875, 0.875, 0, 1 ], "texture": "#iron_sword" },
				"south": { "uv": [ 1.125, 10.75, 2, 10.875 ], "texture": "#iron_sword" },
				"west": { "uv": [ 1, 4.625, 1.125, 4.75 ], "texture": "#iron_sword" },
				"east": { "uv": [ 1.125, 4.5, 1, 4.625 ], "texture": "#iron_sword" }
			}
		},
		{
			"__comment": "Voxels",
			"from": [ -14.7692, 6.7692, 8 ],
			"to": [ -13.53843, 7.384584, 8.615385 ],
			"faces": {
				"down": { "uv": [ 0.875, 2.125, 1.125, 2.25 ], "texture": "#iron_sword" },
				"up": { "uv": [ 0.875, 2.125, 1.125, 2 ], "texture": "#iron_sword" },
				"north": { "uv": [ 1.125, 1.875, 0.875, 2 ], "texture": "#iron_sword" },
				"south": { "uv": [ 0.875, 1.75, 1.125, 1.875 ], "texture": "#iron_sword" },
				"west": { "uv": [ 1, 4.375, 1.125, 4.5 ], "texture": "#iron_sword" },
				"east": { "uv": [ 1.125, 4.25, 1, 4.375 ], "texture": "#iron_sword" }
			}
		},
		{
			"__comment": "Voxels",
			"from": [ -14.7692, 8, 6.7692 ],
			"to": [ -11.07689, 8.615385, 7.384584 ],
			"faces": {
				"down": { "uv": [ 1.125, 10, 1.875, 10.125 ], "texture": "#iron_sword" },
				"up": { "uv": [ 1.875, 10.125, 2.625, 10 ], "texture": "#iron_sword" },
				"north": { "uv": [ 1.875, 9.875, 1.125, 10 ], "texture": "#iron_sword" },
				"south": { "uv": [ 1.875, 9.875, 2.625, 10 ], "texture": "#iron_sword" },
				"west": { "uv": [ 1, 4.125, 1.125, 4.25 ], "texture": "#iron_sword" },
				"east": { "uv": [ 1.125, 4, 1, 4.125 ], "texture": "#iron_sword" }
			}
		},
		{
			"__comment": "Voxels",
			"from": [ -14.7692, 8, 9.2308 ],
			"to": [ -11.07689, 8.615385, 9.846185 ],
			"faces": {
				"down": { "uv": [ 1.875, 9.75, 2.625, 9.875 ], "texture": "#iron_sword" },
				"up": { "uv": [ 1.125, 8.75, 1.875, 8.625 ], "texture": "#iron_sword" },
				"north": { "uv": [ 1.875, 8.75, 1.125, 8.875 ], "texture": "#iron_sword" },
				"south": { "uv": [ 1.875, 8.875, 2.625, 9 ], "texture": "#iron_sword" },
				"west": { "uv": [ 1, 3.875, 1.125, 4 ], "texture": "#iron_sword" },
				"east": { "uv": [ 1.125, 3.75, 1, 3.875 ], "texture": "#iron_sword" }
			}
		},
		{
			"__comment": "Voxels",
			"from": [ -14.7692, 9.2308, 8 ],
			"to": [ -13.53843, 9.846185, 8.615385 ],
			"faces": {
				"down": { "uv": [ 0.875, 1.125, 1.125, 1.25 ], "texture": "#iron_sword" },
				"up": { "uv": [ 0.875, 1.125, 1.125, 1 ], "texture": "#iron_sword" },
				"north": { "uv": [ 1.125, 0.875, 0.875, 1 ], "texture": "#iron_sword" },
				"south": { "uv": [ 0.875, 0.75, 1.125, 0.875 ], "texture": "#iron_sword" },
				"west": { "uv": [ 1, 3.625, 1.125, 3.75 ], "texture": "#iron_sword" },
				"east": { "uv": [ 1.125, 3.5, 1, 3.625 ], "texture": "#iron_sword" }
			}
		},
		{
			"__comment": "Voxels",
			"from": [ -14.1538, 6.7692, 7.3846 ],
			"to": [ -11.69226, 7.384584, 7.999984 ],
			"faces": {
				"down": { "uv": [ 1.625, 7.75, 2.125, 7.875 ], "texture": "#iron_sword" },
				"up": { "uv": [ 2.125, 7.875, 2.625, 7.75 ], "texture": "#iron_sword" },
				"north": { "uv": [ 1.625, 7.625, 1.125, 7.75 ], "texture": "#iron_sword" },
				"south": { "uv": [ 1.625, 7.625, 2.125, 7.75 ], "texture": "#iron_sword" },
				"west": { "uv": [ 1, 3.375, 1.125, 3.5 ], "texture": "#iron_sword" },
				"east": { "uv": [ 1.125, 3.25, 1, 3.375 ], "texture": "#iron_sword" }
			}
		},
		{
			"__comment": "Voxels",
			"from": [ -14.1538, 6.7692, 8.615399 ],
			"to": [ -11.69226, 7.384584, 9.230784 ],
			"faces": {
				"down": { "uv": [ 1.625, 7.5, 2.125, 7.625 ], "texture": "#iron_sword" },
				"up": { "uv": [ 2.125, 7.625, 2.625, 7.5 ], "texture": "#iron_sword" },
				"north": { "uv": [ 1.625, 7.375, 1.125, 7.5 ], "texture": "#iron_sword" },
				"south": { "uv": [ 1.625, 7.375, 2.125, 7.5 ], "texture": "#iron_sword" },
				"west": { "uv": [ 1, 3.125, 1.125, 3.25 ], "texture": "#iron_sword" },
				"east": { "uv": [ 1.125, 3, 1, 3.125 ], "texture": "#iron_sword" }
			}
		},
		{
			"__comment": "Voxels",
			"from": [ -14.1538, 7.3846, 6.7692 ],
			"to": [ -11.69226, 7.999984, 7.384584 ],
			"faces": {
				"down": { "uv": [ 1.625, 7.25, 2.125, 7.375 ], "texture": "#iron_sword" },
				"up": { "uv": [ 2.125, 7.375, 2.625, 7.25 ], "texture": "#iron_sword" },
				"north": { "uv": [ 1.625, 7.125, 1.125, 7.25 ], "texture": "#iron_sword" },
				"south": { "uv": [ 1.625, 7.125, 2.125, 7.25 ], "texture": "#iron_sword" },
				"west": { "uv": [ 15.875, 13.375, 16, 13.5 ], "texture": "#iron_sword" },
				"east": { "uv": [ 16, 13.25, 15.875, 13.375 ], "texture": "#iron_sword" }
			}
		},
		{
			"__comment": "Voxels",
			"from": [ -14.1538, 7.3846, 9.2308 ],
			"to": [ -11.69226, 7.999984, 9.846185 ],
			"faces": {
				"down": { "uv": [ 1.625, 7, 2.125, 7.125 ], "texture": "#iron_sword" },
				"up": { "uv": [ 2.125, 7.125, 2.625, 7 ], "texture": "#iron_sword" },
				"north": { "uv": [ 1.625, 6.875, 1.125, 7 ], "texture": "#iron_sword" },
				"south": { "uv": [ 1.625, 6.875, 2.125, 7 ], "texture": "#iron_sword" },
				"west": { "uv": [ 15.875, 13.125, 16, 13.25 ], "texture": "#iron_sword" },
				"east": { "uv": [ 16, 13, 15.875, 13.125 ], "texture": "#iron_sword" }
			}
		},
		{
			"__comment": "Voxels",
			"from": [ -14.1538, 8.615399, 6.7692 ],
			"to": [ -11.69226, 9.230784, 7.384584 ],
			"faces": {
				"down": { "uv": [ 1.625, 6.75, 2.125, 6.875 ], "texture": "#iron_sword" },
				"up": { "uv": [ 2.125, 6.875, 2.625, 6.75 ], "texture": "#iron_sword" },
				"north": { "uv": [ 1.625, 6.625, 1.125, 6.75 ], "texture": "#iron_sword" },
				"south": { "uv": [ 1.625, 6.625, 2.125, 6.75 ], "texture": "#iron_sword" },
				"west": { "uv": [ 2.5, 8.625, 2.625, 8.75 ], "texture": "#iron_sword" },
				"east": { "uv": [ 2.625, 5.25, 2.5, 5.375 ], "texture": "#iron_sword" }
			}
		},
		{
			"__comment": "Voxels",
			"from": [ -14.1538, 8.615399, 9.2308 ],
			"to": [ -11.69226, 9.230784, 9.846185 ],
			"faces": {
				"down": { "uv": [ 2.125, 6.625, 2.625, 6.75 ], "texture": "#iron_sword" },
				"up": { "uv": [ 1.125, 6.625, 1.625, 6.5 ], "texture": "#iron_sword" },
				"north": { "uv": [ 2.125, 6.5, 1.625, 6.625 ], "texture": "#iron_sword" },
				"south": { "uv": [ 2.125, 6.5, 2.625, 6.625 ], "texture": "#iron_sword" },
				"west": { "uv": [ 2.5, 5.125, 2.625, 5.25 ], "texture": "#iron_sword" },
				"east": { "uv": [ 2.625, 5, 2.5, 5.125 ], "texture": "#iron_sword" }
			}
		},
		{
			"__comment": "Voxels",
			"from": [ -14.1538, 9.2308, 7.3846 ],
			"to": [ -11.69226, 9.846185, 7.999984 ],
			"faces": {
				"down": { "uv": [ 1.625, 6.375, 2.125, 6.5 ], "texture": "#iron_sword" },
				"up": { "uv": [ 1.625, 6.375, 2.125, 6.25 ], "texture": "#iron_sword" },
				"north": { "uv": [ 2.625, 6.375, 2.125, 6.5 ], "texture": "#iron_sword" },
				"south": { "uv": [ 2.125, 6.25, 2.625, 6.375 ], "texture": "#iron_sword" },
				"west": { "uv": [ 2.5, 4.125, 2.625, 4.25 ], "texture": "#iron_sword" },
				"east": { "uv": [ 2.625, 4, 2.5, 4.125 ], "texture": "#iron_sword" }
			}
		},
		{
			"__comment": "Voxels",
			"from": [ -14.1538, 9.2308, 8.615399 ],
			"to": [ -11.69226, 9.846185, 9.230784 ],
			"faces": {
				"down": { "uv": [ 1.625, 6.125, 2.125, 6.25 ], "texture": "#iron_sword" },
				"up": { "uv": [ 1.625, 6.125, 2.125, 6 ], "texture": "#iron_sword" },
				"north": { "uv": [ 2.625, 6.125, 2.125, 6.25 ], "texture": "#iron_sword" },
				"south": { "uv": [ 2.125, 6, 2.625, 6.125 ], "texture": "#iron_sword" },
				"west": { "uv": [ 2.5, 3.875, 2.625, 4 ], "texture": "#iron_sword" },
				"east": { "uv": [ 2.625, 3.5, 2.5, 3.625 ], "texture": "#iron_sword" }
			}
		},
		{
			"__comment": "Voxels",
			"from": [ -12.9231, 6.7692, 8 ],
			"to": [ -11.69233, 7.384584, 8.615385 ],
			"faces": {
				"down": { "uv": [ 1.375, 2.75, 1.625, 2.875 ], "texture": "#iron_sword" },
				"up": { "uv": [ 1.625, 2.875, 1.875, 2.75 ], "texture": "#iron_sword" },
				"north": { "uv": [ 2.125, 2.75, 1.875, 2.875 ], "texture": "#iron_sword" },
				"south": { "uv": [ 2.125, 2.75, 2.375, 2.875 ], "texture": "#iron_sword" },
				"west": { "uv": [ 2.5, 3.375, 2.625, 3.5 ], "texture": "#iron_sword" },
				"east": { "uv": [ 2.625, 3.25, 2.5, 3.375 ], "texture": "#iron_sword" }
			}
		},
		{
			"__comment": "Voxels",
			"from": [ -12.9231, 9.2308, 8 ],
			"to": [ -11.69233, 9.846185, 8.615385 ],
			"faces": {
				"down": { "uv": [ 1.375, 2.625, 1.625, 2.75 ], "texture": "#iron_sword" },
				"up": { "uv": [ 1.625, 2.75, 1.875, 2.625 ], "texture": "#iron_sword" },
				"north": { "uv": [ 2.125, 2.625, 1.875, 2.75 ], "texture": "#iron_sword" },
				"south": { "uv": [ 2.125, 2.625, 2.375, 2.75 ], "texture": "#iron_sword" },
				"west": { "uv": [ 2.25, 1, 2.375, 1.125 ], "texture": "#iron_sword" },
				"east": { "uv": [ 1.25, 0.875, 1.125, 1 ], "texture": "#iron_sword" }
			}
		},
		{
			"__comment": "Voxels",
			"from": [ -9.8462, 7.3846, 7.3846 ],
			"to": [ 17.84611, 7.999984, 7.999984 ],
			"faces": {
				"down": { "uv": [ 8.875, 14.5, 14.5, 14.625 ], "texture": "#iron_sword" },
				"up": { "uv": [ 8.875, 14.75, 14.5, 14.625 ], "texture": "#iron_sword" },
				"north": { "uv": [ 14.5, 14.75, 8.875, 14.875 ], "texture": "#iron_sword" },
				"south": { "uv": [ 8.875, 14.875, 14.5, 15 ], "texture": "#iron_sword" },
				"west": { "uv": [ 1.125, 0.75, 1.25, 0.875 ], "texture": "#iron_sword" },
				"east": { "uv": [ 1.25, 0.625, 1.125, 0.75 ], "texture": "#iron_sword" }
			}
		},
		{
			"__comment": "Voxels",
			"from": [ -9.8462, 7.3846, 8.615399 ],
			"to": [ 17.84611, 7.999984, 9.230784 ],
			"faces": {
				"down": { "uv": [ 6.75, 13.625, 12.375, 13.75 ], "texture": "#iron_sword" },
				"up": { "uv": [ 6.75, 14, 12.375, 13.875 ], "texture": "#iron_sword" },
				"north": { "uv": [ 6.75, 13.875, 1.125, 14 ], "texture": "#iron_sword" },
				"south": { "uv": [ 8.125, 14, 13.75, 14.125 ], "texture": "#iron_sword" },
				"west": { "uv": [ 1.125, 0.5, 1.25, 0.625 ], "texture": "#iron_sword" },
				"east": { "uv": [ 1.25, 0.375, 1.125, 0.5 ], "texture": "#iron_sword" }
			}
		},
		{
			"__comment": "Voxels",
			"from": [ -9.8462, 8, 6.7692 ],
			"to": [ 18.46149, 8.615385, 7.384584 ],
			"faces": {
				"down": { "uv": [ 8.875, 15.125, 14.625, 15.25 ], "texture": "#iron_sword" },
				"up": { "uv": [ 8.125, 15.625, 13.875, 15.5 ], "texture": "#iron_sword" },
				"north": { "uv": [ 13.875, 15.625, 8.125, 15.75 ], "texture": "#iron_sword" },
				"south": { "uv": [ 8.125, 15.375, 13.875, 15.5 ], "texture": "#iron_sword" },
				"west": { "uv": [ 1.125, 0.25, 1.25, 0.375 ], "texture": "#iron_sword" },
				"east": { "uv": [ 1.25, 0.125, 1.125, 0.25 ], "texture": "#iron_sword" }
			}
		},
		{
			"__comment": "Voxels",
			"from": [ -9.8462, 8, 9.2308 ],
			"to": [ 18.46149, 8.615385, 9.846185 ],
			"faces": {
				"down": { "uv": [ 8.125, 15.25, 13.875, 15.375 ], "texture": "#iron_sword" },
				"up": { "uv": [ 8.125, 16, 13.875, 15.875 ], "texture": "#iron_sword" },
				"north": { "uv": [ 14.625, 15, 8.875, 15.125 ], "texture": "#iron_sword" },
				"south": { "uv": [ 8.125, 15.75, 13.875, 15.875 ], "texture": "#iron_sword" },
				"west": { "uv": [ 1.125, 0, 1.25, 0.125 ], "texture": "#iron_sword" },
				"east": { "uv": [ 2.625, 1.375, 2.5, 1.5 ], "texture": "#iron_sword" }
			}
		},
		{
			"__comment": "Voxels",
			"from": [ -9.8462, 8.615399, 7.3846 ],
			"to": [ 17.84611, 9.230784, 7.999984 ],
			"faces": {
				"down": { "uv": [ 6.75, 13.5, 12.375, 13.625 ], "texture": "#iron_sword" },
				"up": { "uv": [ 1.125, 13.625, 6.75, 13.5 ], "texture": "#iron_sword" },
				"north": { "uv": [ 6.75, 13.625, 1.125, 13.75 ], "texture": "#iron_sword" },
				"south": { "uv": [ 6.75, 13.75, 12.375, 13.875 ], "texture": "#iron_sword" },
				"west": { "uv": [ 2.25, 1.25, 2.375, 1.375 ], "texture": "#iron_sword" },
				"east": { "uv": [ 2.5, 1.25, 2.375, 1.375 ], "texture": "#iron_sword" }
			}
		},
		{
			"__comment": "Voxels",
			"from": [ -9.8462, 8.615399, 8.615399 ],
			"to": [ 17.84611, 9.230784, 9.230784 ],
			"faces": {
				"down": { "uv": [ 1.125, 13.75, 6.75, 13.875 ], "texture": "#iron_sword" },
				"up": { "uv": [ 8.875, 14.5, 14.5, 14.375 ], "texture": "#iron_sword" },
				"north": { "uv": [ 13.75, 14.125, 8.125, 14.25 ], "texture": "#iron_sword" },
				"south": { "uv": [ 8.875, 14.25, 14.5, 14.375 ], "texture": "#iron_sword" },
				"west": { "uv": [ 2.5, 1.25, 2.625, 1.375 ], "texture": "#iron_sword" },
				"east": { "uv": [ 1.375, 1.125, 1.25, 1.25 ], "texture": "#iron_sword" }
			}
		},
		{
			"__comment": "Voxels",
			"from": [ -6.1538, 6.7692, 7.3846 ],
			"to": [ -5.538415, 7.384584, 9.230754 ],
			"faces": {
				"down": { "uv": [ 1.125, 3.25, 1.25, 3.625 ], "texture": "#iron_sword" },
				"up": { "uv": [ 1.25, 3.625, 1.375, 3.25 ], "texture": "#iron_sword" },
				"north": { "uv": [ 1.375, 1, 1.25, 1.125 ], "texture": "#iron_sword" },
				"south": { "uv": [ 1.25, 0.875, 1.375, 1 ], "texture": "#iron_sword" },
				"west": { "uv": [ 2.25, 3.625, 2.625, 3.75 ], "texture": "#iron_sword" },
				"east": { "uv": [ 1.75, 3.5, 1.375, 3.625 ], "texture": "#iron_sword" }
			}
		},
		{
			"__comment": "Voxels",
			"from": [ -6.1538, 7.3846, 6.7692 ],
			"to": [ -5.538415, 7.999984, 7.384584 ],
			"faces": {
				"down": { "uv": [ 1.25, 0.75, 1.375, 0.875 ], "texture": "#iron_sword" },
				"up": { "uv": [ 1.25, 0.75, 1.375, 0.625 ], "texture": "#iron_sword" },
				"north": { "uv": [ 1.375, 0.5, 1.25, 0.625 ], "texture": "#iron_sword" },
				"south": { "uv": [ 1.25, 0.375, 1.375, 0.5 ], "texture": "#iron_sword" },
				"west": { "uv": [ 1.25, 0.25, 1.375, 0.375 ], "texture": "#iron_sword" },
				"east": { "uv": [ 1.375, 0.125, 1.25, 0.25 ], "texture": "#iron_sword" }
			}
		},
		{
			"__comment": "Voxels",
			"from": [ -6.1538, 7.3846, 9.2308 ],
			"to": [ -5.538415, 7.999984, 9.846185 ],
			"faces": {
				"down": { "uv": [ 1.25, 0, 1.375, 0.125 ], "texture": "#iron_sword" },
				"up": { "uv": [ 1.375, 1.25, 1.5, 1.125 ], "texture": "#iron_sword" },
				"north": { "uv": [ 1.625, 1.125, 1.5, 1.25 ], "texture": "#iron_sword" },
				"south": { "uv": [ 1.625, 1.125, 1.75, 1.25 ], "texture": "#iron_sword" },
				"west": { "uv": [ 1.75, 1.125, 1.875, 1.25 ], "texture": "#iron_sword" },
				"east": { "uv": [ 2, 1.125, 1.875, 1.25 ], "texture": "#iron_sword" }
			}
		},
		{
			"__comment": "Voxels",
			"from": [ -6.1538, 8.615399, 6.7692 ],
			"to": [ -5.538415, 9.230784, 7.384584 ],
			"faces": {
				"down": { "uv": [ 2, 1.125, 2.125, 1.25 ], "texture": "#iron_sword" },
				"up": { "uv": [ 2.125, 1.25, 2.25, 1.125 ], "texture": "#iron_sword" },
				"north": { "uv": [ 2.375, 1.125, 2.25, 1.25 ], "texture": "#iron_sword" },
				"south": { "uv": [ 2.375, 1.125, 2.5, 1.25 ], "texture": "#iron_sword" },
				"west": { "uv": [ 2.5, 1.125, 2.625, 1.25 ], "texture": "#iron_sword" },
				"east": { "uv": [ 1.5, 1, 1.375, 1.125 ], "texture": "#iron_sword" }
			}
		},
		{
			"__comment": "Voxels",
			"from": [ -6.1538, 8.615399, 9.2308 ],
			"to": [ -5.538415, 9.230784, 9.846185 ],
			"faces": {
				"down": { "uv": [ 1.375, 0.875, 1.5, 1 ], "texture": "#iron_sword" },
				"up": { "uv": [ 1.375, 0.875, 1.5, 0.75 ], "texture": "#iron_sword" },
				"north": { "uv": [ 1.5, 0.625, 1.375, 0.75 ], "texture": "#iron_sword" },
				"south": { "uv": [ 1.375, 0.5, 1.5, 0.625 ], "texture": "#iron_sword" },
				"west": { "uv": [ 1.375, 0.375, 1.5, 0.5 ], "texture": "#iron_sword" },
				"east": { "uv": [ 1.5, 0.25, 1.375, 0.375 ], "texture": "#iron_sword" }
			}
		},
		{
			"__comment": "Voxels",
			"from": [ -6.1538, 9.2308, 7.3846 ],
			"to": [ -5.538415, 9.846185, 9.230754 ],
			"faces": {
				"down": { "uv": [ 1.125, 5, 1.25, 5.375 ], "texture": "#iron_sword" },
				"up": { "uv": [ 1.25, 5.375, 1.375, 5 ], "texture": "#iron_sword" },
				"north": { "uv": [ 1.5, 0.125, 1.375, 0.25 ], "texture": "#iron_sword" },
				"south": { "uv": [ 1.375, 0, 1.5, 0.125 ], "texture": "#iron_sword" },
				"west": { "uv": [ 1.75, 4, 2.125, 4.125 ], "texture": "#iron_sword" },
				"east": { "uv": [ 2.125, 3.875, 1.75, 4 ], "texture": "#iron_sword" }
			}
		},
		{
			"__comment": "Voxels",
			"from": [ -4.9231, 6.1538, 7.3846 ],
			"to": [ -1.846177, 7.384569, 7.999984 ],
			"faces": {
				"down": { "uv": [ 2, 12.625, 2.625, 12.75 ], "texture": "#iron_sword" },
				"up": { "uv": [ 2, 12.125, 2.625, 12 ], "texture": "#iron_sword" },
				"north": { "uv": [ 0.625, 6.75, 0, 7 ], "texture": "#iron_sword" },
				"south": { "uv": [ 0, 7, 0.625, 7.25 ], "texture": "#iron_sword" },
				"west": { "uv": [ 1, 7.75, 1.125, 8 ], "texture": "#iron_sword" },
				"east": { "uv": [ 1.125, 8, 1, 8.25 ], "texture": "#iron_sword" }
			}
		},
		{
			"__comment": "Voxels",
			"from": [ -4.9231, 6.1538, 8 ],
			"to": [ -4.307715, 7.384569, 9.230769 ],
			"faces": {
				"down": { "uv": [ 1.125, 1.25, 1.25, 1.5 ], "texture": "#iron_sword" },
				"up": { "uv": [ 2.5, 1.75, 2.625, 1.5 ], "texture": "#iron_sword" },
				"north": { "uv": [ 2.5, 1.5, 2.375, 1.75 ], "texture": "#iron_sword" },
				"south": { "uv": [ 2.25, 1.5, 2.375, 1.75 ], "texture": "#iron_sword" },
				"west": { "uv": [ 0.875, 9.5, 1.125, 9.75 ], "texture": "#iron_sword" },
				"east": { "uv": [ 1.125, 9.25, 0.875, 9.5 ], "texture": "#iron_sword" }
			}
		},
		{
			"__comment": "Voxels",
			"from": [ -4.9231, 6.7692, 6.7692 ],
			"to": [ 0.6153617, 7.999969, 7.384584 ],
			"faces": {
				"down": { "uv": [ 14.625, 15, 15.75, 15.125 ], "texture": "#iron_sword" },
				"up": { "uv": [ 0, 6.125, 1.125, 6 ], "texture": "#iron_sword" },
				"north": { "uv": [ 1.125, 11.25, 0, 11.5 ], "texture": "#iron_sword" },
				"south": { "uv": [ 0, 11.5, 1.125, 11.75 ], "texture": "#iron_sword" },
				"west": { "uv": [ 2.125, 1.5, 2.25, 1.75 ], "texture": "#iron_sword" },
				"east": { "uv": [ 2, 1.5, 1.875, 1.75 ], "texture": "#iron_sword" }
			}
		},
		{
			"__comment": "Voxels",
			"from": [ -4.9231, 6.7692, 9.2308 ],
			"to": [ 0.6153617, 7.999969, 9.846185 ],
			"faces": {
				"down": { "uv": [ 0, 6.25, 1.125, 6.375 ], "texture": "#iron_sword" },
				"up": { "uv": [ 0, 6.5, 1.125, 6.375 ], "texture": "#iron_sword" },
				"north": { "uv": [ 15, 15.375, 13.875, 15.625 ], "texture": "#iron_sword" },
				"south": { "uv": [ 13.875, 15.75, 15, 16 ], "texture": "#iron_sword" },
				"west": { "uv": [ 1.75, 1.5, 1.875, 1.75 ], "texture": "#iron_sword" },
				"east": { "uv": [ 1.75, 1.5, 1.625, 1.75 ], "texture": "#iron_sword" }
			}
		},
		{
			"__comment": "Voxels",
			"from": [ -4.9231, 8, 5.5385 ],
			"to": [ 7.999978, 8.615385, 6.769269 ],
			"faces": {
				"down": { "uv": [ 1.125, 13.25, 3.75, 13.5 ], "texture": "#iron_sword" },
				"up": { "uv": [ 3.75, 13.5, 6.375, 13.25 ], "texture": "#iron_sword" },
				"north": { "uv": [ 3.75, 13.125, 1.125, 13.25 ], "texture": "#iron_sword" },
				"south": { "uv": [ 3.75, 13, 6.375, 13.125 ], "texture": "#iron_sword" },
				"west": { "uv": [ 1.625, 1.75, 1.875, 1.875 ], "texture": "#iron_sword" },
				"east": { "uv": [ 1.625, 1.75, 1.375, 1.875 ], "texture": "#iron_sword" }
			}
		},
		{
			"__comment": "Voxels",
			"from": [ -4.9231, 8, 9.8462 ],
			"to": [ 10.46152, 8.615385, 10.46159 ],
			"faces": {
				"down": { "uv": [ 12.375, 13.5, 15.5, 13.625 ], "texture": "#iron_sword" },
				"up": { "uv": [ 12.375, 13.75, 15.5, 13.625 ], "texture": "#iron_sword" },
				"north": { "uv": [ 15.5, 13.75, 12.375, 13.875 ], "texture": "#iron_sword" },
				"south": { "uv": [ 12.375, 13.875, 15.5, 14 ], "texture": "#iron_sword" },
				"west": { "uv": [ 2.625, 7.25, 2.75, 7.375 ], "texture": "#iron_sword" },
				"east": { "uv": [ 2.75, 7.375, 2.625, 7.5 ], "texture": "#iron_sword" }
			}
		},
		{
			"__comment": "Voxels",
			"from": [ -4.9231, 8, 10.4615 ],
			"to": [ 7.999978, 8.615385, 11.07689 ],
			"faces": {
				"down": { "uv": [ 1.125, 13, 3.75, 13.125 ], "texture": "#iron_sword" },
				"up": { "uv": [ 6.375, 13.125, 9, 13 ], "texture": "#iron_sword" },
				"north": { "uv": [ 9, 13.375, 6.375, 13.5 ], "texture": "#iron_sword" },
				"south": { "uv": [ 6.375, 13.25, 9, 13.375 ], "texture": "#iron_sword" },
				"west": { "uv": [ 2.625, 7.5, 2.75, 7.625 ], "texture": "#iron_sword" },
				"east": { "uv": [ 2.75, 7.625, 2.625, 7.75 ], "texture": "#iron_sword" }
			}
		},
		{
			"__comment": "Voxels",
			"from": [ -4.9231, 8.615399, 6.7692 ],
			"to": [ 7.999978, 9.230784, 7.384584 ],
			"faces": {
				"down": { "uv": [ 9, 13.375, 11.625, 13.5 ], "texture": "#iron_sword" },
				"up": { "uv": [ 9, 13.375, 11.625, 13.25 ], "texture": "#iron_sword" },
				"north": { "uv": [ 14.25, 13.375, 11.625, 13.5 ], "texture": "#iron_sword" },
				"south": { "uv": [ 11.625, 13.25, 14.25, 13.375 ], "texture": "#iron_sword" },
				"west": { "uv": [ 2.625, 8, 2.75, 8.125 ], "texture": "#iron_sword" },
				"east": { "uv": [ 2.75, 8.125, 2.625, 8.25 ], "texture": "#iron_sword" }
			}
		},
		{
			"__comment": "Voxels",
			"from": [ -4.9231, 8.615399, 9.2308 ],
			"to": [ 7.999978, 9.230784, 9.846185 ],
			"faces": {
				"down": { "uv": [ 3.75, 13.125, 6.375, 13.25 ], "texture": "#iron_sword" },
				"up": { "uv": [ 6.375, 13.25, 9, 13.125 ], "texture": "#iron_sword" },
				"north": { "uv": [ 14.25, 13.125, 11.625, 13.25 ], "texture": "#iron_sword" },
				"south": { "uv": [ 9, 13.125, 11.625, 13.25 ], "texture": "#iron_sword" },
				"west": { "uv": [ 2.625, 8.25, 2.75, 8.375 ], "texture": "#iron_sword" },
				"east": { "uv": [ 2.75, 8.375, 2.625, 8.5 ], "texture": "#iron_sword" }
			}
		},
		{
			"__comment": "Voxels",
			"from": [ -4.9231, 9.2308, 6.7692 ],
			"to": [ 0.6153617, 9.846185, 9.846123 ],
			"faces": {
				"down": { "uv": [ 0, 13.375, 1.125, 14 ], "texture": "#iron_sword" },
				"up": { "uv": [ 0, 13.375, 1.125, 12.75 ], "texture": "#iron_sword" },
				"north": { "uv": [ 15, 15.625, 13.875, 15.75 ], "texture": "#iron_sword" },
				"south": { "uv": [ 13.875, 15.25, 15, 15.375 ], "texture": "#iron_sword" },
				"west": { "uv": [ 2, 12.375, 2.625, 12.5 ], "texture": "#iron_sword" },
				"east": { "uv": [ 2.625, 12.25, 2, 12.375 ], "texture": "#iron_sword" }
			}
		},
		{
			"__comment": "Voxels",
			"from": [ -4.9231, 9.8462, 7.3846 ],
			"to": [ -1.846177, 10.46159, 7.999984 ],
			"faces": {
				"down": { "uv": [ 2, 10.375, 2.625, 10.5 ], "texture": "#iron_sword" },
				"up": { "uv": [ 2, 10.625, 2.625, 10.5 ], "texture": "#iron_sword" },
				"north": { "uv": [ 2.625, 10.875, 2, 11 ], "texture": "#iron_sword" },
				"south": { "uv": [ 1.125, 8.375, 1.75, 8.5 ], "texture": "#iron_sword" },
				"west": { "uv": [ 2.625, 8.75, 2.75, 8.875 ], "texture": "#iron_sword" },
				"east": { "uv": [ 2.75, 8.875, 2.625, 9 ], "texture": "#iron_sword" }
			}
		},
		{
			"__comment": "Voxels",
			"from": [ -4.9231, 9.8462, 8 ],
			"to": [ -4.307715, 10.46159, 9.230769 ],
			"faces": {
				"down": { "uv": [ 1.25, 1.5, 1.375, 1.75 ], "texture": "#iron_sword" },
				"up": { "uv": [ 1.125, 1.75, 1.25, 1.5 ], "texture": "#iron_sword" },
				"north": { "uv": [ 2.75, 11.75, 2.625, 11.875 ], "texture": "#iron_sword" },
				"south": { "uv": [ 2.625, 11.875, 2.75, 12 ], "texture": "#iron_sword" },
				"west": { "uv": [ 1.125, 1.75, 1.375, 1.875 ], "texture": "#iron_sword" },
				"east": { "uv": [ 2.125, 1.875, 1.875, 2 ], "texture": "#iron_sword" }
			}
		},
		{
			"__comment": "Voxels",
			"from": [ -4.3077, 6.1538, 8.615399 ],
			"to": [ -1.846161, 7.384569, 9.230784 ],
			"faces": {
				"down": { "uv": [ 15.5, 13.875, 16, 14 ], "texture": "#iron_sword" },
				"up": { "uv": [ 15.5, 13.875, 16, 13.75 ], "texture": "#iron_sword" },
				"north": { "uv": [ 1.125, 7.25, 0.625, 7.5 ], "texture": "#iron_sword" },
				"south": { "uv": [ 0.625, 7.5, 1.125, 7.75 ], "texture": "#iron_sword" },
				"west": { "uv": [ 2.5, 1.875, 2.625, 2.125 ], "texture": "#iron_sword" },
				"east": { "uv": [ 2.5, 1.875, 2.375, 2.125 ], "texture": "#iron_sword" }
			}
		},
		{
			"__comment": "Voxels",
			"from": [ -4.3077, 6.7692, 6.1538 ],
			"to": [ -0.000007153, 7.999969, 6.769185 ],
			"faces": {
				"down": { "uv": [ 0, 0.5, 0.875, 0.625 ], "texture": "#iron_sword" },
				"up": { "uv": [ 0, 0.5, 0.875, 0.375 ], "texture": "#iron_sword" },
				"north": { "uv": [ 0.875, 9, 0, 9.25 ], "texture": "#iron_sword" },
				"south": { "uv": [ 0, 8.75, 0.875, 9 ], "texture": "#iron_sword" },
				"west": { "uv": [ 2.25, 1.875, 2.375, 2.125 ], "texture": "#iron_sword" },
				"east": { "uv": [ 2.25, 1.875, 2.125, 2.125 ], "texture": "#iron_sword" }
			}
		},
		{
			"__comment": "Voxels",
			"from": [ -4.3077, 6.7692, 8 ],
			"to": [ 3.6923, 7.384584, 8.615385 ],
			"faces": {
				"down": { "uv": [ 14.25, 13.125, 15.875, 13.25 ], "texture": "#iron_sword" },
				"up": { "uv": [ 12.75, 13.125, 14.375, 13 ], "texture": "#iron_sword" },
				"north": { "uv": [ 15.875, 13.375, 14.25, 13.5 ], "texture": "#iron_sword" },
				"south": { "uv": [ 14.25, 13.25, 15.875, 13.375 ], "texture": "#iron_sword" },
				"west": { "uv": [ 2.25, 0.875, 2.375, 1 ], "texture": "#iron_sword" },
				"east": { "uv": [ 2.25, 0.875, 2.125, 1 ], "texture": "#iron_sword" }
			}
		},
		{
			"__comment": "Voxels",
			"from": [ -4.3077, 6.7692, 9.8462 ],
			"to": [ -0.000007153, 7.999969, 10.46159 ],
			"faces": {
				"down": { "uv": [ 0, 0.625, 0.875, 0.75 ], "texture": "#iron_sword" },
				"up": { "uv": [ 1.125, 12, 2, 11.875 ], "texture": "#iron_sword" },
				"north": { "uv": [ 0.875, 9.25, 0, 9.5 ], "texture": "#iron_sword" },
				"south": { "uv": [ 0, 9.5, 0.875, 9.75 ], "texture": "#iron_sword" },
				"west": { "uv": [ 1.75, 2.875, 1.875, 3.125 ], "texture": "#iron_sword" },
				"east": { "uv": [ 1.75, 2.875, 1.625, 3.125 ], "texture": "#iron_sword" }
			}
		},
		{
			"__comment": "Voxels",
			"from": [ -4.3077, 7.3846, 5.5385 ],
			"to": [ 0.6153774, 7.999984, 6.153884 ],
			"faces": {
				"down": { "uv": [ 0, 3.625, 1, 3.75 ], "texture": "#iron_sword" },
				"up": { "uv": [ 0, 3.875, 1, 3.75 ], "texture": "#iron_sword" },
				"north": { "uv": [ 1, 3.875, 0, 4 ], "texture": "#iron_sword" },
				"south": { "uv": [ 0, 4.375, 1, 4.5 ], "texture": "#iron_sword" },
				"west": { "uv": [ 2.125, 0.25, 2.25, 0.375 ], "texture": "#iron_sword" },
				"east": { "uv": [ 2.5, 0.375, 2.375, 0.5 ], "texture": "#iron_sword" }
			}
		},
		{
			"__comment": "Voxels",
			"from": [ -4.3077, 7.3846, 10.4615 ],
			"to": [ 0.6153774, 7.999984, 11.07689 ],
			"faces": {
				"down": { "uv": [ 0, 4.5, 1, 4.625 ], "texture": "#iron_sword" },
				"up": { "uv": [ 0, 4.75, 1, 4.625 ], "texture": "#iron_sword" },
				"north": { "uv": [ 1, 4.75, 0, 4.875 ], "texture": "#iron_sword" },
				"south": { "uv": [ 0, 4.875, 1, 5 ], "texture": "#iron_sword" },
				"west": { "uv": [ 2, 0.25, 2.125, 0.375 ], "texture": "#iron_sword" },
				"east": { "uv": [ 2.125, 0.375, 2, 0.5 ], "texture": "#iron_sword" }
			}
		},
		{
			"__comment": "Voxels",
			"from": [ -4.3077, 8, 3.0769 ],
			"to": [ 0.6153774, 8.615385, 3.692285 ],
			"faces": {
				"down": { "uv": [ 0, 5, 1, 5.125 ], "texture": "#iron_sword" },
				"up": { "uv": [ 0, 5.25, 1, 5.125 ], "texture": "#iron_sword" },
				"north": { "uv": [ 1, 5.25, 0, 5.375 ], "texture": "#iron_sword" },
				"south": { "uv": [ 0, 5.375, 1, 5.5 ], "texture": "#iron_sword" },
				"west": { "uv": [ 2.5, 0.5, 2.625, 0.625 ], "texture": "#iron_sword" },
				"east": { "uv": [ 2.5, 0.5, 2.375, 0.625 ], "texture": "#iron_sword" }
			}
		},
		{
			"__comment": "Voxels",
			"from": [ -4.3077, 8, 3.6923 ],
			"to": [ -0.000007153, 8.615385, 4.307684 ],
			"faces": {
				"down": { "uv": [ 1.125, 12, 2, 12.125 ], "texture": "#iron_sword" },
				"up": { "uv": [ 1.125, 12.25, 2, 12.125 ], "texture": "#iron_sword" },
				"north": { "uv": [ 2, 12.25, 1.125, 12.375 ], "texture": "#iron_sword" },
				"south": { "uv": [ 1.125, 12.375, 2, 12.5 ], "texture": "#iron_sword" },
				"west": { "uv": [ 2.625, 9.125, 2.75, 9.25 ], "texture": "#iron_sword" },
				"east": { "uv": [ 2.25, 0, 2.125, 0.125 ], "texture": "#iron_sword" }
			}
		},
		{
			"__comment": "Voxels",
			"from": [ -4.3077, 8, 4.3077 ],
			"to": [ -0.6153917, 8.615385, 5.538469 ],
			"faces": {
				"down": { "uv": [ 0, 7.75, 0.75, 8 ], "texture": "#iron_sword" },
				"up": { "uv": [ 0, 8.25, 0.75, 8 ], "texture": "#iron_sword" },
				"north": { "uv": [ 2.125, 9.625, 1.375, 9.75 ], "texture": "#iron_sword" },
				"south": { "uv": [ 1.375, 9.5, 2.125, 9.625 ], "texture": "#iron_sword" },
				"west": { "uv": [ 0.875, 0.625, 1.125, 0.75 ], "texture": "#iron_sword" },
				"east": { "uv": [ 1.125, 1.25, 0.875, 1.375 ], "texture": "#iron_sword" }
			}
		},
		{
			"__comment": "Voxels",
			"from": [ -4.3077, 8, 11.0769 ],
			"to": [ -0.6153917, 8.615385, 13.53844 ],
			"faces": {
				"down": { "uv": [ 0, 12.25, 0.75, 12.75 ], "texture": "#iron_sword" },
				"up": { "uv": [ 0, 12.25, 0.75, 11.75 ], "texture": "#iron_sword" },
				"north": { "uv": [ 2.125, 9.375, 1.375, 9.5 ], "texture": "#iron_sword" },
				"south": { "uv": [ 1.125, 9.75, 1.875, 9.875 ], "texture": "#iron_sword" },
				"west": { "uv": [ 15.5, 13.625, 16, 13.75 ], "texture": "#iron_sword" },
				"east": { "uv": [ 16, 13.5, 15.5, 13.625 ], "texture": "#iron_sword" }
			}
		},
		{
			"__comment": "Voxels",
			"from": [ -4.3077, 8.615399, 5.5385 ],
			"to": [ 0.6153774, 9.230784, 6.769269 ],
			"faces": {
				"down": { "uv": [ 15, 15.375, 16, 15.625 ], "texture": "#iron_sword" },
				"up": { "uv": [ 15, 16, 16, 15.75 ], "texture": "#iron_sword" },
				"north": { "uv": [ 1, 4.125, 0, 4.25 ], "texture": "#iron_sword" },
				"south": { "uv": [ 0, 4, 1, 4.125 ], "texture": "#iron_sword" },
				"west": { "uv": [ 0.875, 2.75, 1.125, 2.875 ], "texture": "#iron_sword" },
				"east": { "uv": [ 1.125, 2.875, 0.875, 3 ], "texture": "#iron_sword" }
			}
		},
		{
			"__comment": "Voxels",
			"from": [ -4.3077, 8.615399, 9.8462 ],
			"to": [ 4.923069, 9.230784, 10.46159 ],
			"faces": {
				"down": { "uv": [ 10.875, 13, 12.75, 13.125 ], "texture": "#iron_sword" },
				"up": { "uv": [ 9, 13.125, 10.875, 13 ], "texture": "#iron_sword" },
				"north": { "uv": [ 15.625, 14, 13.75, 14.125 ], "texture": "#iron_sword" },
				"south": { "uv": [ 13.75, 14.125, 15.625, 14.25 ], "texture": "#iron_sword" },
				"west": { "uv": [ 2.625, 2.875, 2.75, 3 ], "texture": "#iron_sword" },
				"east": { "uv": [ 2.75, 2.75, 2.625, 2.875 ], "texture": "#iron_sword" }
			}
		},
		{
			"__comment": "Voxels",
			"from": [ -4.3077, 8.615399, 10.4615 ],
			"to": [ 0.6153774, 9.230784, 11.07689 ],
			"faces": {
				"down": { "uv": [ 0, 4.25, 1, 4.375 ], "texture": "#iron_sword" },
				"up": { "uv": [ 0, 3.25, 1, 3.125 ], "texture": "#iron_sword" },
				"north": { "uv": [ 1, 3, 0, 3.125 ], "texture": "#iron_sword" },
				"south": { "uv": [ 15, 15.625, 16, 15.75 ], "texture": "#iron_sword" },
				"west": { "uv": [ 1.5, 0.75, 1.625, 0.875 ], "texture": "#iron_sword" },
				"east": { "uv": [ 1.625, 0.875, 1.5, 1 ], "texture": "#iron_sword" }
			}
		},
		{
			"__comment": "Voxels",
			"from": [ -4.3077, 9.2308, 6.1538 ],
			"to": [ -0.000007153, 9.846185, 6.769185 ],
			"faces": {
				"down": { "uv": [ 1.125, 12.75, 2, 12.875 ], "texture": "#iron_sword" },
				"up": { "uv": [ 1.125, 12.75, 2, 12.625 ], "texture": "#iron_sword" },
				"north": { "uv": [ 2, 10.625, 1.125, 10.75 ], "texture": "#iron_sword" },
				"south": { "uv": [ 1.125, 10.5, 2, 10.625 ], "texture": "#iron_sword" },
				"west": { "uv": [ 2.5, 1, 2.625, 1.125 ], "texture": "#iron_sword" },
				"east": { "uv": [ 2.5, 1, 2.375, 1.125 ], "texture": "#iron_sword" }
			}
		},
		{
			"__comment": "Voxels",
			"from": [ -4.3077, 9.2308, 9.8462 ],
			"to": [ -0.000007153, 9.846185, 10.46159 ],
			"faces": {
				"down": { "uv": [ 1.125, 11.25, 2, 11.375 ], "texture": "#iron_sword" },
				"up": { "uv": [ 1.125, 11.25, 2, 11.125 ], "texture": "#iron_sword" },
				"north": { "uv": [ 2, 11, 1.125, 11.125 ], "texture": "#iron_sword" },
				"south": { "uv": [ 1.125, 10.875, 2, 11 ], "texture": "#iron_sword" },
				"west": { "uv": [ 2.125, 1, 2.25, 1.125 ], "texture": "#iron_sword" },
				"east": { "uv": [ 2.125, 1, 2, 1.125 ], "texture": "#iron_sword" }
			}
		},
		{
			"__comment": "Voxels",
			"from": [ -4.3077, 9.8462, 8.615399 ],
			"to": [ -1.846161, 10.46159, 9.230784 ],
			"faces": {
				"down": { "uv": [ 1.75, 8.375, 2.25, 8.5 ], "texture": "#iron_sword" },
				"up": { "uv": [ 1.125, 8.375, 1.625, 8.25 ], "texture": "#iron_sword" },
				"north": { "uv": [ 2.125, 8.25, 1.625, 8.375 ], "texture": "#iron_sword" },
				"south": { "uv": [ 2.125, 8.25, 2.625, 8.375 ], "texture": "#iron_sword" },
				"west": { "uv": [ 1.625, 1, 1.75, 1.125 ], "texture": "#iron_sword" },
				"east": { "uv": [ 1.625, 1, 1.5, 1.125 ], "texture": "#iron_sword" }
			}
		},
		{
			"__comment": "Voxels",
			"from": [ -3.6923, 6.7692, 4.9231 ],
			"to": [ -2.461531, 7.999969, 5.538485 ],
			"faces": {
				"down": { "uv": [ 1.5, 1.25, 1.75, 1.375 ], "texture": "#iron_sword" },
				"up": { "uv": [ 1.25, 1.375, 1.5, 1.25 ], "texture": "#iron_sword" },
				"north": { "uv": [ 1.125, 9, 0.875, 9.25 ], "texture": "#iron_sword" },
				"south": { "uv": [ 0.875, 8.75, 1.125, 9 ], "texture": "#iron_sword" },
				"west": { "uv": [ 1.25, 1.875, 1.375, 2.125 ], "texture": "#iron_sword" },
				"east": { "uv": [ 1.25, 1.875, 1.125, 2.125 ], "texture": "#iron_sword" }
			}
		},
		{
			"__comment": "Voxels",
			"from": [ -3.6923, 6.7692, 5.5385 ],
			"to": [ -1.846146, 7.384584, 6.153884 ],
			"faces": {
				"down": { "uv": [ 2.25, 3.75, 2.625, 3.875 ], "texture": "#iron_sword" },
				"up": { "uv": [ 1.125, 3.75, 1.5, 3.625 ], "texture": "#iron_sword" },
				"north": { "uv": [ 1.75, 3.375, 1.375, 3.5 ], "texture": "#iron_sword" },
				"south": { "uv": [ 1.375, 3.25, 1.75, 3.375 ], "texture": "#iron_sword" },
				"west": { "uv": [ 2, 0.75, 2.125, 0.875 ], "texture": "#iron_sword" },
				"east": { "uv": [ 2, 0.75, 1.875, 0.875 ], "texture": "#iron_sword" }
			}
		},
		{
			"__comment": "Voxels",
			"from": [ -3.6923, 6.7692, 10.4615 ],
			"to": [ -1.846146, 7.384584, 11.07689 ],
			"faces": {
				"down": { "uv": [ 1.75, 5.125, 2.125, 5.25 ], "texture": "#iron_sword" },
				"up": { "uv": [ 1.75, 5.375, 2.125, 5.25 ], "texture": "#iron_sword" },
				"north": { "uv": [ 1.75, 5.25, 1.375, 5.375 ], "texture": "#iron_sword" },
				"south": { "uv": [ 2.25, 5.375, 2.625, 5.5 ], "texture": "#iron_sword" },
				"west": { "uv": [ 1.625, 0.625, 1.75, 0.75 ], "texture": "#iron_sword" },
				"east": { "uv": [ 1.625, 0.375, 1.5, 0.5 ], "texture": "#iron_sword" }
			}
		},
		{
			"__comment": "Voxels",
			"from": [ -3.6923, 6.7692, 11.0769 ],
			"to": [ -2.461531, 7.999969, 11.69228 ],
			"faces": {
				"down": { "uv": [ 0.875, 2.625, 1.125, 2.75 ], "texture": "#iron_sword" },
				"up": { "uv": [ 2.375, 2.75, 2.625, 2.625 ], "texture": "#iron_sword" },
				"north": { "uv": [ 1.125, 8.5, 0.875, 8.75 ], "texture": "#iron_sword" },
				"south": { "uv": [ 0.875, 8.25, 1.125, 8.5 ], "texture": "#iron_sword" },
				"west": { "uv": [ 2, 1.5, 2.125, 1.75 ], "texture": "#iron_sword" },
				"east": { "uv": [ 1.25, 1, 1.125, 1.25 ], "texture": "#iron_sword" }
			}
		},
		{
			"__comment": "Voxels",
			"from": [ -3.6923, 7.3846, 3.0769 ],
			"to": [ -1.846146, 7.999984, 4.923054 ],
			"faces": {
				"down": { "uv": [ 0.625, 10.875, 1, 11.25 ], "texture": "#iron_sword" },
				"up": { "uv": [ 0.625, 10.875, 1, 10.5 ], "texture": "#iron_sword" },
				"north": { "uv": [ 1.5, 3.125, 1.125, 3.25 ], "texture": "#iron_sword" },
				"south": { "uv": [ 1.5, 3.125, 1.875, 3.25 ], "texture": "#iron_sword" },
				"west": { "uv": [ 1.5, 5.375, 1.875, 5.5 ], "texture": "#iron_sword" },
				"east": { "uv": [ 2.25, 5.375, 1.875, 5.5 ], "texture": "#iron_sword" }
			}
		},
		{
			"__comment": "Voxels",
			"from": [ -3.6923, 7.3846, 11.6923 ],
			"to": [ -0.6153767, 7.999984, 12.92307 ],
			"faces": {
				"down": { "uv": [ 0, 7.5, 0.625, 7.75 ], "texture": "#iron_sword" },
				"up": { "uv": [ 0, 7.5, 0.625, 7.25 ], "texture": "#iron_sword" },
				"north": { "uv": [ 2.625, 10.25, 2, 10.375 ], "texture": "#iron_sword" },
				"south": { "uv": [ 2, 10.625, 2.625, 10.75 ], "texture": "#iron_sword" },
				"west": { "uv": [ 0.875, 2.25, 1.125, 2.375 ], "texture": "#iron_sword" },
				"east": { "uv": [ 1.125, 1.625, 0.875, 1.75 ], "texture": "#iron_sword" }
			}
		},
		{
			"__comment": "Voxels",
			"from": [ -3.6923, 7.3846, 12.9231 ],
			"to": [ -1.846146, 7.999984, 13.53848 ],
			"faces": {
				"down": { "uv": [ 1.875, 4.875, 2.25, 5 ], "texture": "#iron_sword" },
				"up": { "uv": [ 2.25, 5, 2.625, 4.875 ], "texture": "#iron_sword" },
				"north": { "uv": [ 2.25, 4.625, 1.875, 4.75 ], "texture": "#iron_sword" },
				"south": { "uv": [ 2.25, 4.625, 2.625, 4.75 ], "texture": "#iron_sword" },
				"west": { "uv": [ 2.625, 12.75, 2.75, 12.875 ], "texture": "#iron_sword" },
				"east": { "uv": [ 2.75, 12.625, 2.625, 12.75 ], "texture": "#iron_sword" }
			}
		},
		{
			"__comment": "Voxels",
			"from": [ -3.6923, 8, 1.2308 ],
			"to": [ -0.6153767, 8.615385, 3.076954 ],
			"faces": {
				"down": { "uv": [ 0, 10.125, 0.625, 10.5 ], "texture": "#iron_sword" },
				"up": { "uv": [ 0, 11.25, 0.625, 10.875 ], "texture": "#iron_sword" },
				"north": { "uv": [ 2.625, 12.5, 2, 12.625 ], "texture": "#iron_sword" },
				"south": { "uv": [ 2, 11, 2.625, 11.125 ], "texture": "#iron_sword" },
				"west": { "uv": [ 1.875, 3.625, 2.25, 3.75 ], "texture": "#iron_sword" },
				"east": { "uv": [ 1.875, 3.625, 1.5, 3.75 ], "texture": "#iron_sword" }
			}
		},
		{
			"__comment": "Voxels",
			"from": [ -3.6923, 8, 13.5385 ],
			"to": [ 0.6153927, 8.615385, 14.76927 ],
			"faces": {
				"down": { "uv": [ 0, 8.5, 0.875, 8.75 ], "texture": "#iron_sword" },
				"up": { "uv": [ 0, 8.5, 0.875, 8.25 ], "texture": "#iron_sword" },
				"north": { "uv": [ 0.875, 0.125, 0, 0.25 ], "texture": "#iron_sword" },
				"south": { "uv": [ 0, 0.25, 0.875, 0.375 ], "texture": "#iron_sword" },
				"west": { "uv": [ 1.375, 1.5, 1.625, 1.625 ], "texture": "#iron_sword" },
				"east": { "uv": [ 1.5, 1.375, 1.25, 1.5 ], "texture": "#iron_sword" }
			}
		},
		{
			"__comment": "Voxels",
			"from": [ -3.6923, 8, 14.7692 ],
			"to": [ -0.6153767, 8.615385, 15.38458 ],
			"faces": {
				"down": { "uv": [ 2, 12.75, 2.625, 12.875 ], "texture": "#iron_sword" },
				"up": { "uv": [ 2, 11.875, 2.625, 11.75 ], "texture": "#iron_sword" },
				"north": { "uv": [ 2.625, 11.875, 2, 12 ], "texture": "#iron_sword" },
				"south": { "uv": [ 1.75, 8.5, 2.375, 8.625 ], "texture": "#iron_sword" },
				"west": { "uv": [ 1.75, 1, 1.875, 1.125 ], "texture": "#iron_sword" },
				"east": { "uv": [ 2, 1, 1.875, 1.125 ], "texture": "#iron_sword" }
			}
		},
		{
			"__comment": "Voxels",
			"from": [ -3.6923, 8.615399, 3.0769 ],
			"to": [ -1.846146, 9.230784, 5.538439 ],
			"faces": {
				"down": { "uv": [ 0.75, 11.75, 1.125, 12.25 ], "texture": "#iron_sword" },
				"up": { "uv": [ 0.75, 12.75, 1.125, 12.25 ], "texture": "#iron_sword" },
				"north": { "uv": [ 2.125, 5, 1.75, 5.125 ], "texture": "#iron_sword" },
				"south": { "uv": [ 2.125, 5.25, 2.5, 5.375 ], "texture": "#iron_sword" },
				"west": { "uv": [ 1.625, 8.125, 2.125, 8.25 ], "texture": "#iron_sword" },
				"east": { "uv": [ 2.625, 8.125, 2.125, 8.25 ], "texture": "#iron_sword" }
			}
		},
		{
			"__comment": "Voxels",
			"from": [ -3.6923, 8.615399, 11.0769 ],
			"to": [ -0.6153767, 9.230784, 12.92305 ],
			"faces": {
				"down": { "uv": [ 0, 10.5, 0.625, 10.875 ], "texture": "#iron_sword" },
				"up": { "uv": [ 0, 10.125, 0.625, 9.75 ], "texture": "#iron_sword" },
				"north": { "uv": [ 2.625, 10.75, 2, 10.875 ], "texture": "#iron_sword" },
				"south": { "uv": [ 2, 11.125, 2.625, 11.25 ], "texture": "#iron_sword" },
				"west": { "uv": [ 1.125, 4.75, 1.5, 4.875 ], "texture": "#iron_sword" },
				"east": { "uv": [ 1.875, 4.75, 1.5, 4.875 ], "texture": "#iron_sword" }
			}
		},
		{
			"__comment": "Voxels",
			"from": [ -3.6923, 8.615399, 12.9231 ],
			"to": [ -1.846146, 9.230784, 13.53848 ],
			"faces": {
				"down": { "uv": [ 1.875, 4.75, 2.25, 4.875 ], "texture": "#iron_sword" },
				"up": { "uv": [ 2.25, 4.875, 2.625, 4.75 ], "texture": "#iron_sword" },
				"north": { "uv": [ 1.5, 4.625, 1.125, 4.75 ], "texture": "#iron_sword" },
				"south": { "uv": [ 1.5, 4.625, 1.875, 4.75 ], "texture": "#iron_sword" },
				"west": { "uv": [ 1.5, 0.625, 1.625, 0.75 ], "texture": "#iron_sword" },
				"east": { "uv": [ 1.625, 0.5, 1.5, 0.625 ], "texture": "#iron_sword" }
			}
		},
		{
			"__comment": "Voxels",
			"from": [ -3.6923, 9.2308, 4.9231 ],
			"to": [ -2.461531, 9.846185, 6.153869 ],
			"faces": {
				"down": { "uv": [ 0.75, 8, 1, 8.25 ], "texture": "#iron_sword" },
				"up": { "uv": [ 0.75, 8, 1, 7.75 ], "texture": "#iron_sword" },
				"north": { "uv": [ 1.75, 1.375, 1.5, 1.5 ], "texture": "#iron_sword" },
				"south": { "uv": [ 1.75, 1.375, 2, 1.5 ], "texture": "#iron_sword" },
				"west": { "uv": [ 2, 1.375, 2.25, 1.5 ], "texture": "#iron_sword" },
				"east": { "uv": [ 2.5, 1.375, 2.25, 1.5 ], "texture": "#iron_sword" }
			}
		},
		{
			"__comment": "Voxels",
			"from": [ -3.6923, 9.2308, 10.4615 ],
			"to": [ -1.846146, 9.846185, 11.07689 ],
			"faces": {
				"down": { "uv": [ 1.875, 4.375, 2.25, 4.5 ], "texture": "#iron_sword" },
				"up": { "uv": [ 2.25, 4.5, 2.625, 4.375 ], "texture": "#iron_sword" },
				"north": { "uv": [ 1.5, 4.25, 1.125, 4.375 ], "texture": "#iron_sword" },
				"south": { "uv": [ 1.5, 4.25, 1.875, 4.375 ], "texture": "#iron_sword" },
				"west": { "uv": [ 1.5, 0.25, 1.625, 0.375 ], "texture": "#iron_sword" },
				"east": { "uv": [ 1.625, 0.125, 1.5, 0.25 ], "texture": "#iron_sword" }
			}
		},
		{
			"__comment": "Voxels",
			"from": [ -3.6923, 9.2308, 11.0769 ],
			"to": [ -2.461531, 9.846185, 11.69228 ],
			"faces": {
				"down": { "uv": [ 1.75, 1.25, 2, 1.375 ], "texture": "#iron_sword" },
				"up": { "uv": [ 2, 1.375, 2.25, 1.25 ], "texture": "#iron_sword" },
				"north": { "uv": [ 16, 15.125, 15.75, 15.25 ], "texture": "#iron_sword" },
				"south": { "uv": [ 15.75, 15, 16, 15.125 ], "texture": "#iron_sword" },
				"west": { "uv": [ 1.5, 0, 1.625, 0.125 ], "texture": "#iron_sword" },
				"east": { "uv": [ 1.75, 0.875, 1.625, 1 ], "texture": "#iron_sword" }
			}
		},
		{
			"__comment": "Voxels",
			"from": [ -3.0769, 6.1538, 8 ],
			"to": [ 0.000023127, 6.769185, 8.615385 ],
			"faces": {
				"down": { "uv": [ 2, 10.125, 2.625, 10.25 ], "texture": "#iron_sword" },
				"up": { "uv": [ 1.125, 8.625, 1.75, 8.5 ], "texture": "#iron_sword" },
				"north": { "uv": [ 2.625, 11.625, 2, 11.75 ], "texture": "#iron_sword" },
				"south": { "uv": [ 2, 11.25, 2.625, 11.375 ], "texture": "#iron_sword" },
				"west": { "uv": [ 2.625, 6.25, 2.75, 6.375 ], "texture": "#iron_sword" },
				"east": { "uv": [ 2.75, 6.375, 2.625, 6.5 ], "texture": "#iron_sword" }
			}
		},
		{
			"__comment": "Voxels",
			"from": [ -3.0769, 6.7692, 4.3077 ],
			"to": [ -2.461515, 7.384584, 4.923084 ],
			"faces": {
				"down": { "uv": [ 2.625, 6.5, 2.75, 6.625 ], "texture": "#iron_sword" },
				"up": { "uv": [ 2.625, 6.75, 2.75, 6.625 ], "texture": "#iron_sword" },
				"north": { "uv": [ 2.125, 0, 2, 0.125 ], "texture": "#iron_sword" },
				"south": { "uv": [ 2, 0.125, 2.125, 0.25 ], "texture": "#iron_sword" },
				"west": { "uv": [ 2.25, 0.5, 2.375, 0.625 ], "texture": "#iron_sword" },
				"east": { "uv": [ 2.25, 0.5, 2.125, 0.625 ], "texture": "#iron_sword" }
			}
		},
		{
			"__comment": "Voxels",
			"from": [ -3.0769, 6.7692, 11.6923 ],
			"to": [ -2.461515, 7.384584, 12.30768 ],
			"faces": {
				"down": { "uv": [ 1.75, 0.5, 1.875, 0.625 ], "texture": "#iron_sword" },
				"up": { "uv": [ 1.75, 0.75, 1.875, 0.625 ], "texture": "#iron_sword" },
				"north": { "uv": [ 1.75, 0.125, 1.625, 0.25 ], "texture": "#iron_sword" },
				"south": { "uv": [ 1.625, 0.25, 1.75, 0.375 ], "texture": "#iron_sword" },
				"west": { "uv": [ 1.625, 0.375, 1.75, 0.5 ], "texture": "#iron_sword" },
				"east": { "uv": [ 1.75, 0.5, 1.625, 0.625 ], "texture": "#iron_sword" }
			}
		},
		{
			"__comment": "Voxels",
			"from": [ -3.0769, 7.3846, 1.2308 ],
			"to": [ -0.6153615, 7.999984, 1.846184 ],
			"faces": {
				"down": { "uv": [ 1.125, 8.125, 1.625, 8.25 ], "texture": "#iron_sword" },
				"up": { "uv": [ 1.125, 8.125, 1.625, 8 ], "texture": "#iron_sword" },
				"north": { "uv": [ 2.125, 8, 1.625, 8.125 ], "texture": "#iron_sword" },
				"south": { "uv": [ 2.125, 8, 2.625, 8.125 ], "texture": "#iron_sword" },
				"west": { "uv": [ 1.625, 0.75, 1.75, 0.875 ], "texture": "#iron_sword" },
				"east": { "uv": [ 1.875, 0.875, 1.75, 1 ], "texture": "#iron_sword" }
			}
		},
		{
			"__comment": "Voxels",
			"from": [ -3.0769, 7.3846, 1.8462 ],
			"to": [ -2.461515, 7.999984, 3.076969 ],
			"faces": {
				"down": { "uv": [ 1.125, 2.875, 1.25, 3.125 ], "texture": "#iron_sword" },
				"up": { "uv": [ 1.25, 3.125, 1.375, 2.875 ], "texture": "#iron_sword" },
				"north": { "uv": [ 2.75, 3, 2.625, 3.125 ], "texture": "#iron_sword" },
				"south": { "uv": [ 2.625, 3.125, 2.75, 3.25 ], "texture": "#iron_sword" },
				"west": { "uv": [ 0.875, 2.5, 1.125, 2.625 ], "texture": "#iron_sword" },
				"east": { "uv": [ 1.125, 2.375, 0.875, 2.5 ], "texture": "#iron_sword" }
			}
		},
		{
			"__comment": "Voxels",
			"from": [ -3.0769, 7.3846, 13.5385 ],
			"to": [ -2.461515, 7.999984, 15.38465 ],
			"faces": {
				"down": { "uv": [ 1, 10.125, 1.125, 10.5 ], "texture": "#iron_sword" },
				"up": { "uv": [ 1, 10.125, 1.125, 9.75 ], "texture": "#iron_sword" },
				"north": { "uv": [ 2.75, 3.5, 2.625, 3.625 ], "texture": "#iron_sword" },
				"south": { "uv": [ 2.625, 6.125, 2.75, 6.25 ], "texture": "#iron_sword" },
				"west": { "uv": [ 2.25, 5.5, 2.625, 5.625 ], "texture": "#iron_sword" },
				"east": { "uv": [ 1.5, 5.375, 1.125, 5.5 ], "texture": "#iron_sword" }
			}
		},
		{
			"__comment": "Voxels",
			"from": [ -3.0769, 8, 0.6154 ],
			"to": [ -0.6153615, 8.615385, 1.230785 ],
			"faces": {
				"down": { "uv": [ 1.125, 7.875, 1.625, 8 ], "texture": "#iron_sword" },
				"up": { "uv": [ 1.625, 8, 2.125, 7.875 ], "texture": "#iron_sword" },
				"north": { "uv": [ 2.625, 7.875, 2.125, 8 ], "texture": "#iron_sword" },
				"south": { "uv": [ 1.125, 7.75, 1.625, 7.875 ], "texture": "#iron_sword" },
				"west": { "uv": [ 2.625, 6.75, 2.75, 6.875 ], "texture": "#iron_sword" },
				"east": { "uv": [ 2.75, 6.875, 2.625, 7 ], "texture": "#iron_sword" }
			}
		},
		{
			"__comment": "Voxels",
			"from": [ -3.0769, 8, 15.3846 ],
			"to": [ -0.6153615, 8.615385, 15.99998 ],
			"faces": {
				"down": { "uv": [ 2.125, 7.625, 2.625, 7.75 ], "texture": "#iron_sword" },
				"up": { "uv": [ 1.125, 7.625, 1.625, 7.5 ], "texture": "#iron_sword" },
				"north": { "uv": [ 2.625, 7.375, 2.125, 7.5 ], "texture": "#iron_sword" },
				"south": { "uv": [ 1.125, 7.25, 1.625, 7.375 ], "texture": "#iron_sword" },
				"west": { "uv": [ 2.625, 9, 2.75, 9.125 ], "texture": "#iron_sword" },
				"east": { "uv": [ 2.5, 0, 2.375, 0.125 ], "texture": "#iron_sword" }
			}
		},
		{
			"__comment": "Voxels",
			"from": [ -3.0769, 8.615399, 1.2308 ],
			"to": [ -0.6153615, 9.230784, 1.846184 ],
			"faces": {
				"down": { "uv": [ 2.125, 7.125, 2.625, 7.25 ], "texture": "#iron_sword" },
				"up": { "uv": [ 1.125, 7.125, 1.625, 7 ], "texture": "#iron_sword" },
				"north": { "uv": [ 2.625, 6.875, 2.125, 7 ], "texture": "#iron_sword" },
				"south": { "uv": [ 1.125, 6.75, 1.625, 6.875 ], "texture": "#iron_sword" },
				"west": { "uv": [ 2.25, 0, 2.375, 0.125 ], "texture": "#iron_sword" },
				"east": { "uv": [ 2.375, 0.125, 2.25, 0.25 ], "texture": "#iron_sword" }
			}
		},
		{
			"__comment": "Voxels",
			"from": [ -3.0769, 8.615399, 1.8462 ],
			"to": [ -2.461515, 9.230784, 3.076969 ],
			"faces": {
				"down": { "uv": [ 1.375, 2.875, 1.5, 3.125 ], "texture": "#iron_sword" },
				"up": { "uv": [ 1.5, 3.125, 1.625, 2.875 ], "texture": "#iron_sword" },
				"north": { "uv": [ 2.625, 0.25, 2.5, 0.375 ], "texture": "#iron_sword" },
				"south": { "uv": [ 1.75, 0, 1.875, 0.125 ], "texture": "#iron_sword" },
				"west": { "uv": [ 0.875, 1.5, 1.125, 1.625 ], "texture": "#iron_sword" },
				"east": { "uv": [ 1.125, 1.375, 0.875, 1.5 ], "texture": "#iron_sword" }
			}
		},
		{
			"__comment": "Voxels",
			"from": [ -3.0769, 8.615399, 13.5385 ],
			"to": [ -2.461515, 9.230784, 15.38465 ],
			"faces": {
				"down": { "uv": [ 1.125, 3.875, 1.25, 4.25 ], "texture": "#iron_sword" },
				"up": { "uv": [ 1.25, 4.25, 1.375, 3.875 ], "texture": "#iron_sword" },
				"north": { "uv": [ 1.875, 0.125, 1.75, 0.25 ], "texture": "#iron_sword" },
				"south": { "uv": [ 1.75, 0.25, 1.875, 0.375 ], "texture": "#iron_sword" },
				"west": { "uv": [ 1.375, 3.875, 1.75, 4 ], "texture": "#iron_sword" },
				"east": { "uv": [ 2.125, 4.125, 1.75, 4.25 ], "texture": "#iron_sword" }
			}
		},
		{
			"__comment": "Voxels",
			"from": [ -3.0769, 9.2308, 4.3077 ],
			"to": [ -2.461515, 9.846185, 4.923084 ],
			"faces": {
				"down": { "uv": [ 1.75, 0.375, 1.875, 0.5 ], "texture": "#iron_sword" },
				"up": { "uv": [ 2.25, 0.875, 2.375, 0.75 ], "texture": "#iron_sword" },
				"north": { "uv": [ 2.25, 0.75, 2.125, 0.875 ], "texture": "#iron_sword" },
				"south": { "uv": [ 2.5, 0.875, 2.625, 1 ], "texture": "#iron_sword" },
				"west": { "uv": [ 2.375, 0.875, 2.5, 1 ], "texture": "#iron_sword" },
				"east": { "uv": [ 2.75, 4.375, 2.625, 4.5 ], "texture": "#iron_sword" }
			}
		},
		{
			"__comment": "Voxels",
			"from": [ -3.0769, 9.2308, 11.6923 ],
			"to": [ -2.461515, 9.846185, 12.30768 ],
			"faces": {
				"down": { "uv": [ 2.625, 4.5, 2.75, 4.625 ], "texture": "#iron_sword" },
				"up": { "uv": [ 2.625, 5.25, 2.75, 5.125 ], "texture": "#iron_sword" },
				"north": { "uv": [ 2.75, 5.25, 2.625, 5.375 ], "texture": "#iron_sword" },
				"south": { "uv": [ 2.625, 12, 2.75, 12.125 ], "texture": "#iron_sword" },
				"west": { "uv": [ 2.625, 12.125, 2.75, 12.25 ], "texture": "#iron_sword" },
				"east": { "uv": [ 2.75, 12.5, 2.625, 12.625 ], "texture": "#iron_sword" }
			}
		},
		{
			"__comment": "Voxels",
			"from": [ -3.0769, 9.8462, 8 ],
			"to": [ 0.000023127, 10.46159, 8.615385 ],
			"faces": {
				"down": { "uv": [ 2, 12.125, 2.625, 12.25 ], "texture": "#iron_sword" },
				"up": { "uv": [ 1.875, 8.75, 2.5, 8.625 ], "texture": "#iron_sword" },
				"north": { "uv": [ 2.625, 11.5, 2, 11.625 ], "texture": "#iron_sword" },
				"south": { "uv": [ 2, 11.375, 2.625, 11.5 ], "texture": "#iron_sword" },
				"west": { "uv": [ 1.875, 0.125, 2, 0.25 ], "texture": "#iron_sword" },
				"east": { "uv": [ 2.25, 0.125, 2.125, 0.25 ], "texture": "#iron_sword" }
			}
		},
		{
			"__comment": "Voxels",
			"from": [ -2.4615, 7.3846, 4.9231 ],
			"to": [ -0.615346, 7.999984, 5.538485 ],
			"faces": {
				"down": { "uv": [ 2.25, 4.25, 2.625, 4.375 ], "texture": "#iron_sword" },
				"up": { "uv": [ 1.875, 4.375, 2.25, 4.25 ], "texture": "#iron_sword" },
				"north": { "uv": [ 2.625, 4.5, 2.25, 4.625 ], "texture": "#iron_sword" },
				"south": { "uv": [ 1.875, 4.5, 2.25, 4.625 ], "texture": "#iron_sword" },
				"west": { "uv": [ 2.625, 5.75, 2.75, 5.875 ], "texture": "#iron_sword" },
				"east": { "uv": [ 2.75, 5.375, 2.625, 5.5 ], "texture": "#iron_sword" }
			}
		},
		{
			"__comment": "Voxels",
			"from": [ -2.4615, 7.3846, 11.0769 ],
			"to": [ -0.615346, 7.999984, 11.69228 ],
			"faces": {
				"down": { "uv": [ 2.125, 5, 2.5, 5.125 ], "texture": "#iron_sword" },
				"up": { "uv": [ 2.125, 5.25, 2.5, 5.125 ], "texture": "#iron_sword" },
				"north": { "uv": [ 1.5, 5.5, 1.125, 5.625 ], "texture": "#iron_sword" },
				"south": { "uv": [ 2.25, 5.625, 2.625, 5.75 ], "texture": "#iron_sword" },
				"west": { "uv": [ 2.625, 4.25, 2.75, 4.375 ], "texture": "#iron_sword" },
				"east": { "uv": [ 2.75, 3.875, 2.625, 4 ], "texture": "#iron_sword" }
			}
		},
		{
			"__comment": "Voxels",
			"from": [ -2.4615, 7.3846, 14.7692 ],
			"to": [ -0.615346, 7.999984, 15.38458 ],
			"faces": {
				"down": { "uv": [ 1.125, 5.625, 1.5, 5.75 ], "texture": "#iron_sword" },
				"up": { "uv": [ 2.25, 8.5, 2.625, 8.375 ], "texture": "#iron_sword" },
				"north": { "uv": [ 2.5, 3.375, 2.125, 3.5 ], "texture": "#iron_sword" },
				"south": { "uv": [ 2.125, 4, 2.5, 4.125 ], "texture": "#iron_sword" },
				"west": { "uv": [ 2.375, 0.75, 2.5, 0.875 ], "texture": "#iron_sword" },
				"east": { "uv": [ 2.625, 0.75, 2.5, 0.875 ], "texture": "#iron_sword" }
			}
		},
		{
			"__comment": "Voxels",
			"from": [ -2.4615, 8.615399, 14.7692 ],
			"to": [ -0.615346, 9.230784, 15.38458 ],
			"faces": {
				"down": { "uv": [ 2.125, 4.125, 2.5, 4.25 ], "texture": "#iron_sword" },
				"up": { "uv": [ 1.375, 4.125, 1.75, 4 ], "texture": "#iron_sword" },
				"north": { "uv": [ 1.75, 4.125, 1.375, 4.25 ], "texture": "#iron_sword" },
				"south": { "uv": [ 1.5, 4.375, 1.875, 4.5 ], "texture": "#iron_sword" },
				"west": { "uv": [ 1.875, 0.625, 2, 0.75 ], "texture": "#iron_sword" },
				"east": { "uv": [ 2.125, 0.625, 2, 0.75 ], "texture": "#iron_sword" }
			}
		},
		{
			"__comment": "Voxels",
			"from": [ -2.4615, 9.2308, 5.5385 ],
			"to": [ -1.846115, 9.846185, 6.153884 ],
			"faces": {
				"down": { "uv": [ 2.125, 0.625, 2.25, 0.75 ], "texture": "#iron_sword" },
				"up": { "uv": [ 2.25, 0.75, 2.375, 0.625 ], "texture": "#iron_sword" },
				"north": { "uv": [ 2, 0.5, 1.875, 0.625 ], "texture": "#iron_sword" },
				"south": { "uv": [ 1.875, 0.375, 2, 0.5 ], "texture": "#iron_sword" },
				"west": { "uv": [ 1.875, 0.25, 2, 0.375 ], "texture": "#iron_sword" },
				"east": { "uv": [ 2.625, 0.375, 2.5, 0.5 ], "texture": "#iron_sword" }
			}
		},
		{
			"__comment": "Voxels",
			"from": [ -1.8462, 6.7692, 7.3846 ],
			"to": [ 2.461493, 7.384584, 7.999984 ],
			"faces": {
				"down": { "uv": [ 1.125, 11.625, 2, 11.75 ], "texture": "#iron_sword" },
				"up": { "uv": [ 1.125, 11.625, 2, 11.5 ], "texture": "#iron_sword" },
				"north": { "uv": [ 2, 10.25, 1.125, 10.375 ], "texture": "#iron_sword" },
				"south": { "uv": [ 1.125, 10.375, 2, 10.5 ], "texture": "#iron_sword" },
				"west": { "uv": [ 2.125, 0.375, 2.25, 0.5 ], "texture": "#iron_sword" },
				"east": { "uv": [ 2.375, 0.375, 2.25, 0.5 ], "texture": "#iron_sword" }
			}
		},
		{
			"__comment": "Voxels",
			"from": [ -1.8462, 6.7692, 8.615399 ],
			"to": [ 2.461493, 7.384584, 9.230784 ],
			"faces": {
				"down": { "uv": [ 1.125, 11.375, 2, 11.5 ], "texture": "#iron_sword" },
				"up": { "uv": [ 1.125, 11.875, 2, 11.75 ], "texture": "#iron_sword" },
				"north": { "uv": [ 2, 12.5, 1.125, 12.625 ], "texture": "#iron_sword" },
				"south": { "uv": [ 0, 0, 0.875, 0.125 ], "texture": "#iron_sword" },
				"west": { "uv": [ 2.25, 0.25, 2.375, 0.375 ], "texture": "#iron_sword" },
				"east": { "uv": [ 2.5, 0.25, 2.375, 0.375 ], "texture": "#iron_sword" }
			}
		},
		{
			"__comment": "Voxels",
			"from": [ -1.8462, 7.3846, 1.8462 ],
			"to": [ -0.000046015, 7.999984, 2.461585 ],
			"faces": {
				"down": { "uv": [ 1.125, 4.375, 1.5, 4.5 ], "texture": "#iron_sword" },
				"up": { "uv": [ 1.5, 4.625, 1.875, 4.5 ], "texture": "#iron_sword" },
				"north": { "uv": [ 1.5, 4.5, 1.125, 4.625 ], "texture": "#iron_sword" },
				"south": { "uv": [ 1.5, 4.875, 1.875, 5 ], "texture": "#iron_sword" },
				"west": { "uv": [ 2.5, 0, 2.625, 0.125 ], "texture": "#iron_sword" },
				"east": { "uv": [ 2.75, 12.875, 2.625, 13 ], "texture": "#iron_sword" }
			}
		},
		{
			"__comment": "Voxels",
			"from": [ -1.8462, 7.3846, 3.6923 ],
			"to": [ -0.6154307, 7.999984, 4.923069 ],
			"faces": {
				"down": { "uv": [ 0.875, 0, 1.125, 0.25 ], "texture": "#iron_sword" },
				"up": { "uv": [ 2.375, 9.75, 2.625, 9.5 ], "texture": "#iron_sword" },
				"north": { "uv": [ 1.125, 0.25, 0.875, 0.375 ], "texture": "#iron_sword" },
				"south": { "uv": [ 2.375, 9.375, 2.625, 9.5 ], "texture": "#iron_sword" },
				"west": { "uv": [ 2.375, 8.5, 2.625, 8.625 ], "texture": "#iron_sword" },
				"east": { "uv": [ 1.125, 0.5, 0.875, 0.625 ], "texture": "#iron_sword" }
			}
		},
		{
			"__comment": "Voxels",
			"from": [ -1.8462, 7.3846, 14.1538 ],
			"to": [ -0.000046015, 7.999984, 14.76919 ],
			"faces": {
				"down": { "uv": [ 1.125, 4.875, 1.5, 5 ], "texture": "#iron_sword" },
				"up": { "uv": [ 1.375, 5.125, 1.75, 5 ], "texture": "#iron_sword" },
				"north": { "uv": [ 1.75, 5.125, 1.375, 5.25 ], "texture": "#iron_sword" },
				"south": { "uv": [ 1.875, 5.5, 2.25, 5.625 ], "texture": "#iron_sword" },
				"west": { "uv": [ 2.625, 6, 2.75, 6.125 ], "texture": "#iron_sword" },
				"east": { "uv": [ 2.75, 5.875, 2.625, 6 ], "texture": "#iron_sword" }
			}
		},
		{
			"__comment": "Voxels",
			"from": [ -1.8462, 8, 0 ],
			"to": [ -0.6154307, 8.615385, 0.6153846 ],
			"faces": {
				"down": { "uv": [ 1.875, 3.125, 2.125, 3.25 ], "texture": "#iron_sword" },
				"up": { "uv": [ 2.125, 3.25, 2.375, 3.125 ], "texture": "#iron_sword" },
				"north": { "uv": [ 2.625, 3.125, 2.375, 3.25 ], "texture": "#iron_sword" },
				"south": { "uv": [ 1.875, 3, 2.125, 3.125 ], "texture": "#iron_sword" },
				"west": { "uv": [ 2.625, 5, 2.75, 5.125 ], "texture": "#iron_sword" },
				"east": { "uv": [ 2.75, 4.625, 2.625, 4.75 ], "texture": "#iron_sword" }
			}
		},
		{
			"__comment": "Voxels",
			"from": [ -1.8462, 8, 16 ],
			"to": [ -0.6154307, 8.615385, 16.61539 ],
			"faces": {
				"down": { "uv": [ 1.875, 2.875, 2.125, 3 ], "texture": "#iron_sword" },
				"up": { "uv": [ 2.125, 3.125, 2.375, 3 ], "texture": "#iron_sword" },
				"north": { "uv": [ 2.375, 2.875, 2.125, 3 ], "texture": "#iron_sword" },
				"south": { "uv": [ 2.375, 3, 2.625, 3.125 ], "texture": "#iron_sword" },
				"west": { "uv": [ 2.625, 3.75, 2.75, 3.875 ], "texture": "#iron_sword" },
				"east": { "uv": [ 2.75, 3.625, 2.625, 3.75 ], "texture": "#iron_sword" }
			}
		},
		{
			"__comment": "Voxels",
			"from": [ -1.8462, 8.615399, 1.8462 ],
			"to": [ -0.000046015, 9.230784, 2.461585 ],
			"faces": {
				"down": { "uv": [ 1.5, 5.5, 1.875, 5.625 ], "texture": "#iron_sword" },
				"up": { "uv": [ 1.875, 5.75, 2.25, 5.625 ], "texture": "#iron_sword" },
				"north": { "uv": [ 1.875, 5.625, 1.5, 5.75 ], "texture": "#iron_sword" },
				"south": { "uv": [ 15.625, 14, 16, 14.125 ], "texture": "#iron_sword" },
				"west": { "uv": [ 1.875, 0.875, 2, 1 ], "texture": "#iron_sword" },
				"east": { "uv": [ 2.125, 0.875, 2, 1 ], "texture": "#iron_sword" }
			}
		},
		{
			"__comment": "Voxels",
			"from": [ -1.8462, 8.615399, 3.6923 ],
			"to": [ -0.6154307, 9.230784, 5.538454 ],
			"faces": {
				"down": { "uv": [ 1.125, 9.375, 1.375, 9.75 ], "texture": "#iron_sword" },
				"up": { "uv": [ 2.125, 9.75, 2.375, 9.375 ], "texture": "#iron_sword" },
				"north": { "uv": [ 2.625, 2.875, 2.375, 3 ], "texture": "#iron_sword" },
				"south": { "uv": [ 1.125, 2.75, 1.375, 2.875 ], "texture": "#iron_sword" },
				"west": { "uv": [ 15.625, 14.125, 16, 14.25 ], "texture": "#iron_sword" },
				"east": { "uv": [ 2.5, 3.25, 2.125, 3.375 ], "texture": "#iron_sword" }
			}
		},
		{
			"__comment": "Voxels",
			"from": [ -1.8462, 8.615399, 14.1538 ],
			"to": [ -0.000046015, 9.230784, 14.76919 ],
			"faces": {
				"down": { "uv": [ 2.125, 3.5, 2.5, 3.625 ], "texture": "#iron_sword" },
				"up": { "uv": [ 1.75, 3.375, 2.125, 3.25 ], "texture": "#iron_sword" },
				"north": { "uv": [ 2.125, 3.375, 1.75, 3.5 ], "texture": "#iron_sword" },
				"south": { "uv": [ 1.75, 3.5, 2.125, 3.625 ], "texture": "#iron_sword" },
				"west": { "uv": [ 1.625, 0, 1.75, 0.125 ], "texture": "#iron_sword" },
				"east": { "uv": [ 1.875, 0.75, 1.75, 0.875 ], "texture": "#iron_sword" }
			}
		},
		{
			"__comment": "Voxels",
			"from": [ -1.2308, 7.3846, 2.4615 ],
			"to": [ -0.000030637, 7.999984, 3.692269 ],
			"faces": {
				"down": { "uv": [ 1.125, 6.25, 1.375, 6.5 ], "texture": "#iron_sword" },
				"up": { "uv": [ 1.375, 6.5, 1.625, 6.25 ], "texture": "#iron_sword" },
				"north": { "uv": [ 2.625, 2.75, 2.375, 2.875 ], "texture": "#iron_sword" },
				"south": { "uv": [ 1.125, 2.625, 1.375, 2.75 ], "texture": "#iron_sword" },
				"west": { "uv": [ 1.125, 2.5, 1.375, 2.625 ], "texture": "#iron_sword" },
				"east": { "uv": [ 1.625, 2.5, 1.375, 2.625 ], "texture": "#iron_sword" }
			}
		},
		{
			"__comment": "Voxels",
			"from": [ -1.2308, 7.3846, 12.9231 ],
			"to": [ -0.000030637, 7.999984, 14.15387 ],
			"faces": {
				"down": { "uv": [ 1.125, 6, 1.375, 6.25 ], "texture": "#iron_sword" },
				"up": { "uv": [ 1.375, 6.25, 1.625, 6 ], "texture": "#iron_sword" },
				"north": { "uv": [ 1.875, 2.5, 1.625, 2.625 ], "texture": "#iron_sword" },
				"south": { "uv": [ 1.875, 2.5, 2.125, 2.625 ], "texture": "#iron_sword" },
				"west": { "uv": [ 2.125, 2.5, 2.375, 2.625 ], "texture": "#iron_sword" },
				"east": { "uv": [ 2.625, 2.5, 2.375, 2.625 ], "texture": "#iron_sword" }
			}
		},
		{
			"__comment": "Voxels",
			"from": [ -1.2308, 8, -0.6154 ],
			"to": [ -0.000030637, 8.615385, -0.000015318 ],
			"faces": {
				"down": { "uv": [ 1.125, 2.375, 1.375, 2.5 ], "texture": "#iron_sword" },
				"up": { "uv": [ 1.375, 2.5, 1.625, 2.375 ], "texture": "#iron_sword" },
				"north": { "uv": [ 1.875, 2.375, 1.625, 2.5 ], "texture": "#iron_sword" },
				"south": { "uv": [ 1.875, 2.375, 2.125, 2.5 ], "texture": "#iron_sword" },
				"west": { "uv": [ 2.375, 0.625, 2.5, 0.75 ], "texture": "#iron_sword" },
				"east": { "uv": [ 2.625, 0.625, 2.5, 0.75 ], "texture": "#iron_sword" }
			}
		},
		{
			"__comment": "Voxels",
			"from": [ -1.2308, 8, 16.6154 ],
			"to": [ -0.000030637, 8.615385, 17.23079 ],
			"faces": {
				"down": { "uv": [ 2.125, 2.375, 2.375, 2.5 ], "texture": "#iron_sword" },
				"up": { "uv": [ 2.375, 2.5, 2.625, 2.375 ], "texture": "#iron_sword" },
				"north": { "uv": [ 1.375, 2.25, 1.125, 2.375 ], "texture": "#iron_sword" },
				"south": { "uv": [ 1.375, 2.25, 1.625, 2.375 ], "texture": "#iron_sword" },
				"west": { "uv": [ 1.875, 0, 2, 0.125 ], "texture": "#iron_sword" },
				"east": { "uv": [ 2.125, 0.5, 2, 0.625 ], "texture": "#iron_sword" }
			}
		},
		{
			"__comment": "Voxels",
			"from": [ -1.2308, 8.615399, 2.4615 ],
			"to": [ -0.000030637, 9.230784, 3.692269 ],
			"faces": {
				"down": { "uv": [ 1.125, 5.75, 1.375, 6 ], "texture": "#iron_sword" },
				"up": { "uv": [ 1.375, 6, 1.625, 5.75 ], "texture": "#iron_sword" },
				"north": { "uv": [ 1.875, 2.25, 1.625, 2.375 ], "texture": "#iron_sword" },
				"south": { "uv": [ 1.875, 2.25, 2.125, 2.375 ], "texture": "#iron_sword" },
				"west": { "uv": [ 2.125, 2.25, 2.375, 2.375 ], "texture": "#iron_sword" },
				"east": { "uv": [ 2.625, 2.25, 2.375, 2.375 ], "texture": "#iron_sword" }
			}
		},
		{
			"__comment": "Voxels",
			"from": [ -1.2308, 8.615399, 12.9231 ],
			"to": [ -0.000030637, 9.230784, 14.15387 ],
			"faces": {
				"down": { "uv": [ 1.625, 5.75, 1.875, 6 ], "texture": "#iron_sword" },
				"up": { "uv": [ 1.875, 6, 2.125, 5.75 ], "texture": "#iron_sword" },
				"north": { "uv": [ 1.375, 2.125, 1.125, 2.25 ], "texture": "#iron_sword" },
				"south": { "uv": [ 1.375, 2.125, 1.625, 2.25 ], "texture": "#iron_sword" },
				"west": { "uv": [ 1.625, 2.125, 1.875, 2.25 ], "texture": "#iron_sword" },
				"east": { "uv": [ 1.125, 0.375, 0.875, 0.5 ], "texture": "#iron_sword" }
			}
		},
		{
			"__comment": "Voxels",
			"from": [ -0.6154, 8, 1.8462 ],
			"to": [ 0.6153693, 8.615385, 3.076969 ],
			"faces": {
				"down": { "uv": [ 2.125, 5.75, 2.375, 6 ], "texture": "#iron_sword" },
				"up": { "uv": [ 2.375, 6, 2.625, 5.75 ], "texture": "#iron_sword" },
				"north": { "uv": [ 2.125, 2.125, 1.875, 2.25 ], "texture": "#iron_sword" },
				"south": { "uv": [ 2.125, 2.125, 2.375, 2.25 ], "texture": "#iron_sword" },
				"west": { "uv": [ 2.375, 2.125, 2.625, 2.25 ], "texture": "#iron_sword" },
				"east": { "uv": [ 1.625, 2, 1.375, 2.125 ], "texture": "#iron_sword" }
			}
		},
		{
			"__comment": "Voxels",
			"from": [ -0.6154, 8, 12.3077 ],
			"to": [ -0.000015318, 8.615385, 13.53847 ],
			"faces": {
				"down": { "uv": [ 1.625, 1.875, 1.75, 2.125 ], "texture": "#iron_sword" },
				"up": { "uv": [ 1.75, 2.125, 1.875, 1.875 ], "texture": "#iron_sword" },
				"north": { "uv": [ 2.5, 0.125, 2.375, 0.25 ], "texture": "#iron_sword" },
				"south": { "uv": [ 2.5, 0.125, 2.625, 0.25 ], "texture": "#iron_sword" },
				"west": { "uv": [ 1.375, 1.875, 1.625, 2 ], "texture": "#iron_sword" },
				"east": { "uv": [ 2.125, 2, 1.875, 2.125 ], "texture": "#iron_sword" }
			}
		},
		{
			"__comment": "Voxels",
			"from": [ 0, 7.3846, 6.1538 ],
			"to": [ 4.923077, 7.999984, 6.769185 ],
			"faces": {
				"down": { "uv": [ 0, 3.5, 1, 3.625 ], "texture": "#iron_sword" },
				"up": { "uv": [ 0, 3.5, 1, 3.375 ], "texture": "#iron_sword" },
				"north": { "uv": [ 16, 15.25, 15, 15.375 ], "texture": "#iron_sword" },
				"south": { "uv": [ 0, 5.875, 1, 6 ], "texture": "#iron_sword" },
				"west": { "uv": [ 2.625, 12.375, 2.75, 12.5 ], "texture": "#iron_sword" },
				"east": { "uv": [ 2.75, 12.25, 2.625, 12.375 ], "texture": "#iron_sword" }
			}
		},
		{
			"__comment": "Voxels",
			"from": [ 0, 7.3846, 9.8462 ],
			"to": [ 4.923077, 7.999984, 10.46159 ],
			"faces": {
				"down": { "uv": [ 0, 3.25, 1, 3.375 ], "texture": "#iron_sword" },
				"up": { "uv": [ 0, 5.875, 1, 5.75 ], "texture": "#iron_sword" },
				"north": { "uv": [ 1, 5.625, 0, 5.75 ], "texture": "#iron_sword" },
				"south": { "uv": [ 0, 5.5, 1, 5.625 ], "texture": "#iron_sword" },
				"west": { "uv": [ 2.625, 11.625, 2.75, 11.75 ], "texture": "#iron_sword" },
				"east": { "uv": [ 2.75, 11.5, 2.625, 11.625 ], "texture": "#iron_sword" }
			}
		},
		{
			"__comment": "Voxels",
			"from": [ 0, 8, 1.2308 ],
			"to": [ 0.6153846, 8.615385, 1.846184 ],
			"faces": {
				"down": { "uv": [ 2.625, 11.375, 2.75, 11.5 ], "texture": "#iron_sword" },
				"up": { "uv": [ 2.625, 11.375, 2.75, 11.25 ], "texture": "#iron_sword" },
				"north": { "uv": [ 2.75, 11.125, 2.625, 11.25 ], "texture": "#iron_sword" },
				"south": { "uv": [ 2.625, 11, 2.75, 11.125 ], "texture": "#iron_sword" },
				"west": { "uv": [ 2.625, 10.875, 2.75, 11 ], "texture": "#iron_sword" },
				"east": { "uv": [ 2.75, 10.75, 2.625, 10.875 ], "texture": "#iron_sword" }
			}
		},
		{
			"__comment": "Voxels",
			"from": [ 0, 8, 12.9231 ],
			"to": [ 0.6153846, 8.615385, 13.53848 ],
			"faces": {
				"down": { "uv": [ 2.625, 10.625, 2.75, 10.75 ], "texture": "#iron_sword" },
				"up": { "uv": [ 2.625, 10.625, 2.75, 10.5 ], "texture": "#iron_sword" },
				"north": { "uv": [ 2.75, 10.375, 2.625, 10.5 ], "texture": "#iron_sword" },
				"south": { "uv": [ 2.625, 10.25, 2.75, 10.375 ], "texture": "#iron_sword" },
				"west": { "uv": [ 2.625, 10.125, 2.75, 10.25 ], "texture": "#iron_sword" },
				"east": { "uv": [ 2.75, 10, 2.625, 10.125 ], "texture": "#iron_sword" }
			}
		},
		{
			"__comment": "Voxels",
			"from": [ 0, 8, 14.7692 ],
			"to": [ 0.6153846, 8.615385, 15.38458 ],
			"faces": {
				"down": { "uv": [ 2.625, 9.875, 2.75, 10 ], "texture": "#iron_sword" },
				"up": { "uv": [ 2.625, 9.875, 2.75, 9.75 ], "texture": "#iron_sword" },
				"north": { "uv": [ 2.75, 9.625, 2.625, 9.75 ], "texture": "#iron_sword" },
				"south": { "uv": [ 2.625, 9.5, 2.75, 9.625 ], "texture": "#iron_sword" },
				"west": { "uv": [ 2.625, 9.375, 2.75, 9.5 ], "texture": "#iron_sword" },
				"east": { "uv": [ 2.75, 9.25, 2.625, 9.375 ], "texture": "#iron_sword" }
			}
		},
		{
			"__comment": "Voxels",
			"from": [ 0.6154, 7.3846, 6.7692 ],
			"to": [ 8.000016, 7.999984, 7.384584 ],
			"faces": {
				"down": { "uv": [ 14.5, 14.75, 16, 14.875 ], "texture": "#iron_sword" },
				"up": { "uv": [ 14.5, 15, 16, 14.875 ], "texture": "#iron_sword" },
				"north": { "uv": [ 2.625, 12.875, 1.125, 13 ], "texture": "#iron_sword" },
				"south": { "uv": [ 14.5, 14.25, 16, 14.375 ], "texture": "#iron_sword" },
				"west": { "uv": [ 2.625, 8.625, 2.75, 8.75 ], "texture": "#iron_sword" },
				"east": { "uv": [ 2.75, 8.5, 2.625, 8.625 ], "texture": "#iron_sword" }
			}
		},
		{
			"__comment": "Voxels",
			"from": [ 0.6154, 7.3846, 9.2308 ],
			"to": [ 8.000016, 7.999984, 9.846185 ],
			"faces": {
				"down": { "uv": [ 14.5, 14.375, 16, 14.5 ], "texture": "#iron_sword" },
				"up": { "uv": [ 14.5, 14.625, 16, 14.5 ], "texture": "#iron_sword" },
				"north": { "uv": [ 16, 14.625, 14.5, 14.75 ], "texture": "#iron_sword" },
				"south": { "uv": [ 14.375, 13, 15.875, 13.125 ], "texture": "#iron_sword" },
				"west": { "uv": [ 2.625, 7.875, 2.75, 8 ], "texture": "#iron_sword" },
				"east": { "uv": [ 2.75, 7.75, 2.625, 7.875 ], "texture": "#iron_sword" }
			}
		},
		{
			"__comment": "Voxels",
			"from": [ 0.6154, 8.615399, 6.1538 ],
			"to": [ 4.923092, 9.230784, 6.769185 ],
			"faces": {
				"down": { "uv": [ 0, 2.75, 0.875, 2.875 ], "texture": "#iron_sword" },
				"up": { "uv": [ 0, 3, 0.875, 2.875 ], "texture": "#iron_sword" },
				"north": { "uv": [ 0.875, 0.75, 0, 0.875 ], "texture": "#iron_sword" },
				"south": { "uv": [ 1.125, 10.125, 2, 10.25 ], "texture": "#iron_sword" },
				"west": { "uv": [ 2.625, 7.125, 2.75, 7.25 ], "texture": "#iron_sword" },
				"east": { "uv": [ 2.75, 7, 2.625, 7.125 ], "texture": "#iron_sword" }
			}
		},
		{
			"__comment": "Voxels",
			"from": [ 0.6154, 9.2308, 7.3846 ],
			"to": [ 2.461554, 9.846185, 9.230754 ],
			"faces": {
				"down": { "uv": [ 0.625, 10.125, 1, 10.5 ], "texture": "#iron_sword" },
				"up": { "uv": [ 0.625, 10.125, 1, 9.75 ], "texture": "#iron_sword" },
				"north": { "uv": [ 2.25, 3.75, 1.875, 3.875 ], "texture": "#iron_sword" },
				"south": { "uv": [ 1.5, 3.75, 1.875, 3.875 ], "texture": "#iron_sword" },
				"west": { "uv": [ 1.125, 3.75, 1.5, 3.875 ], "texture": "#iron_sword" },
				"east": { "uv": [ 2.5, 3.875, 2.125, 4 ], "texture": "#iron_sword" }
			}
		},
		{
			"__comment": "Voxels",
			"from": [ 2.4615, 9.2308, 8 ],
			"to": [ 3.692269, 9.846185, 8.615385 ],
			"faces": {
				"down": { "uv": [ 1.875, 1.75, 2.125, 1.875 ], "texture": "#iron_sword" },
				"up": { "uv": [ 2.125, 1.875, 2.375, 1.75 ], "texture": "#iron_sword" },
				"north": { "uv": [ 2.625, 1.75, 2.375, 1.875 ], "texture": "#iron_sword" },
				"south": { "uv": [ 1.375, 1.625, 1.625, 1.75 ], "texture": "#iron_sword" },
				"west": { "uv": [ 2.625, 5.625, 2.75, 5.75 ], "texture": "#iron_sword" },
				"east": { "uv": [ 2.75, 5.5, 2.625, 5.625 ], "texture": "#iron_sword" }
			}
		},
		{
			"__comment": "Voxels",
			"from": [ 4.9231, 8, 4.9231 ],
			"to": [ 8.615408, 8.615385, 5.538485 ],
			"faces": {
				"down": { "uv": [ 1.125, 9, 1.875, 9.125 ], "texture": "#iron_sword" },
				"up": { "uv": [ 1.875, 9.25, 2.625, 9.125 ], "texture": "#iron_sword" },
				"north": { "uv": [ 1.875, 9.125, 1.125, 9.25 ], "texture": "#iron_sword" },
				"south": { "uv": [ 1.875, 9.25, 2.625, 9.375 ], "texture": "#iron_sword" },
				"west": { "uv": [ 2.625, 4.875, 2.75, 5 ], "texture": "#iron_sword" },
				"east": { "uv": [ 2.75, 4.75, 2.625, 4.875 ], "texture": "#iron_sword" }
			}
		},
		{
			"__comment": "Voxels",
			"from": [ 4.9231, 8, 11.0769 ],
			"to": [ 8.615408, 8.615385, 11.69228 ],
			"faces": {
				"down": { "uv": [ 1.875, 8.75, 2.625, 8.875 ], "texture": "#iron_sword" },
				"up": { "uv": [ 1.125, 9.375, 1.875, 9.25 ], "texture": "#iron_sword" },
				"north": { "uv": [ 1.875, 8.875, 1.125, 9 ], "texture": "#iron_sword" },
				"south": { "uv": [ 1.875, 9, 2.625, 9.125 ], "texture": "#iron_sword" },
				"west": { "uv": [ 2.625, 4.125, 2.75, 4.25 ], "texture": "#iron_sword" },
				"east": { "uv": [ 2.75, 4, 2.625, 4.125 ], "texture": "#iron_sword" }
			}
		},
		{
			"__comment": "Voxels",
			"from": [ 8, 8, 6.1538 ],
			"to": [ 10.46154, 8.615385, 6.769185 ],
			"faces": {
				"down": { "uv": [ 0.625, 7.125, 1.125, 7.25 ], "texture": "#iron_sword" },
				"up": { "uv": [ 0.625, 7.125, 1.125, 7 ], "texture": "#iron_sword" },
				"north": { "uv": [ 1.125, 6.875, 0.625, 7 ], "texture": "#iron_sword" },
				"south": { "uv": [ 0.625, 6.75, 1.125, 6.875 ], "texture": "#iron_sword" },
				"west": { "uv": [ 2.625, 3.375, 2.75, 3.5 ], "texture": "#iron_sword" },
				"east": { "uv": [ 2.75, 3.25, 2.625, 3.375 ], "texture": "#iron_sword" }
			}
		},
		{
			"__comment": "Voxels",
			"from": [ 24, 8, 8 ],
			"to": [ 29.53846, 8.615385, 8.615385 ],
			"faces": {
				"down": { "uv": [ 0, 6.625, 1.125, 6.75 ], "texture": "#iron_sword" },
				"up": { "uv": [ 0, 6.625, 1.125, 6.5 ], "texture": "#iron_sword" },
				"north": { "uv": [ 1.125, 6.125, 0, 6.25 ], "texture": "#iron_sword" },
				"south": { "uv": [ 14.625, 15.125, 15.75, 15.25 ], "texture": "#iron_sword" },
				"west": { "uv": [ 2.625, 2.625, 2.75, 2.75 ], "texture": "#iron_sword" },
				"east": { "uv": [ 2.75, 2.5, 2.625, 2.625 ], "texture": "#iron_sword" }
			}
		}
	],
	"display": {
		"thirdperson_righthand": {
			"rotation":  [ 0, 0, 90 ],
			"translation":  [ 0, 13.6, 1.4 ],
			"scale":  [ 0.95, 0.8, 0.65 ]
		},
		"thirdperson_lefthand": {
			"rotation":  [ 0, 0, -90 ],
			"translation":  [ 0, 13.6, 1.4 ],
			"scale":  [ 0.95, 0.8, 0.65 ]
		},
		"firstperson_righthand": {
			"rotation":  [ 0, 18, 90 ],
			"translation":  [ 14, 12, -18 ],
			"scale":  [ 2.1, 1.7, 1.2 ]
		},
		"firstperson_lefthand": {
			"rotation":  [ 0, 18, -90 ],
			"translation":  [ 14, 12, -18 ],
			"scale":  [ 2.1, 1.7, 1.2 ]
		},
		"gui": {
			"rotation":  [ 90, 45, 0 ],
			"translation":  [ 0.5, 0.54, 0 ],
			"scale":  [ 0.46, 0.4, 0.37 ]
		},
		"ground": {
			"rotation":  [ 0, 0, 90 ],
			"translation":  [ 0, 30, 0 ],
			"scale":  [ 1.25, 1.2, 1.1 ]
		},
		"fixed": {
			"rotation":  [ 90, 90, 0 ],
			"translation":  [ -1, 15, -2 ],
			"scale":  [ 2.5, 2.2, 2.1 ]
		}
	}
}