{
	"credit": "Made with Blockbench",
	"textures": {
		"0": "item/blue",
		"1": "item/blueblack",
		"2": "item/stil",
		"particle": "item/blue"
	},
	"elements": [
		{
			"from": [7.64844, -14.70625, 7.15625],
			"to": [8.35156, -5.57812, 8.84375],
			"rotation": {"angle": 0, "axis": "y", "origin": [8, -15.5, 8]},
			"faces": {
				"north": {"uv": [0, 0, 1.25, 9.25], "texture": "#1"},
				"east": {"uv": [0, 0, 3, 9.25], "texture": "#1"},
				"south": {"uv": [0, 0, 1.25, 9.25], "texture": "#1"},
				"west": {"uv": [0, 0, 3, 9.25], "texture": "#1"},
				"up": {"uv": [0, 0, 1.25, 3], "texture": "#1"},
				"down": {"uv": [0, 0, 1.25, 3], "texture": "#1"}
			}
		},
		{
			"from": [7.15625, -14.70625, 7.64844],
			"to": [8.84375, -5.57812, 8.35156],
			"rotation": {"angle": -45, "axis": "y", "origin": [8, -15.5, 8]},
			"faces": {
				"north": {"uv": [0, 0, 3, 9.25], "texture": "#1"},
				"east": {"uv": [0, 0, 1.25, 9.25], "texture": "#1"},
				"south": {"uv": [0, 0, 3, 9.25], "texture": "#1"},
				"west": {"uv": [0, 0, 1.25, 9.25], "texture": "#1"},
				"up": {"uv": [0, 0, 1.25, 3], "rotation": 90, "texture": "#1"},
				"down": {"uv": [0, 0, 1.25, 3], "rotation": 270, "texture": "#1"}
			}
		},
		{
			"from": [7.64844, -14.70625, 7.15625],
			"to": [8.35156, -5.57812, 8.84375],
			"rotation": {"angle": -45, "axis": "y", "origin": [8, -15.5, 8]},
			"faces": {
				"north": {"uv": [0, 0, 1.25, 9.25], "texture": "#1"},
				"east": {"uv": [0, 0, 3, 9.25], "texture": "#1"},
				"south": {"uv": [0, 0, 1.25, 9.25], "texture": "#1"},
				"west": {"uv": [0, 0, 3, 9.25], "texture": "#1"},
				"up": {"uv": [0, 0, 1.25, 3], "texture": "#1"},
				"down": {"uv": [0, 0, 1.25, 3], "texture": "#1"}
			}
		},
		{
			"from": [7.15625, -14.70625, 7.64844],
			"to": [8.84375, -5.57812, 8.35156],
			"rotation": {"angle": 0, "axis": "y", "origin": [8, -15.5, 8]},
			"faces": {
				"north": {"uv": [0, 0, 3, 9.25], "texture": "#1"},
				"east": {"uv": [0, 0, 1.25, 9.25], "texture": "#1"},
				"south": {"uv": [0, 0, 3, 9.25], "texture": "#1"},
				"west": {"uv": [0, 0, 1.25, 9.25], "texture": "#1"},
				"up": {"uv": [0, 0, 1.25, 3], "rotation": 90, "texture": "#1"},
				"down": {"uv": [0, 0, 1.25, 3], "rotation": 270, "texture": "#1"}
			}
		},
		{
			"from": [7.52891, -15.62687, 6.86938],
			"to": [8.47109, -14.48969, 9.13063],
			"rotation": {"angle": 0, "axis": "y", "origin": [8, -15.25, 8]},
			"faces": {
				"north": {"uv": [0, 0, 1.25, 9.25], "texture": "#1"},
				"east": {"uv": [0, 0, 3, 9.25], "texture": "#1"},
				"south": {"uv": [0, 0, 1.25, 9.25], "texture": "#1"},
				"west": {"uv": [0, 0, 3, 9.25], "texture": "#1"},
				"up": {"uv": [0, 0, 1.25, 3], "texture": "#1"},
				"down": {"uv": [0, 0, 1.25, 3], "texture": "#1"}
			}
		},
		{
			"from": [6.86938, -15.62687, 7.52891],
			"to": [9.13063, -14.48969, 8.47109],
			"rotation": {"angle": -45, "axis": "y", "origin": [8, -15.25, 8]},
			"faces": {
				"north": {"uv": [0, 0, 3, 9.25], "texture": "#1"},
				"east": {"uv": [0, 0, 1.25, 9.25], "texture": "#1"},
				"south": {"uv": [0, 0, 3, 9.25], "texture": "#1"},
				"west": {"uv": [0, 0, 1.25, 9.25], "texture": "#1"},
				"up": {"uv": [0, 0, 1.25, 3], "rotation": 90, "texture": "#1"},
				"down": {"uv": [0, 0, 1.25, 3], "rotation": 270, "texture": "#1"}
			}
		},
		{
			"from": [7.52891, -15.62687, 6.86938],
			"to": [8.47109, -14.48969, 9.13063],
			"rotation": {"angle": -45, "axis": "y", "origin": [8, -15.25, 8]},
			"faces": {
				"north": {"uv": [0, 0, 1.25, 9.25], "texture": "#1"},
				"east": {"uv": [0, 0, 3, 9.25], "texture": "#1"},
				"south": {"uv": [0, 0, 1.25, 9.25], "texture": "#1"},
				"west": {"uv": [0, 0, 3, 9.25], "texture": "#1"},
				"up": {"uv": [0, 0, 1.25, 3], "texture": "#1"},
				"down": {"uv": [0, 0, 1.25, 3], "texture": "#1"}
			}
		},
		{
			"from": [6.86938, -15.62687, 7.52891],
			"to": [9.13063, -14.48969, 8.47109],
			"rotation": {"angle": 0, "axis": "y", "origin": [8, -15.25, 8]},
			"faces": {
				"north": {"uv": [0, 0, 3, 9.25], "texture": "#1"},
				"east": {"uv": [0, 0, 1.25, 9.25], "texture": "#1"},
				"south": {"uv": [0, 0, 3, 9.25], "texture": "#1"},
				"west": {"uv": [0, 0, 1.25, 9.25], "texture": "#1"},
				"up": {"uv": [0, 0, 1.25, 3], "rotation": 90, "texture": "#1"},
				"down": {"uv": [0, 0, 1.25, 3], "rotation": 270, "texture": "#1"}
			}
		},
		{
			"from": [7.58544, -6.07165, 7.00505],
			"to": [8.41456, -5.31293, 8.99495],
			"rotation": {"angle": 0, "axis": "y", "origin": [8, -5.74, 8]},
			"faces": {
				"north": {"uv": [0, 0, 1.25, 9.25], "texture": "#0"},
				"east": {"uv": [0, 0, 3, 9.25], "texture": "#0"},
				"south": {"uv": [0, 0, 1.25, 9.25], "texture": "#0"},
				"west": {"uv": [0, 0, 3, 9.25], "texture": "#0"},
				"up": {"uv": [0, 0, 1.25, 3], "texture": "#0"},
				"down": {"uv": [0, 0, 1.25, 3], "texture": "#0"}
			}
		},
		{
			"from": [7.00505, -6.07165, 7.58544],
			"to": [8.99495, -5.31293, 8.41456],
			"rotation": {"angle": -45, "axis": "y", "origin": [8, -5.74, 8]},
			"faces": {
				"north": {"uv": [0, 0, 3, 9.25], "texture": "#0"},
				"east": {"uv": [0, 0, 1.25, 9.25], "texture": "#0"},
				"south": {"uv": [0, 0, 3, 9.25], "texture": "#0"},
				"west": {"uv": [0, 0, 1.25, 9.25], "texture": "#0"},
				"up": {"uv": [0, 0, 1.25, 3], "rotation": 90, "texture": "#0"},
				"down": {"uv": [0, 0, 1.25, 3], "rotation": 270, "texture": "#0"}
			}
		},
		{
			"from": [7.58544, -6.07165, 7.00505],
			"to": [8.41456, -5.31293, 8.99495],
			"rotation": {"angle": -45, "axis": "y", "origin": [8, -5.74, 8]},
			"faces": {
				"north": {"uv": [0, 0, 1.25, 9.25], "texture": "#0"},
				"east": {"uv": [0, 0, 3, 9.25], "texture": "#0"},
				"south": {"uv": [0, 0, 1.25, 9.25], "texture": "#0"},
				"west": {"uv": [0, 0, 3, 9.25], "texture": "#0"},
				"up": {"uv": [0, 0, 1.25, 3], "texture": "#0"},
				"down": {"uv": [0, 0, 1.25, 3], "texture": "#0"}
			}
		},
		{
			"from": [7.00505, -6.07165, 7.58544],
			"to": [8.99495, -5.31293, 8.41456],
			"rotation": {"angle": 0, "axis": "y", "origin": [8, -5.74, 8]},
			"faces": {
				"north": {"uv": [0, 0, 3, 9.25], "texture": "#0"},
				"east": {"uv": [0, 0, 1.25, 9.25], "texture": "#0"},
				"south": {"uv": [0, 0, 3, 9.25], "texture": "#0"},
				"west": {"uv": [0, 0, 1.25, 9.25], "texture": "#0"},
				"up": {"uv": [0, 0, 1.25, 3], "rotation": 90, "texture": "#0"},
				"down": {"uv": [0, 0, 1.25, 3], "rotation": 270, "texture": "#0"}
			}
		},
		{
			"from": [7.5, -5.9, 10.25],
			"to": [8.5, -4.65, 12.05],
			"rotation": {"angle": -22.5, "axis": "x", "origin": [8, -4.65, 10.75]},
			"faces": {
				"north": {"uv": [0, 0, 1, 1.25], "rotation": 180, "texture": "#0"},
				"east": {"uv": [0, 0, 1.25, 1.8], "rotation": 270, "texture": "#0"},
				"south": {"uv": [0, 0, 1, 1.25], "texture": "#0"},
				"west": {"uv": [0, 0, 1.25, 1.8], "rotation": 90, "texture": "#0"},
				"up": {"uv": [0, 0, 1, 1.8], "rotation": 180, "texture": "#0"},
				"down": {"uv": [0, 0, 1, 1.8], "texture": "#0"}
			}
		},
		{
			"from": [7.5, -5, 10.25],
			"to": [8.5, -3.75, 12.05],
			"rotation": {"angle": 22.5, "axis": "x", "origin": [8, -5, 10.75]},
			"faces": {
				"north": {"uv": [0, 1, 1, 2.25], "rotation": 180, "texture": "#0"},
				"east": {"uv": [1, 0, 2.25, 1.8], "rotation": 270, "texture": "#0"},
				"south": {"uv": [0, 1, 1, 2.25], "texture": "#0"},
				"west": {"uv": [1, 0, 2.25, 1.8], "rotation": 90, "texture": "#0"},
				"up": {"uv": [0, 1, 1, 2.8], "texture": "#0"},
				"down": {"uv": [0, 1, 1, 2.8], "rotation": 180, "texture": "#0"}
			}
		},
		{
			"from": [7.5, -4.275, 12.05],
			"to": [8.5, -3.75, 12.775],
			"rotation": {"angle": 22.5, "axis": "x", "origin": [8, -5, 10.75]},
			"faces": {
				"north": {"uv": [0, 1, 1, 1.525], "rotation": 180, "texture": "#0"},
				"east": {"uv": [1, 0, 1.525, 0.725], "rotation": 270, "texture": "#0"},
				"south": {"uv": [0, 1, 1, 1.525], "texture": "#0"},
				"west": {"uv": [1, 0, 1.525, 0.725], "rotation": 90, "texture": "#0"},
				"up": {"uv": [0, 1, 1, 1.725], "texture": "#0"},
				"down": {"uv": [0, 1, 1, 1.725], "rotation": 180, "texture": "#0"}
			}
		},
		{
			"from": [7.5, -5.9, 12.05],
			"to": [8.5, -5.375, 12.775],
			"rotation": {"angle": -22.5, "axis": "x", "origin": [8, -4.65, 10.75]},
			"faces": {
				"north": {"uv": [0, 0, 1, 0.525], "rotation": 180, "texture": "#0"},
				"east": {"uv": [0, 0, 0.525, 0.725], "rotation": 270, "texture": "#0"},
				"south": {"uv": [0, 0, 1, 0.525], "texture": "#0"},
				"west": {"uv": [0, 0, 0.525, 0.725], "rotation": 90, "texture": "#0"},
				"up": {"uv": [0, 0, 1, 0.725], "rotation": 180, "texture": "#0"},
				"down": {"uv": [0, 0, 1, 0.725], "texture": "#0"}
			}
		},
		{
			"from": [7.5, -5.31362, 12.90135],
			"to": [8.5, -5.01362, 13.18635],
			"rotation": {"angle": -45, "axis": "x", "origin": [8, -4.92612, 12.66385]},
			"faces": {
				"north": {"uv": [0, 0, 1, 0.3], "rotation": 180, "texture": "#0"},
				"east": {"uv": [0, 0, 0.3, 0.285], "rotation": 270, "texture": "#0"},
				"south": {"uv": [0, 0, 1, 0.3], "texture": "#0"},
				"west": {"uv": [0, 0, 0.3, 0.285], "rotation": 90, "texture": "#0"},
				"up": {"uv": [0, 0, 1, 0.285], "rotation": 180, "texture": "#0"},
				"down": {"uv": [0, 0, 1, 0.285], "texture": "#0"}
			}
		},
		{
			"from": [7.5, -5.9, 3.95],
			"to": [8.5, -4.65, 5.75],
			"rotation": {"angle": 22.5, "axis": "x", "origin": [8, -4.65, 5.25]},
			"faces": {
				"north": {"uv": [0, 0, 1, 1.25], "texture": "#0"},
				"east": {"uv": [0, 0, 1.25, 1.8], "rotation": 90, "texture": "#0"},
				"south": {"uv": [0, 0, 1, 1.25], "rotation": 180, "texture": "#0"},
				"west": {"uv": [0, 0, 1.25, 1.8], "rotation": 270, "texture": "#0"},
				"up": {"uv": [1, 1.8, 2, 3.6], "rotation": 180, "texture": "#0"},
				"down": {"uv": [1, 1.8, 2, 3.6], "texture": "#0"}
			}
		},
		{
			"from": [7.5, -5, 3.95],
			"to": [8.5, -3.75, 5.75],
			"rotation": {"angle": -22.5, "axis": "x", "origin": [8, -5, 5.25]},
			"faces": {
				"north": {"uv": [0, 1, 1, 2.25], "texture": "#0"},
				"east": {"uv": [1, 0, 2.25, 1.8], "rotation": 90, "texture": "#0"},
				"south": {"uv": [0, 1, 1, 2.25], "rotation": 180, "texture": "#0"},
				"west": {"uv": [1, 0, 2.25, 1.8], "rotation": 270, "texture": "#0"},
				"up": {"uv": [1, 2.8, 2, 4.6], "texture": "#0"},
				"down": {"uv": [1, 2.8, 2, 4.6], "rotation": 180, "texture": "#0"}
			}
		},
		{
			"from": [7.5, -4.275, 3.225],
			"to": [8.5, -3.75, 3.95],
			"rotation": {"angle": -22.5, "axis": "x", "origin": [8, -5, 5.25]},
			"faces": {
				"north": {"uv": [0, 1, 1, 1.525], "texture": "#0"},
				"east": {"uv": [1, 0, 1.525, 0.725], "rotation": 90, "texture": "#0"},
				"south": {"uv": [0, 1, 1, 1.525], "rotation": 180, "texture": "#0"},
				"west": {"uv": [1, 0, 1.525, 0.725], "rotation": 270, "texture": "#0"},
				"up": {"uv": [1, 1.725, 2, 2.45], "texture": "#0"},
				"down": {"uv": [1, 1.725, 2, 2.45], "rotation": 180, "texture": "#0"}
			}
		},
		{
			"from": [7.5, -5.9, 3.225],
			"to": [8.5, -5.375, 3.95],
			"rotation": {"angle": 22.5, "axis": "x", "origin": [8, -4.65, 5.25]},
			"faces": {
				"north": {"uv": [0, 0, 1, 0.525], "texture": "#0"},
				"east": {"uv": [0, 0, 0.525, 0.725], "rotation": 90, "texture": "#0"},
				"south": {"uv": [0, 0, 1, 0.525], "rotation": 180, "texture": "#0"},
				"west": {"uv": [0, 0, 0.525, 0.725], "rotation": 270, "texture": "#0"},
				"up": {"uv": [1, 0.725, 2, 1.45], "rotation": 180, "texture": "#0"},
				"down": {"uv": [1, 0.725, 2, 1.45], "texture": "#0"}
			}
		},
		{
			"from": [7.5, -5.31362, 2.81365],
			"to": [8.5, -5.01362, 3.09865],
			"rotation": {"angle": 45, "axis": "x", "origin": [8, -4.92612, 3.33615]},
			"faces": {
				"north": {"uv": [0, 0, 1, 0.3], "texture": "#0"},
				"east": {"uv": [0, 0, 0.3, 0.285], "rotation": 90, "texture": "#0"},
				"south": {"uv": [0, 0, 1, 0.3], "rotation": 180, "texture": "#0"},
				"west": {"uv": [0, 0, 0.3, 0.285], "rotation": 270, "texture": "#0"},
				"up": {"uv": [1, 0.285, 2, 0.57], "rotation": 180, "texture": "#0"},
				"down": {"uv": [1, 0.285, 2, 0.57], "texture": "#0"}
			}
		},
		{
			"from": [7.11835, -5.30995, 7.58544],
			"to": [8.87707, -3.32005, 8.41456],
			"rotation": {"angle": 0, "axis": "y", "origin": [7.95, -4.315, 8]},
			"faces": {
				"north": {"uv": [0, 0, 3, 9.25], "rotation": 270, "texture": "#2"},
				"east": {"uv": [0, 0, 1.25, 3], "rotation": 180, "texture": "#2"},
				"south": {"uv": [0, 0, 3, 9.25], "rotation": 90, "texture": "#2"},
				"west": {"uv": [0, 0, 1.25, 3], "texture": "#2"},
				"up": {"uv": [0, 0, 1.25, 9.25], "rotation": 90, "texture": "#2"},
				"down": {"uv": [0, 0, 1.25, 9.25], "rotation": 90, "texture": "#2"}
			}
		},
		{
			"from": [7.11835, -4.72956, 7.00505],
			"to": [8.87707, -3.90044, 8.99495],
			"rotation": {"angle": -45, "axis": "x", "origin": [7.95, -4.315, 8]},
			"faces": {
				"north": {"uv": [0, 0, 1.25, 9.25], "rotation": 270, "texture": "#2"},
				"east": {"uv": [0, 0, 1.25, 3], "rotation": 270, "texture": "#2"},
				"south": {"uv": [0, 0, 1.25, 9.25], "rotation": 90, "texture": "#2"},
				"west": {"uv": [0, 0, 1.25, 3], "rotation": 270, "texture": "#2"},
				"up": {"uv": [0, 0, 3, 9.25], "rotation": 90, "texture": "#2"},
				"down": {"uv": [0, 0, 3, 9.25], "rotation": 90, "texture": "#2"}
			}
		},
		{
			"from": [7.11835, -5.30995, 7.58544],
			"to": [8.87707, -3.32005, 8.41456],
			"rotation": {"angle": -45, "axis": "x", "origin": [7.95, -4.315, 8]},
			"faces": {
				"north": {"uv": [0, 0, 3, 9.25], "rotation": 270, "texture": "#2"},
				"east": {"uv": [0, 0, 1.25, 3], "rotation": 180, "texture": "#2"},
				"south": {"uv": [0, 0, 3, 9.25], "rotation": 90, "texture": "#2"},
				"west": {"uv": [0, 0, 1.25, 3], "texture": "#2"},
				"up": {"uv": [0, 0, 1.25, 9.25], "rotation": 90, "texture": "#2"},
				"down": {"uv": [0, 0, 1.25, 9.25], "rotation": 90, "texture": "#2"}
			}
		},
		{
			"from": [7.11835, -4.72956, 7.00505],
			"to": [8.87707, -3.90044, 8.99495],
			"rotation": {"angle": 0, "axis": "y", "origin": [7.95, -4.315, 8]},
			"faces": {
				"north": {"uv": [0, 0, 1.25, 9.25], "rotation": 270, "texture": "#2"},
				"east": {"uv": [0, 0, 1.25, 3], "rotation": 270, "texture": "#2"},
				"south": {"uv": [0, 0, 1.25, 9.25], "rotation": 90, "texture": "#2"},
				"west": {"uv": [0, 0, 1.25, 3], "rotation": 270, "texture": "#2"},
				"up": {"uv": [0, 0, 3, 9.25], "rotation": 90, "texture": "#2"},
				"down": {"uv": [0, 0, 3, 9.25], "rotation": 90, "texture": "#2"}
			}
		},
		{
			"from": [7.5, -2.65597, 6.82067],
			"to": [8.5, -0.40597, 7.82067],
			"rotation": {"angle": 22.5, "axis": "x", "origin": [8, -0.925, 7.225]},
			"faces": {
				"north": {"uv": [1, 2.25, 2, 4.5], "texture": "#0"},
				"east": {"uv": [2.25, 1, 4.5, 2], "rotation": 90, "texture": "#0"},
				"south": {"uv": [1, 2.25, 2, 4.5], "rotation": 180, "texture": "#0"},
				"west": {"uv": [2.25, 1, 4.5, 2], "rotation": 270, "texture": "#0"},
				"up": {"uv": [0, 0, 1, 1], "rotation": 180, "texture": "#0"},
				"down": {"uv": [0, 0, 1, 1], "texture": "#0"}
			}
		},
		{
			"from": [7.67, -2.69093, 6.63198],
			"to": [8.33, -0.08093, 7.79198],
			"rotation": {"angle": 22.5, "axis": "x", "origin": [8, -0.683, 7.101]},
			"faces": {
				"north": {"uv": [1, 2.25, 2, 4.5], "texture": "#0"},
				"east": {"uv": [2.25, 1, 4.5, 2], "rotation": 90, "texture": "#0"},
				"south": {"uv": [1, 2.25, 2, 4.5], "rotation": 180, "texture": "#0"},
				"west": {"uv": [2.25, 1, 4.5, 2], "rotation": 270, "texture": "#0"},
				"up": {"uv": [0, 0, 1, 1], "rotation": 180, "texture": "#0"},
				"down": {"uv": [0, 0, 1, 1], "texture": "#0"}
			}
		},
		{
			"from": [7.8172, -2.69647, 6.41309],
			"to": [8.1828, 0.33113, 7.75869],
			"rotation": {"angle": 22.5, "axis": "x", "origin": [8, -0.36728, 6.95716]},
			"faces": {
				"north": {"uv": [1, 2.25, 2, 4.5], "texture": "#2"},
				"east": {"uv": [2.25, 1, 4.5, 2], "rotation": 90, "texture": "#2"},
				"south": {"uv": [1, 2.25, 2, 4.5], "rotation": 180, "texture": "#2"},
				"west": {"uv": [2.25, 1, 4.5, 2], "rotation": 270, "texture": "#2"},
				"up": {"uv": [0, 0, 1, 1], "rotation": 180, "texture": "#2"},
				"down": {"uv": [0, 0, 1, 1], "texture": "#2"}
			}
		},
		{
			"from": [7.5, 27.04403, 6.82067],
			"to": [8.5, 29.29403, 7.82067],
			"rotation": {"angle": 22.5, "axis": "x", "origin": [8, 28.775, 7.225]},
			"faces": {
				"north": {"uv": [1, 2.25, 2, 4.5], "texture": "#0"},
				"east": {"uv": [2.25, 1, 4.5, 2], "rotation": 90, "texture": "#0"},
				"south": {"uv": [1, 2.25, 2, 4.5], "rotation": 180, "texture": "#0"},
				"west": {"uv": [2.25, 1, 4.5, 2], "rotation": 270, "texture": "#0"},
				"up": {"uv": [0, 0, 1, 1], "rotation": 180, "texture": "#0"},
				"down": {"uv": [0, 0, 1, 1], "texture": "#0"}
			}
		},
		{
			"from": [7.67, 26.86107, 6.63198],
			"to": [8.33, 29.47107, 7.79198],
			"rotation": {"angle": 22.5, "axis": "x", "origin": [8, 28.869, 7.101]},
			"faces": {
				"north": {"uv": [1, 2.25, 2, 4.5], "texture": "#0"},
				"east": {"uv": [2.25, 1, 4.5, 2], "rotation": 90, "texture": "#0"},
				"south": {"uv": [1, 2.25, 2, 4.5], "rotation": 180, "texture": "#0"},
				"west": {"uv": [2.25, 1, 4.5, 2], "rotation": 270, "texture": "#0"},
				"up": {"uv": [0, 0, 1, 1], "rotation": 180, "texture": "#0"},
				"down": {"uv": [0, 0, 1, 1], "texture": "#0"}
			}
		},
		{
			"from": [7.8172, 26.68385, 6.41309],
			"to": [8.1828, 29.71145, 7.75869],
			"rotation": {"angle": 22.5, "axis": "x", "origin": [8, 29.01304, 6.95716]},
			"faces": {
				"north": {"uv": [1, 2.25, 2, 4.5], "texture": "#2"},
				"east": {"uv": [2.25, 1, 4.5, 2], "rotation": 90, "texture": "#2"},
				"south": {"uv": [1, 2.25, 2, 4.5], "rotation": 180, "texture": "#2"},
				"west": {"uv": [2.25, 1, 4.5, 2], "rotation": 270, "texture": "#2"},
				"up": {"uv": [0, 0, 1, 1], "rotation": 180, "texture": "#2"},
				"down": {"uv": [0, 0, 1, 1], "texture": "#2"}
			}
		},
		{
			"from": [7.5, 26.16643, 6.17629],
			"to": [8.5, 27.31643, 7.17629],
			"rotation": {"angle": -45, "axis": "x", "origin": [8, 27.35, 6.175]},
			"faces": {
				"north": {"uv": [1, 0, 2, 1.15], "texture": "#0"},
				"east": {"uv": [0, 1, 1.15, 2], "rotation": 90, "texture": "#0"},
				"south": {"uv": [1, 0, 2, 1.15], "rotation": 180, "texture": "#0"},
				"west": {"uv": [0, 1, 1.15, 2], "rotation": 270, "texture": "#0"},
				"up": {"uv": [0, 1, 1, 2], "texture": "#0"},
				"down": {"uv": [0, 1, 1, 2], "rotation": 180, "texture": "#0"}
			}
		},
		{
			"from": [7.67, 25.84306, 5.88449],
			"to": [8.33, 27.17706, 7.04449],
			"rotation": {"angle": -45, "axis": "x", "origin": [8, 27.216, 5.883]},
			"faces": {
				"north": {"uv": [1, 0, 2, 1.15], "texture": "#0"},
				"east": {"uv": [0, 1, 1.15, 2], "rotation": 90, "texture": "#0"},
				"south": {"uv": [1, 0, 2, 1.15], "rotation": 180, "texture": "#0"},
				"west": {"uv": [0, 1, 1.15, 2], "rotation": 270, "texture": "#0"},
				"up": {"uv": [0, 1, 1, 2], "texture": "#0"},
				"down": {"uv": [0, 1, 1, 2], "rotation": 180, "texture": "#0"}
			}
		},
		{
			"from": [7.8172, 25.50295, 5.54601],
			"to": [8.1828, 27.05039, 6.89161],
			"rotation": {"angle": -45, "axis": "x", "origin": [8, 27.09556, 5.54428]},
			"faces": {
				"north": {"uv": [1, 0, 2, 1.15], "texture": "#2"},
				"east": {"uv": [0, 1, 1.15, 2], "rotation": 90, "texture": "#2"},
				"south": {"uv": [1, 0, 2, 1.15], "rotation": 180, "texture": "#2"},
				"west": {"uv": [0, 1, 1.15, 2], "rotation": 270, "texture": "#2"},
				"up": {"uv": [0, 1, 1, 2], "texture": "#2"},
				"down": {"uv": [0, 1, 1, 2], "rotation": 180, "texture": "#2"}
			}
		},
		{
			"from": [7.5, 28.71903, 7.42933],
			"to": [8.5, 30.05903, 8.77933],
			"rotation": {"angle": -45, "axis": "x", "origin": [8, 29.275, 8.025]},
			"faces": {
				"north": {"uv": [0, 2.25, 1, 3.59], "rotation": 180, "texture": "#0"},
				"east": {"uv": [2.25, 0, 3.59, 1.35], "rotation": 90, "texture": "#0"},
				"south": {"uv": [0, 2.25, 1, 3.59], "texture": "#0"},
				"west": {"uv": [2.25, 0, 3.59, 1.35], "rotation": 270, "texture": "#0"},
				"up": {"uv": [0, 1, 1, 2.35], "rotation": 180, "texture": "#0"},
				"down": {"uv": [0, 1, 1, 2.35], "texture": "#0"}
			}
		},
		{
			"from": [7.67, 28.80407, 7.33802],
			"to": [8.33, 30.35847, 8.90402],
			"rotation": {"angle": -45, "axis": "x", "origin": [8, 29.449, 8.029]},
			"faces": {
				"north": {"uv": [0, 2.25, 1, 3.59], "rotation": 180, "texture": "#0"},
				"east": {"uv": [2.25, 0, 3.59, 1.35], "rotation": 90, "texture": "#0"},
				"south": {"uv": [0, 2.25, 1, 3.59], "texture": "#0"},
				"west": {"uv": [2.25, 0, 3.59, 1.35], "rotation": 270, "texture": "#0"},
				"up": {"uv": [0, 1, 1, 2.35], "rotation": 180, "texture": "#0"},
				"down": {"uv": [0, 1, 1, 2.35], "texture": "#0"}
			}
		},
		{
			"from": [7.8172, 28.93773, 7.23211],
			"to": [8.1828, 30.74083, 9.04867],
			"rotation": {"angle": -45, "axis": "x", "origin": [8, 29.68584, 8.03364]},
			"faces": {
				"north": {"uv": [0, 2.25, 1, 3.59], "rotation": 180, "texture": "#2"},
				"east": {"uv": [2.25, 0, 3.59, 1.35], "rotation": 90, "texture": "#2"},
				"south": {"uv": [0, 2.25, 1, 3.59], "texture": "#2"},
				"west": {"uv": [2.25, 0, 3.59, 1.35], "rotation": 270, "texture": "#2"},
				"up": {"uv": [0, 1, 1, 2.35], "rotation": 180, "texture": "#2"},
				"down": {"uv": [0, 1, 1, 2.35], "texture": "#2"}
			}
		},
		{
			"from": [7.5, -4.34403, 6.82067],
			"to": [8.5, -2.09403, 7.82067],
			"rotation": {"angle": -22.5, "axis": "x", "origin": [8, -3.825, 7.225]},
			"faces": {
				"north": {"uv": [1, 0, 0, 2.25], "texture": "#0"},
				"east": {"uv": [0, 1, 2.25, 0], "rotation": 90, "texture": "#0"},
				"south": {"uv": [1, 0, 0, 2.25], "rotation": 180, "texture": "#0"},
				"west": {"uv": [0, 1, 2.25, 0], "rotation": 270, "texture": "#0"},
				"up": {"uv": [0, 1, 1, 0], "texture": "#0"},
				"down": {"uv": [0, 1, 1, 0], "rotation": 180, "texture": "#0"}
			}
		},
		{
			"from": [7.67, -4.64907, 6.63198],
			"to": [8.33, -2.03907, 7.79198],
			"rotation": {"angle": -22.5, "axis": "x", "origin": [8, -4.047, 7.101]},
			"faces": {
				"north": {"uv": [1, 0, 0, 2.25], "texture": "#0"},
				"east": {"uv": [0, 1, 2.25, 0], "rotation": 90, "texture": "#0"},
				"south": {"uv": [1, 0, 0, 2.25], "rotation": 180, "texture": "#0"},
				"west": {"uv": [0, 1, 2.25, 0], "rotation": 270, "texture": "#0"},
				"up": {"uv": [0, 1, 1, 0], "texture": "#0"},
				"down": {"uv": [0, 1, 1, 0], "rotation": 180, "texture": "#0"}
			}
		},
		{
			"from": [7.8172, -4.96793, 6.41309],
			"to": [8.1828, -1.94033, 7.75869],
			"rotation": {"angle": -22.5, "axis": "x", "origin": [8, -4.26952, 6.95716]},
			"faces": {
				"north": {"uv": [1, 0, 0, 2.25], "texture": "#2"},
				"east": {"uv": [0, 1, 2.25, 0], "rotation": 90, "texture": "#2"},
				"south": {"uv": [1, 0, 0, 2.25], "rotation": 180, "texture": "#2"},
				"west": {"uv": [0, 1, 2.25, 0], "rotation": 270, "texture": "#2"},
				"up": {"uv": [0, 1, 1, 0], "texture": "#2"},
				"down": {"uv": [0, 1, 1, 0], "rotation": 180, "texture": "#2"}
			}
		},
		{
			"from": [7.5, 27.04403, 8.17933],
			"to": [8.5, 29.29403, 9.17933],
			"rotation": {"angle": -22.5, "axis": "x", "origin": [8, 28.775, 8.775]},
			"faces": {
				"north": {"uv": [0, 2.25, 1, 4.5], "rotation": 180, "texture": "#0"},
				"east": {"uv": [2.25, 0, 4.5, 1], "rotation": 90, "texture": "#0"},
				"south": {"uv": [0, 2.25, 1, 4.5], "texture": "#0"},
				"west": {"uv": [2.25, 0, 4.5, 1], "rotation": 270, "texture": "#0"},
				"up": {"uv": [0, 1, 1, 2], "rotation": 180, "texture": "#0"},
				"down": {"uv": [0, 1, 1, 2], "texture": "#0"}
			}
		},
		{
			"from": [7.67, 26.86107, 8.20802],
			"to": [8.33, 29.47107, 9.36802],
			"rotation": {"angle": -22.5, "axis": "x", "origin": [8, 28.869, 8.899]},
			"faces": {
				"north": {"uv": [0, 2.25, 1, 4.5], "rotation": 180, "texture": "#0"},
				"east": {"uv": [2.25, 0, 4.5, 1], "rotation": 90, "texture": "#0"},
				"south": {"uv": [0, 2.25, 1, 4.5], "texture": "#0"},
				"west": {"uv": [2.25, 0, 4.5, 1], "rotation": 270, "texture": "#0"},
				"up": {"uv": [0, 1, 1, 2], "rotation": 180, "texture": "#0"},
				"down": {"uv": [0, 1, 1, 2], "texture": "#0"}
			}
		},
		{
			"from": [7.8172, 26.68385, 8.24131],
			"to": [8.1828, 29.71145, 9.58691],
			"rotation": {"angle": -22.5, "axis": "x", "origin": [8, 29.01304, 9.04284]},
			"faces": {
				"north": {"uv": [0, 2.25, 1, 4.5], "rotation": 180, "texture": "#2"},
				"east": {"uv": [2.25, 0, 4.5, 1], "rotation": 90, "texture": "#2"},
				"south": {"uv": [0, 2.25, 1, 4.5], "texture": "#2"},
				"west": {"uv": [2.25, 0, 4.5, 1], "rotation": 270, "texture": "#2"},
				"up": {"uv": [0, 1, 1, 2], "rotation": 180, "texture": "#2"},
				"down": {"uv": [0, 1, 1, 2], "texture": "#2"}
			}
		},
		{
			"from": [7.5, -2.65597, 8.17933],
			"to": [8.5, -0.40597, 9.17933],
			"rotation": {"angle": -22.5, "axis": "x", "origin": [8, -0.925, 8.775]},
			"faces": {
				"north": {"uv": [0, 2.25, 1, 4.5], "rotation": 180, "texture": "#0"},
				"east": {"uv": [2.25, 0, 4.5, 1], "rotation": 90, "texture": "#0"},
				"south": {"uv": [0, 2.25, 1, 4.5], "texture": "#0"},
				"west": {"uv": [2.25, 0, 4.5, 1], "rotation": 270, "texture": "#0"},
				"up": {"uv": [0, 1, 1, 2], "rotation": 180, "texture": "#0"},
				"down": {"uv": [0, 1, 1, 2], "texture": "#0"}
			}
		},
		{
			"from": [7.67, -2.69093, 8.20802],
			"to": [8.33, -0.08093, 9.36802],
			"rotation": {"angle": -22.5, "axis": "x", "origin": [8, -0.683, 8.899]},
			"faces": {
				"north": {"uv": [0, 2.25, 1, 4.5], "rotation": 180, "texture": "#0"},
				"east": {"uv": [2.25, 0, 4.5, 1], "rotation": 90, "texture": "#0"},
				"south": {"uv": [0, 2.25, 1, 4.5], "texture": "#0"},
				"west": {"uv": [2.25, 0, 4.5, 1], "rotation": 270, "texture": "#0"},
				"up": {"uv": [0, 1, 1, 2], "rotation": 180, "texture": "#0"},
				"down": {"uv": [0, 1, 1, 2], "texture": "#0"}
			}
		},
		{
			"from": [7.8172, -2.69647, 8.24131],
			"to": [8.1828, 0.33113, 9.58691],
			"rotation": {"angle": -22.5, "axis": "x", "origin": [8, -0.36728, 9.04284]},
			"faces": {
				"north": {"uv": [0, 2.25, 1, 4.5], "rotation": 180, "texture": "#2"},
				"east": {"uv": [2.25, 0, 4.5, 1], "rotation": 90, "texture": "#2"},
				"south": {"uv": [0, 2.25, 1, 4.5], "texture": "#2"},
				"west": {"uv": [2.25, 0, 4.5, 1], "rotation": 270, "texture": "#2"},
				"up": {"uv": [0, 1, 1, 2], "rotation": 180, "texture": "#2"},
				"down": {"uv": [0, 1, 1, 2], "texture": "#2"}
			}
		},
		{
			"from": [7.5, -5.325, 5.5],
			"to": [8.5, -4.325, 10.5],
			"rotation": {"angle": 0, "axis": "y", "origin": [15.5, 2.675, 15.5]},
			"faces": {
				"north": {"uv": [0, 0, 1, 1], "texture": "#0"},
				"east": {"uv": [0, 0, 5, 1], "texture": "#0"},
				"south": {"uv": [0, 0, 1, 1], "texture": "#0"},
				"west": {"uv": [0, 0, 5, 1], "texture": "#0"},
				"up": {"uv": [0, 0, 1, 5], "texture": "#0"},
				"down": {"uv": [0, 0, 1, 5], "texture": "#0"}
			}
		},
		{
			"from": [7.3, -5.03, 4.825],
			"to": [7.7, -4.63, 6.5],
			"rotation": {"angle": 0, "axis": "y", "origin": [10.5, -1.83, 8.35]},
			"faces": {
				"north": {"uv": [0, 0, 0.4, 0.4], "texture": "#2"},
				"east": {"uv": [0, 0, 1.175, 0.4], "texture": "#2"},
				"south": {"uv": [0, 0, 0.4, 0.4], "texture": "#2"},
				"west": {"uv": [0, 0, 1.175, 0.4], "texture": "#2"},
				"up": {"uv": [0, 0, 0.4, 1.175], "texture": "#2"},
				"down": {"uv": [0, 0, 0.4, 1.175], "texture": "#2"}
			}
		},
		{
			"from": [8.3, -5.03, 4.825],
			"to": [8.7, -4.63, 6.5],
			"rotation": {"angle": 0, "axis": "y", "origin": [11.5, -1.83, 8.35]},
			"faces": {
				"north": {"uv": [0, 0, 0.4, 0.4], "texture": "#2"},
				"east": {"uv": [0, 0, 1.175, 0.4], "texture": "#2"},
				"south": {"uv": [0, 0, 0.4, 0.4], "texture": "#2"},
				"west": {"uv": [0, 0, 1.175, 0.4], "texture": "#2"},
				"up": {"uv": [0, 0, 0.4, 1.175], "texture": "#2"},
				"down": {"uv": [0, 0, 0.4, 1.175], "texture": "#2"}
			}
		},
		{
			"from": [8.3, -5.03, 9.5],
			"to": [8.7, -4.63, 11.175],
			"rotation": {"angle": 0, "axis": "y", "origin": [11.5, -1.83, 7.65]},
			"faces": {
				"north": {"uv": [0.4, 0, 0, 0.4], "texture": "#2"},
				"east": {"uv": [1.175, 0, 0, 0.4], "texture": "#2"},
				"south": {"uv": [0.4, 0, 0, 0.4], "texture": "#2"},
				"west": {"uv": [1.175, 0, 0, 0.4], "texture": "#2"},
				"up": {"uv": [0, 1.175, 0.4, 0], "texture": "#2"},
				"down": {"uv": [0, 1.175, 0.4, 0], "texture": "#2"}
			}
		},
		{
			"from": [7.3, -5.03, 9.5],
			"to": [7.7, -4.63, 11.175],
			"rotation": {"angle": 0, "axis": "y", "origin": [10.5, -1.83, 7.65]},
			"faces": {
				"north": {"uv": [0.4, 0, 0, 0.4], "texture": "#2"},
				"east": {"uv": [1.175, 0, 0, 0.4], "texture": "#2"},
				"south": {"uv": [0.4, 0, 0, 0.4], "texture": "#2"},
				"west": {"uv": [1.175, 0, 0, 0.4], "texture": "#2"},
				"up": {"uv": [0, 1.175, 0.4, 0], "texture": "#2"},
				"down": {"uv": [0, 1.175, 0.4, 0], "texture": "#2"}
			}
		},
		{
			"from": [7.5, -4.325, 7],
			"to": [8.5, 28.9, 9],
			"rotation": {"angle": 0, "axis": "y", "origin": [15.5, 3.675, 15.5]},
			"faces": {
				"north": {"uv": [0, 0, 1, 16], "texture": "#0"},
				"east": {"uv": [0, 0, 2, 16], "texture": "#0"},
				"south": {"uv": [0, 0, 1, 16], "texture": "#0"},
				"west": {"uv": [0, 0, 2, 16], "texture": "#0"},
				"up": {"uv": [0, 0, 1, 2], "texture": "#0"},
				"down": {"uv": [0, 0, 1, 2], "texture": "#0"}
			}
		},
		{
			"from": [7.67, -1.252, 6.84],
			"to": [8.33, 29.014, 9.16],
			"rotation": {"angle": 0, "axis": "y", "origin": [16.7, -0.247, 16.7]},
			"faces": {
				"north": {"uv": [0, 0, 1, 16], "texture": "#0"},
				"east": {"uv": [0, 0, 2, 16], "texture": "#0"},
				"south": {"uv": [0, 0, 1, 16], "texture": "#0"},
				"west": {"uv": [0, 0, 2, 16], "texture": "#0"},
				"up": {"uv": [0, 0, 1, 2], "texture": "#0"},
				"down": {"uv": [0, 0, 1, 2], "texture": "#0"}
			}
		},
		{
			"from": [7.8172, -1.87732, 6.6544],
			"to": [8.1828, 29.18124, 9.3456],
			"rotation": {"angle": 0, "axis": "y", "origin": [18.092, -4.76152, 18.092]},
			"faces": {
				"north": {"uv": [0, 0, 1, 16], "texture": "#2"},
				"east": {"uv": [0, 0, 2, 16], "texture": "#2"},
				"south": {"uv": [0, 0, 1, 16], "texture": "#2"},
				"west": {"uv": [0, 0, 2, 16], "texture": "#2"},
				"up": {"uv": [0, 0, 1, 2], "texture": "#2"},
				"down": {"uv": [0, 0, 1, 2], "texture": "#2"}
			}
		},
		{
			"from": [7.5, -4.34403, 8.17933],
			"to": [8.5, -2.09403, 9.17933],
			"rotation": {"angle": 22.5, "axis": "x", "origin": [8, -3.825, 8.775]},
			"faces": {
				"north": {"uv": [0, 0, 1, 2.25], "rotation": 180, "texture": "#0"},
				"east": {"uv": [0, 0, 2.25, 1], "rotation": 90, "texture": "#0"},
				"south": {"uv": [0, 0, 1, 2.25], "texture": "#0"},
				"west": {"uv": [0, 0, 2.25, 1], "rotation": 270, "texture": "#0"},
				"up": {"uv": [0, 0, 1, 1], "texture": "#0"},
				"down": {"uv": [0, 0, 1, 1], "rotation": 180, "texture": "#0"}
			}
		},
		{
			"from": [7.67, -4.64907, 8.20802],
			"to": [8.33, -2.03907, 9.36802],
			"rotation": {"angle": 22.5, "axis": "x", "origin": [8, -4.047, 8.899]},
			"faces": {
				"north": {"uv": [0, 0, 1, 2.25], "rotation": 180, "texture": "#0"},
				"east": {"uv": [0, 0, 2.25, 1], "rotation": 90, "texture": "#0"},
				"south": {"uv": [0, 0, 1, 2.25], "texture": "#0"},
				"west": {"uv": [0, 0, 2.25, 1], "rotation": 270, "texture": "#0"},
				"up": {"uv": [0, 0, 1, 1], "texture": "#0"},
				"down": {"uv": [0, 0, 1, 1], "rotation": 180, "texture": "#0"}
			}
		},
		{
			"from": [7.8172, -4.96793, 8.24131],
			"to": [8.1828, -1.94033, 9.58691],
			"rotation": {"angle": 22.5, "axis": "x", "origin": [8, -4.26952, 9.04284]},
			"faces": {
				"north": {"uv": [0, 0, 1, 2.25], "rotation": 180, "texture": "#2"},
				"east": {"uv": [0, 0, 2.25, 1], "rotation": 90, "texture": "#2"},
				"south": {"uv": [0, 0, 1, 2.25], "texture": "#2"},
				"west": {"uv": [0, 0, 2.25, 1], "rotation": 270, "texture": "#2"},
				"up": {"uv": [0, 0, 1, 1], "texture": "#2"},
				"down": {"uv": [0, 0, 1, 1], "rotation": 180, "texture": "#2"}
			}
		},
		{
			"from": [7.5, 26.17409, 8.81224],
			"to": [8.5, 27.32409, 9.81224],
			"rotation": {"angle": 45, "axis": "x", "origin": [8, 27.325, 9.8]},
			"faces": {
				"north": {"uv": [0, 0, 1, 1.15], "rotation": 180, "texture": "#0"},
				"east": {"uv": [0, 0, 1.15, 1], "rotation": 90, "texture": "#0"},
				"south": {"uv": [0, 0, 1, 1.15], "texture": "#0"},
				"west": {"uv": [0, 0, 1.15, 1], "rotation": 270, "texture": "#0"},
				"up": {"uv": [0, 0, 1, 1], "texture": "#0"},
				"down": {"uv": [0, 0, 1, 1], "rotation": 180, "texture": "#0"}
			}
		},
		{
			"from": [7.67, 25.85195, 8.9422],
			"to": [8.33, 27.18595, 10.1022],
			"rotation": {"angle": 45, "axis": "x", "origin": [8, 27.187, 10.088]},
			"faces": {
				"north": {"uv": [0, 0, 1, 1.15], "rotation": 180, "texture": "#0"},
				"east": {"uv": [0, 0, 1.15, 1], "rotation": 90, "texture": "#0"},
				"south": {"uv": [0, 0, 1, 1.15], "texture": "#0"},
				"west": {"uv": [0, 0, 1.15, 1], "rotation": 270, "texture": "#0"},
				"up": {"uv": [0, 0, 1, 1], "texture": "#0"},
				"down": {"uv": [0, 0, 1, 1], "rotation": 180, "texture": "#0"}
			}
		},
		{
			"from": [7.8172, 25.51326, 9.09295],
			"to": [8.1828, 27.0607, 10.43855],
			"rotation": {"angle": 45, "axis": "x", "origin": [8, 27.06192, 10.42208]},
			"faces": {
				"north": {"uv": [0, 0, 1, 1.15], "rotation": 180, "texture": "#2"},
				"east": {"uv": [0, 0, 1.15, 1], "rotation": 90, "texture": "#2"},
				"south": {"uv": [0, 0, 1, 1.15], "texture": "#2"},
				"west": {"uv": [0, 0, 1.15, 1], "rotation": 270, "texture": "#2"},
				"up": {"uv": [0, 0, 1, 1], "texture": "#2"},
				"down": {"uv": [0, 0, 1, 1], "rotation": 180, "texture": "#2"}
			}
		},
		{
			"from": [7.42422, -3.35313, 7.57813],
			"to": [7.77578, 9.03594, 8.42188],
			"rotation": {"angle": 0, "axis": "y", "origin": [7.6, -3.75, 8]},
			"faces": {
				"north": {"uv": [0, 0, 1.25, 9.25], "texture": "#2"},
				"east": {"uv": [0, 0, 3, 9.25], "texture": "#2"},
				"south": {"uv": [0, 0, 1.25, 9.25], "texture": "#2"},
				"west": {"uv": [0, 0, 3, 9.25], "texture": "#2"},
				"up": {"uv": [0, 0, 1.25, 3], "texture": "#2"},
				"down": {"uv": [0, 0, 1.25, 3], "texture": "#2"}
			}
		},
		{
			"from": [7.17813, -3.35313, 7.82422],
			"to": [8.02188, 9.03594, 8.17578],
			"rotation": {"angle": -45, "axis": "y", "origin": [7.6, -3.75, 8]},
			"faces": {
				"north": {"uv": [0, 0, 3, 9.25], "texture": "#2"},
				"east": {"uv": [0, 0, 1.25, 9.25], "texture": "#2"},
				"south": {"uv": [0, 0, 3, 9.25], "texture": "#2"},
				"west": {"uv": [0, 0, 1.25, 9.25], "texture": "#2"},
				"up": {"uv": [0, 0, 1.25, 3], "rotation": 90, "texture": "#2"},
				"down": {"uv": [0, 0, 1.25, 3], "rotation": 270, "texture": "#2"}
			}
		},
		{
			"from": [7.42422, -3.35313, 7.57813],
			"to": [7.77578, 9.03594, 8.42188],
			"rotation": {"angle": -45, "axis": "y", "origin": [7.6, -3.75, 8]},
			"faces": {
				"north": {"uv": [0, 0, 1.25, 9.25], "texture": "#2"},
				"east": {"uv": [0, 0, 3, 9.25], "texture": "#2"},
				"south": {"uv": [0, 0, 1.25, 9.25], "texture": "#2"},
				"west": {"uv": [0, 0, 3, 9.25], "texture": "#2"},
				"up": {"uv": [0, 0, 1.25, 3], "texture": "#2"},
				"down": {"uv": [0, 0, 1.25, 3], "texture": "#2"}
			}
		},
		{
			"from": [7.17813, -3.35313, 7.82422],
			"to": [8.02188, 9.03594, 8.17578],
			"rotation": {"angle": 0, "axis": "y", "origin": [7.6, -3.75, 8]},
			"faces": {
				"north": {"uv": [0, 0, 3, 9.25], "texture": "#2"},
				"east": {"uv": [0, 0, 1.25, 9.25], "texture": "#2"},
				"south": {"uv": [0, 0, 3, 9.25], "texture": "#2"},
				"west": {"uv": [0, 0, 1.25, 9.25], "texture": "#2"},
				"up": {"uv": [0, 0, 1.25, 3], "rotation": 90, "texture": "#2"},
				"down": {"uv": [0, 0, 1.25, 3], "rotation": 270, "texture": "#2"}
			}
		},
		{
			"from": [7.41279, 8.45185, 7.82422],
			"to": [8.05185, 9.30685, 8.17578],
			"rotation": {"angle": 45, "axis": "z", "origin": [7.625, 8.89141, 8]},
			"faces": {
				"north": {"uv": [0, 0, 3, 9.25], "rotation": 270, "texture": "#2"},
				"east": {"uv": [0, 0, 1.25, 3], "rotation": 180, "texture": "#2"},
				"south": {"uv": [0, 0, 3, 9.25], "rotation": 90, "texture": "#2"},
				"west": {"uv": [0, 0, 1.25, 3], "texture": "#2"},
				"up": {"uv": [0, 0, 1.25, 9.25], "rotation": 90, "texture": "#2"},
				"down": {"uv": [0, 0, 1.25, 9.25], "rotation": 90, "texture": "#2"}
			}
		},
		{
			"from": [7.51279, 8.45185, 8.02422],
			"to": [8.15185, 9.30685, 8.37578],
			"rotation": {"angle": 45, "axis": "z", "origin": [7.725, 8.89141, 8.2]},
			"faces": {
				"north": {"uv": [0, 0, 3, 9.25], "rotation": 270, "texture": "#2"},
				"east": {"uv": [0, 0, 1.25, 3], "rotation": 180, "texture": "#2"},
				"south": {"uv": [0, 0, 3, 9.25], "rotation": 90, "texture": "#2"},
				"west": {"uv": [0, 0, 1.25, 3], "texture": "#2"},
				"up": {"uv": [0, 0, 1.25, 9.25], "rotation": 90, "texture": "#2"},
				"down": {"uv": [0, 0, 1.25, 9.25], "rotation": 90, "texture": "#2"}
			}
		},
		{
			"from": [7.51279, 8.45185, 7.62422],
			"to": [8.15185, 9.30685, 7.97578],
			"rotation": {"angle": 45, "axis": "z", "origin": [7.725, 8.89141, 7.8]},
			"faces": {
				"north": {"uv": [0, 0, 3, 9.25], "rotation": 270, "texture": "#2"},
				"east": {"uv": [0, 0, 1.25, 3], "rotation": 180, "texture": "#2"},
				"south": {"uv": [0, 0, 3, 9.25], "rotation": 90, "texture": "#2"},
				"west": {"uv": [0, 0, 1.25, 3], "texture": "#2"},
				"up": {"uv": [0, 0, 1.25, 9.25], "rotation": 90, "texture": "#2"},
				"down": {"uv": [0, 0, 1.25, 9.25], "rotation": 90, "texture": "#2"}
			}
		},
		{
			"from": [7.94815, 8.45185, 7.82422],
			"to": [8.58721, 9.30685, 8.17578],
			"rotation": {"angle": -45, "axis": "z", "origin": [8.375, 8.89141, 8]},
			"faces": {
				"north": {"uv": [0, 0, 3, 9.25], "rotation": 90, "texture": "#2"},
				"east": {"uv": [0, 0, 1.25, 3], "texture": "#2"},
				"south": {"uv": [0, 0, 3, 9.25], "rotation": 270, "texture": "#2"},
				"west": {"uv": [0, 0, 1.25, 3], "rotation": 180, "texture": "#2"},
				"up": {"uv": [1.25, 9.25, 0, 0], "rotation": 90, "texture": "#2"},
				"down": {"uv": [1.25, 9.25, 0, 0], "rotation": 90, "texture": "#2"}
			}
		},
		{
			"from": [7.84815, 8.45185, 8.02422],
			"to": [8.48721, 9.30685, 8.37578],
			"rotation": {"angle": -45, "axis": "z", "origin": [8.275, 8.89141, 8.2]},
			"faces": {
				"north": {"uv": [0, 0, 3, 9.25], "rotation": 90, "texture": "#2"},
				"east": {"uv": [0, 0, 1.25, 3], "texture": "#2"},
				"south": {"uv": [0, 0, 3, 9.25], "rotation": 270, "texture": "#2"},
				"west": {"uv": [0, 0, 1.25, 3], "rotation": 180, "texture": "#2"},
				"up": {"uv": [1.25, 9.25, 0, 0], "rotation": 90, "texture": "#2"},
				"down": {"uv": [1.25, 9.25, 0, 0], "rotation": 90, "texture": "#2"}
			}
		},
		{
			"from": [7.84815, 8.45185, 7.62422],
			"to": [8.48721, 9.30685, 7.97578],
			"rotation": {"angle": -45, "axis": "z", "origin": [8.275, 8.89141, 7.8]},
			"faces": {
				"north": {"uv": [0, 0, 3, 9.25], "rotation": 90, "texture": "#2"},
				"east": {"uv": [0, 0, 1.25, 3], "texture": "#2"},
				"south": {"uv": [0, 0, 3, 9.25], "rotation": 270, "texture": "#2"},
				"west": {"uv": [0, 0, 1.25, 3], "rotation": 180, "texture": "#2"},
				"up": {"uv": [1.25, 9.25, 0, 0], "rotation": 90, "texture": "#2"},
				"down": {"uv": [1.25, 9.25, 0, 0], "rotation": 90, "texture": "#2"}
			}
		},
		{
			"from": [8.22422, -3.35313, 7.57813],
			"to": [8.57578, 9.03594, 8.42188],
			"rotation": {"angle": 0, "axis": "y", "origin": [8.4, -3.75, 8]},
			"faces": {
				"north": {"uv": [0, 0, 1.25, 9.25], "texture": "#2"},
				"east": {"uv": [0, 0, 3, 9.25], "texture": "#2"},
				"south": {"uv": [0, 0, 1.25, 9.25], "texture": "#2"},
				"west": {"uv": [0, 0, 3, 9.25], "texture": "#2"},
				"up": {"uv": [0, 0, 1.25, 3], "texture": "#2"},
				"down": {"uv": [0, 0, 1.25, 3], "texture": "#2"}
			}
		},
		{
			"from": [7.97813, -3.35313, 7.82422],
			"to": [8.82188, 9.03594, 8.17578],
			"rotation": {"angle": -45, "axis": "y", "origin": [8.4, -3.75, 8]},
			"faces": {
				"north": {"uv": [0, 0, 3, 9.25], "texture": "#2"},
				"east": {"uv": [0, 0, 1.25, 9.25], "texture": "#2"},
				"south": {"uv": [0, 0, 3, 9.25], "texture": "#2"},
				"west": {"uv": [0, 0, 1.25, 9.25], "texture": "#2"},
				"up": {"uv": [0, 0, 1.25, 3], "rotation": 90, "texture": "#2"},
				"down": {"uv": [0, 0, 1.25, 3], "rotation": 270, "texture": "#2"}
			}
		},
		{
			"from": [8.22422, -3.35313, 7.57813],
			"to": [8.57578, 9.03594, 8.42188],
			"rotation": {"angle": -45, "axis": "y", "origin": [8.4, -3.75, 8]},
			"faces": {
				"north": {"uv": [0, 0, 1.25, 9.25], "texture": "#2"},
				"east": {"uv": [0, 0, 3, 9.25], "texture": "#2"},
				"south": {"uv": [0, 0, 1.25, 9.25], "texture": "#2"},
				"west": {"uv": [0, 0, 3, 9.25], "texture": "#2"},
				"up": {"uv": [0, 0, 1.25, 3], "texture": "#2"},
				"down": {"uv": [0, 0, 1.25, 3], "texture": "#2"}
			}
		},
		{
			"from": [7.97813, -3.35313, 7.82422],
			"to": [8.82188, 9.03594, 8.17578],
			"rotation": {"angle": 0, "axis": "y", "origin": [8.4, -3.75, 8]},
			"faces": {
				"north": {"uv": [0, 0, 3, 9.25], "texture": "#2"},
				"east": {"uv": [0, 0, 1.25, 9.25], "texture": "#2"},
				"south": {"uv": [0, 0, 3, 9.25], "texture": "#2"},
				"west": {"uv": [0, 0, 1.25, 9.25], "texture": "#2"},
				"up": {"uv": [0, 0, 1.25, 3], "rotation": 90, "texture": "#2"},
				"down": {"uv": [0, 0, 1.25, 3], "rotation": 270, "texture": "#2"}
			}
		},
		{
			"from": [7.67, -6.05582, 10.02378],
			"to": [8.33, -4.60582, 12.11178],
			"rotation": {"angle": -22.5, "axis": "x", "origin": [8, -4.60582, 10.60378]},
			"faces": {
				"north": {"uv": [0, 0, 1, 1.25], "rotation": 180, "texture": "#0"},
				"east": {"uv": [0, 0, 1.25, 1.8], "rotation": 270, "texture": "#0"},
				"south": {"uv": [0, 0, 1, 1.25], "texture": "#0"},
				"west": {"uv": [0, 0, 1.25, 1.8], "rotation": 90, "texture": "#0"},
				"up": {"uv": [0, 0, 1, 1.8], "rotation": 180, "texture": "#0"},
				"down": {"uv": [0, 0, 1, 1.8], "texture": "#0"}
			}
		},
		{
			"from": [7.67, -6.05582, 3.88822],
			"to": [8.33, -4.60582, 5.97622],
			"rotation": {"angle": 22.5, "axis": "x", "origin": [8, -4.60582, 5.39622]},
			"faces": {
				"north": {"uv": [1, 0, 0, 1.25], "texture": "#0"},
				"east": {"uv": [0, 1.8, 1.25, 0], "rotation": 270, "texture": "#0"},
				"south": {"uv": [1, 0, 0, 1.25], "rotation": 180, "texture": "#0"},
				"west": {"uv": [0, 1.8, 1.25, 0], "rotation": 90, "texture": "#0"},
				"up": {"uv": [0, 1.8, 1, 0], "rotation": 180, "texture": "#0"},
				"down": {"uv": [0, 1.8, 1, 0], "texture": "#0"}
			}
		},
		{
			"from": [7.67, -5.01182, 10.02378],
			"to": [8.33, -3.56182, 12.11178],
			"rotation": {"angle": 22.5, "axis": "x", "origin": [8, -5.01182, 10.60378]},
			"faces": {
				"north": {"uv": [0, 1, 1, 2.25], "rotation": 180, "texture": "#0"},
				"east": {"uv": [1, 0, 2.25, 1.8], "rotation": 270, "texture": "#0"},
				"south": {"uv": [0, 1, 1, 2.25], "texture": "#0"},
				"west": {"uv": [1, 0, 2.25, 1.8], "rotation": 90, "texture": "#0"},
				"up": {"uv": [0, 1, 1, 2.8], "texture": "#0"},
				"down": {"uv": [0, 1, 1, 2.8], "rotation": 180, "texture": "#0"}
			}
		},
		{
			"from": [7.67, -5.01182, 3.88822],
			"to": [8.33, -3.56182, 5.97622],
			"rotation": {"angle": -22.5, "axis": "x", "origin": [8, -5.01182, 5.39622]},
			"faces": {
				"north": {"uv": [1, 1, 0, 2.25], "texture": "#0"},
				"east": {"uv": [1, 1.8, 2.25, 0], "rotation": 270, "texture": "#0"},
				"south": {"uv": [1, 1, 0, 2.25], "rotation": 180, "texture": "#0"},
				"west": {"uv": [1, 1.8, 2.25, 0], "rotation": 90, "texture": "#0"},
				"up": {"uv": [0, 2.8, 1, 1], "texture": "#0"},
				"down": {"uv": [0, 2.8, 1, 1], "rotation": 180, "texture": "#0"}
			}
		},
		{
			"from": [7.67, -4.17082, 12.11178],
			"to": [8.33, -3.56182, 12.95278],
			"rotation": {"angle": 22.5, "axis": "x", "origin": [8, -5.01182, 10.60378]},
			"faces": {
				"north": {"uv": [0, 1, 1, 1.525], "rotation": 180, "texture": "#0"},
				"east": {"uv": [1, 0, 1.525, 0.725], "rotation": 270, "texture": "#0"},
				"south": {"uv": [0, 1, 1, 1.525], "texture": "#0"},
				"west": {"uv": [1, 0, 1.525, 0.725], "rotation": 90, "texture": "#0"},
				"up": {"uv": [0, 1, 1, 1.725], "texture": "#0"},
				"down": {"uv": [0, 1, 1, 1.725], "rotation": 180, "texture": "#0"}
			}
		},
		{
			"from": [7.67, -4.17082, 3.04722],
			"to": [8.33, -3.56182, 3.88822],
			"rotation": {"angle": -22.5, "axis": "x", "origin": [8, -5.01182, 5.39622]},
			"faces": {
				"north": {"uv": [1, 1, 0, 1.525], "texture": "#0"},
				"east": {"uv": [1, 0.725, 1.525, 0], "rotation": 270, "texture": "#0"},
				"south": {"uv": [1, 1, 0, 1.525], "rotation": 180, "texture": "#0"},
				"west": {"uv": [1, 0.725, 1.525, 0], "rotation": 90, "texture": "#0"},
				"up": {"uv": [0, 1.725, 1, 1], "texture": "#0"},
				"down": {"uv": [0, 1.725, 1, 1], "rotation": 180, "texture": "#0"}
			}
		},
		{
			"from": [7.67, -6.05582, 12.11178],
			"to": [8.33, -5.44682, 12.95278],
			"rotation": {"angle": -22.5, "axis": "x", "origin": [8, -4.60582, 10.60378]},
			"faces": {
				"north": {"uv": [0, 0, 1, 0.525], "rotation": 180, "texture": "#0"},
				"east": {"uv": [0, 0, 0.525, 0.725], "rotation": 270, "texture": "#0"},
				"south": {"uv": [0, 0, 1, 0.525], "texture": "#0"},
				"west": {"uv": [0, 0, 0.525, 0.725], "rotation": 90, "texture": "#0"},
				"up": {"uv": [0, 0, 1, 0.725], "rotation": 180, "texture": "#0"},
				"down": {"uv": [0, 0, 1, 0.725], "texture": "#0"}
			}
		},
		{
			"from": [7.67, -6.05582, 3.04722],
			"to": [8.33, -5.44682, 3.88822],
			"rotation": {"angle": 22.5, "axis": "x", "origin": [8, -4.60582, 5.39622]},
			"faces": {
				"north": {"uv": [1, 0, 0, 0.525], "texture": "#0"},
				"east": {"uv": [0, 0.725, 0.525, 0], "rotation": 270, "texture": "#0"},
				"south": {"uv": [1, 0, 0, 0.525], "rotation": 180, "texture": "#0"},
				"west": {"uv": [0, 0.725, 0.525, 0], "rotation": 90, "texture": "#0"},
				"up": {"uv": [0, 0.725, 1, 0], "rotation": 180, "texture": "#0"},
				"down": {"uv": [0, 0.725, 1, 0], "texture": "#0"}
			}
		},
		{
			"from": [7.67, -5.37562, 13.09935],
			"to": [8.33, -5.02762, 13.42995],
			"rotation": {"angle": -45, "axis": "x", "origin": [8, -4.92612, 12.82385]},
			"faces": {
				"north": {"uv": [0, 0, 1, 0.3], "rotation": 180, "texture": "#0"},
				"east": {"uv": [0, 0, 0.3, 0.285], "rotation": 270, "texture": "#0"},
				"south": {"uv": [0, 0, 1, 0.3], "texture": "#0"},
				"west": {"uv": [0, 0, 0.3, 0.285], "rotation": 90, "texture": "#0"},
				"up": {"uv": [0, 0, 1, 0.285], "rotation": 180, "texture": "#0"},
				"down": {"uv": [0, 0, 1, 0.285], "texture": "#0"}
			}
		},
		{
			"from": [7.67, -5.37562, 2.57005],
			"to": [8.33, -5.02762, 2.90065],
			"rotation": {"angle": 45, "axis": "x", "origin": [8, -4.92612, 3.17615]},
			"faces": {
				"north": {"uv": [1, 0, 0, 0.3], "texture": "#0"},
				"east": {"uv": [0, 0.285, 0.3, 0], "rotation": 270, "texture": "#0"},
				"south": {"uv": [1, 0, 0, 0.3], "rotation": 180, "texture": "#0"},
				"west": {"uv": [0, 0.285, 0.3, 0], "rotation": 90, "texture": "#0"},
				"up": {"uv": [0, 0.285, 1, 0], "rotation": 180, "texture": "#0"},
				"down": {"uv": [0, 0.285, 1, 0], "texture": "#0"}
			}
		},
		{
			"from": [7.8172, -6.23657, 9.76137],
			"to": [8.1828, -4.55457, 12.18345],
			"rotation": {"angle": -22.5, "axis": "x", "origin": [8, -4.55457, 10.43417]},
			"faces": {
				"north": {"uv": [0, 0, 1, 1.25], "rotation": 180, "texture": "#2"},
				"east": {"uv": [0, 0, 1.25, 1.8], "rotation": 270, "texture": "#2"},
				"south": {"uv": [0, 0, 1, 1.25], "texture": "#2"},
				"west": {"uv": [0, 0, 1.25, 1.8], "rotation": 90, "texture": "#2"},
				"up": {"uv": [0, 0, 1, 1.8], "rotation": 180, "texture": "#2"},
				"down": {"uv": [0, 0, 1, 1.8], "texture": "#2"}
			}
		},
		{
			"from": [7.8172, -6.23657, 3.81655],
			"to": [8.1828, -4.55457, 6.23863],
			"rotation": {"angle": 22.5, "axis": "x", "origin": [8, -4.55457, 5.56583]},
			"faces": {
				"north": {"uv": [1, 0, 0, 1.25], "texture": "#2"},
				"east": {"uv": [0, 1.8, 1.25, 0], "rotation": 270, "texture": "#2"},
				"south": {"uv": [1, 0, 0, 1.25], "rotation": 180, "texture": "#2"},
				"west": {"uv": [0, 1.8, 1.25, 0], "rotation": 90, "texture": "#2"},
				"up": {"uv": [0, 1.8, 1, 0], "rotation": 180, "texture": "#2"},
				"down": {"uv": [0, 1.8, 1, 0], "texture": "#2"}
			}
		},
		{
			"from": [7.8172, -5.02553, 9.76137],
			"to": [8.1828, -3.34353, 12.18345],
			"rotation": {"angle": 22.5, "axis": "x", "origin": [8, -5.02553, 10.43417]},
			"faces": {
				"north": {"uv": [0, 1, 1, 2.25], "rotation": 180, "texture": "#2"},
				"east": {"uv": [1, 0, 2.25, 1.8], "rotation": 270, "texture": "#2"},
				"south": {"uv": [0, 1, 1, 2.25], "texture": "#2"},
				"west": {"uv": [1, 0, 2.25, 1.8], "rotation": 90, "texture": "#2"},
				"up": {"uv": [0, 1, 1, 2.8], "texture": "#2"},
				"down": {"uv": [0, 1, 1, 2.8], "rotation": 180, "texture": "#2"}
			}
		},
		{
			"from": [7.8172, -5.02553, 3.81655],
			"to": [8.1828, -3.34353, 6.23863],
			"rotation": {"angle": -22.5, "axis": "x", "origin": [8, -5.02553, 5.56583]},
			"faces": {
				"north": {"uv": [1, 1, 0, 2.25], "texture": "#2"},
				"east": {"uv": [1, 1.8, 2.25, 0], "rotation": 270, "texture": "#2"},
				"south": {"uv": [1, 1, 0, 2.25], "rotation": 180, "texture": "#2"},
				"west": {"uv": [1, 1.8, 2.25, 0], "rotation": 90, "texture": "#2"},
				"up": {"uv": [0, 2.8, 1, 1], "texture": "#2"},
				"down": {"uv": [0, 2.8, 1, 1], "rotation": 180, "texture": "#2"}
			}
		},
		{
			"from": [7.8172, -4.04997, 12.18345],
			"to": [8.1828, -3.34353, 13.15901],
			"rotation": {"angle": 22.5, "axis": "x", "origin": [8, -5.02553, 10.43417]},
			"faces": {
				"north": {"uv": [0, 1, 1, 1.525], "rotation": 180, "texture": "#2"},
				"east": {"uv": [1, 0, 1.525, 0.725], "rotation": 270, "texture": "#2"},
				"south": {"uv": [0, 1, 1, 1.525], "texture": "#2"},
				"west": {"uv": [1, 0, 1.525, 0.725], "rotation": 90, "texture": "#2"},
				"up": {"uv": [0, 1, 1, 1.725], "texture": "#2"},
				"down": {"uv": [0, 1, 1, 1.725], "rotation": 180, "texture": "#2"}
			}
		},
		{
			"from": [7.8172, -4.04997, 2.84099],
			"to": [8.1828, -3.34353, 3.81655],
			"rotation": {"angle": -22.5, "axis": "x", "origin": [8, -5.02553, 5.56583]},
			"faces": {
				"north": {"uv": [1, 1, 0, 1.525], "texture": "#2"},
				"east": {"uv": [1, 0.725, 1.525, 0], "rotation": 270, "texture": "#2"},
				"south": {"uv": [1, 1, 0, 1.525], "rotation": 180, "texture": "#2"},
				"west": {"uv": [1, 0.725, 1.525, 0], "rotation": 90, "texture": "#2"},
				"up": {"uv": [0, 1.725, 1, 1], "texture": "#2"},
				"down": {"uv": [0, 1.725, 1, 1], "rotation": 180, "texture": "#2"}
			}
		},
		{
			"from": [7.8172, -6.23657, 12.18345],
			"to": [8.1828, -5.53013, 13.15901],
			"rotation": {"angle": -22.5, "axis": "x", "origin": [8, -4.55457, 10.43417]},
			"faces": {
				"north": {"uv": [0, 0, 1, 0.525], "rotation": 180, "texture": "#2"},
				"east": {"uv": [0, 0, 0.525, 0.725], "rotation": 270, "texture": "#2"},
				"south": {"uv": [0, 0, 1, 0.525], "texture": "#2"},
				"west": {"uv": [0, 0, 0.525, 0.725], "rotation": 90, "texture": "#2"},
				"up": {"uv": [0, 0, 1, 0.725], "rotation": 180, "texture": "#2"},
				"down": {"uv": [0, 0, 1, 0.725], "texture": "#2"}
			}
		},
		{
			"from": [7.8172, -6.23657, 2.84099],
			"to": [8.1828, -5.53013, 3.81655],
			"rotation": {"angle": 22.5, "axis": "x", "origin": [8, -4.55457, 5.56583]},
			"faces": {
				"north": {"uv": [1, 0, 0, 0.525], "texture": "#2"},
				"east": {"uv": [0, 0.725, 0.525, 0], "rotation": 270, "texture": "#2"},
				"south": {"uv": [1, 0, 0, 0.525], "rotation": 180, "texture": "#2"},
				"west": {"uv": [0, 0.725, 0.525, 0], "rotation": 90, "texture": "#2"},
				"up": {"uv": [0, 0.725, 1, 0], "rotation": 180, "texture": "#2"},
				"down": {"uv": [0, 0.725, 1, 0], "texture": "#2"}
			}
		},
		{
			"from": [7.8172, -5.44754, 13.32903],
			"to": [8.1828, -5.04386, 13.71253],
			"rotation": {"angle": -45, "axis": "x", "origin": [8, -4.92612, 13.00945]},
			"faces": {
				"north": {"uv": [0, 0, 1, 0.3], "rotation": 180, "texture": "#2"},
				"east": {"uv": [0, 0, 0.3, 0.285], "rotation": 270, "texture": "#2"},
				"south": {"uv": [0, 0, 1, 0.3], "texture": "#2"},
				"west": {"uv": [0, 0, 0.3, 0.285], "rotation": 90, "texture": "#2"},
				"up": {"uv": [0, 0, 1, 0.285], "rotation": 180, "texture": "#2"},
				"down": {"uv": [0, 0, 1, 0.285], "texture": "#2"}
			}
		},
		{
			"from": [7.8172, -5.44754, 2.28747],
			"to": [8.1828, -5.04386, 2.67097],
			"rotation": {"angle": 45, "axis": "x", "origin": [8, -4.92612, 2.99055]},
			"faces": {
				"north": {"uv": [1, 0, 0, 0.3], "texture": "#2"},
				"east": {"uv": [0, 0.285, 0.3, 0], "rotation": 270, "texture": "#2"},
				"south": {"uv": [1, 0, 0, 0.3], "rotation": 180, "texture": "#2"},
				"west": {"uv": [0, 0.285, 0.3, 0], "rotation": 90, "texture": "#2"},
				"up": {"uv": [0, 0.285, 1, 0], "rotation": 180, "texture": "#2"},
				"down": {"uv": [0, 0.285, 1, 0], "texture": "#2"}
			}
		},
		{
			"from": [7.3, -5.31567, 11.59831],
			"to": [7.7, -4.81567, 12.31831],
			"rotation": {"angle": -22.5, "axis": "x", "origin": [7.5, -4.81567, 11.79831]},
			"faces": {
				"north": {"uv": [0, 0, 1, 1.25], "rotation": 180, "texture": "#2"},
				"east": {"uv": [0, 0, 1.25, 1.8], "rotation": 270, "texture": "#2"},
				"south": {"uv": [0, 0, 1, 1.25], "texture": "#2"},
				"west": {"uv": [0, 0, 1.25, 1.8], "rotation": 90, "texture": "#2"},
				"up": {"uv": [0, 0, 1, 1.8], "rotation": 180, "texture": "#2"},
				"down": {"uv": [0, 0, 1, 1.8], "texture": "#2"}
			}
		},
		{
			"from": [8.3, -5.31567, 11.59831],
			"to": [8.7, -4.81567, 12.31831],
			"rotation": {"angle": -22.5, "axis": "x", "origin": [8.5, -4.81567, 11.79831]},
			"faces": {
				"north": {"uv": [0, 0, 1, 1.25], "rotation": 180, "texture": "#2"},
				"east": {"uv": [0, 0, 1.25, 1.8], "rotation": 270, "texture": "#2"},
				"south": {"uv": [0, 0, 1, 1.25], "texture": "#2"},
				"west": {"uv": [0, 0, 1.25, 1.8], "rotation": 90, "texture": "#2"},
				"up": {"uv": [0, 0, 1, 1.8], "rotation": 180, "texture": "#2"},
				"down": {"uv": [0, 0, 1, 1.8], "texture": "#2"}
			}
		},
		{
			"from": [8.3, -5.31567, 3.68169],
			"to": [8.7, -4.81567, 4.40169],
			"rotation": {"angle": 22.5, "axis": "x", "origin": [8.5, -4.81567, 4.20169]},
			"faces": {
				"north": {"uv": [1, 0, 0, 1.25], "texture": "#2"},
				"east": {"uv": [0, 1.8, 1.25, 0], "rotation": 270, "texture": "#2"},
				"south": {"uv": [1, 0, 0, 1.25], "rotation": 180, "texture": "#2"},
				"west": {"uv": [0, 1.8, 1.25, 0], "rotation": 90, "texture": "#2"},
				"up": {"uv": [0, 1.8, 1, 0], "rotation": 180, "texture": "#2"},
				"down": {"uv": [0, 1.8, 1, 0], "texture": "#2"}
			}
		},
		{
			"from": [7.3, -5.31567, 3.68169],
			"to": [7.7, -4.81567, 4.40169],
			"rotation": {"angle": 22.5, "axis": "x", "origin": [7.5, -4.81567, 4.20169]},
			"faces": {
				"north": {"uv": [1, 0, 0, 1.25], "texture": "#2"},
				"east": {"uv": [0, 1.8, 1.25, 0], "rotation": 270, "texture": "#2"},
				"south": {"uv": [1, 0, 0, 1.25], "rotation": 180, "texture": "#2"},
				"west": {"uv": [0, 1.8, 1.25, 0], "rotation": 90, "texture": "#2"},
				"up": {"uv": [0, 1.8, 1, 0], "rotation": 180, "texture": "#2"},
				"down": {"uv": [0, 1.8, 1, 0], "texture": "#2"}
			}
		},
		{
			"from": [7.3, -4.95567, 11.59831],
			"to": [7.7, -4.45567, 12.31831],
			"rotation": {"angle": 22.5, "axis": "x", "origin": [7.5, -4.95567, 11.79831]},
			"faces": {
				"north": {"uv": [0, 1, 1, 2.25], "rotation": 180, "texture": "#2"},
				"east": {"uv": [1, 0, 2.25, 1.8], "rotation": 270, "texture": "#2"},
				"south": {"uv": [0, 1, 1, 2.25], "texture": "#2"},
				"west": {"uv": [1, 0, 2.25, 1.8], "rotation": 90, "texture": "#2"},
				"up": {"uv": [0, 1, 1, 2.8], "texture": "#2"},
				"down": {"uv": [0, 1, 1, 2.8], "rotation": 180, "texture": "#2"}
			}
		},
		{
			"from": [8.3, -4.95567, 11.59831],
			"to": [8.7, -4.45567, 12.31831],
			"rotation": {"angle": 22.5, "axis": "x", "origin": [8.5, -4.95567, 11.79831]},
			"faces": {
				"north": {"uv": [0, 1, 1, 2.25], "rotation": 180, "texture": "#2"},
				"east": {"uv": [1, 0, 2.25, 1.8], "rotation": 270, "texture": "#2"},
				"south": {"uv": [0, 1, 1, 2.25], "texture": "#2"},
				"west": {"uv": [1, 0, 2.25, 1.8], "rotation": 90, "texture": "#2"},
				"up": {"uv": [0, 1, 1, 2.8], "texture": "#2"},
				"down": {"uv": [0, 1, 1, 2.8], "rotation": 180, "texture": "#2"}
			}
		},
		{
			"from": [8.3, -4.95567, 3.68169],
			"to": [8.7, -4.45567, 4.40169],
			"rotation": {"angle": -22.5, "axis": "x", "origin": [8.5, -4.95567, 4.20169]},
			"faces": {
				"north": {"uv": [1, 1, 0, 2.25], "texture": "#2"},
				"east": {"uv": [1, 1.8, 2.25, 0], "rotation": 270, "texture": "#2"},
				"south": {"uv": [1, 1, 0, 2.25], "rotation": 180, "texture": "#2"},
				"west": {"uv": [1, 1.8, 2.25, 0], "rotation": 90, "texture": "#2"},
				"up": {"uv": [0, 2.8, 1, 1], "texture": "#2"},
				"down": {"uv": [0, 2.8, 1, 1], "rotation": 180, "texture": "#2"}
			}
		},
		{
			"from": [7.3, -4.95567, 3.68169],
			"to": [7.7, -4.45567, 4.40169],
			"rotation": {"angle": -22.5, "axis": "x", "origin": [7.5, -4.95567, 4.20169]},
			"faces": {
				"north": {"uv": [1, 1, 0, 2.25], "texture": "#2"},
				"east": {"uv": [1, 1.8, 2.25, 0], "rotation": 270, "texture": "#2"},
				"south": {"uv": [1, 1, 0, 2.25], "rotation": 180, "texture": "#2"},
				"west": {"uv": [1, 1.8, 2.25, 0], "rotation": 90, "texture": "#2"},
				"up": {"uv": [0, 2.8, 1, 1], "texture": "#2"},
				"down": {"uv": [0, 2.8, 1, 1], "rotation": 180, "texture": "#2"}
			}
		},
		{
			"from": [7.3, -4.66567, 12.31831],
			"to": [7.7, -4.45567, 12.60831],
			"rotation": {"angle": 22.5, "axis": "x", "origin": [7.5, -4.95567, 11.79831]},
			"faces": {
				"north": {"uv": [0, 1, 1, 1.525], "rotation": 180, "texture": "#2"},
				"east": {"uv": [1, 0, 1.525, 0.725], "rotation": 270, "texture": "#2"},
				"south": {"uv": [0, 1, 1, 1.525], "texture": "#2"},
				"west": {"uv": [1, 0, 1.525, 0.725], "rotation": 90, "texture": "#2"},
				"up": {"uv": [0, 1, 1, 1.725], "texture": "#2"},
				"down": {"uv": [0, 1, 1, 1.725], "rotation": 180, "texture": "#2"}
			}
		},
		{
			"from": [8.3, -4.66567, 12.31831],
			"to": [8.7, -4.45567, 12.60831],
			"rotation": {"angle": 22.5, "axis": "x", "origin": [8.5, -4.95567, 11.79831]},
			"faces": {
				"north": {"uv": [0, 1, 1, 1.525], "rotation": 180, "texture": "#2"},
				"east": {"uv": [1, 0, 1.525, 0.725], "rotation": 270, "texture": "#2"},
				"south": {"uv": [0, 1, 1, 1.525], "texture": "#2"},
				"west": {"uv": [1, 0, 1.525, 0.725], "rotation": 90, "texture": "#2"},
				"up": {"uv": [0, 1, 1, 1.725], "texture": "#2"},
				"down": {"uv": [0, 1, 1, 1.725], "rotation": 180, "texture": "#2"}
			}
		},
		{
			"from": [8.3, -4.66567, 3.39169],
			"to": [8.7, -4.45567, 3.68169],
			"rotation": {"angle": -22.5, "axis": "x", "origin": [8.5, -4.95567, 4.20169]},
			"faces": {
				"north": {"uv": [1, 1, 0, 1.525], "texture": "#2"},
				"east": {"uv": [1, 0.725, 1.525, 0], "rotation": 270, "texture": "#2"},
				"south": {"uv": [1, 1, 0, 1.525], "rotation": 180, "texture": "#2"},
				"west": {"uv": [1, 0.725, 1.525, 0], "rotation": 90, "texture": "#2"},
				"up": {"uv": [0, 1.725, 1, 1], "texture": "#2"},
				"down": {"uv": [0, 1.725, 1, 1], "rotation": 180, "texture": "#2"}
			}
		},
		{
			"from": [7.3, -4.66567, 3.39169],
			"to": [7.7, -4.45567, 3.68169],
			"rotation": {"angle": -22.5, "axis": "x", "origin": [7.5, -4.95567, 4.20169]},
			"faces": {
				"north": {"uv": [1, 1, 0, 1.525], "texture": "#2"},
				"east": {"uv": [1, 0.725, 1.525, 0], "rotation": 270, "texture": "#2"},
				"south": {"uv": [1, 1, 0, 1.525], "rotation": 180, "texture": "#2"},
				"west": {"uv": [1, 0.725, 1.525, 0], "rotation": 90, "texture": "#2"},
				"up": {"uv": [0, 1.725, 1, 1], "texture": "#2"},
				"down": {"uv": [0, 1.725, 1, 1], "rotation": 180, "texture": "#2"}
			}
		},
		{
			"from": [7.3, -5.31567, 12.31831],
			"to": [7.7, -5.10567, 12.60831],
			"rotation": {"angle": -22.5, "axis": "x", "origin": [7.5, -4.81567, 11.79831]},
			"faces": {
				"north": {"uv": [0, 0, 1, 0.525], "rotation": 180, "texture": "#2"},
				"east": {"uv": [0, 0, 0.525, 0.725], "rotation": 270, "texture": "#2"},
				"south": {"uv": [0, 0, 1, 0.525], "texture": "#2"},
				"west": {"uv": [0, 0, 0.525, 0.725], "rotation": 90, "texture": "#2"},
				"up": {"uv": [0, 0, 1, 0.725], "rotation": 180, "texture": "#2"},
				"down": {"uv": [0, 0, 1, 0.725], "texture": "#2"}
			}
		},
		{
			"from": [8.3, -5.31567, 12.31831],
			"to": [8.7, -5.10567, 12.60831],
			"rotation": {"angle": -22.5, "axis": "x", "origin": [8.5, -4.81567, 11.79831]},
			"faces": {
				"north": {"uv": [0, 0, 1, 0.525], "rotation": 180, "texture": "#2"},
				"east": {"uv": [0, 0, 0.525, 0.725], "rotation": 270, "texture": "#2"},
				"south": {"uv": [0, 0, 1, 0.525], "texture": "#2"},
				"west": {"uv": [0, 0, 0.525, 0.725], "rotation": 90, "texture": "#2"},
				"up": {"uv": [0, 0, 1, 0.725], "rotation": 180, "texture": "#2"},
				"down": {"uv": [0, 0, 1, 0.725], "texture": "#2"}
			}
		},
		{
			"from": [8.3, -5.31567, 3.39169],
			"to": [8.7, -5.10567, 3.68169],
			"rotation": {"angle": 22.5, "axis": "x", "origin": [8.5, -4.81567, 4.20169]},
			"faces": {
				"north": {"uv": [1, 0, 0, 0.525], "texture": "#2"},
				"east": {"uv": [0, 0.725, 0.525, 0], "rotation": 270, "texture": "#2"},
				"south": {"uv": [1, 0, 0, 0.525], "rotation": 180, "texture": "#2"},
				"west": {"uv": [0, 0.725, 0.525, 0], "rotation": 90, "texture": "#2"},
				"up": {"uv": [0, 0.725, 1, 0], "rotation": 180, "texture": "#2"},
				"down": {"uv": [0, 0.725, 1, 0], "texture": "#2"}
			}
		},
		{
			"from": [7.3, -5.31567, 3.39169],
			"to": [7.7, -5.10567, 3.68169],
			"rotation": {"angle": 22.5, "axis": "x", "origin": [7.5, -4.81567, 4.20169]},
			"faces": {
				"north": {"uv": [1, 0, 0, 0.525], "texture": "#2"},
				"east": {"uv": [0, 0.725, 0.525, 0], "rotation": 270, "texture": "#2"},
				"south": {"uv": [1, 0, 0, 0.525], "rotation": 180, "texture": "#2"},
				"west": {"uv": [0, 0.725, 0.525, 0], "rotation": 90, "texture": "#2"},
				"up": {"uv": [0, 0.725, 1, 0], "rotation": 180, "texture": "#2"},
				"down": {"uv": [0, 0.725, 1, 0], "texture": "#2"}
			}
		},
		{
			"from": [7.3, -5.08112, 12.65885],
			"to": [7.7, -4.96112, 12.77285],
			"rotation": {"angle": -45, "axis": "x", "origin": [7.5, -4.92612, 12.56385]},
			"faces": {
				"north": {"uv": [0, 0, 1, 0.3], "rotation": 180, "texture": "#2"},
				"east": {"uv": [0, 0, 0.3, 0.285], "rotation": 270, "texture": "#2"},
				"south": {"uv": [0, 0, 1, 0.3], "texture": "#2"},
				"west": {"uv": [0, 0, 0.3, 0.285], "rotation": 90, "texture": "#2"},
				"up": {"uv": [0, 0, 1, 0.285], "rotation": 180, "texture": "#2"},
				"down": {"uv": [0, 0, 1, 0.285], "texture": "#2"}
			}
		},
		{
			"from": [8.3, -5.08112, 12.65885],
			"to": [8.7, -4.96112, 12.77285],
			"rotation": {"angle": -45, "axis": "x", "origin": [8.5, -4.92612, 12.56385]},
			"faces": {
				"north": {"uv": [0, 0, 1, 0.3], "rotation": 180, "texture": "#2"},
				"east": {"uv": [0, 0, 0.3, 0.285], "rotation": 270, "texture": "#2"},
				"south": {"uv": [0, 0, 1, 0.3], "texture": "#2"},
				"west": {"uv": [0, 0, 0.3, 0.285], "rotation": 90, "texture": "#2"},
				"up": {"uv": [0, 0, 1, 0.285], "rotation": 180, "texture": "#2"},
				"down": {"uv": [0, 0, 1, 0.285], "texture": "#2"}
			}
		},
		{
			"from": [8.3, -5.08112, 3.22715],
			"to": [8.7, -4.96112, 3.34115],
			"rotation": {"angle": 45, "axis": "x", "origin": [8.5, -4.92612, 3.43615]},
			"faces": {
				"north": {"uv": [1, 0, 0, 0.3], "texture": "#2"},
				"east": {"uv": [0, 0.285, 0.3, 0], "rotation": 270, "texture": "#2"},
				"south": {"uv": [1, 0, 0, 0.3], "rotation": 180, "texture": "#2"},
				"west": {"uv": [0, 0.285, 0.3, 0], "rotation": 90, "texture": "#2"},
				"up": {"uv": [0, 0.285, 1, 0], "rotation": 180, "texture": "#2"},
				"down": {"uv": [0, 0.285, 1, 0], "texture": "#2"}
			}
		},
		{
			"from": [7.3, -5.08112, 3.22715],
			"to": [7.7, -4.96112, 3.34115],
			"rotation": {"angle": 45, "axis": "x", "origin": [7.5, -4.92612, 3.43615]},
			"faces": {
				"north": {"uv": [1, 0, 0, 0.3], "texture": "#2"},
				"east": {"uv": [0, 0.285, 0.3, 0], "rotation": 270, "texture": "#2"},
				"south": {"uv": [1, 0, 0, 0.3], "rotation": 180, "texture": "#2"},
				"west": {"uv": [0, 0.285, 0.3, 0], "rotation": 90, "texture": "#2"},
				"up": {"uv": [0, 0.285, 1, 0], "rotation": 180, "texture": "#2"},
				"down": {"uv": [0, 0.285, 1, 0], "texture": "#2"}
			}
		},
		{
			"from": [7.57602, -15.01418, 6.98244],
			"to": [8.42398, -13.99072, 9.01757],
			"rotation": {"angle": 0, "axis": "y", "origin": [8, -14.675, 8]},
			"faces": {
				"north": {"uv": [0, 0, 0.84796, 1.02346], "texture": "#2"},
				"east": {"uv": [0, 0, 2.03512, 1.02346], "texture": "#2"},
				"south": {"uv": [0, 0, 0.84796, 1.02346], "texture": "#2"},
				"west": {"uv": [0, 0, 2.03512, 1.02346], "texture": "#2"},
				"up": {"uv": [0, 0, 0.84796, 2.03512], "texture": "#2"},
				"down": {"uv": [0, 0, 0.84796, 2.03512], "texture": "#2"}
			}
		},
		{
			"from": [6.98244, -15.01418, 7.57602],
			"to": [9.01757, -13.99072, 8.42398],
			"rotation": {"angle": -45, "axis": "y", "origin": [8, -14.675, 8]},
			"faces": {
				"north": {"uv": [0, 0, 2.03512, 1.02346], "texture": "#2"},
				"east": {"uv": [0, 0, 0.84796, 1.02346], "texture": "#2"},
				"south": {"uv": [0, 0, 2.03512, 1.02346], "texture": "#2"},
				"west": {"uv": [0, 0, 0.84796, 1.02346], "texture": "#2"},
				"up": {"uv": [0, 0, 0.84796, 2.03512], "rotation": 90, "texture": "#2"},
				"down": {"uv": [0, 0, 0.84796, 2.03512], "rotation": 270, "texture": "#2"}
			}
		},
		{
			"from": [7.57602, -15.01418, 6.98244],
			"to": [8.42398, -13.99072, 9.01757],
			"rotation": {"angle": -45, "axis": "y", "origin": [8, -14.675, 8]},
			"faces": {
				"north": {"uv": [0, 0, 0.84796, 1.02346], "texture": "#2"},
				"east": {"uv": [0, 0, 2.03512, 1.02346], "texture": "#2"},
				"south": {"uv": [0, 0, 0.84796, 1.02346], "texture": "#2"},
				"west": {"uv": [0, 0, 2.03512, 1.02346], "texture": "#2"},
				"up": {"uv": [0, 0, 0.84796, 2.03512], "texture": "#2"},
				"down": {"uv": [0, 0, 0.84796, 2.03512], "texture": "#2"}
			}
		},
		{
			"from": [6.98244, -15.01418, 7.57602],
			"to": [9.01757, -13.99072, 8.42398],
			"rotation": {"angle": 0, "axis": "y", "origin": [8, -14.675, 8]},
			"faces": {
				"north": {"uv": [0, 0, 2.03512, 1.02346], "texture": "#2"},
				"east": {"uv": [0, 0, 0.84796, 1.02346], "texture": "#2"},
				"south": {"uv": [0, 0, 2.03512, 1.02346], "texture": "#2"},
				"west": {"uv": [0, 0, 0.84796, 1.02346], "texture": "#2"},
				"up": {"uv": [0, 0, 0.84796, 2.03512], "rotation": 90, "texture": "#2"},
				"down": {"uv": [0, 0, 0.84796, 2.03512], "rotation": 270, "texture": "#2"}
			}
		}
	],
	"display": {
		"thirdperson_righthand": {
			"rotation": [0, -180, 0],
			"translation": [0, 11.75, 1],
			"scale": [0.8, 0.8, 0.8]
		},
		"thirdperson_lefthand": {
			"rotation": [0, -180, 0],
			"translation": [0, 11.75, 1],
			"scale": [0.8, 0.8, 0.8]
		},
		"firstperson_righthand": {
			"rotation": [0, -180, 0],
			"translation": [3.75, 9, 0.5],
			"scale": [0.8, 0.8, 0.8]
		},
		"firstperson_lefthand": {
			"rotation": [0, -180, 0],
			"translation": [3.75, 9, 0.5],
			"scale": [0.8, 0.8, 0.8]
		},
		"ground": {
			"rotation": [0, 0, 90]
		},
		"gui": {
			"rotation": [90, -135, 90],
			"scale": [0.5, 0.5, 0.5]
		},
		"head": {
			"rotation": [90, 44, 90],
			"translation": [3.75, -14, 4.25]
		},
		"fixed": {
			"rotation": [90, 0, 90],
			"translation": [0, 0, -1.5]
		}
	},
	"groups": [
		{
			"name": "group",
			"origin": [8, 0.5, 8],
			"children": [0, 1, 2, 3]
		},
		{
			"name": "group",
			"origin": [8, 0.5, 8],
			"children": [4, 5, 6, 7]
		},
		{
			"name": "group",
			"origin": [8, 0.5, 8],
			"children": [8, 9, 10, 11]
		},
		{
			"name": "group",
			"origin": [8, -4.92612, 11.66385],
			"children": [12, 13, 14, 15, 16]
		},
		{
			"name": "group",
			"origin": [8, -4.92612, 4.33615],
			"children": [17, 18, 19, 20, 21]
		},
		{
			"name": "group",
			"origin": [8, 0.5, 8],
			"children": [22, 23, 24, 25]
		},
		{
			"name": "group",
			"origin": [8, 27.325, 9.8],
			"children": [26, 27, 28, 29, 30, 31, 32, 33, 34, 35, 36, 37, 38, 39, 40, 41, 42, 43, 44, 45, 46, 47, 48, 49, 50, 51, 52, 53, 54, 55, 56, 57, 58, 59, 60]
		},
		{
			"name": "group",
			"origin": [8, 0.5, 8],
			"children": [61, 62, 63, 64, 65, 66, 67, 68, 69, 70]
		},
		{
			"name": "group",
			"origin": [8, 0.5, 8],
			"children": [71, 72, 73, 74]
		},
		{
			"name": "group",
			"origin": [8, -4.92612, 11.66385],
			"children": [75, 76, 77, 78, 79, 80, 81, 82, 83, 84]
		},
		{
			"name": "group",
			"origin": [8, -4.92612, 11.66385],
			"children": [85, 86, 87, 88, 89, 90, 91, 92, 93, 94]
		},
		{
			"name": "group",
			"origin": [8, -4.92612, 11.66385],
			"children": [95, 96, 97, 98, 99, 100, 101, 102, 103, 104, 105, 106, 107, 108, 109, 110, 111, 112, 113, 114]
		},
		{
			"name": "group",
			"origin": [8, 0.5, 8],
			"children": [115, 116, 117, 118]
		}
	]
}