{
	"credit": "Made with Blockbench",
	"texture_size": [128, 128],
	"textures": {
		"0": "block/king2color",
		"particle": "block/king2color"
	},
	"elements": [
		{
			"from": [-8, -2, -9],
			"to": [17, 6, -1],
			"rotation": {"angle": 0, "axis": "y", "origin": [0, -4, 0]},
			"faces": {
				"north": {"uv": [5.875, 0, 9, 1], "texture": "#0"},
				"east": {"uv": [5.125, 7.5, 6.125, 8.5], "texture": "#0"},
				"south": {"uv": [5.875, 1, 9, 2], "texture": "#0"},
				"west": {"uv": [6.125, 7.5, 7.125, 8.5], "texture": "#0"},
				"up": {"uv": [9, 3, 5.875, 2], "texture": "#0"},
				"down": {"uv": [9, 3, 5.875, 4], "texture": "#0"}
			}
		},
		{
			"from": [-8, -2, 17],
			"to": [17, 6, 25],
			"rotation": {"angle": 0, "axis": "y", "origin": [0, -4, 0]},
			"faces": {
				"north": {"uv": [2.25, 6, 5.375, 7], "texture": "#0"},
				"east": {"uv": [7.125, 7.75, 8.125, 8.75], "texture": "#0"},
				"south": {"uv": [0, 7, 3.125, 8], "texture": "#0"},
				"west": {"uv": [0, 8, 1, 9], "texture": "#0"},
				"up": {"uv": [10.375, 5, 7.25, 4], "texture": "#0"},
				"down": {"uv": [10.375, 5, 7.25, 6], "texture": "#0"}
			}
		},
		{
			"from": [-8, 0, -1],
			"to": [17, 4, 17],
			"rotation": {"angle": 0, "axis": "y", "origin": [0, -4, 0]},
			"faces": {
				"north": {"uv": [7.25, 6, 10.375, 6.5], "texture": "#0"},
				"east": {"uv": [0, 6.5, 2.25, 7], "texture": "#0"},
				"south": {"uv": [7.25, 6.5, 10.375, 7], "texture": "#0"},
				"west": {"uv": [3.125, 7, 5.375, 7.5], "texture": "#0"},
				"up": {"uv": [3.125, 2.25, 0, 0], "texture": "#0"},
				"down": {"uv": [3.125, 2.25, 0, 4.5], "texture": "#0"}
			}
		},
		{
			"from": [-7, 4, 0],
			"to": [15, 7, 16],
			"rotation": {"angle": 0, "axis": "y", "origin": [0, -4, 0]},
			"faces": {
				"north": {"uv": [7.25, 7, 10, 7.375], "texture": "#0"},
				"east": {"uv": [6, 8.75, 8, 9.125], "texture": "#0"},
				"south": {"uv": [7.25, 7.375, 10, 7.75], "texture": "#0"},
				"west": {"uv": [9, 0, 11, 0.375], "texture": "#0"},
				"up": {"uv": [5.875, 2, 3.125, 0], "texture": "#0"},
				"down": {"uv": [5.875, 2, 3.125, 4], "texture": "#0"}
			}
		},
		{
			"from": [-5, 7, 0],
			"to": [13, 10, 16],
			"rotation": {"angle": 0, "axis": "y", "origin": [0, -4, 0]},
			"faces": {
				"north": {"uv": [1, 8.875, 3.25, 9.25], "texture": "#0"},
				"east": {"uv": [9, 0.375, 11, 0.75], "texture": "#0"},
				"south": {"uv": [3.25, 8.875, 5.5, 9.25], "texture": "#0"},
				"west": {"uv": [9, 0.75, 11, 1.125], "texture": "#0"},
				"up": {"uv": [5.375, 6, 3.125, 4], "texture": "#0"},
				"down": {"uv": [2.25, 4.5, 0, 6.5], "texture": "#0"}
			}
		},
		{
			"from": [-3, 10, 1],
			"to": [12, 13, 15],
			"rotation": {"angle": 0, "axis": "y", "origin": [0, -4, 0]},
			"faces": {
				"north": {"uv": [9, 1.125, 10.875, 1.5], "texture": "#0"},
				"east": {"uv": [9, 1.875, 10.75, 2.25], "texture": "#0"},
				"south": {"uv": [9, 1.5, 10.875, 1.875], "texture": "#0"},
				"west": {"uv": [9, 2.25, 10.75, 2.625], "texture": "#0"},
				"up": {"uv": [7.25, 5.75, 5.375, 4], "texture": "#0"},
				"down": {"uv": [7.25, 5.75, 5.375, 7.5], "texture": "#0"}
			}
		},
		{
			"from": [9, 10.5, 0.5],
			"to": [11, 12.5, 1],
			"rotation": {"angle": 0, "axis": "y", "origin": [0, -4, 0]},
			"faces": {
				"north": {"uv": [2.25, 5.75, 2.5, 6], "texture": "#0"},
				"east": {"uv": [6.125, 9.25, 6.1875, 9.5], "texture": "#0"},
				"south": {"uv": [2.5, 5.75, 2.75, 6], "texture": "#0"},
				"west": {"uv": [6.25, 9.25, 6.3125, 9.5], "texture": "#0"},
				"up": {"uv": [6.625, 9.3125, 6.375, 9.25], "texture": "#0"},
				"down": {"uv": [6.875, 9.25, 6.625, 9.3125], "texture": "#0"}
			}
		},
		{
			"from": [-9, 10, 4],
			"to": [-8, 18, 12],
			"rotation": {"angle": -22.5, "axis": "z", "origin": [0, -4, 0]},
			"faces": {
				"north": {"uv": [6, 8.5, 7, 8.625], "rotation": 90, "texture": "#0"},
				"east": {"uv": [5.125, 7.5, 4.125, 8.5], "rotation": 270, "texture": "#0"},
				"south": {"uv": [9, 2.625, 10, 2.75], "rotation": 270, "texture": "#0"},
				"west": {"uv": [4.125, 8.5, 3.125, 7.5], "rotation": 270, "texture": "#0"},
				"up": {"uv": [6, 8.625, 7, 8.75], "rotation": 270, "texture": "#0"},
				"down": {"uv": [9, 2.75, 10, 2.875], "rotation": 270, "texture": "#0"}
			}
		},
		{
			"from": [-1, 10.5, 15],
			"to": [1, 12.5, 15.5],
			"rotation": {"angle": 0, "axis": "y", "origin": [0, -4, 0]},
			"faces": {
				"north": {"uv": [2.75, 5.75, 3, 6], "texture": "#0"},
				"east": {"uv": [6.875, 9.25, 6.9375, 9.5], "texture": "#0"},
				"south": {"uv": [8.25, 9, 8.5, 9.25], "texture": "#0"},
				"west": {"uv": [7, 9.25, 7.0625, 9.5], "texture": "#0"},
				"up": {"uv": [7.375, 9.3125, 7.125, 9.25], "texture": "#0"},
				"down": {"uv": [7.625, 9.25, 7.375, 9.3125], "texture": "#0"}
			}
		},
		{
			"from": [16, -7, 0.05],
			"to": [18.75, -3, 15.95],
			"rotation": {"angle": 45, "axis": "z", "origin": [0, -4, 0]},
			"faces": {
				"north": {"uv": [2.25, 4.5, 2.59375, 5], "texture": "#0"},
				"east": {"uv": [1, 8, 2.98438, 8.5], "texture": "#0"},
				"south": {"uv": [2.625, 4.5, 2.96875, 5], "texture": "#0"},
				"west": {"uv": [8.125, 7.75, 10.10938, 8.25], "texture": "#0"},
				"up": {"uv": [5.84375, 10.85938, 5.5, 8.875], "texture": "#0"},
				"down": {"uv": [0.34375, 9, 0, 10.98438], "texture": "#0"}
			}
		},
		{
			"from": [18.5, -6.5, 1.05],
			"to": [19, -4, 3.05],
			"rotation": {"angle": 45, "axis": "z", "origin": [0, -4, 0]},
			"faces": {
				"north": {"uv": [3, 5.25, 3.0625, 5.5625], "texture": "#0"},
				"east": {"uv": [2.25, 5.375, 2.5, 5.6875], "texture": "#0"},
				"south": {"uv": [3, 5.625, 3.0625, 5.9375], "texture": "#0"},
				"west": {"uv": [2.5, 5.375, 2.75, 5.6875], "texture": "#0"},
				"up": {"uv": [4.5625, 9.5, 4.5, 9.25], "texture": "#0"},
				"down": {"uv": [4.6875, 9.25, 4.625, 9.5], "texture": "#0"}
			}
		},
		{
			"from": [18.5, -6.5, 13.05],
			"to": [19, -4, 15.05],
			"rotation": {"angle": 45, "axis": "z", "origin": [0, -4, 0]},
			"faces": {
				"north": {"uv": [3, 8, 3.0625, 8.3125], "texture": "#0"},
				"east": {"uv": [2.75, 5.375, 3, 5.6875], "texture": "#0"},
				"south": {"uv": [1.75, 9.25, 1.8125, 9.5625], "texture": "#0"},
				"west": {"uv": [9, 2.875, 9.25, 3.1875], "texture": "#0"},
				"up": {"uv": [4.8125, 9.5, 4.75, 9.25], "texture": "#0"},
				"down": {"uv": [4.9375, 9.25, 4.875, 9.5], "texture": "#0"}
			}
		},
		{
			"from": [18.5, -6.5, 10.05],
			"to": [19, -4, 12.05],
			"rotation": {"angle": 45, "axis": "z", "origin": [0, -4, 0]},
			"faces": {
				"north": {"uv": [1.875, 9.25, 1.9375, 9.5625], "texture": "#0"},
				"east": {"uv": [9, 3.25, 9.25, 3.5625], "texture": "#0"},
				"south": {"uv": [2, 9.25, 2.0625, 9.5625], "texture": "#0"},
				"west": {"uv": [9, 3.625, 9.25, 3.9375], "texture": "#0"},
				"up": {"uv": [5.1875, 9.5, 5.125, 9.25], "texture": "#0"},
				"down": {"uv": [5.3125, 9.25, 5.25, 9.5], "texture": "#0"}
			}
		},
		{
			"from": [16.5, 1.5, 13.5],
			"to": [20, 2.5, 14.5],
			"rotation": {"angle": 22.5, "axis": "z", "origin": [0, -4, 0]},
			"faces": {
				"north": {"uv": [8.5, 9, 8.9375, 9.125], "texture": "#0"},
				"east": {"uv": [3, 8.375, 3.125, 8.5], "texture": "#0"},
				"south": {"uv": [9, 9, 9.4375, 9.125], "texture": "#0"},
				"west": {"uv": [5, 9.25, 5.125, 9.375], "texture": "#0"},
				"up": {"uv": [6.4375, 9.25, 6, 9.125], "texture": "#0"},
				"down": {"uv": [6.9375, 9.125, 6.5, 9.25], "texture": "#0"}
			}
		},
		{
			"from": [16.5, 1.5, 10.5],
			"to": [20, 2.5, 11.5],
			"rotation": {"angle": 22.5, "axis": "z", "origin": [0, -4, 0]},
			"faces": {
				"north": {"uv": [7, 9.125, 7.4375, 9.25], "texture": "#0"},
				"east": {"uv": [5.375, 9.25, 5.5, 9.375], "texture": "#0"},
				"south": {"uv": [7.5, 9.125, 7.9375, 9.25], "texture": "#0"},
				"west": {"uv": [6, 9.25, 6.125, 9.375], "texture": "#0"},
				"up": {"uv": [8.9375, 9.25, 8.5, 9.125], "texture": "#0"},
				"down": {"uv": [9.4375, 9.125, 9, 9.25], "texture": "#0"}
			}
		},
		{
			"from": [12, 3, 7],
			"to": [32, 6, 10],
			"rotation": {"angle": 22.5, "axis": "z", "origin": [0, 0, 0]},
			"faces": {
				"north": {"uv": [8.125, 8.25, 10.625, 8.625], "texture": "#0"},
				"east": {"uv": [2.25, 5, 2.625, 5.375], "texture": "#0"},
				"south": {"uv": [1, 8.5, 3.5, 8.875], "texture": "#0"},
				"west": {"uv": [2.625, 5, 3, 5.375], "texture": "#0"},
				"up": {"uv": [6, 8.875, 3.5, 8.5], "texture": "#0"},
				"down": {"uv": [10.625, 8.625, 8.125, 9], "texture": "#0"}
			}
		},
		{
			"from": [15, 4, -0.75],
			"to": [15.5, 26, -0.25],
			"faces": {
				"north": {"uv": [8, 8.75, 8.0625, 11.5], "texture": "#0"},
				"east": {"uv": [5.875, 8.875, 5.9375, 11.625], "texture": "#0"},
				"south": {"uv": [0.375, 9, 0.4375, 11.75], "texture": "#0"},
				"west": {"uv": [0.5, 9, 0.5625, 11.75], "texture": "#0"},
				"up": {"uv": [7.6875, 9.3125, 7.625, 9.25], "texture": "#0"},
				"down": {"uv": [7.8125, 9.25, 7.75, 9.3125], "texture": "#0"}
			}
		},
		{
			"from": [15, 24, -2],
			"to": [15.5, 24.5, 1],
			"faces": {
				"north": {"uv": [8.375, 9.25, 8.4375, 9.3125], "texture": "#0"},
				"east": {"uv": [1, 9.25, 1.375, 9.3125], "texture": "#0"},
				"south": {"uv": [8.5, 9.25, 8.5625, 9.3125], "texture": "#0"},
				"west": {"uv": [1.375, 9.25, 1.75, 9.3125], "texture": "#0"},
				"up": {"uv": [3.0625, 4.875, 3, 4.5], "texture": "#0"},
				"down": {"uv": [3.0625, 4.875, 3, 5.25], "texture": "#0"}
			}
		},
		{
			"from": [15, 23, -1.5],
			"to": [15.5, 23.5, 0.5],
			"faces": {
				"north": {"uv": [8.625, 9.25, 8.6875, 9.3125], "texture": "#0"},
				"east": {"uv": [2.125, 9.25, 2.375, 9.3125], "texture": "#0"},
				"south": {"uv": [8.75, 9.25, 8.8125, 9.3125], "texture": "#0"},
				"west": {"uv": [2.375, 9.25, 2.625, 9.3125], "texture": "#0"},
				"up": {"uv": [7.1875, 7.75, 7.125, 7.5], "texture": "#0"},
				"down": {"uv": [7.0625, 8.5, 7, 8.75], "texture": "#0"}
			}
		},
		{
			"from": [15, 22, -1.5],
			"to": [15.5, 22.5, 0.5],
			"faces": {
				"north": {"uv": [8.875, 9.25, 8.9375, 9.3125], "texture": "#0"},
				"east": {"uv": [2.625, 9.25, 2.875, 9.3125], "texture": "#0"},
				"south": {"uv": [9, 9.25, 9.0625, 9.3125], "texture": "#0"},
				"west": {"uv": [2.875, 9.25, 3.125, 9.3125], "texture": "#0"},
				"up": {"uv": [9.3125, 3.125, 9.25, 2.875], "texture": "#0"},
				"down": {"uv": [3.1875, 9.25, 3.125, 9.5], "texture": "#0"}
			}
		},
		{
			"from": [14.25, 22, -0.75],
			"to": [16.25, 22.5, -0.25],
			"faces": {
				"north": {"uv": [9.25, 3.125, 9.5, 3.1875], "texture": "#0"},
				"east": {"uv": [9.125, 9.25, 9.1875, 9.3125], "texture": "#0"},
				"south": {"uv": [3.25, 9.25, 3.5, 9.3125], "texture": "#0"},
				"west": {"uv": [9.25, 9.25, 9.3125, 9.3125], "texture": "#0"},
				"up": {"uv": [9.5, 3.3125, 9.25, 3.25], "texture": "#0"},
				"down": {"uv": [9.5, 3.375, 9.25, 3.4375], "texture": "#0"}
			}
		},
		{
			"from": [14.25, 23, -0.75],
			"to": [16.25, 23.5, -0.25],
			"faces": {
				"north": {"uv": [3.5, 9.25, 3.75, 9.3125], "texture": "#0"},
				"east": {"uv": [1, 9.375, 1.0625, 9.4375], "texture": "#0"},
				"south": {"uv": [9.25, 3.5, 9.5, 3.5625], "texture": "#0"},
				"west": {"uv": [1.125, 9.375, 1.1875, 9.4375], "texture": "#0"},
				"up": {"uv": [9.5, 3.6875, 9.25, 3.625], "texture": "#0"},
				"down": {"uv": [4, 9.25, 3.75, 9.3125], "texture": "#0"}
			}
		},
		{
			"from": [14.25, 24, -0.75],
			"to": [16.25, 24.5, -0.25],
			"faces": {
				"north": {"uv": [9.25, 3.75, 9.5, 3.8125], "texture": "#0"},
				"east": {"uv": [1.25, 9.375, 1.3125, 9.4375], "texture": "#0"},
				"south": {"uv": [9.25, 3.875, 9.5, 3.9375], "texture": "#0"},
				"west": {"uv": [1.375, 9.375, 1.4375, 9.4375], "texture": "#0"},
				"up": {"uv": [4.25, 9.3125, 4, 9.25], "texture": "#0"},
				"down": {"uv": [4.5, 9.25, 4.25, 9.3125], "texture": "#0"}
			}
		},
		{
			"from": [-7, 4, 16.25],
			"to": [-6.5, 26, 16.75],
			"faces": {
				"north": {"uv": [0.625, 9, 0.6875, 11.75], "texture": "#0"},
				"east": {"uv": [0.75, 9, 0.8125, 11.75], "texture": "#0"},
				"south": {"uv": [0.875, 9, 0.9375, 11.75], "texture": "#0"},
				"west": {"uv": [8.125, 9, 8.1875, 11.75], "texture": "#0"},
				"up": {"uv": [7.9375, 9.3125, 7.875, 9.25], "texture": "#0"},
				"down": {"uv": [8.3125, 9.25, 8.25, 9.3125], "texture": "#0"}
			}
		},
		{
			"from": [2, 15, 5],
			"to": [4, 22, 7],
			"rotation": {"angle": 45, "axis": "x", "origin": [0, 0, 0]},
			"faces": {
				"north": {"uv": [9.23438, 10.84375, 9.48438, 11.71875], "texture": "#0"},
				"east": {"uv": [9.84375, 13.04688, 10.09375, 13.92188], "texture": "#0"},
				"south": {"uv": [13.57813, 12.78125, 13.82813, 13.65625], "texture": "#0"},
				"west": {"uv": [10.9375, 13.28125, 11.1875, 14.15625], "texture": "#0"},
				"up": {"uv": [13.48438, 11.48438, 13.73438, 11.73438], "texture": "#0"},
				"down": {"uv": [11.78125, 13.07813, 12.03125, 13.32813], "texture": "#0"}
			}
		},
		{
			"from": [3, 20, 4],
			"to": [3, 22, 8],
			"rotation": {"angle": 45, "axis": "x", "origin": [0, 0, 0]},
			"faces": {
				"north": {"uv": [3.79688, 14.03125, 3.79688, 14.28125], "texture": "#0"},
				"east": {"uv": [0.34375, 14.9375, 0.84375, 15.1875], "texture": "#0"},
				"south": {"uv": [1.29688, 14.57813, 1.29688, 14.82813], "texture": "#0"},
				"west": {"uv": [1.45313, 15.48438, 1.95313, 15.73438], "texture": "#0"},
				"up": {"uv": [2.39063, 14.375, 2.39063, 14.875], "texture": "#0"},
				"down": {"uv": [3.29688, 14.98438, 3.29688, 15.48438], "texture": "#0"}
			}
		},
		{
			"from": [1, 20, 6],
			"to": [5, 22, 6],
			"rotation": {"angle": 45, "axis": "x", "origin": [0, 0, 0]},
			"faces": {
				"north": {"uv": [14.23438, 15.75, 14.73438, 16], "texture": "#0"},
				"east": {"uv": [15.82813, 13.875, 15.82813, 14.125], "texture": "#0"},
				"south": {"uv": [15.5, 15.53125, 16, 15.78125], "texture": "#0"},
				"west": {"uv": [15.125, 14.98438, 15.125, 15.23438], "texture": "#0"},
				"up": {"uv": [14.82813, 15.4375, 15.32813, 15.4375], "texture": "#0"},
				"down": {"uv": [15.375, 14.625, 15.875, 14.625], "texture": "#0"}
			}
		}
	],
	"display": {
		"thirdperson_righthand": {
			"translation": [-3.5, 4.25, 0],
			"scale": [0.5, 0.5, 0.5]
		},
		"thirdperson_lefthand": {
			"translation": [-5, 3, 0],
			"scale": [0.5, 0.5, 0.5]
		},
		"firstperson_righthand": {
			"rotation": [0, 8, -3],
			"translation": [-8.25, -1, 0]
		},
		"firstperson_lefthand": {
			"translation": [-0.75, 0, 0]
		},
		"ground": {
			"translation": [1.5, 3, 0],
			"scale": [0.5, 0.5, 0.5]
		},
		"gui": {
			"rotation": [16, 12, 0],
			"translation": [2, 0, 0],
			"scale": [0.5, 0.5, 0.5]
		},
		"head": {
			"rotation": [0, 90, 0],
			"translation": [0, -20, -15.25],
			"scale": [3, 3, 3]
		},
		"fixed": {
			"translation": [0, 0, -5]
		}
	}
}