{
	"credit": "Made with Blockbench",
	"texture_size": [32, 32],
	"textures": {
		"0": "block/kingcolor",
		"particle": "block/kingcolor"
	},
	"elements": [
		{
			"from": [6.6, -1, 9.1],
			"to": [7.35, 4, 9.85],
			"rotation": {"angle": 0, "axis": "y", "origin": [0, -5, 0]},
			"faces": {
				"north": {"uv": [3, 0, 3.375, 2.5], "texture": "#0"},
				"east": {"uv": [3, 2.5, 3.375, 5], "texture": "#0"},
				"south": {"uv": [3.5, 0, 3.875, 2.5], "texture": "#0"},
				"west": {"uv": [3.5, 2.5, 3.875, 5], "texture": "#0"},
				"up": {"uv": [5.875, 5.875, 5.5, 5.5], "texture": "#0"},
				"down": {"uv": [6.375, 0, 6, 0.375], "texture": "#0"}
			}
		},
		{
			"from": [6.475, -1.25, 8.975],
			"to": [7.475, -1, 9.975],
			"rotation": {"angle": 0, "axis": "y", "origin": [0, -5, 0]},
			"faces": {
				"north": {"uv": [7.5, 6.5, 8, 6.625], "texture": "#0"},
				"east": {"uv": [7, 7.5, 7.5, 7.625], "texture": "#0"},
				"south": {"uv": [7.5, 7, 8, 7.125], "texture": "#0"},
				"west": {"uv": [7.5, 7.5, 8, 7.625], "texture": "#0"},
				"up": {"uv": [4, 5.5, 3.5, 5], "texture": "#0"},
				"down": {"uv": [4.5, 5, 4, 5.5], "texture": "#0"}
			}
		},
		{
			"from": [6.475, -1.75, 8.975],
			"to": [7.475, -1.5, 9.975],
			"rotation": {"angle": 0, "axis": "y", "origin": [0, -5, 0]},
			"faces": {
				"north": {"uv": [8, 0, 8.5, 0.125], "texture": "#0"},
				"east": {"uv": [8, 0.5, 8.5, 0.625], "texture": "#0"},
				"south": {"uv": [8, 1, 8.5, 1.125], "texture": "#0"},
				"west": {"uv": [8, 1.5, 8.5, 1.625], "texture": "#0"},
				"up": {"uv": [5.5, 4.5, 5, 4], "texture": "#0"},
				"down": {"uv": [5, 5, 4.5, 5.5], "texture": "#0"}
			}
		},
		{
			"from": [6.35, -1.5, 8.85],
			"to": [7.6, -1.25, 10.1],
			"rotation": {"angle": 0, "axis": "y", "origin": [0, -5, 0]},
			"faces": {
				"north": {"uv": [7, 3, 7.625, 3.125], "texture": "#0"},
				"east": {"uv": [7, 3.5, 7.625, 3.625], "texture": "#0"},
				"south": {"uv": [7, 4.5, 7.625, 4.625], "texture": "#0"},
				"west": {"uv": [7, 5, 7.625, 5.125], "texture": "#0"},
				"up": {"uv": [4.625, 3.625, 4, 3], "texture": "#0"},
				"down": {"uv": [4.625, 4, 4, 4.625], "texture": "#0"}
			}
		},
		{
			"from": [6.25, 4, 8.75],
			"to": [7.75, 4.5, 10.25],
			"rotation": {"angle": 0, "axis": "y", "origin": [0, -5, 0]},
			"faces": {
				"north": {"uv": [5.5, 3, 6.25, 3.25], "texture": "#0"},
				"east": {"uv": [3.5, 5.5, 4.25, 5.75], "texture": "#0"},
				"south": {"uv": [5.5, 3.5, 6.25, 3.75], "texture": "#0"},
				"west": {"uv": [5.5, 4, 6.25, 4.25], "texture": "#0"},
				"up": {"uv": [4.75, 1.75, 4, 1], "texture": "#0"},
				"down": {"uv": [4.75, 2, 4, 2.75], "texture": "#0"}
			}
		},
		{
			"from": [6, 4, 8.75],
			"to": [6.25, 4.5, 9.25],
			"rotation": {"angle": 0, "axis": "y", "origin": [0, -5, 0]},
			"faces": {
				"north": {"uv": [8.5, 2.5, 8.625, 2.75], "texture": "#0"},
				"east": {"uv": [4, 7, 4.25, 7.25], "texture": "#0"},
				"south": {"uv": [3, 8.5, 3.125, 8.75], "texture": "#0"},
				"west": {"uv": [6.5, 7, 6.75, 7.25], "texture": "#0"},
				"up": {"uv": [8.625, 3.25, 8.5, 3], "texture": "#0"},
				"down": {"uv": [3.625, 8.5, 3.5, 8.75], "texture": "#0"}
			}
		},
		{
			"from": [5.75, 4.75, 9.1],
			"to": [6.25, 5.25, 9.35],
			"rotation": {"angle": 0, "axis": "y", "origin": [0, -5, 0]},
			"faces": {
				"north": {"uv": [8.75, 3.6875, 8.9375, 3.9375], "texture": "#0"},
				"east": {"uv": [4, 7, 4.25, 7.25], "texture": "#0"},
				"south": {"uv": [10.3125, 7.4375, 10.625, 7.75], "texture": "#0"},
				"west": {"uv": [9.8125, 6.875, 10.1875, 7.1875], "texture": "#0"},
				"up": {"uv": [8.9375, 3.5, 8.75, 3.25], "texture": "#0"},
				"down": {"uv": [10.75, 8.1875, 10.4375, 8.5], "texture": "#0"}
			}
		},
		{
			"from": [6, 4, 9.75],
			"to": [6.25, 4.5, 10.25],
			"rotation": {"angle": 0, "axis": "y", "origin": [0, -5, 0]},
			"faces": {
				"north": {"uv": [8.5, 8, 8.625, 8.25], "texture": "#0"},
				"east": {"uv": [4.5, 7.5, 4.75, 7.75], "texture": "#0"},
				"south": {"uv": [8.5, 8.5, 8.625, 8.75], "texture": "#0"},
				"west": {"uv": [5, 7.5, 5.25, 7.75], "texture": "#0"},
				"up": {"uv": [9.125, 0.25, 9, 0], "texture": "#0"},
				"down": {"uv": [9.125, 0.5, 9, 0.75], "texture": "#0"}
			}
		},
		{
			"from": [7.75, 4, 9.75],
			"to": [8, 4.5, 10.25],
			"rotation": {"angle": 0, "axis": "y", "origin": [0, -5, 0]},
			"faces": {
				"north": {"uv": [8.5, 3.5, 8.625, 3.75], "texture": "#0"},
				"east": {"uv": [7, 7, 7.25, 7.25], "texture": "#0"},
				"south": {"uv": [4, 8.5, 4.125, 8.75], "texture": "#0"},
				"west": {"uv": [7.5, 0, 7.75, 0.25], "texture": "#0"},
				"up": {"uv": [8.625, 4.25, 8.5, 4], "texture": "#0"},
				"down": {"uv": [4.625, 8.5, 4.5, 8.75], "texture": "#0"}
			}
		},
		{
			"from": [7.75, 4, 8.75],
			"to": [8, 4.5, 9.25],
			"rotation": {"angle": 0, "axis": "y", "origin": [0, -5, 0]},
			"faces": {
				"north": {"uv": [8.5, 6.5, 8.625, 6.75], "texture": "#0"},
				"east": {"uv": [4, 7.5, 4.25, 7.75], "texture": "#0"},
				"south": {"uv": [7, 8.5, 7.125, 8.75], "texture": "#0"},
				"west": {"uv": [7.5, 4, 7.75, 4.25], "texture": "#0"},
				"up": {"uv": [8.625, 7.25, 8.5, 7], "texture": "#0"},
				"down": {"uv": [7.625, 8.5, 7.5, 8.75], "texture": "#0"}
			}
		},
		{
			"from": [7.25, 4, 10.25],
			"to": [8, 4.5, 10.5],
			"rotation": {"angle": 0, "axis": "y", "origin": [0, -5, 0]},
			"faces": {
				"north": {"uv": [6, 2.5, 6.375, 2.75], "texture": "#0"},
				"east": {"uv": [8.5, 4.5, 8.625, 4.75], "texture": "#0"},
				"south": {"uv": [4, 6, 4.375, 6.25], "texture": "#0"},
				"west": {"uv": [5, 8.5, 5.125, 8.75], "texture": "#0"},
				"up": {"uv": [3.875, 8.125, 3.5, 8], "texture": "#0"},
				"down": {"uv": [8.375, 3.5, 8, 3.625], "texture": "#0"}
			}
		},
		{
			"from": [6, 4, 10.25],
			"to": [6.75, 4.5, 10.5],
			"rotation": {"angle": 0, "axis": "y", "origin": [0, -5, 0]},
			"faces": {
				"north": {"uv": [6.5, 3.5, 6.875, 3.75], "texture": "#0"},
				"east": {"uv": [9, 1, 9.125, 1.25], "texture": "#0"},
				"south": {"uv": [4, 6.5, 4.375, 6.75], "texture": "#0"},
				"west": {"uv": [9, 1.5, 9.125, 1.75], "texture": "#0"},
				"up": {"uv": [6.375, 8.125, 6, 8], "texture": "#0"},
				"down": {"uv": [8.375, 6, 8, 6.125], "texture": "#0"}
			}
		},
		{
			"from": [7.25, 4, 8.5],
			"to": [8, 4.5, 8.75],
			"rotation": {"angle": 0, "axis": "y", "origin": [0, -5, 0]},
			"faces": {
				"north": {"uv": [5.5, 6, 5.875, 6.25], "texture": "#0"},
				"east": {"uv": [8.5, 5, 8.625, 5.25], "texture": "#0"},
				"south": {"uv": [6, 5.5, 6.375, 5.75], "texture": "#0"},
				"west": {"uv": [5.5, 8.5, 5.625, 8.75], "texture": "#0"},
				"up": {"uv": [4.375, 8.125, 4, 8], "texture": "#0"},
				"down": {"uv": [8.375, 4, 8, 4.125], "texture": "#0"}
			}
		},
		{
			"from": [6, 4, 8.5],
			"to": [6.75, 4.5, 8.75],
			"rotation": {"angle": 0, "axis": "y", "origin": [0, -5, 0]},
			"faces": {
				"north": {"uv": [6.5, 2.5, 6.875, 2.75], "texture": "#0"},
				"east": {"uv": [8.5, 7.5, 8.625, 7.75], "texture": "#0"},
				"south": {"uv": [6.5, 3, 6.875, 3.25], "texture": "#0"},
				"west": {"uv": [8, 8.5, 8.125, 8.75], "texture": "#0"},
				"up": {"uv": [5.875, 8.125, 5.5, 8], "texture": "#0"},
				"down": {"uv": [8.375, 5.5, 8, 5.625], "texture": "#0"}
			}
		},
		{
			"from": [6.25, 4.5, 9.35],
			"to": [7.75, 25.75, 9.6],
			"rotation": {"angle": 0, "axis": "y", "origin": [0, -5, 0]},
			"faces": {
				"north": {"uv": [0, 0, 0.75, 10.625], "texture": "#0"},
				"east": {"uv": [2, 0, 2.125, 10.625], "texture": "#0"},
				"south": {"uv": [1, 0, 1.75, 10.625], "texture": "#0"},
				"west": {"uv": [2.5, 0, 2.625, 10.625], "texture": "#0"},
				"up": {"uv": [6.75, 6.125, 6, 6], "texture": "#0"},
				"down": {"uv": [7.25, 0, 6.5, 0.125], "texture": "#0"}
			}
		},
		{
			"from": [6.25, 25.75, 9.35],
			"to": [7.75, 26, 9.6],
			"rotation": {"angle": 0, "axis": "y", "origin": [0, -5, 0]},
			"faces": {
				"north": {"uv": [6.5, 0.5, 7.25, 0.625], "texture": "#0"},
				"east": {"uv": [9.5, 4.5, 9.625, 4.625], "texture": "#0"},
				"south": {"uv": [6.5, 1, 7.25, 1.125], "texture": "#0"},
				"west": {"uv": [5, 9.5, 5.125, 9.625], "texture": "#0"},
				"up": {"uv": [7.25, 1.625, 6.5, 1.5], "texture": "#0"},
				"down": {"uv": [7.25, 2, 6.5, 2.125], "texture": "#0"}
			}
		},
		{
			"from": [6.375, 26, 9.35],
			"to": [7.625, 26.25, 9.6],
			"rotation": {"angle": 0, "axis": "y", "origin": [0, -5, 0]},
			"faces": {
				"north": {"uv": [6.5, 4, 7.125, 4.125], "texture": "#0"},
				"east": {"uv": [9.5, 5, 9.625, 5.125], "texture": "#0"},
				"south": {"uv": [5.5, 6.5, 6.125, 6.625], "texture": "#0"},
				"west": {"uv": [5.5, 9.5, 5.625, 9.625], "texture": "#0"},
				"up": {"uv": [7.125, 5.625, 6.5, 5.5], "texture": "#0"},
				"down": {"uv": [7.125, 6.5, 6.5, 6.625], "texture": "#0"}
			}
		},
		{
			"from": [6.5, 26.25, 9.35],
			"to": [7.5, 26.5, 9.6],
			"rotation": {"angle": 0, "axis": "y", "origin": [0, -5, 0]},
			"faces": {
				"north": {"uv": [7.5, 0.5, 8, 0.625], "texture": "#0"},
				"east": {"uv": [9.5, 5.5, 9.625, 5.625], "texture": "#0"},
				"south": {"uv": [7.5, 1, 8, 1.125], "texture": "#0"},
				"west": {"uv": [6, 9.5, 6.125, 9.625], "texture": "#0"},
				"up": {"uv": [8, 1.625, 7.5, 1.5], "texture": "#0"},
				"down": {"uv": [8, 2, 7.5, 2.125], "texture": "#0"}
			}
		},
		{
			"from": [6.625, 26.5, 9.35],
			"to": [7.375, 26.75, 9.6],
			"rotation": {"angle": 0, "axis": "y", "origin": [0, -5, 0]},
			"faces": {
				"north": {"uv": [4.5, 8, 4.875, 8.125], "texture": "#0"},
				"east": {"uv": [9.5, 6, 9.625, 6.125], "texture": "#0"},
				"south": {"uv": [8, 4.5, 8.375, 4.625], "texture": "#0"},
				"west": {"uv": [6.5, 9.5, 6.625, 9.625], "texture": "#0"},
				"up": {"uv": [5.375, 8.125, 5, 8], "texture": "#0"},
				"down": {"uv": [8.375, 5, 8, 5.125], "texture": "#0"}
			}
		},
		{
			"from": [6.75, 26.75, 9.35],
			"to": [7.25, 27, 9.6],
			"rotation": {"angle": 0, "axis": "y", "origin": [0, -5, 0]},
			"faces": {
				"north": {"uv": [8.5, 5.5, 8.75, 5.625], "texture": "#0"},
				"east": {"uv": [9.5, 6.5, 9.625, 6.625], "texture": "#0"},
				"south": {"uv": [6, 8.5, 6.25, 8.625], "texture": "#0"},
				"west": {"uv": [7, 9.5, 7.125, 9.625], "texture": "#0"},
				"up": {"uv": [8.75, 6.125, 8.5, 6], "texture": "#0"},
				"down": {"uv": [6.75, 8.5, 6.5, 8.625], "texture": "#0"}
			}
		},
		{
			"from": [6.25, 4.5, 9.1],
			"to": [9.75, 5.5, 9.35],
			"rotation": {"angle": 0, "axis": "y", "origin": [0, -5, 0]},
			"faces": {
				"north": {"uv": [4, 0, 5.75, 0.5], "texture": "#0"},
				"east": {"uv": [3, 7.5, 3.125, 8], "texture": "#0"},
				"south": {"uv": [4, 0.5, 5.75, 1], "texture": "#0"},
				"west": {"uv": [3.5, 7.5, 3.625, 8], "texture": "#0"},
				"up": {"uv": [6.75, 4.625, 5, 4.5], "texture": "#0"},
				"down": {"uv": [6.75, 5, 5, 5.125], "texture": "#0"}
			}
		},
		{
			"from": [5, 6.5, 9.35],
			"to": [6.25, 7.5, 9.6],
			"rotation": {"angle": 0, "axis": "y", "origin": [0, -5, 0]},
			"faces": {
				"north": {"uv": [5, 1, 5.625, 1.5], "texture": "#0"},
				"east": {"uv": [6, 7.5, 6.125, 8], "texture": "#0"},
				"south": {"uv": [5, 1.5, 5.625, 2], "texture": "#0"},
				"west": {"uv": [6.5, 7.5, 6.625, 8], "texture": "#0"},
				"up": {"uv": [7.625, 2.625, 7, 2.5], "texture": "#0"},
				"down": {"uv": [3.625, 7, 3, 7.125], "texture": "#0"}
			}
		},
		{
			"from": [7.75, 6.5, 9.35],
			"to": [9, 7.5, 9.6],
			"rotation": {"angle": 0, "axis": "y", "origin": [0, -5, 0]},
			"faces": {
				"north": {"uv": [5, 2, 5.625, 2.5], "texture": "#0"},
				"east": {"uv": [8, 2, 8.125, 2.5], "texture": "#0"},
				"south": {"uv": [5, 2.5, 5.625, 3], "texture": "#0"},
				"west": {"uv": [8, 2.5, 8.125, 3], "texture": "#0"},
				"up": {"uv": [6.125, 7.125, 5.5, 7], "texture": "#0"},
				"down": {"uv": [7.625, 6, 7, 6.125], "texture": "#0"}
			}
		},
		{
			"from": [9, 6.25, 9.35],
			"to": [9.5, 7.75, 9.6],
			"rotation": {"angle": 0, "axis": "y", "origin": [0, -5, 0]},
			"faces": {
				"north": {"uv": [4.5, 5.5, 4.75, 6.25], "texture": "#0"},
				"east": {"uv": [4.5, 6.5, 4.625, 7.25], "texture": "#0"},
				"south": {"uv": [5, 5.5, 5.25, 6.25], "texture": "#0"},
				"west": {"uv": [5, 6.5, 5.125, 7.25], "texture": "#0"},
				"up": {"uv": [9.25, 9.125, 9, 9], "texture": "#0"},
				"down": {"uv": [9.75, 0, 9.5, 0.125], "texture": "#0"}
			}
		},
		{
			"from": [9.125, 6, 9.35],
			"to": [9.625, 6.25, 9.6],
			"rotation": {"angle": 0, "axis": "y", "origin": [0, -5, 0]},
			"faces": {
				"north": {"uv": [9.5, 3.5, 9.75, 3.625], "texture": "#0"},
				"east": {"uv": [5.5, 10, 5.625, 10.125], "texture": "#0"},
				"south": {"uv": [4, 9.5, 4.25, 9.625], "texture": "#0"},
				"west": {"uv": [10, 5.5, 10.125, 5.625], "texture": "#0"},
				"up": {"uv": [9.75, 4.125, 9.5, 4], "texture": "#0"},
				"down": {"uv": [4.75, 9.5, 4.5, 9.625], "texture": "#0"}
			}
		},
		{
			"from": [9.25, 5.75, 9.35],
			"to": [9.5, 6, 9.6],
			"rotation": {"angle": 0, "axis": "y", "origin": [0, -5, 0]},
			"faces": {
				"north": {"uv": [6, 10, 6.125, 10.125], "texture": "#0"},
				"east": {"uv": [10, 6, 10.125, 6.125], "texture": "#0"},
				"south": {"uv": [6.5, 10, 6.625, 10.125], "texture": "#0"},
				"west": {"uv": [10, 6.5, 10.125, 6.625], "texture": "#0"},
				"up": {"uv": [7.125, 10.125, 7, 10], "texture": "#0"},
				"down": {"uv": [10.125, 7, 10, 7.125], "texture": "#0"}
			}
		},
		{
			"from": [9.5, 6.25, 9.35],
			"to": [9.75, 6.75, 9.6],
			"rotation": {"angle": 0, "axis": "y", "origin": [0, -5, 0]},
			"faces": {
				"north": {"uv": [9.5, 0.5, 9.625, 0.75], "texture": "#0"},
				"east": {"uv": [9.5, 1, 9.625, 1.25], "texture": "#0"},
				"south": {"uv": [9.5, 1.5, 9.625, 1.75], "texture": "#0"},
				"west": {"uv": [9.5, 2, 9.625, 2.25], "texture": "#0"},
				"up": {"uv": [4.625, 10.125, 4.5, 10], "texture": "#0"},
				"down": {"uv": [10.125, 4.5, 10, 4.625], "texture": "#0"}
			}
		},
		{
			"from": [9.5, 7.25, 9.35],
			"to": [9.75, 7.75, 9.6],
			"rotation": {"angle": 0, "axis": "y", "origin": [0, -5, 0]},
			"faces": {
				"north": {"uv": [9.5, 2.5, 9.625, 2.75], "texture": "#0"},
				"east": {"uv": [3, 9.5, 3.125, 9.75], "texture": "#0"},
				"south": {"uv": [9.5, 3, 9.625, 3.25], "texture": "#0"},
				"west": {"uv": [3.5, 9.5, 3.625, 9.75], "texture": "#0"},
				"up": {"uv": [5.125, 10.125, 5, 10], "texture": "#0"},
				"down": {"uv": [10.125, 5, 10, 5.125], "texture": "#0"}
			}
		},
		{
			"from": [4.75, 6.5, 9.35],
			"to": [5, 7, 9.6],
			"rotation": {"angle": 0, "axis": "y", "origin": [0, -5, 0]},
			"faces": {
				"north": {"uv": [7, 9, 7.125, 9.25], "texture": "#0"},
				"east": {"uv": [9, 7, 9.125, 7.25], "texture": "#0"},
				"south": {"uv": [7.5, 9, 7.625, 9.25], "texture": "#0"},
				"west": {"uv": [9, 7.5, 9.125, 7.75], "texture": "#0"},
				"up": {"uv": [3.125, 10.125, 3, 10], "texture": "#0"},
				"down": {"uv": [10.125, 3, 10, 3.125], "texture": "#0"}
			}
		},
		{
			"from": [4.85, 7.5, 9.35],
			"to": [5.45, 7.75, 9.6],
			"rotation": {"angle": 0, "axis": "y", "origin": [0, -5, 0]},
			"faces": {
				"north": {"uv": [8.5, 0.5, 8.8125, 0.625], "texture": "#0"},
				"east": {"uv": [4, 10, 4.125, 10.125], "texture": "#0"},
				"south": {"uv": [8.5, 1, 8.8125, 1.125], "texture": "#0"},
				"west": {"uv": [10, 4, 10.125, 4.125], "texture": "#0"},
				"up": {"uv": [8.8125, 1.625, 8.5, 1.5], "texture": "#0"},
				"down": {"uv": [8.8125, 2, 8.5, 2.125], "texture": "#0"}
			}
		},
		{
			"from": [4.75, 6.25, 9.35],
			"to": [5.25, 6.5, 9.6],
			"rotation": {"angle": 0, "axis": "y", "origin": [0, -5, 0]},
			"faces": {
				"north": {"uv": [8, 9, 8.25, 9.125], "texture": "#0"},
				"east": {"uv": [3.5, 10, 3.625, 10.125], "texture": "#0"},
				"south": {"uv": [9, 8, 9.25, 8.125], "texture": "#0"},
				"west": {"uv": [10, 3.5, 10.125, 3.625], "texture": "#0"},
				"up": {"uv": [8.75, 9.125, 8.5, 9], "texture": "#0"},
				"down": {"uv": [9.25, 8.5, 9, 8.625], "texture": "#0"}
			}
		},
		{
			"from": [9.75, 4.625, 9.1],
			"to": [10, 5.375, 9.35],
			"rotation": {"angle": 0, "axis": "y", "origin": [0, -5, 0]},
			"faces": {
				"north": {"uv": [7.5, 8, 7.625, 8.375], "texture": "#0"},
				"east": {"uv": [8, 7.5, 8.125, 7.875], "texture": "#0"},
				"south": {"uv": [8, 8, 8.125, 8.375], "texture": "#0"},
				"west": {"uv": [8.5, 0, 8.625, 0.375], "texture": "#0"},
				"up": {"uv": [9.625, 8.625, 9.5, 8.5], "texture": "#0"},
				"down": {"uv": [9.125, 9.5, 9, 9.625], "texture": "#0"}
			}
		},
		{
			"from": [10, 4.75, 9.1],
			"to": [10.25, 5.25, 9.35],
			"rotation": {"angle": 0, "axis": "y", "origin": [0, -5, 0]},
			"faces": {
				"north": {"uv": [6, 9, 6.125, 9.25], "texture": "#0"},
				"east": {"uv": [9, 6, 9.125, 6.25], "texture": "#0"},
				"south": {"uv": [6.5, 9, 6.625, 9.25], "texture": "#0"},
				"west": {"uv": [9, 6.5, 9.125, 6.75], "texture": "#0"},
				"up": {"uv": [9.625, 9.125, 9.5, 9], "texture": "#0"},
				"down": {"uv": [9.625, 9.5, 9.5, 9.625], "texture": "#0"}
			}
		},
		{
			"from": [10.25, 4.875, 9.1],
			"to": [10.5, 5.125, 9.35],
			"rotation": {"angle": 0, "axis": "y", "origin": [0, -5, 0]},
			"faces": {
				"north": {"uv": [10, 0, 10.125, 0.125], "texture": "#0"},
				"east": {"uv": [10, 0.5, 10.125, 0.625], "texture": "#0"},
				"south": {"uv": [10, 1, 10.125, 1.125], "texture": "#0"},
				"west": {"uv": [10, 1.5, 10.125, 1.625], "texture": "#0"},
				"up": {"uv": [10.125, 2.125, 10, 2], "texture": "#0"},
				"down": {"uv": [10.125, 2.5, 10, 2.625], "texture": "#0"}
			}
		},
		{
			"from": [9, 5.5, 9.1],
			"to": [9.5, 5.75, 9.35],
			"rotation": {"angle": 0, "axis": "y", "origin": [0, -5, 0]},
			"faces": {
				"north": {"uv": [5, 9, 5.25, 9.125], "texture": "#0"},
				"east": {"uv": [9.5, 8, 9.625, 8.125], "texture": "#0"},
				"south": {"uv": [9, 5, 9.25, 5.125], "texture": "#0"},
				"west": {"uv": [8.5, 9.5, 8.625, 9.625], "texture": "#0"},
				"up": {"uv": [5.75, 9.125, 5.5, 9], "texture": "#0"},
				"down": {"uv": [9.25, 5.5, 9, 5.625], "texture": "#0"}
			}
		},
		{
			"from": [6.5, 5.5, 9.1],
			"to": [7.5, 6, 9.35],
			"rotation": {"angle": 0, "axis": "y", "origin": [0, -5, 0]},
			"faces": {
				"north": {"uv": [6, 1.5, 6.5, 1.75], "texture": "#0"},
				"east": {"uv": [9, 2, 9.125, 2.25], "texture": "#0"},
				"south": {"uv": [6, 2, 6.5, 2.25], "texture": "#0"},
				"west": {"uv": [9, 2.5, 9.125, 2.75], "texture": "#0"},
				"up": {"uv": [6, 7.625, 5.5, 7.5], "texture": "#0"},
				"down": {"uv": [8, 5.5, 7.5, 5.625], "texture": "#0"}
			}
		},
		{
			"from": [6.625, 6, 9.1],
			"to": [7.375, 7.5, 9.35],
			"rotation": {"angle": 0, "axis": "y", "origin": [0, -5, 0]},
			"faces": {
				"north": {"uv": [3, 5, 3.375, 5.75], "texture": "#0"},
				"east": {"uv": [3, 6, 3.125, 6.75], "texture": "#0"},
				"south": {"uv": [5, 3, 5.375, 3.75], "texture": "#0"},
				"west": {"uv": [3.5, 6, 3.625, 6.75], "texture": "#0"},
				"up": {"uv": [3.375, 8.125, 3, 8], "texture": "#0"},
				"down": {"uv": [8.375, 3, 8, 3.125], "texture": "#0"}
			}
		},
		{
			"from": [6.75, 7.5, 9.1],
			"to": [7.25, 7.75, 9.35],
			"rotation": {"angle": 0, "axis": "y", "origin": [0, -5, 0]},
			"faces": {
				"north": {"uv": [3, 9, 3.25, 9.125], "texture": "#0"},
				"east": {"uv": [9.5, 7, 9.625, 7.125], "texture": "#0"},
				"south": {"uv": [9, 3, 9.25, 3.125], "texture": "#0"},
				"west": {"uv": [7.5, 9.5, 7.625, 9.625], "texture": "#0"},
				"up": {"uv": [3.75, 9.125, 3.5, 9], "texture": "#0"},
				"down": {"uv": [9.25, 3.5, 9, 3.625], "texture": "#0"}
			}
		},
		{
			"from": [6.85, 8.5, 9.1],
			"to": [7.15, 9, 9.35],
			"rotation": {"angle": 0, "axis": "y", "origin": [0, -5, 0]},
			"faces": {
				"north": {"uv": [4, 9, 4.125, 9.25], "texture": "#0"},
				"east": {"uv": [9, 4, 9.125, 4.25], "texture": "#0"},
				"south": {"uv": [4.5, 9, 4.625, 9.25], "texture": "#0"},
				"west": {"uv": [9, 4.5, 9.125, 4.75], "texture": "#0"},
				"up": {"uv": [9.625, 7.625, 9.5, 7.5], "texture": "#0"},
				"down": {"uv": [8.125, 9.5, 8, 9.625], "texture": "#0"}
			}
		},
		{
			"from": [6.625, 7.75, 9.1],
			"to": [7.375, 8.5, 9.35],
			"rotation": {"angle": 0, "axis": "y", "origin": [0, -5, 0]},
			"faces": {
				"north": {"uv": [6, 0.5, 6.375, 0.875], "texture": "#0"},
				"east": {"uv": [6.5, 8, 6.625, 8.375], "texture": "#0"},
				"south": {"uv": [6, 1, 6.375, 1.375], "texture": "#0"},
				"west": {"uv": [8, 6.5, 8.125, 6.875], "texture": "#0"},
				"up": {"uv": [7.375, 8.125, 7, 8], "texture": "#0"},
				"down": {"uv": [8.375, 7, 8, 7.125], "texture": "#0"}
			}
		}
	],
	"display": {
		"thirdperson_righthand": {
			"rotation": [0, 90, 0],
			"translation": [-1.25, 4.75, -0.5]
		},
		"thirdperson_lefthand": {
			"rotation": [0, -90, 0],
			"translation": [1.5, 4.5, 0.75]
		},
		"firstperson_righthand": {
			"rotation": [-21, 106, -7],
			"translation": [-1.75, 5.75, -0.5]
		},
		"firstperson_lefthand": {
			"rotation": [-23, 104, 0],
			"translation": [1.25, 5.5, 0]
		},
		"ground": {
			"translation": [0, 6, 0]
		},
		"gui": {
			"rotation": [0, 0, 43],
			"translation": [1.5, -1.25, 0],
			"scale": [0.75, 0.75, 0.75]
		},
		"head": {
			"rotation": [0, 0, 126],
			"translation": [0, -11.5, 3.25]
		},
		"fixed": {
			"rotation": [0, 0, -48],
			"translation": [0, 0, -2.75]
		}
	},
	"groups": [
		0,
		1,
		2,
		3,
		4,
		5,
		6,
		7,
		8,
		9,
		10,
		11,
		12,
		13,
		14,
		15,
		16,
		17,
		18,
		19,
		20,
		21,
		22,
		23,
		24,
		25,
		26,
		27,
		28,
		29,
		30,
		31,
		32,
		33,
		34,
		35,
		36,
		37,
		38,
		39,
		{
			"name": "group",
			"origin": [0, 0, 0],
			"color": 0,
			"children": []
		}
	]
}