{
	"credit": "Made with Blockbench",
	"texture_size": [32, 32],
	"textures": {
		"0": "block/king3color",
		"particle": "block/king3color"
	},
	"elements": [
		{
			"from": [6.65, -1, 9.25],
			"to": [7.4, 4, 9.75],
			"rotation": {"angle": 0, "axis": "y", "origin": [0, -5, 0]},
			"faces": {
				"north": {"uv": [3, 0, 3.375, 2.5], "texture": "#0"},
				"east": {"uv": [3.5, 0, 3.75, 2.5], "texture": "#0"},
				"south": {"uv": [3, 2.5, 3.375, 5], "texture": "#0"},
				"west": {"uv": [3.5, 2.5, 3.75, 5], "texture": "#0"},
				"up": {"uv": [4.375, 5.75, 4, 5.5], "texture": "#0"},
				"down": {"uv": [3.375, 6, 3, 6.25], "texture": "#0"}
			}
		},
		{
			"from": [6.52, -1.25, 9],
			"to": [7.52, -1, 10],
			"rotation": {"angle": 0, "axis": "y", "origin": [0, -5, 0]},
			"faces": {
				"north": {"uv": [10.6875, 13.8125, 11.9375, 14.9375], "texture": "#0"},
				"east": {"uv": [4.5, 7.5, 5, 7.625], "texture": "#0"},
				"south": {"uv": [12.375, 12.125, 13.625, 13.3125], "texture": "#0"},
				"west": {"uv": [5.5, 7.5, 6, 7.625], "texture": "#0"},
				"up": {"uv": [5.5, 2.5, 5, 2], "texture": "#0"},
				"down": {"uv": [5.5, 2.5, 5, 3], "texture": "#0"}
			}
		},
		{
			"from": [6.52, -1.75, 9],
			"to": [7.52, -1.5, 10],
			"rotation": {"angle": 0, "axis": "y", "origin": [0, -5, 0]},
			"faces": {
				"north": {"uv": [6, 7.5, 6.5, 7.625], "texture": "#0"},
				"east": {"uv": [6.5, 7.5, 7, 7.625], "texture": "#0"},
				"south": {"uv": [7, 7.5, 7.5, 7.625], "texture": "#0"},
				"west": {"uv": [7.5, 7.5, 8, 7.625], "texture": "#0"},
				"up": {"uv": [3.5, 5.5, 3, 5], "texture": "#0"},
				"down": {"uv": [5.5, 3, 5, 3.5], "texture": "#0"}
			}
		},
		{
			"from": [6.4, -1.5, 8.85],
			"to": [7.65, -1.25, 10.1],
			"rotation": {"angle": 0, "axis": "y", "origin": [0, -5, 0]},
			"faces": {
				"north": {"uv": [14.6875, 13.6875, 15.9375, 14.75], "texture": "#0"},
				"east": {"uv": [7, 3, 7.625, 3.125], "texture": "#0"},
				"south": {"uv": [14.625, 13.6875, 16, 14.8125], "texture": "#0"},
				"west": {"uv": [4, 7, 4.625, 7.125], "texture": "#0"},
				"up": {"uv": [5.125, 0.625, 4.5, 0], "texture": "#0"},
				"down": {"uv": [5.125, 1, 4.5, 1.625], "texture": "#0"}
			}
		},
		{
			"from": [6.45, 4, 9.25],
			"to": [7.575, 4.5, 9.75],
			"rotation": {"angle": 0, "axis": "y", "origin": [0, -5, 0]},
			"faces": {
				"north": {"uv": [3.5, 5, 4.0625, 5.25], "texture": "#0"},
				"east": {"uv": [3, 8, 3.25, 8.25], "texture": "#0"},
				"south": {"uv": [5, 3.5, 5.5625, 3.75], "texture": "#0"},
				"west": {"uv": [8, 3, 8.25, 3.25], "texture": "#0"},
				"up": {"uv": [5.5625, 4.25, 5, 4], "texture": "#0"},
				"down": {"uv": [5.5625, 4.5, 5, 4.75], "texture": "#0"}
			}
		},
		{
			"from": [7.825, 3.875, 9.25],
			"to": [8.325, 4.625, 9.75],
			"rotation": {"angle": 0, "axis": "y", "origin": [0, -5, 0]},
			"faces": {
				"north": {"uv": [3, 6.5, 3.25, 6.875], "texture": "#0"},
				"east": {"uv": [6.5, 3, 6.75, 3.375], "texture": "#0"},
				"south": {"uv": [3.5, 6.5, 3.75, 6.875], "texture": "#0"},
				"west": {"uv": [4, 6.5, 4.25, 6.875], "texture": "#0"},
				"up": {"uv": [6.25, 8.25, 6, 8], "texture": "#0"},
				"down": {"uv": [8.25, 6, 8, 6.25], "texture": "#0"}
			}
		},
		{
			"from": [7.825, 4.075, 9.75],
			"to": [8.325, 4.425, 9.85],
			"rotation": {"angle": 0, "axis": "y", "origin": [0, -5, 0]},
			"faces": {
				"north": {"uv": [9, 0, 9.25, 0.1875], "texture": "#0"},
				"east": {"uv": [10.5, 3, 10.5625, 3.1875], "texture": "#0"},
				"south": {"uv": [9, 0.5, 9.25, 0.6875], "texture": "#0"},
				"west": {"uv": [3.5, 10.5, 3.5625, 10.6875], "texture": "#0"},
				"up": {"uv": [8.25, 10.0625, 8, 10], "texture": "#0"},
				"down": {"uv": [10.25, 8, 10, 8.0625], "texture": "#0"}
			}
		},
		{
			"from": [5.7, 4.075, 9.15],
			"to": [6.2, 4.425, 9.25],
			"rotation": {"angle": 0, "axis": "y", "origin": [0, -5, 0]},
			"faces": {
				"north": {"uv": [8.5, 7, 8.75, 7.1875], "texture": "#0"},
				"east": {"uv": [10.5, 1.5, 10.5625, 1.6875], "texture": "#0"},
				"south": {"uv": [7.5, 8.5, 7.75, 8.6875], "texture": "#0"},
				"west": {"uv": [2, 10.5, 2.0625, 10.6875], "texture": "#0"},
				"up": {"uv": [5.75, 10.0625, 5.5, 10], "texture": "#0"},
				"down": {"uv": [10.25, 5.5, 10, 5.5625], "texture": "#0"}
			}
		},
		{
			"from": [5.7, 4.075, 9.75],
			"to": [6.2, 4.425, 9.85],
			"rotation": {"angle": 0, "axis": "y", "origin": [0, -5, 0]},
			"faces": {
				"north": {"uv": [8.5, 8, 8.75, 8.1875], "texture": "#0"},
				"east": {"uv": [10.5, 2.5, 10.5625, 2.6875], "texture": "#0"},
				"south": {"uv": [8.5, 8.5, 8.75, 8.6875], "texture": "#0"},
				"west": {"uv": [3, 10.5, 3.0625, 10.6875], "texture": "#0"},
				"up": {"uv": [7.75, 10.0625, 7.5, 10], "texture": "#0"},
				"down": {"uv": [10.25, 7.5, 10, 7.5625], "texture": "#0"}
			}
		},
		{
			"from": [5.7, 3.875, 9.25],
			"to": [6.2, 4.625, 9.75],
			"rotation": {"angle": 0, "axis": "y", "origin": [0, -5, 0]},
			"faces": {
				"north": {"uv": [5, 6.5, 5.25, 6.875], "texture": "#0"},
				"east": {"uv": [6.5, 5, 6.75, 5.375], "texture": "#0"},
				"south": {"uv": [5.5, 6.5, 5.75, 6.875], "texture": "#0"},
				"west": {"uv": [6, 6.5, 6.25, 6.875], "texture": "#0"},
				"up": {"uv": [8.75, 0.75, 8.5, 0.5], "texture": "#0"},
				"down": {"uv": [8.75, 1, 8.5, 1.25], "texture": "#0"}
			}
		},
		{
			"from": [7.575, 4.05, 9.25],
			"to": [7.825, 4.45, 9.75],
			"rotation": {"angle": 0, "axis": "y", "origin": [0, -5, 0]},
			"faces": {
				"north": {"uv": [9.5, 5, 9.625, 5.1875], "texture": "#0"},
				"east": {"uv": [8.5, 5.5, 8.75, 5.6875], "texture": "#0"},
				"south": {"uv": [5.5, 9.5, 5.625, 9.6875], "texture": "#0"},
				"west": {"uv": [6, 8.5, 6.25, 8.6875], "texture": "#0"},
				"up": {"uv": [7.625, 9.25, 7.5, 9], "texture": "#0"},
				"down": {"uv": [9.125, 7.5, 9, 7.75], "texture": "#0"}
			}
		},
		{
			"from": [6.2, 4.05, 9.25],
			"to": [6.45, 4.45, 9.75],
			"rotation": {"angle": 0, "axis": "y", "origin": [0, -5, 0]},
			"faces": {
				"north": {"uv": [9.5, 5.5, 9.625, 5.6875], "texture": "#0"},
				"east": {"uv": [8.5, 6, 8.75, 6.1875], "texture": "#0"},
				"south": {"uv": [6, 9.5, 6.125, 9.6875], "texture": "#0"},
				"west": {"uv": [6.5, 8.5, 6.75, 8.6875], "texture": "#0"},
				"up": {"uv": [8.125, 9.25, 8, 9], "texture": "#0"},
				"down": {"uv": [9.125, 8, 9, 8.25], "texture": "#0"}
			}
		},
		{
			"from": [8.325, 4, 9.25],
			"to": [8.825, 4.5, 9.75],
			"rotation": {"angle": 0, "axis": "y", "origin": [0, -5, 0]},
			"faces": {
				"north": {"uv": [6.5, 8, 6.75, 8.25], "texture": "#0"},
				"east": {"uv": [8, 6.5, 8.25, 6.75], "texture": "#0"},
				"south": {"uv": [7, 8, 7.25, 8.25], "texture": "#0"},
				"west": {"uv": [8, 7, 8.25, 7.25], "texture": "#0"},
				"up": {"uv": [7.75, 8.25, 7.5, 8], "texture": "#0"},
				"down": {"uv": [8.25, 7.5, 8, 7.75], "texture": "#0"}
			}
		},
		{
			"from": [8.325, 4.125, 9.15],
			"to": [8.825, 4.375, 9.25],
			"rotation": {"angle": 0, "axis": "y", "origin": [0, -5, 0]},
			"faces": {
				"north": {"uv": [8.5, 9, 8.75, 9.125], "texture": "#0"},
				"east": {"uv": [10.5, 8.5, 10.5625, 8.625], "texture": "#0"},
				"south": {"uv": [9, 8.5, 9.25, 8.625], "texture": "#0"},
				"west": {"uv": [9, 10.5, 9.0625, 10.625], "texture": "#0"},
				"up": {"uv": [5.25, 10.0625, 5, 10], "texture": "#0"},
				"down": {"uv": [10.25, 5, 10, 5.0625], "texture": "#0"}
			}
		},
		{
			"from": [8.325, 4.125, 9.75],
			"to": [8.825, 4.375, 9.85],
			"rotation": {"angle": 0, "axis": "y", "origin": [0, -5, 0]},
			"faces": {
				"north": {"uv": [9.5, 1.5, 9.75, 1.625], "texture": "#0"},
				"east": {"uv": [2.5, 11, 2.5625, 11.125], "texture": "#0"},
				"south": {"uv": [9.5, 2, 9.75, 2.125], "texture": "#0"},
				"west": {"uv": [11, 2.5, 11.0625, 2.625], "texture": "#0"},
				"up": {"uv": [8.75, 10.0625, 8.5, 10], "texture": "#0"},
				"down": {"uv": [10.25, 8.5, 10, 8.5625], "texture": "#0"}
			}
		},
		{
			"from": [5.2, 4.125, 9.15],
			"to": [5.7, 4.375, 9.25],
			"rotation": {"angle": 0, "axis": "y", "origin": [0, -5, 0]},
			"faces": {
				"north": {"uv": [9, 9, 9.25, 9.125], "texture": "#0"},
				"east": {"uv": [0.5, 11, 0.5625, 11.125], "texture": "#0"},
				"south": {"uv": [9.5, 0, 9.75, 0.125], "texture": "#0"},
				"west": {"uv": [11, 0.5, 11.0625, 0.625], "texture": "#0"},
				"up": {"uv": [6.75, 10.0625, 6.5, 10], "texture": "#0"},
				"down": {"uv": [10.25, 6.5, 10, 6.5625], "texture": "#0"}
			}
		},
		{
			"from": [5.2, 4.125, 9.75],
			"to": [5.7, 4.375, 9.85],
			"rotation": {"angle": 0, "axis": "y", "origin": [0, -5, 0]},
			"faces": {
				"north": {"uv": [9.5, 0.5, 9.75, 0.625], "texture": "#0"},
				"east": {"uv": [2, 11, 2.0625, 11.125], "texture": "#0"},
				"south": {"uv": [9.5, 1, 9.75, 1.125], "texture": "#0"},
				"west": {"uv": [11, 2, 11.0625, 2.125], "texture": "#0"},
				"up": {"uv": [7.25, 10.0625, 7, 10], "texture": "#0"},
				"down": {"uv": [10.25, 7, 10, 7.0625], "texture": "#0"}
			}
		},
		{
			"from": [7.825, 4.075, 9.15],
			"to": [8.325, 4.425, 9.25],
			"rotation": {"angle": 0, "axis": "y", "origin": [0, -5, 0]},
			"faces": {
				"north": {"uv": [8.5, 7.5, 8.75, 7.6875], "texture": "#0"},
				"east": {"uv": [10.5, 2, 10.5625, 2.1875], "texture": "#0"},
				"south": {"uv": [8, 8.5, 8.25, 8.6875], "texture": "#0"},
				"west": {"uv": [2.5, 10.5, 2.5625, 10.6875], "texture": "#0"},
				"up": {"uv": [6.25, 10.0625, 6, 10], "texture": "#0"},
				"down": {"uv": [10.25, 6, 10, 6.0625], "texture": "#0"}
			}
		},
		{
			"from": [5.2, 4, 9.25],
			"to": [5.7, 4.5, 9.75],
			"rotation": {"angle": 0, "axis": "y", "origin": [0, -5, 0]},
			"faces": {
				"north": {"uv": [8.5, 1.5, 8.75, 1.75], "texture": "#0"},
				"east": {"uv": [8.5, 2, 8.75, 2.25], "texture": "#0"},
				"south": {"uv": [8.5, 2.5, 8.75, 2.75], "texture": "#0"},
				"west": {"uv": [3, 8.5, 3.25, 8.75], "texture": "#0"},
				"up": {"uv": [8.75, 3.25, 8.5, 3], "texture": "#0"},
				"down": {"uv": [3.75, 8.5, 3.5, 8.75], "texture": "#0"}
			}
		},
		{
			"from": [8.825, 4.125, 9.25],
			"to": [9.325, 4.375, 9.75],
			"rotation": {"angle": 0, "axis": "y", "origin": [0, -5, 0]},
			"faces": {
				"north": {"uv": [5.5, 9, 5.75, 9.125], "texture": "#0"},
				"east": {"uv": [9, 5.5, 9.25, 5.625], "texture": "#0"},
				"south": {"uv": [6, 9, 6.25, 9.125], "texture": "#0"},
				"west": {"uv": [9, 6, 9.25, 6.125], "texture": "#0"},
				"up": {"uv": [8.25, 8.25, 8, 8], "texture": "#0"},
				"down": {"uv": [8.75, 0, 8.5, 0.25], "texture": "#0"}
			}
		},
		{
			"from": [4.95, 4.2, 9.75],
			"to": [5.2, 4.3, 9.85],
			"rotation": {"angle": 0, "axis": "y", "origin": [0, -5, 0]},
			"faces": {
				"north": {"uv": [10.5, 9, 10.625, 9.0625], "texture": "#0"},
				"east": {"uv": [5, 11, 5.0625, 11.0625], "texture": "#0"},
				"south": {"uv": [9.5, 10.5, 9.625, 10.5625], "texture": "#0"},
				"west": {"uv": [11, 5, 11.0625, 5.0625], "texture": "#0"},
				"up": {"uv": [10.625, 9.5625, 10.5, 9.5], "texture": "#0"},
				"down": {"uv": [10.125, 10.5, 10, 10.5625], "texture": "#0"}
			}
		},
		{
			"from": [4.95, 4.2, 9.15],
			"to": [5.2, 4.3, 9.25],
			"rotation": {"angle": 0, "axis": "y", "origin": [0, -5, 0]},
			"faces": {
				"north": {"uv": [1, 11, 1.125, 11.0625], "texture": "#0"},
				"east": {"uv": [6, 11, 6.0625, 11.0625], "texture": "#0"},
				"south": {"uv": [11, 1, 11.125, 1.0625], "texture": "#0"},
				"west": {"uv": [11, 6, 11.0625, 6.0625], "texture": "#0"},
				"up": {"uv": [1.625, 11.0625, 1.5, 11], "texture": "#0"},
				"down": {"uv": [11.125, 1.5, 11, 1.5625], "texture": "#0"}
			}
		},
		{
			"from": [8.825, 4.2, 9.15],
			"to": [9.075, 4.3, 9.25],
			"rotation": {"angle": 0, "axis": "y", "origin": [0, -5, 0]},
			"faces": {
				"north": {"uv": [10.5, 10, 10.625, 10.0625], "texture": "#0"},
				"east": {"uv": [5.5, 11, 5.5625, 11.0625], "texture": "#0"},
				"south": {"uv": [10.5, 10.5, 10.625, 10.5625], "texture": "#0"},
				"west": {"uv": [11, 5.5, 11.0625, 5.5625], "texture": "#0"},
				"up": {"uv": [0.125, 11.0625, 0, 11], "texture": "#0"},
				"down": {"uv": [11.125, 0, 11, 0.0625], "texture": "#0"}
			}
		},
		{
			"from": [8.825, 4.2, 9.75],
			"to": [9.075, 4.3, 9.85],
			"rotation": {"angle": 0, "axis": "y", "origin": [0, -5, 0]},
			"faces": {
				"north": {"uv": [3, 11, 3.125, 11.0625], "texture": "#0"},
				"east": {"uv": [6.5, 11, 6.5625, 11.0625], "texture": "#0"},
				"south": {"uv": [11, 3, 11.125, 3.0625], "texture": "#0"},
				"west": {"uv": [11, 6.5, 11.0625, 6.5625], "texture": "#0"},
				"up": {"uv": [3.625, 11.0625, 3.5, 11], "texture": "#0"},
				"down": {"uv": [11.125, 3.5, 11, 3.5625], "texture": "#0"}
			}
		},
		{
			"from": [4.7, 4.125, 9.25],
			"to": [5.2, 4.375, 9.75],
			"rotation": {"angle": 0, "axis": "y", "origin": [0, -5, 0]},
			"faces": {
				"north": {"uv": [6.5, 9, 6.75, 9.125], "texture": "#0"},
				"east": {"uv": [9, 6.5, 9.25, 6.625], "texture": "#0"},
				"south": {"uv": [7, 9, 7.25, 9.125], "texture": "#0"},
				"west": {"uv": [9, 7, 9.25, 7.125], "texture": "#0"},
				"up": {"uv": [8.75, 3.75, 8.5, 3.5], "texture": "#0"},
				"down": {"uv": [4.25, 8.5, 4, 8.75], "texture": "#0"}
			}
		},
		{
			"from": [6.25, 6.5, 9.35],
			"to": [7.75, 25.75, 9.6],
			"rotation": {"angle": 0, "axis": "y", "origin": [0, -5, 0]},
			"faces": {
				"north": {"uv": [0, 0, 0.75, 9.625], "texture": "#0"},
				"east": {"uv": [2, 0, 2.125, 9.625], "texture": "#0"},
				"south": {"uv": [1, 0, 1.75, 9.625], "texture": "#0"},
				"west": {"uv": [2.5, 0, 2.625, 9.625], "texture": "#0"},
				"up": {"uv": [6.25, 5.125, 5.5, 5], "texture": "#0"},
				"down": {"uv": [6.75, 0, 6, 0.125], "texture": "#0"}
			}
		},
		{
			"from": [6.25, 25.75, 9.35],
			"to": [7.75, 26, 9.6],
			"rotation": {"angle": 0, "axis": "y", "origin": [0, -5, 0]},
			"faces": {
				"north": {"uv": [3.5, 6, 4.25, 6.125], "texture": "#0"},
				"east": {"uv": [9.5, 6.5, 9.625, 6.625], "texture": "#0"},
				"south": {"uv": [6, 3.5, 6.75, 3.625], "texture": "#0"},
				"west": {"uv": [7, 9.5, 7.125, 9.625], "texture": "#0"},
				"up": {"uv": [6.75, 4.125, 6, 4], "texture": "#0"},
				"down": {"uv": [6.75, 4.5, 6, 4.625], "texture": "#0"}
			}
		},
		{
			"from": [7.75, 25.25, 9.35],
			"to": [7.875, 25.75, 9.6],
			"rotation": {"angle": 0, "axis": "y", "origin": [0, -5, 0]},
			"faces": {
				"north": {"uv": [0, 10, 0.0625, 10.25], "texture": "#0"},
				"east": {"uv": [4.5, 9, 4.625, 9.25], "texture": "#0"},
				"south": {"uv": [10, 0, 10.0625, 0.25], "texture": "#0"},
				"west": {"uv": [9, 4.5, 9.125, 4.75], "texture": "#0"},
				"up": {"uv": [10.5625, 4.625, 10.5, 4.5], "texture": "#0"},
				"down": {"uv": [5.0625, 10.5, 5, 10.625], "texture": "#0"}
			}
		},
		{
			"from": [6.125, 25.25, 9.35],
			"to": [6.25, 25.75, 9.6],
			"rotation": {"angle": 0, "axis": "y", "origin": [0, -5, 0]},
			"faces": {
				"north": {"uv": [0.5, 10, 0.5625, 10.25], "texture": "#0"},
				"east": {"uv": [5, 9, 5.125, 9.25], "texture": "#0"},
				"south": {"uv": [10, 0.5, 10.0625, 0.75], "texture": "#0"},
				"west": {"uv": [9, 5, 9.125, 5.25], "texture": "#0"},
				"up": {"uv": [10.5625, 5.125, 10.5, 5], "texture": "#0"},
				"down": {"uv": [5.5625, 10.5, 5.5, 10.625], "texture": "#0"}
			}
		},
		{
			"from": [6.375, 26, 9.35],
			"to": [7.625, 26.25, 9.6],
			"rotation": {"angle": 0, "axis": "y", "origin": [0, -5, 0]},
			"faces": {
				"north": {"uv": [7, 4, 7.625, 4.125], "texture": "#0"},
				"east": {"uv": [9.5, 7, 9.625, 7.125], "texture": "#0"},
				"south": {"uv": [7, 4.5, 7.625, 4.625], "texture": "#0"},
				"west": {"uv": [7.5, 9.5, 7.625, 9.625], "texture": "#0"},
				"up": {"uv": [5.625, 7.125, 5, 7], "texture": "#0"},
				"down": {"uv": [7.625, 5, 7, 5.125], "texture": "#0"}
			}
		},
		{
			"from": [6.5, 26.25, 9.35],
			"to": [7.5, 26.5, 9.6],
			"rotation": {"angle": 0, "axis": "y", "origin": [0, -5, 0]},
			"faces": {
				"north": {"uv": [3.5, 8, 4, 8.125], "texture": "#0"},
				"east": {"uv": [9.5, 7.5, 9.625, 7.625], "texture": "#0"},
				"south": {"uv": [8, 3.5, 8.5, 3.625], "texture": "#0"},
				"west": {"uv": [8, 9.5, 8.125, 9.625], "texture": "#0"},
				"up": {"uv": [4.5, 8.125, 4, 8], "texture": "#0"},
				"down": {"uv": [8.5, 4, 8, 4.125], "texture": "#0"}
			}
		},
		{
			"from": [6.625, 26.5, 9.35],
			"to": [7.375, 26.75, 9.6],
			"rotation": {"angle": 0, "axis": "y", "origin": [0, -5, 0]},
			"faces": {
				"north": {"uv": [8.5, 4.5, 8.875, 4.625], "texture": "#0"},
				"east": {"uv": [9.5, 8, 9.625, 8.125], "texture": "#0"},
				"south": {"uv": [5, 8.5, 5.375, 8.625], "texture": "#0"},
				"west": {"uv": [8.5, 9.5, 8.625, 9.625], "texture": "#0"},
				"up": {"uv": [8.875, 5.125, 8.5, 5], "texture": "#0"},
				"down": {"uv": [5.875, 8.5, 5.5, 8.625], "texture": "#0"}
			}
		},
		{
			"from": [6.75, 26.75, 9.35],
			"to": [7.25, 27, 9.6],
			"rotation": {"angle": 0, "axis": "y", "origin": [0, -5, 0]},
			"faces": {
				"north": {"uv": [3, 9, 3.25, 9.125], "texture": "#0"},
				"east": {"uv": [9.5, 8.5, 9.625, 8.625], "texture": "#0"},
				"south": {"uv": [9, 3, 9.25, 3.125], "texture": "#0"},
				"west": {"uv": [9, 9.5, 9.125, 9.625], "texture": "#0"},
				"up": {"uv": [3.75, 9.125, 3.5, 9], "texture": "#0"},
				"down": {"uv": [9.25, 3.5, 9, 3.625], "texture": "#0"}
			}
		},
		{
			"from": [6.75, 4, 9.6],
			"to": [7.25, 5, 9.85],
			"rotation": {"angle": 0, "axis": "y", "origin": [0, -5, 0]},
			"faces": {
				"north": {"uv": [5, 5, 5.25, 5.5], "texture": "#0"},
				"east": {"uv": [4.5, 8, 4.625, 8.5], "texture": "#0"},
				"south": {"uv": [5.5, 0, 5.75, 0.5], "texture": "#0"},
				"west": {"uv": [8, 4.5, 8.125, 5], "texture": "#0"},
				"up": {"uv": [4.25, 9.125, 4, 9], "texture": "#0"},
				"down": {"uv": [9.25, 4, 9, 4.125], "texture": "#0"}
			}
		},
		{
			"from": [6.625, 5, 9.6],
			"to": [7.375, 5.5, 9.85],
			"rotation": {"angle": 0, "axis": "y", "origin": [0, -5, 0]},
			"faces": {
				"north": {"uv": [6.5, 6.5, 6.875, 6.75], "texture": "#0"},
				"east": {"uv": [9.5, 2.5, 9.625, 2.75], "texture": "#0"},
				"south": {"uv": [7, 0, 7.375, 0.25], "texture": "#0"},
				"west": {"uv": [3, 9.5, 3.125, 9.75], "texture": "#0"},
				"up": {"uv": [9.375, 1.125, 9, 1], "texture": "#0"},
				"down": {"uv": [9.375, 1.5, 9, 1.625], "texture": "#0"}
			}
		},
		{
			"from": [6.75, 5.5, 9.6],
			"to": [7.25, 6, 9.85],
			"rotation": {"angle": 0, "axis": "y", "origin": [0, -5, 0]},
			"faces": {
				"north": {"uv": [8.5, 4, 8.75, 4.25], "texture": "#0"},
				"east": {"uv": [9.5, 3, 9.625, 3.25], "texture": "#0"},
				"south": {"uv": [4.5, 8.5, 4.75, 8.75], "texture": "#0"},
				"west": {"uv": [3.5, 9.5, 3.625, 9.75], "texture": "#0"},
				"up": {"uv": [9.75, 3.625, 9.5, 3.5], "texture": "#0"},
				"down": {"uv": [4.25, 9.5, 4, 9.625], "texture": "#0"}
			}
		},
		{
			"from": [6.815, 6, 9.6],
			"to": [7.19, 10.5, 9.85],
			"rotation": {"angle": 0, "axis": "y", "origin": [0, -5, 0]},
			"faces": {
				"north": {"uv": [4, 0, 4.1875, 2.25], "texture": "#0"},
				"east": {"uv": [4.5, 2, 4.625, 4.25], "texture": "#0"},
				"south": {"uv": [4, 2.5, 4.1875, 4.75], "texture": "#0"},
				"west": {"uv": [4.5, 4.5, 4.625, 6.75], "texture": "#0"},
				"up": {"uv": [9.6875, 6.125, 9.5, 6], "texture": "#0"},
				"down": {"uv": [6.6875, 9.5, 6.5, 9.625], "texture": "#0"}
			}
		},
		{
			"from": [6.875, 10.5, 9.6],
			"to": [7.125, 10.75, 9.85],
			"rotation": {"angle": 0, "axis": "y", "origin": [0, -5, 0]},
			"faces": {
				"north": {"uv": [9, 10, 9.125, 10.125], "texture": "#0"},
				"east": {"uv": [10, 9, 10.125, 9.125], "texture": "#0"},
				"south": {"uv": [9.5, 10, 9.625, 10.125], "texture": "#0"},
				"west": {"uv": [10, 9.5, 10.125, 9.625], "texture": "#0"},
				"up": {"uv": [10.125, 10.125, 10, 10], "texture": "#0"},
				"down": {"uv": [0.125, 10.5, 0, 10.625], "texture": "#0"}
			}
		},
		{
			"from": [6.8, 4.075, 9.85],
			"to": [7.2, 4.475, 9.975],
			"rotation": {"angle": 0, "axis": "y", "origin": [0, -5, 0]},
			"faces": {
				"north": {"uv": [9, 2, 9.1875, 2.1875], "texture": "#0"},
				"east": {"uv": [10.5, 3.5, 10.5625, 3.6875], "texture": "#0"},
				"south": {"uv": [9, 2.5, 9.1875, 2.6875], "texture": "#0"},
				"west": {"uv": [4, 10.5, 4.0625, 10.6875], "texture": "#0"},
				"up": {"uv": [10.6875, 4.0625, 10.5, 4], "texture": "#0"},
				"down": {"uv": [4.6875, 10.5, 4.5, 10.5625], "texture": "#0"}
			}
		},
		{
			"from": [7.875, 5.25, 9.35],
			"to": [8, 5.625, 9.6],
			"rotation": {"angle": 0, "axis": "y", "origin": [0, -5, 0]},
			"faces": {
				"north": {"uv": [10.5, 0, 10.5625, 0.1875], "texture": "#0"},
				"east": {"uv": [9.5, 4, 9.625, 4.1875], "texture": "#0"},
				"south": {"uv": [0.5, 10.5, 0.5625, 10.6875], "texture": "#0"},
				"west": {"uv": [4.5, 9.5, 4.625, 9.6875], "texture": "#0"},
				"up": {"uv": [10.5625, 5.625, 10.5, 5.5], "texture": "#0"},
				"down": {"uv": [6.0625, 10.5, 6, 10.625], "texture": "#0"}
			}
		},
		{
			"from": [6, 5.25, 9.35],
			"to": [6.125, 5.625, 9.6],
			"rotation": {"angle": 0, "axis": "y", "origin": [0, -5, 0]},
			"faces": {
				"north": {"uv": [10.5, 0.5, 10.5625, 0.6875], "texture": "#0"},
				"east": {"uv": [9.5, 4.5, 9.625, 4.6875], "texture": "#0"},
				"south": {"uv": [1, 10.5, 1.0625, 10.6875], "texture": "#0"},
				"west": {"uv": [5, 9.5, 5.125, 9.6875], "texture": "#0"},
				"up": {"uv": [10.5625, 7.125, 10.5, 7], "texture": "#0"},
				"down": {"uv": [7.5625, 10.5, 7.5, 10.625], "texture": "#0"}
			}
		},
		{
			"from": [8, 5.5, 9.35],
			"to": [8.125, 5.625, 9.6],
			"rotation": {"angle": 0, "axis": "y", "origin": [0, -5, 0]},
			"faces": {
				"north": {"uv": [4, 11, 4.0625, 11.0625], "texture": "#0"},
				"east": {"uv": [10.5, 6, 10.625, 6.0625], "texture": "#0"},
				"south": {"uv": [11, 4, 11.0625, 4.0625], "texture": "#0"},
				"west": {"uv": [6.5, 10.5, 6.625, 10.5625], "texture": "#0"},
				"up": {"uv": [10.5625, 6.625, 10.5, 6.5], "texture": "#0"},
				"down": {"uv": [7.0625, 10.5, 7, 10.625], "texture": "#0"}
			}
		},
		{
			"from": [5.875, 5.5, 9.35],
			"to": [6, 5.625, 9.6],
			"rotation": {"angle": 0, "axis": "y", "origin": [0, -5, 0]},
			"faces": {
				"north": {"uv": [4.5, 11, 4.5625, 11.0625], "texture": "#0"},
				"east": {"uv": [10.5, 7.5, 10.625, 7.5625], "texture": "#0"},
				"south": {"uv": [11, 4.5, 11.0625, 4.5625], "texture": "#0"},
				"west": {"uv": [8, 10.5, 8.125, 10.5625], "texture": "#0"},
				"up": {"uv": [10.5625, 8.125, 10.5, 8], "texture": "#0"},
				"down": {"uv": [8.5625, 10.5, 8.5, 10.625], "texture": "#0"}
			}
		},
		{
			"from": [6.375, 6.25, 9.35],
			"to": [7.625, 6.5, 9.6],
			"rotation": {"angle": 0, "axis": "y", "origin": [0, -5, 0]},
			"faces": {
				"north": {"uv": [7, 5.5, 7.625, 5.625], "texture": "#0"},
				"east": {"uv": [9.5, 9, 9.625, 9.125], "texture": "#0"},
				"south": {"uv": [6, 7, 6.625, 7.125], "texture": "#0"},
				"west": {"uv": [9.5, 9.5, 9.625, 9.625], "texture": "#0"},
				"up": {"uv": [7.625, 6.125, 7, 6], "texture": "#0"},
				"down": {"uv": [7.625, 6.5, 7, 6.625], "texture": "#0"}
			}
		},
		{
			"from": [6.5, 6, 9.35],
			"to": [7.5, 6.25, 9.6],
			"rotation": {"angle": 0, "axis": "y", "origin": [0, -5, 0]},
			"faces": {
				"north": {"uv": [5, 8, 5.5, 8.125], "texture": "#0"},
				"east": {"uv": [1, 10, 1.125, 10.125], "texture": "#0"},
				"south": {"uv": [8, 5, 8.5, 5.125], "texture": "#0"},
				"west": {"uv": [10, 1, 10.125, 1.125], "texture": "#0"},
				"up": {"uv": [6, 8.125, 5.5, 8], "texture": "#0"},
				"down": {"uv": [8.5, 5.5, 8, 5.625], "texture": "#0"}
			}
		},
		{
			"from": [6.375, 5.75, 9.35],
			"to": [7.625, 6, 9.6],
			"rotation": {"angle": 0, "axis": "y", "origin": [0, -5, 0]},
			"faces": {
				"north": {"uv": [7, 7, 7.625, 7.125], "texture": "#0"},
				"east": {"uv": [1.5, 10, 1.625, 10.125], "texture": "#0"},
				"south": {"uv": [7.5, 0, 8.125, 0.125], "texture": "#0"},
				"west": {"uv": [10, 1.5, 10.125, 1.625], "texture": "#0"},
				"up": {"uv": [8.125, 0.625, 7.5, 0.5], "texture": "#0"},
				"down": {"uv": [8.125, 1, 7.5, 1.125], "texture": "#0"}
			}
		},
		{
			"from": [6.25, 5.5, 9.35],
			"to": [7.75, 5.75, 9.6],
			"rotation": {"angle": 0, "axis": "y", "origin": [0, -5, 0]},
			"faces": {
				"north": {"uv": [5, 6, 5.75, 6.125], "texture": "#0"},
				"east": {"uv": [2, 10, 2.125, 10.125], "texture": "#0"},
				"south": {"uv": [6, 5.5, 6.75, 5.625], "texture": "#0"},
				"west": {"uv": [10, 2, 10.125, 2.125], "texture": "#0"},
				"up": {"uv": [6.75, 6.125, 6, 6], "texture": "#0"},
				"down": {"uv": [7.25, 0.5, 6.5, 0.625], "texture": "#0"}
			}
		},
		{
			"from": [6.125, 5.25, 9.35],
			"to": [7.875, 5.5, 9.6],
			"rotation": {"angle": 0, "axis": "y", "origin": [0, -5, 0]},
			"faces": {
				"north": {"uv": [5.5, 0.5, 6.375, 0.625], "texture": "#0"},
				"east": {"uv": [2.5, 10, 2.625, 10.125], "texture": "#0"},
				"south": {"uv": [5.5, 1, 6.375, 1.125], "texture": "#0"},
				"west": {"uv": [10, 2.5, 10.125, 2.625], "texture": "#0"},
				"up": {"uv": [6.375, 1.625, 5.5, 1.5], "texture": "#0"},
				"down": {"uv": [6.375, 2, 5.5, 2.125], "texture": "#0"}
			}
		},
		{
			"from": [6.125, 5, 9.35],
			"to": [7.875, 5.25, 9.6],
			"rotation": {"angle": 0, "axis": "y", "origin": [0, -5, 0]},
			"faces": {
				"north": {"uv": [5.5, 2.5, 6.375, 2.625], "texture": "#0"},
				"east": {"uv": [3, 10, 3.125, 10.125], "texture": "#0"},
				"south": {"uv": [3, 5.5, 3.875, 5.625], "texture": "#0"},
				"west": {"uv": [10, 3, 10.125, 3.125], "texture": "#0"},
				"up": {"uv": [6.375, 3.125, 5.5, 3], "texture": "#0"},
				"down": {"uv": [5.875, 5.5, 5, 5.625], "texture": "#0"}
			}
		},
		{
			"from": [6.25, 4.75, 9.35],
			"to": [7.75, 5, 9.6],
			"rotation": {"angle": 0, "axis": "y", "origin": [0, -5, 0]},
			"faces": {
				"north": {"uv": [6.5, 1, 7.25, 1.125], "texture": "#0"},
				"east": {"uv": [3.5, 10, 3.625, 10.125], "texture": "#0"},
				"south": {"uv": [6.5, 1.5, 7.25, 1.625], "texture": "#0"},
				"west": {"uv": [10, 3.5, 10.125, 3.625], "texture": "#0"},
				"up": {"uv": [7.25, 2.125, 6.5, 2], "texture": "#0"},
				"down": {"uv": [7.25, 2.5, 6.5, 2.625], "texture": "#0"}
			}
		},
		{
			"from": [6.375, 4.5, 9.35],
			"to": [7.625, 4.75, 9.6],
			"rotation": {"angle": 0, "axis": "y", "origin": [0, -5, 0]},
			"faces": {
				"north": {"uv": [7.5, 1.5, 8.125, 1.625], "texture": "#0"},
				"east": {"uv": [4, 10, 4.125, 10.125], "texture": "#0"},
				"south": {"uv": [7.5, 2, 8.125, 2.125], "texture": "#0"},
				"west": {"uv": [10, 4, 10.125, 4.125], "texture": "#0"},
				"up": {"uv": [8.125, 2.625, 7.5, 2.5], "texture": "#0"},
				"down": {"uv": [3.625, 7.5, 3, 7.625], "texture": "#0"}
			}
		}
	],
	"display": {
		"thirdperson_righthand": {
			"rotation": [0, 90, 0],
			"translation": [-1.25, 4.5, 0.5]
		},
		"thirdperson_lefthand": {
			"rotation": [0, 90, 0],
			"translation": [-1.25, 4.75, 2.25]
		},
		"firstperson_righthand": {
			"rotation": [-20, -93, -4],
			"translation": [2.75, 5.25, 0.25]
		},
		"firstperson_lefthand": {
			"rotation": [0, -110, 30],
			"translation": [3.5, 5.5, 0]
		},
		"ground": {
			"translation": [4.75, 6, 0]
		},
		"gui": {
			"rotation": [0, 0, 43],
			"translation": [1.5, -1.25, 0],
			"scale": [0.75, 0.75, 0.75]
		},
		"head": {
			"rotation": [0, 0, 126],
			"translation": [0, -11.5, 3.25]
		},
		"fixed": {
			"rotation": [0, 0, -48],
			"translation": [0, 0, -2.75]
		}
	},
	"groups": [
		0,
		1,
		2,
		3,
		4,
		5,
		6,
		7,
		8,
		9,
		10,
		11,
		12,
		13,
		14,
		15,
		16,
		17,
		18,
		19,
		20,
		21,
		22,
		23,
		24,
		25,
		26,
		27,
		28,
		29,
		30,
		31,
		32,
		33,
		34,
		35,
		36,
		37,
		38,
		39,
		40,
		41,
		42,
		43,
		44,
		45,
		46,
		47,
		48,
		49,
		50,
		{
			"name": "group",
			"origin": [0, 0, 0],
			"color": 0,
			"children": []
		}
	]
}