{
    "parent": "item/generated",
    "textures": {
        "layer0": "item/netherite_axe"
    },



    "overrides": [
    {"predicate": {"custom_model_data":1}, "model": "item/legend/legende1"},
    {"predicate": {"custom_model_data":2}, "model": "item/legend/legende2"},
    {"predicate": {"custom_model_data":3}, "model": "item/legend/legende3"},
    {"predicate": {"custom_model_data":4}, "model": "item/legend/legende4"},
    {"predicate": {"custom_model_data":5}, "model": "item/legend/legende5"},
    {"predicate": {"custom_model_data":6}, "model": "item/legend/legende6"},
    {"predicate": {"custom_model_data":7}, "model": "item/legend/legende7"}

    ]
}