{
	"credit": "Made with Blockbench",
	"textures": {
		"0": "po1",
		"1": "block/po2",
		"particle": "po1"
	},
	"elements": [
		{
			"from": [9, 0, 5],
			"to": [9.5, 3, 9],
			"faces": {
				"north": {"uv": [5, 0, 6, 3], "texture": "#0"},
				"east": {"uv": [0, 0, 4, 3], "texture": "#0"},
				"south": {"uv": [5, 3, 6, 6], "texture": "#0"},
				"west": {"uv": [0, 3, 4, 6], "texture": "#0"},
				"up": {"uv": [5, 4, 4, 0], "texture": "#0"},
				"down": {"uv": [5, 4, 4, 8], "texture": "#0"}
			}
		},
		{
			"from": [7.125, 4.5, 6.625],
			"to": [7.875, 18.5, 7.375],
			"faces": {
				"north": {"uv": [0, 0, 1, 14], "texture": "#1"},
				"east": {"uv": [1, 0, 2, 14], "texture": "#1"},
				"south": {"uv": [2, 0, 3, 14], "texture": "#1"},
				"west": {"uv": [3, 0, 4, 14], "texture": "#1"},
				"up": {"uv": [5, 1, 4, 0], "texture": "#1"},
				"down": {"uv": [5, 1, 4, 2], "texture": "#1"}
			}
		},
		{
			"from": [5.5, 0, 5],
			"to": [6, 3, 9],
			"faces": {
				"north": {"uv": [0, 0, 0.5, 3], "texture": "#0"},
				"east": {"uv": [0, 0, 4, 3], "texture": "#0"},
				"south": {"uv": [0, 0, 0.5, 3], "texture": "#0"},
				"west": {"uv": [0, 0, 4, 3], "texture": "#0"},
				"up": {"uv": [0, 0, 0.5, 4], "texture": "#0"},
				"down": {"uv": [0, 0, 0.5, 4], "texture": "#0"}
			}
		},
		{
			"from": [6, 0, 5],
			"to": [9, 3, 5.5],
			"faces": {
				"north": {"uv": [0, 0, 3, 3], "texture": "#0"},
				"east": {"uv": [0, 0, 0.5, 3], "texture": "#0"},
				"south": {"uv": [0, 0, 3, 3], "texture": "#0"},
				"west": {"uv": [0, 0, 0.5, 3], "texture": "#0"},
				"up": {"uv": [0, 0, 3, 0.5], "texture": "#0"},
				"down": {"uv": [0, 0, 3, 0.5], "texture": "#0"}
			}
		},
		{
			"from": [7, 18.5, 6.5],
			"to": [8, 19.5, 7.5],
			"faces": {
				"north": {"uv": [9, 1, 10, 2], "texture": "#0"},
				"east": {"uv": [9, 1, 10, 2], "texture": "#0"},
				"south": {"uv": [9, 1, 10, 2], "texture": "#0"},
				"west": {"uv": [9, 1, 10, 2], "texture": "#0"},
				"up": {"uv": [9, 1, 10, 2], "texture": "#0"},
				"down": {"uv": [9, 1, 10, 2], "texture": "#0"}
			}
		},
		{
			"from": [7, 3.5, 6.5],
			"to": [8, 4.5, 7.5],
			"faces": {
				"north": {"uv": [9, 1, 10, 2], "texture": "#0"},
				"east": {"uv": [9, 1, 10, 2], "texture": "#0"},
				"south": {"uv": [9, 1, 10, 2], "texture": "#0"},
				"west": {"uv": [9, 1, 10, 2], "texture": "#0"},
				"up": {"uv": [9, 1, 10, 2], "texture": "#0"},
				"down": {"uv": [9, 1, 10, 2], "texture": "#0"}
			}
		},
		{
			"from": [7.75, 19.5, 6.875],
			"to": [8, 20, 7.125],
			"faces": {
				"north": {"uv": [9, 1, 9.25, 1.5], "texture": "#0"},
				"east": {"uv": [9, 1, 9.25, 1.5], "texture": "#0"},
				"south": {"uv": [9, 1, 9.25, 1.5], "texture": "#0"},
				"west": {"uv": [9, 1, 9.25, 1.5], "texture": "#0"},
				"up": {"uv": [9, 1, 9.25, 1.25], "texture": "#0"},
				"down": {"uv": [9, 1, 9.25, 1.25], "texture": "#0"}
			}
		},
		{
			"from": [7, 19.5, 6.875],
			"to": [7.25, 20, 7.125],
			"faces": {
				"north": {"uv": [9, 1, 9.25, 1.5], "texture": "#0"},
				"east": {"uv": [9, 1, 9.25, 1.5], "texture": "#0"},
				"south": {"uv": [9, 1, 9.25, 1.5], "texture": "#0"},
				"west": {"uv": [9, 1, 9.25, 1.5], "texture": "#0"},
				"up": {"uv": [9, 1, 9.25, 1.25], "texture": "#0"},
				"down": {"uv": [9, 1, 9.25, 1.25], "texture": "#0"}
			}
		},
		{
			"from": [7, 20, 6.875],
			"to": [8, 20.25, 7.125],
			"faces": {
				"north": {"uv": [9, 1, 10, 1.25], "texture": "#0"},
				"east": {"uv": [9, 1, 9.25, 1.25], "texture": "#0"},
				"south": {"uv": [9, 1, 10, 1.25], "texture": "#0"},
				"west": {"uv": [9, 1, 9.25, 1.25], "texture": "#0"},
				"up": {"uv": [9, 1, 10, 1.25], "texture": "#0"},
				"down": {"uv": [9, 1, 10, 1.25], "texture": "#0"}
			}
		},
		{
			"from": [6, 3, 6],
			"to": [6.5, 3.5, 8],
			"faces": {
				"north": {"uv": [0, 0, 0.5, 0.5], "texture": "#0"},
				"east": {"uv": [0, 0, 2, 0.5], "texture": "#0"},
				"south": {"uv": [0, 0, 0.5, 0.5], "texture": "#0"},
				"west": {"uv": [0, 0, 2, 0.5], "texture": "#0"},
				"up": {"uv": [0, 0, 0.5, 2], "texture": "#0"},
				"down": {"uv": [0, 0, 0.5, 2], "texture": "#0"}
			}
		},
		{
			"from": [6, 0, 8.5],
			"to": [9, 3, 9],
			"faces": {
				"north": {"uv": [0, 0, 3, 3], "texture": "#0"},
				"east": {"uv": [0, 0, 0.5, 3], "texture": "#0"},
				"south": {"uv": [0, 0, 3, 3], "texture": "#0"},
				"west": {"uv": [0, 0, 0.5, 3], "texture": "#0"},
				"up": {"uv": [0, 0, 3, 0.5], "texture": "#0"},
				"down": {"uv": [0, 0, 3, 0.5], "texture": "#0"}
			}
		},
		{
			"from": [6, 3, 8],
			"to": [9, 3.5, 8.5],
			"faces": {
				"north": {"uv": [0, 0, 3, 0.5], "texture": "#0"},
				"east": {"uv": [0, 0, 0.5, 0.5], "texture": "#0"},
				"south": {"uv": [0, 0, 3, 0.5], "texture": "#0"},
				"west": {"uv": [0, 0, 0.5, 0.5], "texture": "#0"},
				"up": {"uv": [0, 0, 3, 0.5], "texture": "#0"},
				"down": {"uv": [0, 0, 3, 0.5], "texture": "#0"}
			}
		},
		{
			"from": [6, 3, 5.5],
			"to": [9, 3.5, 6],
			"faces": {
				"north": {"uv": [0, 0, 3, 0.5], "texture": "#0"},
				"east": {"uv": [0, 0, 0.5, 0.5], "texture": "#0"},
				"south": {"uv": [0, 0, 3, 0.5], "texture": "#0"},
				"west": {"uv": [0, 0, 0.5, 0.5], "texture": "#0"},
				"up": {"uv": [0, 0, 3, 0.5], "texture": "#0"},
				"down": {"uv": [0, 0, 3, 0.5], "texture": "#0"}
			}
		},
		{
			"from": [6.5, 3, 6],
			"to": [9, 3.5, 8],
			"faces": {
				"north": {"uv": [0, 0, 2.5, 0.5], "texture": "#0"},
				"east": {"uv": [0, 0, 2, 0.5], "texture": "#0"},
				"south": {"uv": [0, 0, 2.5, 0.5], "texture": "#0"},
				"west": {"uv": [0, 0, 2, 0.5], "texture": "#0"},
				"up": {"uv": [0, 0, 2.5, 2], "texture": "#0"},
				"down": {"uv": [0, 0, 2.5, 2], "texture": "#0"}
			}
		},
		{
			"from": [5.5, 0, 4.75],
			"to": [9.5, 0.25, 5],
			"faces": {
				"north": {"uv": [0, 0, 4, 0.25], "texture": "#0"},
				"east": {"uv": [0, 0, 0.25, 0.25], "texture": "#0"},
				"south": {"uv": [0, 0, 4, 0.25], "texture": "#0"},
				"west": {"uv": [0, 0, 0.25, 0.25], "texture": "#0"},
				"up": {"uv": [0, 0, 4, 0.25], "texture": "#0"},
				"down": {"uv": [0, 0, 4, 0.25], "texture": "#0"}
			}
		},
		{
			"from": [5.5, 0, 9],
			"to": [9.5, 0.25, 9.25],
			"faces": {
				"north": {"uv": [0, 0, 4, 0.25], "texture": "#0"},
				"east": {"uv": [0, 0, 0.25, 0.25], "texture": "#0"},
				"south": {"uv": [0, 0, 4, 0.25], "texture": "#0"},
				"west": {"uv": [0, 0, 0.25, 0.25], "texture": "#0"},
				"up": {"uv": [0, 0, 4, 0.25], "texture": "#0"},
				"down": {"uv": [0, 0, 4, 0.25], "texture": "#0"}
			}
		},
		{
			"from": [5.25, 0, 4.75],
			"to": [5.5, 0.25, 9.25],
			"faces": {
				"north": {"uv": [0, 0, 0.25, 0.25], "texture": "#0"},
				"east": {"uv": [0, 0, 4.5, 0.25], "texture": "#0"},
				"south": {"uv": [0, 0, 0.25, 0.25], "texture": "#0"},
				"west": {"uv": [0, 0, 4.5, 0.25], "texture": "#0"},
				"up": {"uv": [0, 0, 0.25, 4.5], "texture": "#0"},
				"down": {"uv": [0, 0, 0.25, 4.5], "texture": "#0"}
			}
		},
		{
			"from": [9.5, 0, 4.75],
			"to": [9.75, 0.25, 9.25],
			"faces": {
				"north": {"uv": [0, 0, 0.25, 0.25], "texture": "#0"},
				"east": {"uv": [0, 0, 4.5, 0.25], "texture": "#0"},
				"south": {"uv": [0, 0, 0.25, 0.25], "texture": "#0"},
				"west": {"uv": [0, 0, 4.5, 0.25], "texture": "#0"},
				"up": {"uv": [0, 0, 0.25, 4.5], "texture": "#0"},
				"down": {"uv": [0, 0, 0.25, 4.5], "texture": "#0"}
			}
		}
	],
	"display": {
		"thirdperson_righthand": {
			"rotation": [0, 0, -180],
			"translation": [-0.25, 6.5, 2.5]
		},
		"thirdperson_lefthand": {
			"rotation": [0, 0, -180],
			"translation": [0, 4.75, 2.5]
		},
		"firstperson_righthand": {
			"rotation": [-16, 0, -155],
			"translation": [0, 7.75, 0]
		},
		"firstperson_lefthand": {
			"rotation": [-16, 0, -180],
			"translation": [3, 3, 0.5]
		},
		"ground": {
			"translation": [0, 4.25, 0]
		},
		"gui": {
			"rotation": [0, -24, 37]
		},
		"head": {
			"translation": [0, 14.5, 0]
		},
		"fixed": {
			"translation": [0, 0, -0.75]
		}
	},
	"groups": [
		0,
		1,
		2,
		3,
		4,
		5,
		6,
		7,
		8,
		{
			"name": "group",
			"origin": [0, 0, 0],
			"color": 0,
			"children": [9, 10, 11, 12, 13, 14, 15, 16, 17]
		}
	]
}