{
	"credit": "Made with Blockbench",
	"texture_size": [128, 128],
	"textures": {
		"1": "block/qoocolor"
	},
	"elements": [
		{
			"from": [18, 0, 2],
			"to": [23, 5, 14],
			"rotation": {"angle": 0, "axis": "y", "origin": [7, 0, 0]},
			"faces": {
				"north": {"uv": [5.75, 3, 6.375, 3.625], "texture": "#1"},
				"east": {"uv": [3, 4.25, 4.5, 4.875], "texture": "#1"},
				"south": {"uv": [6.125, 0, 6.75, 0.625], "texture": "#1"},
				"west": {"uv": [4.25, 3, 5.75, 3.625], "texture": "#1"},
				"up": {"uv": [5.125, 5.125, 4.5, 3.625], "texture": "#1"},
				"down": {"uv": [3.625, 4.875, 3, 6.375], "texture": "#1"}
			}
		},
		{
			"from": [23, 1, 2],
			"to": [24, 5, 14],
			"rotation": {"angle": 0, "axis": "y", "origin": [7, 0, 0]},
			"faces": {
				"north": {"uv": [0.75, 7.375, 0.875, 7.875], "texture": "#1"},
				"east": {"uv": [1.5, 5, 3, 5.5], "texture": "#1"},
				"south": {"uv": [2.25, 7.375, 2.375, 7.875], "texture": "#1"},
				"west": {"uv": [3.625, 5.125, 5.125, 5.625], "texture": "#1"},
				"up": {"uv": [3.5, 7.875, 3.375, 6.375], "texture": "#1"},
				"down": {"uv": [3.625, 6.375, 3.5, 7.875], "texture": "#1"}
			}
		},
		{
			"from": [24, 2, 3],
			"to": [25, 4, 13],
			"rotation": {"angle": 0, "axis": "y", "origin": [7, 0, 0]},
			"faces": {
				"north": {"uv": [1.375, 2.75, 1.5, 3], "texture": "#1"},
				"east": {"uv": [6.125, 0.625, 7.375, 0.875], "texture": "#1"},
				"south": {"uv": [7.5, 6.875, 7.625, 7.125], "texture": "#1"},
				"west": {"uv": [6.125, 0.875, 7.375, 1.125], "texture": "#1"},
				"up": {"uv": [1.875, 8.125, 1.75, 6.875], "texture": "#1"},
				"down": {"uv": [2, 6.875, 1.875, 8.125], "texture": "#1"}
			}
		},
		{
			"from": [18, 4.8, 2],
			"to": [22, 7.8, 14],
			"rotation": {"angle": 0, "axis": "y", "origin": [7, 0, 0]},
			"faces": {
				"north": {"uv": [6.625, 4.25, 7.125, 4.625], "texture": "#1"},
				"east": {"uv": [3.625, 5.625, 5.125, 6], "texture": "#1"},
				"south": {"uv": [6, 6.625, 6.5, 7], "texture": "#1"},
				"west": {"uv": [5.625, 4.625, 7.125, 5], "texture": "#1"},
				"up": {"uv": [5.625, 6.125, 5.125, 4.625], "texture": "#1"},
				"down": {"uv": [0.5, 5.5, 0, 7], "texture": "#1"}
			}
		},
		{
			"from": [18.5, 4.3, 1],
			"to": [21.5, 7.3, 2],
			"rotation": {"angle": 0, "axis": "y", "origin": [7, 0, 0]},
			"faces": {
				"north": {"uv": [6.875, 3.125, 7.25, 3.5], "texture": "#1"},
				"east": {"uv": [2.75, 6, 2.875, 6.375], "texture": "#1"},
				"south": {"uv": [3.625, 6.875, 4, 7.25], "texture": "#1"},
				"west": {"uv": [7.5, 0.5, 7.625, 0.875], "texture": "#1"},
				"up": {"uv": [7.875, 1, 7.5, 0.875], "texture": "#1"},
				"down": {"uv": [7.875, 2.25, 7.5, 2.375], "texture": "#1"}
			}
		},
		{
			"from": [18.5, 4.3, 14],
			"to": [21.5, 7.3, 15],
			"rotation": {"angle": 0, "axis": "y", "origin": [7, 0, 0]},
			"faces": {
				"north": {"uv": [4, 6.875, 4.375, 7.25], "texture": "#1"},
				"east": {"uv": [5.625, 7.5, 5.75, 7.875], "texture": "#1"},
				"south": {"uv": [6.875, 5.5, 7.25, 5.875], "texture": "#1"},
				"west": {"uv": [7.5, 5.625, 7.625, 6], "texture": "#1"},
				"up": {"uv": [7.875, 3, 7.5, 2.875], "texture": "#1"},
				"down": {"uv": [7.875, 4.375, 7.5, 4.5], "texture": "#1"}
			}
		},
		{
			"from": [19.5, 1.8, 1],
			"to": [21.5, 3.8, 2],
			"rotation": {"angle": 0, "axis": "y", "origin": [7, 0, 0]},
			"faces": {
				"north": {"uv": [4.25, 4.875, 4.5, 5.125], "texture": "#1"},
				"east": {"uv": [7.625, 5, 7.75, 5.25], "texture": "#1"},
				"south": {"uv": [3.875, 7.375, 4.125, 7.625], "texture": "#1"},
				"west": {"uv": [7.625, 5.25, 7.75, 5.5], "texture": "#1"},
				"up": {"uv": [7.875, 3.625, 7.625, 3.5], "texture": "#1"},
				"down": {"uv": [7.875, 5.625, 7.625, 5.75], "texture": "#1"}
			}
		},
		{
			"from": [19.5, 1.8, 14],
			"to": [21.5, 3.8, 15],
			"rotation": {"angle": 0, "axis": "y", "origin": [7, 0, 0]},
			"faces": {
				"north": {"uv": [7.375, 5, 7.625, 5.25], "texture": "#1"},
				"east": {"uv": [5.75, 7.625, 5.875, 7.875], "texture": "#1"},
				"south": {"uv": [7.375, 5.25, 7.625, 5.5], "texture": "#1"},
				"west": {"uv": [7.625, 5.75, 7.75, 6], "texture": "#1"},
				"up": {"uv": [6.125, 7.75, 5.875, 7.625], "texture": "#1"},
				"down": {"uv": [7.875, 6.875, 7.625, 7], "texture": "#1"}
			}
		},
		{
			"from": [16.5, 1.8, 1.5],
			"to": [19.5, 3.8, 2],
			"rotation": {"angle": 0, "axis": "y", "origin": [7, 0, 0]},
			"faces": {
				"north": {"uv": [6.875, 5.875, 7.25, 6.125], "texture": "#1"},
				"east": {"uv": [1.25, 7.875, 1.3125, 8.125], "texture": "#1"},
				"south": {"uv": [7, 0.375, 7.375, 0.625], "texture": "#1"},
				"west": {"uv": [1.375, 7.875, 1.4375, 8.125], "texture": "#1"},
				"up": {"uv": [8.125, 2.6875, 7.75, 2.625], "texture": "#1"},
				"down": {"uv": [8.125, 2.75, 7.75, 2.8125], "texture": "#1"}
			}
		},
		{
			"from": [16.5, 1.8, 14],
			"to": [19.5, 3.8, 14.5],
			"rotation": {"angle": 0, "axis": "y", "origin": [7, 0, 0]},
			"faces": {
				"north": {"uv": [0.5, 7.125, 0.875, 7.375], "texture": "#1"},
				"east": {"uv": [1.5, 7.875, 1.5625, 8.125], "texture": "#1"},
				"south": {"uv": [2, 7.125, 2.375, 7.375], "texture": "#1"},
				"west": {"uv": [7.875, 2, 7.9375, 2.25], "texture": "#1"},
				"up": {"uv": [8.125, 4.3125, 7.75, 4.25], "texture": "#1"},
				"down": {"uv": [5, 7.75, 4.625, 7.8125], "texture": "#1"}
			}
		},
		{
			"from": [16, 1.8, 2],
			"to": [18, 4.8, 3.5],
			"rotation": {"angle": 0, "axis": "y", "origin": [7, 0, 0]},
			"faces": {
				"north": {"uv": [5.625, 7, 5.875, 7.375], "texture": "#1"},
				"east": {"uv": [7.25, 3.875, 7.4375, 4.25], "texture": "#1"},
				"south": {"uv": [5.875, 7, 6.125, 7.375], "texture": "#1"},
				"west": {"uv": [0.5, 7.375, 0.6875, 7.75], "texture": "#1"},
				"up": {"uv": [7.75, 2.5625, 7.5, 2.375], "texture": "#1"},
				"down": {"uv": [7.75, 2.625, 7.5, 2.8125], "texture": "#1"}
			}
		},
		{
			"from": [16, 1.8, 5.5],
			"to": [18, 4.8, 10.5],
			"rotation": {"angle": 0, "axis": "y", "origin": [7, 0, 0]},
			"faces": {
				"north": {"uv": [7, 6.5, 7.25, 6.875], "texture": "#1"},
				"east": {"uv": [1.125, 6.625, 1.75, 7], "texture": "#1"},
				"south": {"uv": [7, 6.875, 7.25, 7.25], "texture": "#1"},
				"west": {"uv": [6.625, 3.875, 7.25, 4.25], "texture": "#1"},
				"up": {"uv": [4.5, 4.25, 4.25, 3.625], "texture": "#1"},
				"down": {"uv": [7, 0, 6.75, 0.625], "texture": "#1"}
			}
		},
		{
			"from": [11, 1.8, 3.5],
			"to": [16, 5.8, 12.5],
			"rotation": {"angle": 0, "axis": "y", "origin": [7, 0, 0]},
			"faces": {
				"north": {"uv": [5, 6.125, 5.625, 6.625], "texture": "#1"},
				"east": {"uv": [1.75, 5.5, 2.875, 6], "texture": "#1"},
				"south": {"uv": [2.75, 6.375, 3.375, 6.875], "texture": "#1"},
				"west": {"uv": [5.625, 5, 6.75, 5.5], "texture": "#1"},
				"up": {"uv": [1.125, 6.625, 0.5, 5.5], "texture": "#1"},
				"down": {"uv": [1.75, 5.5, 1.125, 6.625], "texture": "#1"}
			}
		},
		{
			"from": [11, 5.8, 5.5],
			"to": [15, 6.8, 10.5],
			"rotation": {"angle": 0, "axis": "y", "origin": [7, 0, 0]},
			"faces": {
				"north": {"uv": [7.375, 5.5, 7.875, 5.625], "texture": "#1"},
				"east": {"uv": [7.25, 2, 7.875, 2.125], "texture": "#1"},
				"south": {"uv": [5.625, 7.375, 6.125, 7.5], "texture": "#1"},
				"west": {"uv": [7.25, 2.125, 7.875, 2.25], "texture": "#1"},
				"up": {"uv": [6.875, 3.625, 6.375, 3], "texture": "#1"},
				"down": {"uv": [6.875, 5.5, 6.375, 6.125], "texture": "#1"}
			}
		},
		{
			"from": [11, 5.8, 4.5],
			"to": [14, 7.8, 5.5],
			"rotation": {"angle": 0, "axis": "y", "origin": [7, 0, 0]},
			"faces": {
				"north": {"uv": [7.125, 2.25, 7.5, 2.5], "texture": "#1"},
				"east": {"uv": [0.5, 7.75, 0.625, 8], "texture": "#1"},
				"south": {"uv": [7.125, 2.5, 7.5, 2.75], "texture": "#1"},
				"west": {"uv": [0.625, 7.75, 0.75, 8], "texture": "#1"},
				"up": {"uv": [6.125, 7.625, 5.75, 7.5], "texture": "#1"},
				"down": {"uv": [7.875, 6, 7.5, 6.125], "texture": "#1"}
			}
		},
		{
			"from": [11, 5.8, 10.5],
			"to": [14, 7.8, 11.5],
			"rotation": {"angle": 0, "axis": "y", "origin": [7, 0, 0]},
			"faces": {
				"north": {"uv": [7.125, 2.75, 7.5, 3], "texture": "#1"},
				"east": {"uv": [7.75, 0.625, 7.875, 0.875], "texture": "#1"},
				"south": {"uv": [7.125, 4.25, 7.5, 4.5], "texture": "#1"},
				"west": {"uv": [0.875, 7.75, 1, 8], "texture": "#1"},
				"up": {"uv": [7.875, 6.25, 7.5, 6.125], "texture": "#1"},
				"down": {"uv": [7.875, 6.25, 7.5, 6.375], "texture": "#1"}
			}
		},
		{
			"from": [11, 6.8, 5.5],
			"to": [12, 10.8, 10.5],
			"rotation": {"angle": 0, "axis": "y", "origin": [7, 0, 0]},
			"faces": {
				"north": {"uv": [4.125, 7.375, 4.25, 7.875], "texture": "#1"},
				"east": {"uv": [6.375, 6.125, 7, 6.625], "texture": "#1"},
				"south": {"uv": [7.375, 5.625, 7.5, 6.125], "texture": "#1"},
				"west": {"uv": [0.5, 6.625, 1.125, 7.125], "texture": "#1"},
				"up": {"uv": [1, 7.75, 0.875, 7.125], "texture": "#1"},
				"down": {"uv": [1.125, 7.125, 1, 7.75], "texture": "#1"}
			}
		},
		{
			"from": [16, 1.8, 12.5],
			"to": [18, 4.8, 14],
			"rotation": {"angle": 0, "axis": "y", "origin": [7, 0, 0]},
			"faces": {
				"north": {"uv": [6.125, 7, 6.375, 7.375], "texture": "#1"},
				"east": {"uv": [1.375, 7.375, 1.5625, 7.75], "texture": "#1"},
				"south": {"uv": [7, 6.125, 7.25, 6.5], "texture": "#1"},
				"west": {"uv": [2, 7.375, 2.1875, 7.75], "texture": "#1"},
				"up": {"uv": [7.75, 4.0625, 7.5, 3.875], "texture": "#1"},
				"down": {"uv": [7.75, 4.125, 7.5, 4.3125], "texture": "#1"}
			}
		},
		{
			"from": [20, 2.3, 0.75],
			"to": [21, 3.3, 1],
			"rotation": {"angle": 0, "axis": "y", "origin": [7, 0, 0]},
			"faces": {
				"north": {"uv": [7.875, 1, 8, 1.125], "texture": "#1"},
				"east": {"uv": [5.625, 7.875, 5.6875, 8], "texture": "#1"},
				"south": {"uv": [1.125, 7.875, 1.25, 8], "texture": "#1"},
				"west": {"uv": [7.875, 5.625, 7.9375, 5.75], "texture": "#1"},
				"up": {"uv": [5.875, 7.9375, 5.75, 7.875], "texture": "#1"},
				"down": {"uv": [8, 5.75, 7.875, 5.8125], "texture": "#1"}
			}
		},
		{
			"from": [20, 2.3, 15],
			"to": [21, 3.3, 15.25],
			"rotation": {"angle": 0, "axis": "y", "origin": [7, 0, 0]},
			"faces": {
				"north": {"uv": [7.875, 1.375, 8, 1.5], "texture": "#1"},
				"east": {"uv": [7.875, 5.875, 7.9375, 6], "texture": "#1"},
				"south": {"uv": [2.25, 7.875, 2.375, 8], "texture": "#1"},
				"west": {"uv": [7.875, 6, 7.9375, 6.125], "texture": "#1"},
				"up": {"uv": [6.25, 7.9375, 6.125, 7.875], "texture": "#1"},
				"down": {"uv": [8, 6.125, 7.875, 6.1875], "texture": "#1"}
			}
		},
		{
			"from": [21.5, 4.3, 1],
			"to": [22.5, 6.3, 2],
			"rotation": {"angle": 0, "axis": "y", "origin": [7, 0, 0]},
			"faces": {
				"north": {"uv": [7.625, 0.625, 7.75, 0.875], "texture": "#1"},
				"east": {"uv": [7.625, 1.125, 7.75, 1.375], "texture": "#1"},
				"south": {"uv": [3.875, 7.625, 4, 7.875], "texture": "#1"},
				"west": {"uv": [4, 7.625, 4.125, 7.875], "texture": "#1"},
				"up": {"uv": [0.875, 8, 0.75, 7.875], "texture": "#1"},
				"down": {"uv": [8, 0.875, 7.875, 1], "texture": "#1"}
			}
		},
		{
			"from": [21.5, 4.3, 14],
			"to": [22.5, 6.3, 15],
			"rotation": {"angle": 0, "axis": "y", "origin": [7, 0, 0]},
			"faces": {
				"north": {"uv": [7.25, 7.625, 7.375, 7.875], "texture": "#1"},
				"east": {"uv": [7.375, 7.625, 7.5, 7.875], "texture": "#1"},
				"south": {"uv": [7.5, 7.625, 7.625, 7.875], "texture": "#1"},
				"west": {"uv": [7.625, 7.625, 7.75, 7.875], "texture": "#1"},
				"up": {"uv": [8, 2.375, 7.875, 2.25], "texture": "#1"},
				"down": {"uv": [8, 2.375, 7.875, 2.5], "texture": "#1"}
			}
		},
		{
			"from": [18, 7.8, 13],
			"to": [22, 8.05, 14],
			"rotation": {"angle": 0, "axis": "y", "origin": [7, 0, 0]},
			"faces": {
				"north": {"uv": [7.25, 7.5, 7.75, 7.5625], "texture": "#1"},
				"east": {"uv": [7.875, 4.875, 8, 4.9375], "texture": "#1"},
				"south": {"uv": [7.625, 0.5, 8.125, 0.5625], "texture": "#1"},
				"west": {"uv": [7.875, 5, 8, 5.0625], "texture": "#1"},
				"up": {"uv": [7.875, 1.125, 7.375, 1], "texture": "#1"},
				"down": {"uv": [7.875, 1.375, 7.375, 1.5], "texture": "#1"}
			}
		},
		{
			"from": [18, 7.8, 2],
			"to": [22, 8.05, 3],
			"rotation": {"angle": 0, "axis": "y", "origin": [7, 0, 0]},
			"faces": {
				"north": {"uv": [7.25, 7.5, 7.75, 7.5625], "texture": "#1"},
				"east": {"uv": [7.875, 4.875, 8, 4.9375], "texture": "#1"},
				"south": {"uv": [7.625, 0.5, 8.125, 0.5625], "texture": "#1"},
				"west": {"uv": [7.875, 5, 8, 5.0625], "texture": "#1"},
				"up": {"uv": [7.875, 1.125, 7.375, 1], "texture": "#1"},
				"down": {"uv": [7.875, 1.375, 7.375, 1.5], "texture": "#1"}
			}
		},
		{
			"from": [20, 8.05, 13],
			"to": [21, 8.3, 14],
			"rotation": {"angle": 0, "axis": "y", "origin": [7, 0, 0]},
			"faces": {
				"north": {"uv": [7.875, 5.125, 8, 5.1875], "texture": "#1"},
				"east": {"uv": [7.875, 5.25, 8, 5.3125], "texture": "#1"},
				"south": {"uv": [7.875, 5.375, 8, 5.4375], "texture": "#1"},
				"west": {"uv": [7.875, 5.5, 8, 5.5625], "texture": "#1"},
				"up": {"uv": [5.125, 6.125, 5, 6], "texture": "#1"},
				"down": {"uv": [7.875, 5.375, 7.75, 5.5], "texture": "#1"}
			}
		},
		{
			"from": [21, 8.05, 2],
			"to": [22, 8.3, 3],
			"rotation": {"angle": 0, "axis": "y", "origin": [7, 0, 0]},
			"faces": {
				"north": {"uv": [7.875, 5.125, 8, 5.1875], "texture": "#1"},
				"east": {"uv": [7.875, 5.25, 8, 5.3125], "texture": "#1"},
				"south": {"uv": [7.875, 5.375, 8, 5.4375], "texture": "#1"},
				"west": {"uv": [7.875, 5.5, 8, 5.5625], "texture": "#1"},
				"up": {"uv": [5.125, 6.125, 5, 6], "texture": "#1"},
				"down": {"uv": [7.875, 5.375, 7.75, 5.5], "texture": "#1"}
			}
		},
		{
			"from": [22, 5, 2],
			"to": [23.1, 6.5, 14],
			"rotation": {"angle": 0, "axis": "y", "origin": [7, 0, 0]},
			"faces": {
				"north": {"uv": [2.375, 7.75, 2.5, 7.9375], "texture": "#1"},
				"east": {"uv": [6.125, 1.125, 7.625, 1.3125], "texture": "#1"},
				"south": {"uv": [7.75, 2.375, 7.875, 2.5625], "texture": "#1"},
				"west": {"uv": [6.625, 3.625, 8.125, 3.8125], "texture": "#1"},
				"up": {"uv": [5.375, 8.125, 5.25, 6.625], "texture": "#1"},
				"down": {"uv": [5.5, 6.625, 5.375, 8.125], "texture": "#1"}
			}
		},
		{
			"from": [22, -9, 2],
			"to": [23, -5, 14],
			"rotation": {"angle": 45, "axis": "z", "origin": [7, 0, 0]},
			"faces": {
				"north": {"uv": [3.625, 7.375, 3.75, 7.875], "texture": "#1"},
				"east": {"uv": [5.125, 3.625, 6.625, 4.125], "texture": "#1"},
				"south": {"uv": [3.75, 7.375, 3.875, 7.875], "texture": "#1"},
				"west": {"uv": [5.125, 4.125, 6.625, 4.625], "texture": "#1"},
				"up": {"uv": [5.125, 8.125, 5, 6.625], "texture": "#1"},
				"down": {"uv": [5.25, 6.625, 5.125, 8.125], "texture": "#1"}
			}
		},
		{
			"from": [19, -4, 10],
			"to": [20, 0, 11],
			"rotation": {"angle": 45, "axis": "z", "origin": [7, 0, 0]},
			"faces": {
				"north": {"uv": [6.125, 7.375, 6.25, 7.875], "texture": "#1"},
				"east": {"uv": [7.375, 6.125, 7.5, 6.625], "texture": "#1"},
				"south": {"uv": [6.25, 7.375, 6.375, 7.875], "texture": "#1"},
				"west": {"uv": [7.375, 6.625, 7.5, 7.125], "texture": "#1"},
				"up": {"uv": [3.5, 8, 3.375, 7.875], "texture": "#1"},
				"down": {"uv": [8, 3.375, 7.875, 3.5], "texture": "#1"}
			}
		},
		{
			"from": [23, -8.5, 3],
			"to": [23.5, -5.5, 5],
			"rotation": {"angle": 45, "axis": "z", "origin": [7, 0, 0]},
			"faces": {
				"north": {"uv": [2.5, 7.75, 2.5625, 8.125], "texture": "#1"},
				"east": {"uv": [7, 0, 7.25, 0.375], "texture": "#1"},
				"south": {"uv": [7.75, 3.875, 7.8125, 4.25], "texture": "#1"},
				"west": {"uv": [1.375, 7, 1.625, 7.375], "texture": "#1"},
				"up": {"uv": [7.8125, 6, 7.75, 5.75], "texture": "#1"},
				"down": {"uv": [7.9375, 0.625, 7.875, 0.875], "texture": "#1"}
			}
		},
		{
			"from": [18, -1, 6.25],
			"to": [20, 0, 6.75],
			"rotation": {"angle": 45, "axis": "z", "origin": [7, 0, 0]},
			"faces": {
				"north": {"uv": [7.625, 7, 7.875, 7.125], "texture": "#1"},
				"east": {"uv": [6.25, 7.875, 6.3125, 8], "texture": "#1"},
				"south": {"uv": [7.75, 1.125, 8, 1.25], "texture": "#1"},
				"west": {"uv": [7.875, 6.25, 7.9375, 6.375], "texture": "#1"},
				"up": {"uv": [8.125, 2.5625, 7.875, 2.5], "texture": "#1"},
				"down": {"uv": [8.125, 2.875, 7.875, 2.9375], "texture": "#1"}
			}
		},
		{
			"from": [20, -1, 6.25],
			"to": [20.5, 0, 9.25],
			"rotation": {"angle": 45, "axis": "z", "origin": [7, 0, 0]},
			"faces": {
				"north": {"uv": [7.875, 6.875, 7.9375, 7], "texture": "#1"},
				"east": {"uv": [7.5, 6.625, 7.875, 6.75], "texture": "#1"},
				"south": {"uv": [7, 7.875, 7.0625, 8], "texture": "#1"},
				"west": {"uv": [7.5, 6.75, 7.875, 6.875], "texture": "#1"},
				"up": {"uv": [6.0625, 8.125, 6, 7.75], "texture": "#1"},
				"down": {"uv": [6.4375, 7.75, 6.375, 8.125], "texture": "#1"}
			}
		},
		{
			"from": [17.5, -1, 6.25],
			"to": [18, 0, 9.25],
			"rotation": {"angle": 45, "axis": "z", "origin": [7, 0, 0]},
			"faces": {
				"north": {"uv": [7.875, 6.625, 7.9375, 6.75], "texture": "#1"},
				"east": {"uv": [7.5, 6.375, 7.875, 6.5], "texture": "#1"},
				"south": {"uv": [7.875, 6.75, 7.9375, 6.875], "texture": "#1"},
				"west": {"uv": [7.5, 6.5, 7.875, 6.625], "texture": "#1"},
				"up": {"uv": [7.8125, 5.375, 7.75, 5], "texture": "#1"},
				"down": {"uv": [5.9375, 7.75, 5.875, 8.125], "texture": "#1"}
			}
		},
		{
			"from": [18, -1, 8.75],
			"to": [20, 0, 9.25],
			"rotation": {"angle": 45, "axis": "z", "origin": [7, 0, 0]},
			"faces": {
				"north": {"uv": [7.75, 1.25, 8, 1.375], "texture": "#1"},
				"east": {"uv": [7.875, 6.375, 7.9375, 6.5], "texture": "#1"},
				"south": {"uv": [1.375, 7.75, 1.625, 7.875], "texture": "#1"},
				"west": {"uv": [7.875, 6.5, 7.9375, 6.625], "texture": "#1"},
				"up": {"uv": [8.125, 3.1875, 7.875, 3.125], "texture": "#1"},
				"down": {"uv": [8.125, 3.25, 7.875, 3.3125], "texture": "#1"}
			}
		},
		{
			"from": [18.5, -4, 7.5],
			"to": [19, -1, 8],
			"rotation": {"angle": 45, "axis": "z", "origin": [7, 0, 0]},
			"faces": {
				"north": {"uv": [6.875, 7.75, 6.9375, 8.125], "texture": "#1"},
				"east": {"uv": [7.75, 7.375, 7.8125, 7.75], "texture": "#1"},
				"south": {"uv": [7.75, 7.75, 7.8125, 8.125], "texture": "#1"},
				"west": {"uv": [0.375, 7.875, 0.4375, 8.25], "texture": "#1"},
				"up": {"uv": [7.9375, 7.0625, 7.875, 7], "texture": "#1"},
				"down": {"uv": [7.1875, 7.875, 7.125, 7.9375], "texture": "#1"}
			}
		},
		{
			"from": [8, 2, 2],
			"to": [11, 11, 14],
			"rotation": {"angle": 0, "axis": "y", "origin": [7, 0, 0]},
			"faces": {
				"north": {"uv": [4.625, 6, 5, 7.125], "texture": "#1"},
				"east": {"uv": [4.25, 0, 5.75, 1.125], "texture": "#1"},
				"south": {"uv": [6, 5.5, 6.375, 6.625], "texture": "#1"},
				"west": {"uv": [4.25, 1.125, 5.75, 2.25], "texture": "#1"},
				"up": {"uv": [6, 7, 5.625, 5.5], "texture": "#1"},
				"down": {"uv": [6.125, 0, 5.75, 1.5], "texture": "#1"}
			}
		},
		{
			"from": [-3, 0, 2],
			"to": [8, 11, 14],
			"rotation": {"angle": 0, "axis": "y", "origin": [7, 0, 0]},
			"faces": {
				"north": {"uv": [2.875, 1.5, 4.25, 2.875], "texture": "#1"},
				"east": {"uv": [0, 0, 1.5, 1.375], "texture": "#1"},
				"south": {"uv": [2.875, 2.875, 4.25, 4.25], "texture": "#1"},
				"west": {"uv": [0, 1.375, 1.5, 2.75], "texture": "#1"},
				"up": {"uv": [2.875, 1.5, 1.5, 0], "texture": "#1"},
				"down": {"uv": [2.875, 1.5, 1.5, 3], "texture": "#1"}
			}
		},
		{
			"from": [2, 3, 1],
			"to": [6, 10, 2],
			"rotation": {"angle": 22.5, "axis": "z", "origin": [0, 0, 0]},
			"faces": {
				"north": {"uv": [1.75, 6, 2.25, 6.875], "texture": "#1"},
				"east": {"uv": [2.875, 5.5, 3, 6.375], "texture": "#1"},
				"south": {"uv": [2.25, 6, 2.75, 6.875], "texture": "#1"},
				"west": {"uv": [0.375, 7, 0.5, 7.875], "texture": "#1"},
				"up": {"uv": [7.875, 7.25, 7.375, 7.125], "texture": "#1"},
				"down": {"uv": [7.75, 7.375, 7.25, 7.5], "texture": "#1"}
			}
		},
		{
			"from": [2, 3, 14],
			"to": [6, 10, 15],
			"rotation": {"angle": 22.5, "axis": "z", "origin": [0, 0, 0]},
			"faces": {
				"north": {"uv": [3.625, 6, 4.125, 6.875], "texture": "#1"},
				"east": {"uv": [1.125, 7, 1.25, 7.875], "texture": "#1"},
				"south": {"uv": [4.125, 6, 4.625, 6.875], "texture": "#1"},
				"west": {"uv": [1.25, 7, 1.375, 7.875], "texture": "#1"},
				"up": {"uv": [7.875, 7.375, 7.375, 7.25], "texture": "#1"},
				"down": {"uv": [8, 0.375, 7.5, 0.5], "texture": "#1"}
			}
		},
		{
			"from": [-1, 11, 1],
			"to": [4, 13, 2],
			"faces": {
				"north": {"uv": [3.625, 4.875, 4.25, 5.125], "texture": "#1"},
				"east": {"uv": [1, 7.75, 1.125, 8], "texture": "#1"},
				"south": {"uv": [6.75, 5, 7.375, 5.25], "texture": "#1"},
				"west": {"uv": [1.625, 7.75, 1.75, 8], "texture": "#1"},
				"up": {"uv": [7.875, 3.25, 7.25, 3.125], "texture": "#1"},
				"down": {"uv": [7.875, 3.25, 7.25, 3.375], "texture": "#1"}
			}
		},
		{
			"from": [-1, 11, 14],
			"to": [4, 13, 15],
			"faces": {
				"north": {"uv": [6.75, 5.25, 7.375, 5.5], "texture": "#1"},
				"east": {"uv": [2, 7.75, 2.125, 8], "texture": "#1"},
				"south": {"uv": [2, 6.875, 2.625, 7.125], "texture": "#1"},
				"west": {"uv": [2.125, 7.75, 2.25, 8], "texture": "#1"},
				"up": {"uv": [7.875, 3.5, 7.25, 3.375], "texture": "#1"},
				"down": {"uv": [4.25, 7.25, 3.625, 7.375], "texture": "#1"}
			}
		},
		{
			"from": [-3, 11, 2],
			"to": [8, 14, 14],
			"faces": {
				"north": {"uv": [5.75, 2.25, 7.125, 2.625], "texture": "#1"},
				"east": {"uv": [5.75, 1.5, 7.25, 1.875], "texture": "#1"},
				"south": {"uv": [5.75, 2.625, 7.125, 3], "texture": "#1"},
				"west": {"uv": [5.75, 1.875, 7.25, 2.25], "texture": "#1"},
				"up": {"uv": [1.375, 4.25, 0, 2.75], "texture": "#1"},
				"down": {"uv": [4.25, 0, 2.875, 1.5], "texture": "#1"}
			}
		},
		{
			"from": [-4, 4, 2],
			"to": [-3, 14, 14],
			"faces": {
				"north": {"uv": [2.625, 6.875, 2.75, 8.125], "texture": "#1"},
				"east": {"uv": [1.375, 3, 2.875, 4.25], "texture": "#1"},
				"south": {"uv": [2.75, 6.875, 2.875, 8.125], "texture": "#1"},
				"west": {"uv": [0, 4.25, 1.5, 5.5], "texture": "#1"},
				"up": {"uv": [5.625, 8.125, 5.5, 6.625], "texture": "#1"},
				"down": {"uv": [6.625, 6.625, 6.5, 8.125], "texture": "#1"}
			}
		},
		{
			"from": [-5, 4, 2],
			"to": [-4, 10, 14],
			"faces": {
				"north": {"uv": [1.625, 7, 1.75, 7.75], "texture": "#1"},
				"east": {"uv": [1.5, 4.25, 3, 5], "texture": "#1"},
				"south": {"uv": [6.375, 7, 6.5, 7.75], "texture": "#1"},
				"west": {"uv": [4.25, 2.25, 5.75, 3], "texture": "#1"},
				"up": {"uv": [6.75, 8.125, 6.625, 6.625], "texture": "#1"},
				"down": {"uv": [6.875, 6.625, 6.75, 8.125], "texture": "#1"}
			}
		},
		{
			"from": [9, 10, 12],
			"to": [10, 19, 13],
			"faces": {
				"north": {"uv": [3.125, 6.875, 3.25, 8], "texture": "#1"},
				"east": {"uv": [3.25, 6.875, 3.375, 8], "texture": "#1"},
				"south": {"uv": [4.375, 6.875, 4.5, 8], "texture": "#1"},
				"west": {"uv": [4.5, 6.875, 4.625, 8], "texture": "#1"},
				"up": {"uv": [3.625, 8, 3.5, 7.875], "texture": "#1"},
				"down": {"uv": [8, 3.5, 7.875, 3.625], "texture": "#1"}
			}
		},
		{
			"from": [9, 19, 3],
			"to": [10, 20, 13],
			"faces": {
				"north": {"uv": [3.875, 7.875, 4, 8], "texture": "#1"},
				"east": {"uv": [6.125, 1.375, 7.375, 1.5], "texture": "#1"},
				"south": {"uv": [7.875, 3.875, 8, 4], "texture": "#1"},
				"west": {"uv": [6.875, 3, 8.125, 3.125], "texture": "#1"},
				"up": {"uv": [3, 8.125, 2.875, 6.875], "texture": "#1"},
				"down": {"uv": [3.125, 6.875, 3, 8.125], "texture": "#1"}
			}
		},
		{
			"from": [9, 10, 3],
			"to": [10, 19, 4],
			"faces": {
				"north": {"uv": [6.875, 6.625, 7, 7.75], "texture": "#1"},
				"east": {"uv": [0, 7, 0.125, 8.125], "texture": "#1"},
				"south": {"uv": [0.125, 7, 0.25, 8.125], "texture": "#1"},
				"west": {"uv": [0.25, 7, 0.375, 8.125], "texture": "#1"},
				"up": {"uv": [3.75, 8, 3.625, 7.875], "texture": "#1"},
				"down": {"uv": [3.875, 7.875, 3.75, 8], "texture": "#1"}
			}
		},
		{
			"from": [3, 14, 11],
			"to": [4, 19, 12],
			"faces": {
				"north": {"uv": [2.375, 7.125, 2.5, 7.75], "texture": "#1"},
				"east": {"uv": [2.5, 7.125, 2.625, 7.75], "texture": "#1"},
				"south": {"uv": [4.625, 7.125, 4.75, 7.75], "texture": "#1"},
				"west": {"uv": [4.75, 7.125, 4.875, 7.75], "texture": "#1"},
				"up": {"uv": [4.125, 8, 4, 7.875], "texture": "#1"},
				"down": {"uv": [8, 4, 7.875, 4.125], "texture": "#1"}
			}
		},
		{
			"from": [3, 14, 7.5],
			"to": [4, 19, 8.5],
			"faces": {
				"north": {"uv": [4.875, 7.125, 5, 7.75], "texture": "#1"},
				"east": {"uv": [4.25, 7.25, 4.375, 7.875], "texture": "#1"},
				"south": {"uv": [7.25, 5.5, 7.375, 6.125], "texture": "#1"},
				"west": {"uv": [7.25, 6.125, 7.375, 6.75], "texture": "#1"},
				"up": {"uv": [8, 4.75, 7.875, 4.625], "texture": "#1"},
				"down": {"uv": [4.875, 7.875, 4.75, 8], "texture": "#1"}
			}
		},
		{
			"from": [3, 14, 4],
			"to": [4, 19, 5],
			"faces": {
				"north": {"uv": [7.25, 6.75, 7.375, 7.375], "texture": "#1"},
				"east": {"uv": [7, 7.25, 7.125, 7.875], "texture": "#1"},
				"south": {"uv": [7.125, 7.25, 7.25, 7.875], "texture": "#1"},
				"west": {"uv": [7.375, 0.375, 7.5, 1], "texture": "#1"},
				"up": {"uv": [8, 4.875, 7.875, 4.75], "texture": "#1"},
				"down": {"uv": [5, 7.875, 4.875, 8], "texture": "#1"}
			}
		},
		{
			"from": [3, 19, 11],
			"to": [9, 20, 12],
			"faces": {
				"north": {"uv": [6.875, 3.5, 7.625, 3.625], "texture": "#1"},
				"east": {"uv": [4.125, 7.875, 4.25, 8], "texture": "#1"},
				"south": {"uv": [7.125, 4.5, 7.875, 4.625], "texture": "#1"},
				"west": {"uv": [7.875, 4.125, 8, 4.25], "texture": "#1"},
				"up": {"uv": [7.875, 4.75, 7.125, 4.625], "texture": "#1"},
				"down": {"uv": [7.875, 4.75, 7.125, 4.875], "texture": "#1"}
			}
		},
		{
			"from": [3, 19, 4],
			"to": [9, 20, 5],
			"faces": {
				"north": {"uv": [7.125, 4.875, 7.875, 5], "texture": "#1"},
				"east": {"uv": [4.25, 7.875, 4.375, 8], "texture": "#1"},
				"south": {"uv": [7.25, 0, 8, 0.125], "texture": "#1"},
				"west": {"uv": [7.875, 4.375, 8, 4.5], "texture": "#1"},
				"up": {"uv": [8, 0.25, 7.25, 0.125], "texture": "#1"},
				"down": {"uv": [8, 0.25, 7.25, 0.375], "texture": "#1"}
			}
		},
		{
			"from": [3, 19, 7.5],
			"to": [9, 20, 8.5],
			"faces": {
				"north": {"uv": [7.25, 1.5, 8, 1.625], "texture": "#1"},
				"east": {"uv": [7.875, 4.5, 8, 4.625], "texture": "#1"},
				"south": {"uv": [7.25, 1.625, 8, 1.75], "texture": "#1"},
				"west": {"uv": [4.625, 7.875, 4.75, 8], "texture": "#1"},
				"up": {"uv": [8, 1.875, 7.25, 1.75], "texture": "#1"},
				"down": {"uv": [8, 1.875, 7.25, 2], "texture": "#1"}
			}
		},
		{
			"from": [17.75, 7, 5],
			"to": [18, 7.5, 5.5],
			"rotation": {"angle": 0, "axis": "y", "origin": [7, 0, 0]},
			"faces": {
				"north": {"uv": [7.875, 7.125, 7.9375, 7.1875], "texture": "#1"},
				"east": {"uv": [7.25, 7.875, 7.3125, 7.9375], "texture": "#1"},
				"south": {"uv": [7.875, 7.25, 7.9375, 7.3125], "texture": "#1"},
				"west": {"uv": [7.375, 7.875, 7.4375, 7.9375], "texture": "#1"},
				"up": {"uv": [7.9375, 7.4375, 7.875, 7.375], "texture": "#1"},
				"down": {"uv": [7.5625, 7.875, 7.5, 7.9375], "texture": "#1"}
			}
		},
		{
			"from": [17.75, 6.25, 5],
			"to": [18, 6.75, 5.5],
			"rotation": {"angle": 0, "axis": "y", "origin": [7, 0, 0]},
			"faces": {
				"north": {"uv": [7.875, 7.5, 7.9375, 7.5625], "texture": "#1"},
				"east": {"uv": [7.625, 7.875, 7.6875, 7.9375], "texture": "#1"},
				"south": {"uv": [7.875, 7.625, 7.9375, 7.6875], "texture": "#1"},
				"west": {"uv": [7.875, 7.75, 7.9375, 7.8125], "texture": "#1"},
				"up": {"uv": [7.9375, 7.9375, 7.875, 7.875], "texture": "#1"},
				"down": {"uv": [8.0625, 0, 8, 0.0625], "texture": "#1"}
			}
		},
		{
			"from": [17.75, 6.25, 4],
			"to": [18, 6.75, 4.5],
			"rotation": {"angle": 0, "axis": "y", "origin": [7, 0, 0]},
			"faces": {
				"north": {"uv": [8, 0.125, 8.0625, 0.1875], "texture": "#1"},
				"east": {"uv": [8, 0.25, 8.0625, 0.3125], "texture": "#1"},
				"south": {"uv": [8, 0.375, 8.0625, 0.4375], "texture": "#1"},
				"west": {"uv": [0.5, 8, 0.5625, 8.0625], "texture": "#1"},
				"up": {"uv": [0.6875, 8.0625, 0.625, 8], "texture": "#1"},
				"down": {"uv": [8.0625, 0.625, 8, 0.6875], "texture": "#1"}
			}
		},
		{
			"from": [17.75, 7, 4],
			"to": [18, 7.5, 4.5],
			"rotation": {"angle": 0, "axis": "y", "origin": [7, 0, 0]},
			"faces": {
				"north": {"uv": [0.75, 8, 0.8125, 8.0625], "texture": "#1"},
				"east": {"uv": [8, 0.75, 8.0625, 0.8125], "texture": "#1"},
				"south": {"uv": [0.875, 8, 0.9375, 8.0625], "texture": "#1"},
				"west": {"uv": [8, 0.875, 8.0625, 0.9375], "texture": "#1"},
				"up": {"uv": [1.0625, 8.0625, 1, 8], "texture": "#1"},
				"down": {"uv": [8.0625, 1, 8, 1.0625], "texture": "#1"}
			}
		}
	],
	"display": {
		"thirdperson_righthand": {
			"translation": [0, 4.25, 0]
		},
		"thirdperson_lefthand": {
			"translation": [0, 1.5, 0]
		},
		"ground": {
			"translation": [0, 3.5, 0]
		},
		"head": {
			"rotation": [0, 94, 0],
			"translation": [0, -18, 18.25],
			"scale": [4, 4, 4]
		}
	},
	"groups": [
		0,
		1,
		2,
		3,
		4,
		5,
		6,
		7,
		8,
		9,
		10,
		11,
		12,
		13,
		14,
		15,
		16,
		17,
		18,
		19,
		20,
		21,
		22,
		23,
		24,
		25,
		26,
		27,
		28,
		29,
		{
			"name": "group",
			"origin": [0, 0, 0],
			"color": 0,
			"children": [
				30,
				31,
				32,
				33,
				34,
				35,
				36,
				37,
				38,
				39,
				40,
				41,
				42,
				43,
				{
					"name": "group",
					"origin": [0, 0, 0],
					"color": 0,
					"children": [44, 45, 46, 47, 48, 49, 50, 51, 52]
				}
			]
		},
		53,
		54,
		55,
		56
	]
}