{
	"__comment": "Designed by EnderMatrul with Cubik Studio - https://cubik.studio",
	"textures": {
		"spear_1": "items/spear_1"
	},
	"elements": [ 	 
		{
			"__comment": "Voxels",
			"from": [ -11.52, 7.68, 7.68 ],
			"to": [ 30.08, 9.599999, 8.32 ],
			"faces": {
				"down": { "uv": [ 0, 14, 8.125, 14.125 ], "texture": "#spear_1" },
				"up": { "uv": [ 0, 14.25, 8.125, 14.125 ], "texture": "#spear_1" },
				"north": { "uv": [ 8.125, 15.625, 0, 16 ], "texture": "#spear_1" },
				"south": { "uv": [ 0, 15.25, 8.125, 15.625 ], "texture": "#spear_1" },
				"west": { "uv": [ 14.625, 15.625, 14.75, 16 ], "texture": "#spear_1" },
				"east": { "uv": [ 14.875, 15.625, 14.75, 16 ], "texture": "#spear_1" }
			}
		},
		{
			"__comment": "Voxels",
			"from": [ -11.52, 8.32, 7.04 ],
			"to": [ 30.72, 8.96, 7.68 ],
			"faces": {
				"down": { "uv": [ 0, 15.125, 8.25, 15.25 ], "texture": "#spear_1" },
				"up": { "uv": [ 0, 14.875, 8.25, 14.75 ], "texture": "#spear_1" },
				"north": { "uv": [ 8.25, 14.625, 0, 14.75 ], "texture": "#spear_1" },
				"south": { "uv": [ 0, 14.5, 8.25, 14.625 ], "texture": "#spear_1" },
				"west": { "uv": [ 14.5, 15.75, 14.625, 15.875 ], "texture": "#spear_1" },
				"east": { "uv": [ 14.625, 15.625, 14.5, 15.75 ], "texture": "#spear_1" }
			}
		},
		{
			"__comment": "Voxels",
			"from": [ -11.52, 8.32, 8.32 ],
			"to": [ 30.72, 8.96, 8.96 ],
			"faces": {
				"down": { "uv": [ 0, 14.875, 8.25, 15 ], "texture": "#spear_1" },
				"up": { "uv": [ 0, 15.125, 8.25, 15 ], "texture": "#spear_1" },
				"north": { "uv": [ 8.25, 14.375, 0, 14.5 ], "texture": "#spear_1" },
				"south": { "uv": [ 0, 14.25, 8.25, 14.375 ], "texture": "#spear_1" },
				"west": { "uv": [ 11.25, 15.375, 11.375, 15.5 ], "texture": "#spear_1" },
				"east": { "uv": [ 8.5, 15.375, 8.375, 15.5 ], "texture": "#spear_1" }
			}
		},
		{
			"__comment": "Voxels",
			"from": [ 22.4, 7.04, 7.68 ],
			"to": [ 24.32, 7.68, 8.32 ],
			"faces": {
				"down": { "uv": [ 14.125, 15.75, 14.5, 15.875 ], "texture": "#spear_1" },
				"up": { "uv": [ 14.125, 15.75, 14.5, 15.625 ], "texture": "#spear_1" },
				"north": { "uv": [ 15.25, 15.875, 14.875, 16 ], "texture": "#spear_1" },
				"south": { "uv": [ 15.625, 15.75, 16, 15.875 ], "texture": "#spear_1" },
				"west": { "uv": [ 8.375, 15.25, 8.5, 15.375 ], "texture": "#spear_1" },
				"east": { "uv": [ 8.625, 15.25, 8.5, 15.375 ], "texture": "#spear_1" }
			}
		},
		{
			"__comment": "Voxels",
			"from": [ 22.4, 9.599999, 7.68 ],
			"to": [ 24.32, 10.24, 8.32 ],
			"faces": {
				"down": { "uv": [ 14.875, 15.75, 15.25, 15.875 ], "texture": "#spear_1" },
				"up": { "uv": [ 14.875, 15.75, 15.25, 15.625 ], "texture": "#spear_1" },
				"north": { "uv": [ 15.625, 15.875, 15.25, 16 ], "texture": "#spear_1" },
				"south": { "uv": [ 15.625, 15.625, 16, 15.75 ], "texture": "#spear_1" },
				"west": { "uv": [ 11.5, 15.375, 11.625, 15.5 ], "texture": "#spear_1" },
				"east": { "uv": [ 11.625, 15.5, 11.5, 15.625 ], "texture": "#spear_1" }
			}
		},
		{
			"__comment": "Voxels",
			"from": [ 23.04, 5.76, 7.68 ],
			"to": [ 23.68, 7.04, 8.32 ],
			"faces": {
				"down": { "uv": [ 11.375, 15.25, 11.5, 15.375 ], "texture": "#spear_1" },
				"up": { "uv": [ 11.375, 15.5, 11.5, 15.375 ], "texture": "#spear_1" },
				"north": { "uv": [ 9.625, 15.375, 9.5, 15.625 ], "texture": "#spear_1" },
				"south": { "uv": [ 12.5, 15.625, 12.625, 15.875 ], "texture": "#spear_1" },
				"west": { "uv": [ 8.75, 15.375, 8.875, 15.625 ], "texture": "#spear_1" },
				"east": { "uv": [ 9, 15.375, 8.875, 15.625 ], "texture": "#spear_1" }
			}
		},
		{
			"__comment": "Voxels",
			"from": [ 23.04, 7.68, 7.04 ],
			"to": [ 23.68, 8.32, 7.68 ],
			"faces": {
				"down": { "uv": [ 11.25, 15.5, 11.375, 15.625 ], "texture": "#spear_1" },
				"up": { "uv": [ 11.125, 15.5, 11.25, 15.375 ], "texture": "#spear_1" },
				"north": { "uv": [ 11.125, 15.375, 11, 15.5 ], "texture": "#spear_1" },
				"south": { "uv": [ 11, 15.5, 11.125, 15.625 ], "texture": "#spear_1" },
				"west": { "uv": [ 10.875, 15.25, 11, 15.375 ], "texture": "#spear_1" },
				"east": { "uv": [ 11, 15.375, 10.875, 15.5 ], "texture": "#spear_1" }
			}
		},
		{
			"__comment": "Voxels",
			"from": [ 23.04, 7.68, 8.32 ],
			"to": [ 23.68, 8.32, 8.96 ],
			"faces": {
				"down": { "uv": [ 10.5, 15.375, 10.625, 15.5 ], "texture": "#spear_1" },
				"up": { "uv": [ 10.5, 15.625, 10.625, 15.5 ], "texture": "#spear_1" },
				"north": { "uv": [ 10.5, 15.25, 10.375, 15.375 ], "texture": "#spear_1" },
				"south": { "uv": [ 10.375, 15.375, 10.5, 15.5 ], "texture": "#spear_1" },
				"west": { "uv": [ 10.25, 15.375, 10.375, 15.5 ], "texture": "#spear_1" },
				"east": { "uv": [ 10.375, 15.5, 10.25, 15.625 ], "texture": "#spear_1" }
			}
		},
		{
			"__comment": "Voxels",
			"from": [ 23.04, 8.96, 7.04 ],
			"to": [ 23.68, 9.6, 7.68 ],
			"faces": {
				"down": { "uv": [ 10.125, 15.25, 10.25, 15.375 ], "texture": "#spear_1" },
				"up": { "uv": [ 10.125, 15.5, 10.25, 15.375 ], "texture": "#spear_1" },
				"north": { "uv": [ 10.125, 15.375, 10, 15.5 ], "texture": "#spear_1" },
				"south": { "uv": [ 10, 15.5, 10.125, 15.625 ], "texture": "#spear_1" },
				"west": { "uv": [ 9.875, 15.25, 10, 15.375 ], "texture": "#spear_1" },
				"east": { "uv": [ 9.875, 15.25, 9.75, 15.375 ], "texture": "#spear_1" }
			}
		},
		{
			"__comment": "Voxels",
			"from": [ 23.04, 8.96, 8.32 ],
			"to": [ 23.68, 9.6, 8.96 ],
			"faces": {
				"down": { "uv": [ 9.375, 15.25, 9.5, 15.375 ], "texture": "#spear_1" },
				"up": { "uv": [ 9.25, 15.375, 9.375, 15.25 ], "texture": "#spear_1" },
				"north": { "uv": [ 9.25, 15.25, 9.125, 15.375 ], "texture": "#spear_1" },
				"south": { "uv": [ 9, 15.25, 9.125, 15.375 ], "texture": "#spear_1" },
				"west": { "uv": [ 8.625, 15.25, 8.75, 15.375 ], "texture": "#spear_1" },
				"east": { "uv": [ 11.875, 15.375, 11.75, 15.5 ], "texture": "#spear_1" }
			}
		},
		{
			"__comment": "Voxels",
			"from": [ 23.04, 10.24, 7.68 ],
			"to": [ 23.68, 11.52, 8.32 ],
			"faces": {
				"down": { "uv": [ 11.75, 15.5, 11.875, 15.625 ], "texture": "#spear_1" },
				"up": { "uv": [ 11.625, 15.375, 11.75, 15.25 ], "texture": "#spear_1" },
				"north": { "uv": [ 9.125, 15.375, 9, 15.625 ], "texture": "#spear_1" },
				"south": { "uv": [ 9.125, 15.375, 9.25, 15.625 ], "texture": "#spear_1" },
				"west": { "uv": [ 9.25, 15.375, 9.375, 15.625 ], "texture": "#spear_1" },
				"east": { "uv": [ 9.5, 15.375, 9.375, 15.625 ], "texture": "#spear_1" }
			}
		},
		{
			"__comment": "Voxels",
			"from": [ 25.6, 6.4, 7.68 ],
			"to": [ 26.24, 7.679999, 8.32 ],
			"faces": {
				"down": { "uv": [ 11.125, 15.25, 11.25, 15.375 ], "texture": "#spear_1" },
				"up": { "uv": [ 11.625, 15.5, 11.75, 15.375 ], "texture": "#spear_1" },
				"north": { "uv": [ 9.75, 15.375, 9.625, 15.625 ], "texture": "#spear_1" },
				"south": { "uv": [ 9.75, 15.375, 9.875, 15.625 ], "texture": "#spear_1" },
				"west": { "uv": [ 9.875, 15.375, 10, 15.625 ], "texture": "#spear_1" },
				"east": { "uv": [ 12.5, 15.625, 12.375, 15.875 ], "texture": "#spear_1" }
			}
		},
		{
			"__comment": "Voxels",
			"from": [ 25.6, 7.68, 7.04 ],
			"to": [ 29.44, 8.32, 7.68 ],
			"faces": {
				"down": { "uv": [ 8.125, 15.75, 8.875, 15.875 ], "texture": "#spear_1" },
				"up": { "uv": [ 8.125, 16, 8.875, 15.875 ], "texture": "#spear_1" },
				"north": { "uv": [ 11.125, 15.875, 10.375, 16 ], "texture": "#spear_1" },
				"south": { "uv": [ 10.375, 15.625, 11.125, 15.75 ], "texture": "#spear_1" },
				"west": { "uv": [ 8.75, 15.25, 8.875, 15.375 ], "texture": "#spear_1" },
				"east": { "uv": [ 9, 15.25, 8.875, 15.375 ], "texture": "#spear_1" }
			}
		},
		{
			"__comment": "Voxels",
			"from": [ 25.6, 7.68, 8.32 ],
			"to": [ 29.44, 8.32, 8.96 ],
			"faces": {
				"down": { "uv": [ 10.375, 15.75, 11.125, 15.875 ], "texture": "#spear_1" },
				"up": { "uv": [ 8.875, 15.75, 9.625, 15.625 ], "texture": "#spear_1" },
				"north": { "uv": [ 9.625, 15.875, 8.875, 16 ], "texture": "#spear_1" },
				"south": { "uv": [ 8.125, 15.625, 8.875, 15.75 ], "texture": "#spear_1" },
				"west": { "uv": [ 9.5, 15.25, 9.625, 15.375 ], "texture": "#spear_1" },
				"east": { "uv": [ 9.75, 15.25, 9.625, 15.375 ], "texture": "#spear_1" }
			}
		},
		{
			"__comment": "Voxels",
			"from": [ 25.6, 8.96, 7.04 ],
			"to": [ 29.44, 9.6, 7.68 ],
			"faces": {
				"down": { "uv": [ 11.875, 15.875, 12.625, 16 ], "texture": "#spear_1" },
				"up": { "uv": [ 11.125, 15.75, 11.875, 15.625 ], "texture": "#spear_1" },
				"north": { "uv": [ 11.875, 15.75, 11.125, 15.875 ], "texture": "#spear_1" },
				"south": { "uv": [ 11.125, 15.875, 11.875, 16 ], "texture": "#spear_1" },
				"west": { "uv": [ 10, 15.25, 10.125, 15.375 ], "texture": "#spear_1" },
				"east": { "uv": [ 10.25, 15.5, 10.125, 15.625 ], "texture": "#spear_1" }
			}
		},
		{
			"__comment": "Voxels",
			"from": [ 25.6, 8.96, 8.32 ],
			"to": [ 29.44, 9.6, 8.96 ],
			"faces": {
				"down": { "uv": [ 9.625, 15.625, 10.375, 15.75 ], "texture": "#spear_1" },
				"up": { "uv": [ 9.625, 15.875, 10.375, 15.75 ], "texture": "#spear_1" },
				"north": { "uv": [ 9.625, 15.75, 8.875, 15.875 ], "texture": "#spear_1" },
				"south": { "uv": [ 9.625, 15.875, 10.375, 16 ], "texture": "#spear_1" },
				"west": { "uv": [ 10.25, 15.25, 10.375, 15.375 ], "texture": "#spear_1" },
				"east": { "uv": [ 10.5, 15.5, 10.375, 15.625 ], "texture": "#spear_1" }
			}
		},
		{
			"__comment": "Voxels",
			"from": [ 25.6, 9.599999, 7.68 ],
			"to": [ 28.16, 10.24, 8.32 ],
			"faces": {
				"down": { "uv": [ 13.125, 15.75, 13.625, 15.875 ], "texture": "#spear_1" },
				"up": { "uv": [ 13.125, 16, 13.625, 15.875 ], "texture": "#spear_1" },
				"north": { "uv": [ 13.125, 15.625, 12.625, 15.75 ], "texture": "#spear_1" },
				"south": { "uv": [ 12.625, 15.75, 13.125, 15.875 ], "texture": "#spear_1" },
				"west": { "uv": [ 10.5, 15.25, 10.625, 15.375 ], "texture": "#spear_1" },
				"east": { "uv": [ 10.75, 15.5, 10.625, 15.625 ], "texture": "#spear_1" }
			}
		},
		{
			"__comment": "Voxels",
			"from": [ 25.6, 10.24, 7.68 ],
			"to": [ 26.24, 10.88, 8.32 ],
			"faces": {
				"down": { "uv": [ 10.625, 15.375, 10.75, 15.5 ], "texture": "#spear_1" },
				"up": { "uv": [ 10.625, 15.375, 10.75, 15.25 ], "texture": "#spear_1" },
				"north": { "uv": [ 10.875, 15.5, 10.75, 15.625 ], "texture": "#spear_1" },
				"south": { "uv": [ 10.75, 15.375, 10.875, 15.5 ], "texture": "#spear_1" },
				"west": { "uv": [ 10.75, 15.25, 10.875, 15.375 ], "texture": "#spear_1" },
				"east": { "uv": [ 11, 15.5, 10.875, 15.625 ], "texture": "#spear_1" }
			}
		},
		{
			"__comment": "Voxels",
			"from": [ 26.24, 7.04, 7.68 ],
			"to": [ 28.16, 7.68, 8.32 ],
			"faces": {
				"down": { "uv": [ 8.125, 15.5, 8.5, 15.625 ], "texture": "#spear_1" },
				"up": { "uv": [ 15.625, 16, 16, 15.875 ], "texture": "#spear_1" },
				"north": { "uv": [ 15.625, 15.625, 15.25, 15.75 ], "texture": "#spear_1" },
				"south": { "uv": [ 15.25, 15.75, 15.625, 15.875 ], "texture": "#spear_1" },
				"west": { "uv": [ 11, 15.25, 11.125, 15.375 ], "texture": "#spear_1" },
				"east": { "uv": [ 11.25, 15.5, 11.125, 15.625 ], "texture": "#spear_1" }
			}
		},
		{
			"__comment": "Voxels",
			"from": [ 26.24, 8.32, 6.4 ],
			"to": [ 28.8, 8.96, 7.039999 ],
			"faces": {
				"down": { "uv": [ 11.875, 15.625, 12.375, 15.75 ], "texture": "#spear_1" },
				"up": { "uv": [ 11.875, 15.875, 12.375, 15.75 ], "texture": "#spear_1" },
				"north": { "uv": [ 14.625, 15.875, 14.125, 16 ], "texture": "#spear_1" },
				"south": { "uv": [ 13.625, 15.875, 14.125, 16 ], "texture": "#spear_1" },
				"west": { "uv": [ 11.25, 15.25, 11.375, 15.375 ], "texture": "#spear_1" },
				"east": { "uv": [ 11.5, 15.5, 11.375, 15.625 ], "texture": "#spear_1" }
			}
		},
		{
			"__comment": "Voxels",
			"from": [ 26.24, 8.32, 8.96 ],
			"to": [ 28.8, 8.96, 9.6 ],
			"faces": {
				"down": { "uv": [ 13.125, 15.625, 13.625, 15.75 ], "texture": "#spear_1" },
				"up": { "uv": [ 12.625, 16, 13.125, 15.875 ], "texture": "#spear_1" },
				"north": { "uv": [ 14.125, 15.625, 13.625, 15.75 ], "texture": "#spear_1" },
				"south": { "uv": [ 13.625, 15.75, 14.125, 15.875 ], "texture": "#spear_1" },
				"west": { "uv": [ 11.5, 15.25, 11.625, 15.375 ], "texture": "#spear_1" },
				"east": { "uv": [ 11.75, 15.5, 11.625, 15.625 ], "texture": "#spear_1" }
			}
		},
		{
			"__comment": "Voxels",
			"from": [ 30.08, 8.32, 7.68 ],
			"to": [ 31.36, 8.96, 8.32 ],
			"faces": {
				"down": { "uv": [ 8.125, 15.375, 8.375, 15.5 ], "texture": "#spear_1" },
				"up": { "uv": [ 8.125, 15.375, 8.375, 15.25 ], "texture": "#spear_1" },
				"north": { "uv": [ 8.75, 15.5, 8.5, 15.625 ], "texture": "#spear_1" },
				"south": { "uv": [ 8.5, 15.375, 8.75, 15.5 ], "texture": "#spear_1" },
				"west": { "uv": [ 11.75, 15.25, 11.875, 15.375 ], "texture": "#spear_1" },
				"east": { "uv": [ 12, 15.5, 11.875, 15.625 ], "texture": "#spear_1" }
			}
		}
	],
	"display": {
		"thirdperson_righthand": {
			"rotation":  [ 0, 90, 90 ],
			"translation":  [ 0.5, 0, 1 ],
			"scale":  [ 1, 0.9, 0.9 ]
		},
		"thirdperson_lefthand": {
			"rotation":  [ 0, 90, -90 ],
			"translation":  [ 0.5, 0, 2 ],
			"scale":  [ 1, 0.9, 0.9 ]
		},
		"firstperson_righthand": {
			"rotation":  [ 0, 90, 60 ],
			"translation":  [ 4, 0, 0 ],
			"scale":  [ 1.3, 1.1, 1 ]
		},
		"firstperson_lefthand": {
			"rotation":  [ 0, 90, -120 ],
			"translation":  [ 4, 0, 0 ],
			"scale":  [ 1.3, 1.1, 1 ]
		},
		"gui": {
			"rotation":  [ 0, 0, 45 ],
			"translation":  [ -0.4, -0.9, 0 ],
			"scale":  [ 0.5, 0.5, 0.5 ]
		},
		"head": {
			"rotation":  [ 0, 0, 45 ],
			"translation":  [ 0, -15, 5 ],
			"scale":  [ 1.5, 1.5, 1.5 ]
		},
		"fixed": {
			"rotation":  [ 0, 0, 90 ],
			"translation":  [ 2, 0, 0 ],
			"scale":  [ 3, 3, 3 ]
		}
	}
}