{
	"__comment": "Designed by EnderMatrul with Cubik Studio - https://cubik.studio",
	"textures": {
		"sword_7": "items/sword_7"
	},
	"elements": [ 	 
		{
			"__comment": "Voxels",
			"from": [ -16, 7, 8 ],
			"to": [ 21, 10, 9 ],
			"faces": {
				"down": { "uv": [ 0, 14.25, 9.25, 14.5 ], "texture": "#sword_7" },
				"up": { "uv": [ 0, 14.25, 9.25, 14 ], "texture": "#sword_7" },
				"north": { "uv": [ 9.25, 15.25, 0, 16 ], "texture": "#sword_7" },
				"south": { "uv": [ 0, 14.5, 9.25, 15.25 ], "texture": "#sword_7" },
				"west": { "uv": [ 4, 8.5, 4.25, 9.25 ], "texture": "#sword_7" },
				"east": { "uv": [ 4, 8.5, 3.75, 9.25 ], "texture": "#sword_7" }
			}
		},
		{
			"__comment": "Voxels",
			"from": [ -16, 8, 7 ],
			"to": [ 20, 9, 8 ],
			"faces": {
				"down": { "uv": [ 0, 13.75, 9, 14 ], "texture": "#sword_7" },
				"up": { "uv": [ 0, 13.75, 9, 13.5 ], "texture": "#sword_7" },
				"north": { "uv": [ 9, 13.25, 0, 13.5 ], "texture": "#sword_7" },
				"south": { "uv": [ 0, 13, 9, 13.25 ], "texture": "#sword_7" },
				"west": { "uv": [ 4, 8, 4.25, 8.25 ], "texture": "#sword_7" },
				"east": { "uv": [ 4.25, 8.25, 4, 8.5 ], "texture": "#sword_7" }
			}
		},
		{
			"__comment": "Voxels",
			"from": [ -16, 8, 9 ],
			"to": [ 20, 9, 10 ],
			"faces": {
				"down": { "uv": [ 0, 12.25, 9, 12.5 ], "texture": "#sword_7" },
				"up": { "uv": [ 0, 12.25, 9, 12 ], "texture": "#sword_7" },
				"north": { "uv": [ 9, 12.75, 0, 13 ], "texture": "#sword_7" },
				"south": { "uv": [ 0, 12.5, 9, 12.75 ], "texture": "#sword_7" },
				"west": { "uv": [ 3.75, 8, 4, 8.25 ], "texture": "#sword_7" },
				"east": { "uv": [ 9.25, 13.25, 9, 13.5 ], "texture": "#sword_7" }
			}
		},
		{
			"__comment": "Voxels",
			"from": [ -15, 7, 7 ],
			"to": [ -13, 8, 8 ],
			"faces": {
				"down": { "uv": [ 3.25, 10.75, 3.75, 11 ], "texture": "#sword_7" },
				"up": { "uv": [ 3.25, 9.75, 3.75, 9.5 ], "texture": "#sword_7" },
				"north": { "uv": [ 3.75, 8.25, 3.25, 8.5 ], "texture": "#sword_7" },
				"south": { "uv": [ 3.25, 8, 3.75, 8.25 ], "texture": "#sword_7" },
				"west": { "uv": [ 9, 13.5, 9.25, 13.75 ], "texture": "#sword_7" },
				"east": { "uv": [ 9.25, 13.75, 9, 14 ], "texture": "#sword_7" }
			}
		},
		{
			"__comment": "Voxels",
			"from": [ -15, 7, 9 ],
			"to": [ -13, 8, 10 ],
			"faces": {
				"down": { "uv": [ 5, 9, 5.5, 9.25 ], "texture": "#sword_7" },
				"up": { "uv": [ 5, 9, 5.5, 8.75 ], "texture": "#sword_7" },
				"north": { "uv": [ 4.75, 8.5, 4.25, 8.75 ], "texture": "#sword_7" },
				"south": { "uv": [ 4.25, 8.25, 4.75, 8.5 ], "texture": "#sword_7" },
				"west": { "uv": [ 15.75, 15.25, 16, 15.5 ], "texture": "#sword_7" },
				"east": { "uv": [ 6, 8, 5.75, 8.25 ], "texture": "#sword_7" }
			}
		},
		{
			"__comment": "Voxels",
			"from": [ -15, 9, 7 ],
			"to": [ -13, 10, 8 ],
			"faces": {
				"down": { "uv": [ 4.25, 8, 4.75, 8.25 ], "texture": "#sword_7" },
				"up": { "uv": [ 4.75, 8.75, 5.25, 8.5 ], "texture": "#sword_7" },
				"north": { "uv": [ 5.25, 8.25, 4.75, 8.5 ], "texture": "#sword_7" },
				"south": { "uv": [ 4.75, 8, 5.25, 8.25 ], "texture": "#sword_7" },
				"west": { "uv": [ 5.5, 8, 5.75, 8.25 ], "texture": "#sword_7" },
				"east": { "uv": [ 6, 8.25, 5.75, 8.5 ], "texture": "#sword_7" }
			}
		},
		{
			"__comment": "Voxels",
			"from": [ -15, 9, 9 ],
			"to": [ -13, 10, 10 ],
			"faces": {
				"down": { "uv": [ 5.5, 11, 6, 11.25 ], "texture": "#sword_7" },
				"up": { "uv": [ 5.5, 11, 6, 10.75 ], "texture": "#sword_7" },
				"north": { "uv": [ 3.75, 11.25, 3.25, 11.5 ], "texture": "#sword_7" },
				"south": { "uv": [ 3.25, 11, 3.75, 11.25 ], "texture": "#sword_7" },
				"west": { "uv": [ 5.5, 8.25, 5.75, 8.5 ], "texture": "#sword_7" },
				"east": { "uv": [ 6, 9, 5.75, 9.25 ], "texture": "#sword_7" }
			}
		},
		{
			"__comment": "Voxels",
			"from": [ 6, 5, 8 ],
			"to": [ 13, 6, 9 ],
			"faces": {
				"down": { "uv": [ 3.75, 11, 5.5, 11.25 ], "texture": "#sword_7" },
				"up": { "uv": [ 3.75, 10.5, 5.5, 10.25 ], "texture": "#sword_7" },
				"north": { "uv": [ 5.5, 10.75, 3.75, 11 ], "texture": "#sword_7" },
				"south": { "uv": [ 3.75, 10.5, 5.5, 10.75 ], "texture": "#sword_7" },
				"west": { "uv": [ 5.5, 9, 5.75, 9.25 ], "texture": "#sword_7" },
				"east": { "uv": [ 6, 9.5, 5.75, 9.75 ], "texture": "#sword_7" }
			}
		},
		{
			"__comment": "Voxels",
			"from": [ 7, 3, 8 ],
			"to": [ 22, 4, 9 ],
			"faces": {
				"down": { "uv": [ 9.25, 15.5, 13, 15.75 ], "texture": "#sword_7" },
				"up": { "uv": [ 9.25, 16, 13, 15.75 ], "texture": "#sword_7" },
				"north": { "uv": [ 13, 15.25, 9.25, 15.5 ], "texture": "#sword_7" },
				"south": { "uv": [ 0, 11.75, 3.75, 12 ], "texture": "#sword_7" },
				"west": { "uv": [ 5.5, 9.5, 5.75, 9.75 ], "texture": "#sword_7" },
				"east": { "uv": [ 6, 10.25, 5.75, 10.5 ], "texture": "#sword_7" }
			}
		},
		{
			"__comment": "Voxels",
			"from": [ 7, 4, 8 ],
			"to": [ 11, 5, 9 ],
			"faces": {
				"down": { "uv": [ 2.25, 11.25, 3.25, 11.5 ], "texture": "#sword_7" },
				"up": { "uv": [ 2.25, 10.75, 3.25, 10.5 ], "texture": "#sword_7" },
				"north": { "uv": [ 3.25, 10.25, 2.25, 10.5 ], "texture": "#sword_7" },
				"south": { "uv": [ 2.75, 11.5, 3.75, 11.75 ], "texture": "#sword_7" },
				"west": { "uv": [ 5.5, 10.25, 5.75, 10.5 ], "texture": "#sword_7" },
				"east": { "uv": [ 6, 10.5, 5.75, 10.75 ], "texture": "#sword_7" }
			}
		},
		{
			"__comment": "Voxels",
			"from": [ 8, 2, 8 ],
			"to": [ 12, 3, 9 ],
			"faces": {
				"down": { "uv": [ 2.25, 9.75, 3.25, 10 ], "texture": "#sword_7" },
				"up": { "uv": [ 2.25, 10.25, 3.25, 10 ], "texture": "#sword_7" },
				"north": { "uv": [ 3.25, 11, 2.25, 11.25 ], "texture": "#sword_7" },
				"south": { "uv": [ 2.25, 10.75, 3.25, 11 ], "texture": "#sword_7" },
				"west": { "uv": [ 5.5, 10.5, 5.75, 10.75 ], "texture": "#sword_7" },
				"east": { "uv": [ 9.25, 12, 9, 12.25 ], "texture": "#sword_7" }
			}
		},
		{
			"__comment": "Voxels",
			"from": [ 9, 6, 8 ],
			"to": [ 20, 7, 9 ],
			"faces": {
				"down": { "uv": [ 13, 15.25, 15.75, 15.5 ], "texture": "#sword_7" },
				"up": { "uv": [ 0, 11.75, 2.75, 11.5 ], "texture": "#sword_7" },
				"north": { "uv": [ 15.75, 15.5, 13, 15.75 ], "texture": "#sword_7" },
				"south": { "uv": [ 13, 15.75, 15.75, 16 ], "texture": "#sword_7" },
				"west": { "uv": [ 9, 12.25, 9.25, 12.5 ], "texture": "#sword_7" },
				"east": { "uv": [ 9.25, 12.5, 9, 12.75 ], "texture": "#sword_7" }
			}
		},
		{
			"__comment": "Voxels",
			"from": [ 10, 1, 8 ],
			"to": [ 19, 2, 9 ],
			"faces": {
				"down": { "uv": [ 6, 11.25, 8.25, 11.5 ], "texture": "#sword_7" },
				"up": { "uv": [ 3.75, 11.75, 6, 11.5 ], "texture": "#sword_7" },
				"north": { "uv": [ 2.25, 10.25, 0, 10.5 ], "texture": "#sword_7" },
				"south": { "uv": [ 0, 8.5, 2.25, 8.75 ], "texture": "#sword_7" },
				"west": { "uv": [ 9, 11.5, 9.25, 11.75 ], "texture": "#sword_7" },
				"east": { "uv": [ 5.5, 8.5, 5.25, 8.75 ], "texture": "#sword_7" }
			}
		},
		{
			"__comment": "Voxels",
			"from": [ 10, 7, 7 ],
			"to": [ 19, 8, 8 ],
			"faces": {
				"down": { "uv": [ 0, 8.75, 2.25, 9 ], "texture": "#sword_7" },
				"up": { "uv": [ 0, 11.25, 2.25, 11 ], "texture": "#sword_7" },
				"north": { "uv": [ 2.25, 11.25, 0, 11.5 ], "texture": "#sword_7" },
				"south": { "uv": [ 3.75, 11.25, 6, 11.5 ], "texture": "#sword_7" },
				"west": { "uv": [ 5.5, 9.75, 5.75, 10 ], "texture": "#sword_7" },
				"east": { "uv": [ 6, 9.75, 5.75, 10 ], "texture": "#sword_7" }
			}
		},
		{
			"__comment": "Voxels",
			"from": [ 10, 7, 9 ],
			"to": [ 19, 8, 10 ],
			"faces": {
				"down": { "uv": [ 6, 11.5, 8.25, 11.75 ], "texture": "#sword_7" },
				"up": { "uv": [ 0, 10.25, 2.25, 10 ], "texture": "#sword_7" },
				"north": { "uv": [ 2.25, 9.75, 0, 10 ], "texture": "#sword_7" },
				"south": { "uv": [ 0, 8.25, 2.25, 8.5 ], "texture": "#sword_7" },
				"west": { "uv": [ 5.5, 8.75, 5.75, 9 ], "texture": "#sword_7" },
				"east": { "uv": [ 6, 8.75, 5.75, 9 ], "texture": "#sword_7" }
			}
		},
		{
			"__comment": "Voxels",
			"from": [ 10, 9, 7 ],
			"to": [ 19, 10, 8 ],
			"faces": {
				"down": { "uv": [ 6, 11.75, 8.25, 12 ], "texture": "#sword_7" },
				"up": { "uv": [ 0, 9.75, 2.25, 9.5 ], "texture": "#sword_7" },
				"north": { "uv": [ 6, 11.75, 3.75, 12 ], "texture": "#sword_7" },
				"south": { "uv": [ 0, 9, 2.25, 9.25 ], "texture": "#sword_7" },
				"west": { "uv": [ 15.75, 15.75, 16, 16 ], "texture": "#sword_7" },
				"east": { "uv": [ 16, 15.5, 15.75, 15.75 ], "texture": "#sword_7" }
			}
		},
		{
			"__comment": "Voxels",
			"from": [ 10, 9, 9 ],
			"to": [ 19, 10, 10 ],
			"faces": {
				"down": { "uv": [ 0, 9.25, 2.25, 9.5 ], "texture": "#sword_7" },
				"up": { "uv": [ 0, 10.75, 2.25, 10.5 ], "texture": "#sword_7" },
				"north": { "uv": [ 2.25, 10.75, 0, 11 ], "texture": "#sword_7" },
				"south": { "uv": [ 0, 8, 2.25, 8.25 ], "texture": "#sword_7" },
				"west": { "uv": [ 9, 13, 9.25, 13.25 ], "texture": "#sword_7" },
				"east": { "uv": [ 9.25, 12.75, 9, 13 ], "texture": "#sword_7" }
			}
		},
		{
			"__comment": "Voxels",
			"from": [ 12, 4, 8 ],
			"to": [ 14, 5, 9 ],
			"faces": {
				"down": { "uv": [ 3.25, 10.5, 3.75, 10.75 ], "texture": "#sword_7" },
				"up": { "uv": [ 3.25, 10.5, 3.75, 10.25 ], "texture": "#sword_7" },
				"north": { "uv": [ 3.75, 10, 3.25, 10.25 ], "texture": "#sword_7" },
				"south": { "uv": [ 3.25, 9.75, 3.75, 10 ], "texture": "#sword_7" },
				"west": { "uv": [ 9, 11.25, 9.25, 11.5 ], "texture": "#sword_7" },
				"east": { "uv": [ 4, 8.25, 3.75, 8.5 ], "texture": "#sword_7" }
			}
		},
		{
			"__comment": "Voxels",
			"from": [ 13, 2, 8 ],
			"to": [ 16, 3, 9 ],
			"faces": {
				"down": { "uv": [ 8.25, 11.5, 9, 11.75 ], "texture": "#sword_7" },
				"up": { "uv": [ 4.25, 9.25, 5, 9 ], "texture": "#sword_7" },
				"north": { "uv": [ 5, 8.75, 4.25, 9 ], "texture": "#sword_7" },
				"south": { "uv": [ 8.25, 11.25, 9, 11.5 ], "texture": "#sword_7" },
				"west": { "uv": [ 5.25, 8.25, 5.5, 8.5 ], "texture": "#sword_7" },
				"east": { "uv": [ 5.5, 8, 5.25, 8.25 ], "texture": "#sword_7" }
			}
		},
		{
			"__comment": "Voxels",
			"from": [ 15, 4, 8 ],
			"to": [ 17, 5, 9 ],
			"faces": {
				"down": { "uv": [ 3.25, 9.25, 3.75, 9.5 ], "texture": "#sword_7" },
				"up": { "uv": [ 3.25, 9.25, 3.75, 9 ], "texture": "#sword_7" },
				"north": { "uv": [ 3.75, 8.75, 3.25, 9 ], "texture": "#sword_7" },
				"south": { "uv": [ 3.25, 8.5, 3.75, 8.75 ], "texture": "#sword_7" },
				"west": { "uv": [ 5.5, 10, 5.75, 10.25 ], "texture": "#sword_7" },
				"east": { "uv": [ 6, 10, 5.75, 10.25 ], "texture": "#sword_7" }
			}
		},
		{
			"__comment": "Voxels",
			"from": [ 16, 5, 8 ],
			"to": [ 23, 6, 9 ],
			"faces": {
				"down": { "uv": [ 3.75, 10, 5.5, 10.25 ], "texture": "#sword_7" },
				"up": { "uv": [ 3.75, 10, 5.5, 9.75 ], "texture": "#sword_7" },
				"north": { "uv": [ 5.5, 9.5, 3.75, 9.75 ], "texture": "#sword_7" },
				"south": { "uv": [ 3.75, 9.25, 5.5, 9.5 ], "texture": "#sword_7" },
				"west": { "uv": [ 5.5, 9.25, 5.75, 9.5 ], "texture": "#sword_7" },
				"east": { "uv": [ 6, 9.25, 5.75, 9.5 ], "texture": "#sword_7" }
			}
		},
		{
			"__comment": "Voxels",
			"from": [ 17, 2, 8 ],
			"to": [ 21, 3, 9 ],
			"faces": {
				"down": { "uv": [ 2.25, 9.5, 3.25, 9.75 ], "texture": "#sword_7" },
				"up": { "uv": [ 2.25, 9.5, 3.25, 9.25 ], "texture": "#sword_7" },
				"north": { "uv": [ 3.25, 9, 2.25, 9.25 ], "texture": "#sword_7" },
				"south": { "uv": [ 2.25, 8.75, 3.25, 9 ], "texture": "#sword_7" },
				"west": { "uv": [ 5.5, 8.5, 5.75, 8.75 ], "texture": "#sword_7" },
				"east": { "uv": [ 6, 8.5, 5.75, 8.75 ], "texture": "#sword_7" }
			}
		},
		{
			"__comment": "Voxels",
			"from": [ 18, 4, 8 ],
			"to": [ 22, 5, 9 ],
			"faces": {
				"down": { "uv": [ 2.25, 8.5, 3.25, 8.75 ], "texture": "#sword_7" },
				"up": { "uv": [ 2.25, 8.5, 3.25, 8.25 ], "texture": "#sword_7" },
				"north": { "uv": [ 3.25, 8, 2.25, 8.25 ], "texture": "#sword_7" },
				"south": { "uv": [ 8.25, 11.75, 9.25, 12 ], "texture": "#sword_7" },
				"west": { "uv": [ 6, 11, 6.25, 11.25 ], "texture": "#sword_7" },
				"east": { "uv": [ 6.5, 11, 6.25, 11.25 ], "texture": "#sword_7" }
			}
		},
		{
			"__comment": "Voxels",
			"from": [ 21, 8, 8 ],
			"to": [ 22, 9, 9 ],
			"faces": {
				"down": { "uv": [ 6.5, 11, 6.75, 11.25 ], "texture": "#sword_7" },
				"up": { "uv": [ 6.75, 11.25, 7, 11 ], "texture": "#sword_7" },
				"north": { "uv": [ 7.25, 11, 7, 11.25 ], "texture": "#sword_7" },
				"south": { "uv": [ 7.25, 11, 7.5, 11.25 ], "texture": "#sword_7" },
				"west": { "uv": [ 7.5, 11, 7.75, 11.25 ], "texture": "#sword_7" },
				"east": { "uv": [ 8, 11, 7.75, 11.25 ], "texture": "#sword_7" }
			}
		}
	],
	"display": {
		"thirdperson_righthand": {
			"rotation":  [ 90, 90, 0 ],
			"translation":  [ 0.2, 6, 1.2 ],
			"scale":  [ 0.6, 0.7, 0.6 ]
		},
		"thirdperson_lefthand": {
			"rotation":  [ 90, -90, 0 ],
			"translation":  [ 0.2, 6, 1.2 ],
			"scale":  [ 0.6, 0.7, 0.6 ]
		},
		"firstperson_righthand": {
			"rotation":  [ 0, 100, 80 ],
			"translation":  [ 0, 10, 0 ],
			"scale":  [ 0.6, 0.6, 0.6 ]
		},
		"firstperson_lefthand": {
			"rotation":  [ 0, -100, -80 ],
			"translation":  [ 0, 10, 0 ],
			"scale":  [ 0.6, 0.6, 0.6 ]
		},
		"gui": {
			"rotation":  [ 0, 0, 50 ],
			"translation":  [ 0.7, 1.7, 0 ],
			"scale":  [ 0.5, 0.5, 0.5 ]
		},
		"head": {
			"rotation":  [ 0, 0, 45 ],
			"translation":  [ 7, -10, 4 ],
			"scale":  [ 1.2, 1.2, 1.2 ]
		},
		"fixed": {
			"translation":  [ 10, 0, -1 ],
			"scale":  [ 1.5, 1.5, 1.5 ]
		}
	}
}