{
	"__comment": "Designed by EnderMatrul with Cubik Studio - https://cubik.studio",
	"textures": {
		"sword_1": "items/sword_1"
	},
	"elements": [ 	 
		{
			"__comment": "Voxels",
			"from": [ -16, 7, 8 ],
			"to": [ 30, 10, 9 ],
			"faces": {
				"down": { "uv": [ 0, 14.25, 11.5, 14.5 ], "texture": "#sword_1" },
				"up": { "uv": [ 0, 14.25, 11.5, 14 ], "texture": "#sword_1" },
				"north": { "uv": [ 11.5, 15.25, 0, 16 ], "texture": "#sword_1" },
				"south": { "uv": [ 0, 14.5, 11.5, 15.25 ], "texture": "#sword_1" },
				"west": { "uv": [ 0.75, 8.25, 1, 9 ], "texture": "#sword_1" },
				"east": { "uv": [ 1.75, 9, 1.5, 9.75 ], "texture": "#sword_1" }
			}
		},
		{
			"__comment": "Voxels",
			"from": [ -16, 8, 7 ],
			"to": [ 29, 9, 8 ],
			"faces": {
				"down": { "uv": [ 0, 13.25, 11.25, 13.5 ], "texture": "#sword_1" },
				"up": { "uv": [ 0, 13.25, 11.25, 13 ], "texture": "#sword_1" },
				"north": { "uv": [ 11.25, 12.75, 0, 13 ], "texture": "#sword_1" },
				"south": { "uv": [ 0, 12.5, 11.25, 12.75 ], "texture": "#sword_1" },
				"west": { "uv": [ 10.5, 10.5, 10.75, 10.75 ], "texture": "#sword_1" },
				"east": { "uv": [ 11, 10.5, 10.75, 10.75 ], "texture": "#sword_1" }
			}
		},
		{
			"__comment": "Voxels",
			"from": [ -16, 8, 9 ],
			"to": [ 29, 9, 10 ],
			"faces": {
				"down": { "uv": [ 0, 13.75, 11.25, 14 ], "texture": "#sword_1" },
				"up": { "uv": [ 0, 13.75, 11.25, 13.5 ], "texture": "#sword_1" },
				"north": { "uv": [ 11.25, 12.25, 0, 12.5 ], "texture": "#sword_1" },
				"south": { "uv": [ 0, 12, 11.25, 12.25 ], "texture": "#sword_1" },
				"west": { "uv": [ 11, 10.5, 11.25, 10.75 ], "texture": "#sword_1" },
				"east": { "uv": [ 8.75, 9.25, 8.5, 9.5 ], "texture": "#sword_1" }
			}
		},
		{
			"__comment": "Voxels",
			"from": [ -15, 6, 8 ],
			"to": [ -12, 7, 9 ],
			"faces": {
				"down": { "uv": [ 1, 8, 1.75, 8.25 ], "texture": "#sword_1" },
				"up": { "uv": [ 2.75, 8.25, 3.5, 8 ], "texture": "#sword_1" },
				"north": { "uv": [ 5.25, 9.75, 4.5, 10 ], "texture": "#sword_1" },
				"south": { "uv": [ 4.5, 9.5, 5.25, 9.75 ], "texture": "#sword_1" },
				"west": { "uv": [ 8.5, 9, 8.75, 9.25 ], "texture": "#sword_1" },
				"east": { "uv": [ 8.75, 8.75, 8.5, 9 ], "texture": "#sword_1" }
			}
		},
		{
			"__comment": "Voxels",
			"from": [ -15, 7, 7 ],
			"to": [ -12, 8, 8 ],
			"faces": {
				"down": { "uv": [ 4.5, 9.25, 5.25, 9.5 ], "texture": "#sword_1" },
				"up": { "uv": [ 4.5, 9.25, 5.25, 9 ], "texture": "#sword_1" },
				"north": { "uv": [ 5.25, 8.75, 4.5, 9 ], "texture": "#sword_1" },
				"south": { "uv": [ 4.5, 8.5, 5.25, 8.75 ], "texture": "#sword_1" },
				"west": { "uv": [ 8.5, 8, 8.75, 8.25 ], "texture": "#sword_1" },
				"east": { "uv": [ 9, 10.25, 8.75, 10.5 ], "texture": "#sword_1" }
			}
		},
		{
			"__comment": "Voxels",
			"from": [ -15, 7, 9 ],
			"to": [ -12, 8, 10 ],
			"faces": {
				"down": { "uv": [ 4.5, 8.25, 5.25, 8.5 ], "texture": "#sword_1" },
				"up": { "uv": [ 4.5, 8.25, 5.25, 8 ], "texture": "#sword_1" },
				"north": { "uv": [ 6.25, 11.75, 5.5, 12 ], "texture": "#sword_1" },
				"south": { "uv": [ 5.5, 11.5, 6.25, 11.75 ], "texture": "#sword_1" },
				"west": { "uv": [ 9, 10.25, 9.25, 10.5 ], "texture": "#sword_1" },
				"east": { "uv": [ 9.5, 10.25, 9.25, 10.5 ], "texture": "#sword_1" }
			}
		},
		{
			"__comment": "Voxels",
			"from": [ -15, 9, 7 ],
			"to": [ -12, 10, 8 ],
			"faces": {
				"down": { "uv": [ 5.5, 11.25, 6.25, 11.5 ], "texture": "#sword_1" },
				"up": { "uv": [ 5.5, 11.25, 6.25, 11 ], "texture": "#sword_1" },
				"north": { "uv": [ 6.25, 10.75, 5.5, 11 ], "texture": "#sword_1" },
				"south": { "uv": [ 5.5, 10.5, 6.25, 10.75 ], "texture": "#sword_1" },
				"west": { "uv": [ 9.75, 10.5, 10, 10.75 ], "texture": "#sword_1" },
				"east": { "uv": [ 10.25, 10.25, 10, 10.5 ], "texture": "#sword_1" }
			}
		},
		{
			"__comment": "Voxels",
			"from": [ -15, 9, 9 ],
			"to": [ -12, 10, 10 ],
			"faces": {
				"down": { "uv": [ 5.5, 10.25, 6.25, 10.5 ], "texture": "#sword_1" },
				"up": { "uv": [ 5.5, 10.25, 6.25, 10 ], "texture": "#sword_1" },
				"north": { "uv": [ 8, 10.5, 7.25, 10.75 ], "texture": "#sword_1" },
				"south": { "uv": [ 7.25, 10.75, 8, 11 ], "texture": "#sword_1" },
				"west": { "uv": [ 10.25, 10.25, 10.5, 10.5 ], "texture": "#sword_1" },
				"east": { "uv": [ 10.75, 10.25, 10.5, 10.5 ], "texture": "#sword_1" }
			}
		},
		{
			"__comment": "Voxels",
			"from": [ -15, 10, 8 ],
			"to": [ -12, 11, 9 ],
			"faces": {
				"down": { "uv": [ 7.25, 11, 8, 11.25 ], "texture": "#sword_1" },
				"up": { "uv": [ 10.25, 11.5, 11, 11.25 ], "texture": "#sword_1" },
				"north": { "uv": [ 10.25, 11.25, 9.5, 11.5 ], "texture": "#sword_1" },
				"south": { "uv": [ 8.75, 11.25, 9.5, 11.5 ], "texture": "#sword_1" },
				"west": { "uv": [ 10.75, 10.25, 11, 10.5 ], "texture": "#sword_1" },
				"east": { "uv": [ 9, 9.75, 8.75, 10 ], "texture": "#sword_1" }
			}
		},
		{
			"__comment": "Voxels",
			"from": [ -10, 7, 7 ],
			"to": [ -9, 8, 8 ],
			"faces": {
				"down": { "uv": [ 8.75, 9.25, 9, 9.5 ], "texture": "#sword_1" },
				"up": { "uv": [ 8.75, 9.25, 9, 9 ], "texture": "#sword_1" },
				"north": { "uv": [ 9, 8.25, 8.75, 8.5 ], "texture": "#sword_1" },
				"south": { "uv": [ 8.75, 8, 9, 8.25 ], "texture": "#sword_1" },
				"west": { "uv": [ 9, 10, 9.25, 10.25 ], "texture": "#sword_1" },
				"east": { "uv": [ 9.5, 10, 9.25, 10.25 ], "texture": "#sword_1" }
			}
		},
		{
			"__comment": "Voxels",
			"from": [ -10, 7, 9 ],
			"to": [ -9, 8, 10 ],
			"faces": {
				"down": { "uv": [ 9.25, 8.75, 9.5, 9 ], "texture": "#sword_1" },
				"up": { "uv": [ 9.25, 8.75, 9.5, 8.5 ], "texture": "#sword_1" },
				"north": { "uv": [ 9.5, 8.25, 9.25, 8.5 ], "texture": "#sword_1" },
				"south": { "uv": [ 9.25, 8, 9.5, 8.25 ], "texture": "#sword_1" },
				"west": { "uv": [ 5.25, 9.75, 5.5, 10 ], "texture": "#sword_1" },
				"east": { "uv": [ 5.5, 9.5, 5.25, 9.75 ], "texture": "#sword_1" }
			}
		},
		{
			"__comment": "Voxels",
			"from": [ -9, 9, 7 ],
			"to": [ -8, 10, 8 ],
			"faces": {
				"down": { "uv": [ 5.25, 9.25, 5.5, 9.5 ], "texture": "#sword_1" },
				"up": { "uv": [ 5.25, 9.25, 5.5, 9 ], "texture": "#sword_1" },
				"north": { "uv": [ 5.5, 8.75, 5.25, 9 ], "texture": "#sword_1" },
				"south": { "uv": [ 5.25, 8.5, 5.5, 8.75 ], "texture": "#sword_1" },
				"west": { "uv": [ 5.25, 8.25, 5.5, 8.5 ], "texture": "#sword_1" },
				"east": { "uv": [ 5.5, 8, 5.25, 8.25 ], "texture": "#sword_1" }
			}
		},
		{
			"__comment": "Voxels",
			"from": [ -9, 9, 9 ],
			"to": [ -8, 10, 10 ],
			"faces": {
				"down": { "uv": [ 7, 9.5, 7.25, 9.75 ], "texture": "#sword_1" },
				"up": { "uv": [ 7, 9.5, 7.25, 9.25 ], "texture": "#sword_1" },
				"north": { "uv": [ 7.25, 9, 7, 9.25 ], "texture": "#sword_1" },
				"south": { "uv": [ 7, 8.75, 7.25, 9 ], "texture": "#sword_1" },
				"west": { "uv": [ 7, 8.5, 7.25, 8.75 ], "texture": "#sword_1" },
				"east": { "uv": [ 7.25, 8.25, 7, 8.5 ], "texture": "#sword_1" }
			}
		},
		{
			"__comment": "Voxels",
			"from": [ -8, 8, 6 ],
			"to": [ -7, 9, 7 ],
			"faces": {
				"down": { "uv": [ 7, 8, 7.25, 8.25 ], "texture": "#sword_1" },
				"up": { "uv": [ 11, 12, 11.25, 11.75 ], "texture": "#sword_1" },
				"north": { "uv": [ 11.25, 11.5, 11, 11.75 ], "texture": "#sword_1" },
				"south": { "uv": [ 11, 11.25, 11.25, 11.5 ], "texture": "#sword_1" },
				"west": { "uv": [ 7.75, 9.25, 8, 9.5 ], "texture": "#sword_1" },
				"east": { "uv": [ 8, 9, 7.75, 9.25 ], "texture": "#sword_1" }
			}
		},
		{
			"__comment": "Voxels",
			"from": [ -8, 8, 10 ],
			"to": [ -7, 9, 11 ],
			"faces": {
				"down": { "uv": [ 7.75, 8.75, 8, 9 ], "texture": "#sword_1" },
				"up": { "uv": [ 7.75, 8.75, 8, 8.5 ], "texture": "#sword_1" },
				"north": { "uv": [ 11.25, 11, 11, 11.25 ], "texture": "#sword_1" },
				"south": { "uv": [ 8.5, 10.75, 8.75, 11 ], "texture": "#sword_1" },
				"west": { "uv": [ 8.75, 10.75, 9, 11 ], "texture": "#sword_1" },
				"east": { "uv": [ 9.25, 10.75, 9, 11 ], "texture": "#sword_1" }
			}
		},
		{
			"__comment": "Voxels",
			"from": [ -7, 7, 7 ],
			"to": [ -6, 8, 8 ],
			"faces": {
				"down": { "uv": [ 9.25, 10.75, 9.5, 11 ], "texture": "#sword_1" },
				"up": { "uv": [ 9.5, 11, 9.75, 10.75 ], "texture": "#sword_1" },
				"north": { "uv": [ 10, 10.75, 9.75, 11 ], "texture": "#sword_1" },
				"south": { "uv": [ 10, 10.75, 10.25, 11 ], "texture": "#sword_1" },
				"west": { "uv": [ 10.25, 10.75, 10.5, 11 ], "texture": "#sword_1" },
				"east": { "uv": [ 10.75, 10.75, 10.5, 11 ], "texture": "#sword_1" }
			}
		},
		{
			"__comment": "Voxels",
			"from": [ -7, 7, 9 ],
			"to": [ -6, 8, 10 ],
			"faces": {
				"down": { "uv": [ 10.75, 10.75, 11, 11 ], "texture": "#sword_1" },
				"up": { "uv": [ 11, 11, 11.25, 10.75 ], "texture": "#sword_1" },
				"north": { "uv": [ 8.25, 10.5, 8, 10.75 ], "texture": "#sword_1" },
				"south": { "uv": [ 8, 10.25, 8.25, 10.5 ], "texture": "#sword_1" },
				"west": { "uv": [ 8, 10, 8.25, 10.25 ], "texture": "#sword_1" },
				"east": { "uv": [ 8.25, 9.75, 8, 10 ], "texture": "#sword_1" }
			}
		},
		{
			"__comment": "Voxels",
			"from": [ -5, 3, 7 ],
			"to": [ -1, 4, 10 ],
			"faces": {
				"down": { "uv": [ 12.5, 14.5, 13.5, 15.25 ], "texture": "#sword_1" },
				"up": { "uv": [ 13.5, 15.25, 14.5, 14.5 ], "texture": "#sword_1" },
				"north": { "uv": [ 5.5, 11, 4.5, 11.25 ], "texture": "#sword_1" },
				"south": { "uv": [ 4.5, 10.75, 5.5, 11 ], "texture": "#sword_1" },
				"west": { "uv": [ 8, 11.25, 8.75, 11.5 ], "texture": "#sword_1" },
				"east": { "uv": [ 8, 11.25, 7.25, 11.5 ], "texture": "#sword_1" }
			}
		},
		{
			"__comment": "Voxels",
			"from": [ -5, 6, 8 ],
			"to": [ 2, 7, 9 ],
			"faces": {
				"down": { "uv": [ 11.25, 12.75, 13, 13 ], "texture": "#sword_1" },
				"up": { "uv": [ 13, 13, 14.75, 12.75 ], "texture": "#sword_1" },
				"north": { "uv": [ 3.5, 11.75, 1.75, 12 ], "texture": "#sword_1" },
				"south": { "uv": [ 1.75, 11.5, 3.5, 11.75 ], "texture": "#sword_1" },
				"west": { "uv": [ 8, 9.5, 8.25, 9.75 ], "texture": "#sword_1" },
				"east": { "uv": [ 8.25, 9.25, 8, 9.5 ], "texture": "#sword_1" }
			}
		},
		{
			"__comment": "Voxels",
			"from": [ -5, 10, 8 ],
			"to": [ 2, 11, 9 ],
			"faces": {
				"down": { "uv": [ 11.5, 14.25, 13.25, 14.5 ], "texture": "#sword_1" },
				"up": { "uv": [ 13.25, 14.5, 15, 14.25 ], "texture": "#sword_1" },
				"north": { "uv": [ 13, 13.5, 11.25, 13.75 ], "texture": "#sword_1" },
				"south": { "uv": [ 13, 13.5, 14.75, 13.75 ], "texture": "#sword_1" },
				"west": { "uv": [ 8.25, 9.5, 8.5, 9.75 ], "texture": "#sword_1" },
				"east": { "uv": [ 8.5, 8.75, 8.25, 9 ], "texture": "#sword_1" }
			}
		},
		{
			"__comment": "Voxels",
			"from": [ -5, 13, 7 ],
			"to": [ -1, 14, 10 ],
			"faces": {
				"down": { "uv": [ 11.5, 15.25, 12.5, 16 ], "texture": "#sword_1" },
				"up": { "uv": [ 12.5, 16, 13.5, 15.25 ], "texture": "#sword_1" },
				"north": { "uv": [ 5.5, 11.75, 4.5, 12 ], "texture": "#sword_1" },
				"south": { "uv": [ 4.5, 10.5, 5.5, 10.75 ], "texture": "#sword_1" },
				"west": { "uv": [ 8, 11.75, 8.75, 12 ], "texture": "#sword_1" },
				"east": { "uv": [ 8, 11.75, 7.25, 12 ], "texture": "#sword_1" }
			}
		},
		{
			"__comment": "Voxels",
			"from": [ -4, 2, 7 ],
			"to": [ 0, 3, 10 ],
			"faces": {
				"down": { "uv": [ 0, 11.25, 1, 12 ], "texture": "#sword_1" },
				"up": { "uv": [ 0, 11.25, 1, 10.5 ], "texture": "#sword_1" },
				"north": { "uv": [ 5.5, 10.25, 4.5, 10.5 ], "texture": "#sword_1" },
				"south": { "uv": [ 4.5, 10, 5.5, 10.25 ], "texture": "#sword_1" },
				"west": { "uv": [ 6.25, 10, 7, 10.25 ], "texture": "#sword_1" },
				"east": { "uv": [ 7, 10.25, 6.25, 10.5 ], "texture": "#sword_1" }
			}
		},
		{
			"__comment": "Voxels",
			"from": [ -4, 7, 6 ],
			"to": [ 0, 10, 7 ],
			"faces": {
				"down": { "uv": [ 15, 14.25, 16, 14.5 ], "texture": "#sword_1" },
				"up": { "uv": [ 15, 14.25, 16, 14 ], "texture": "#sword_1" },
				"north": { "uv": [ 14.5, 15.25, 13.5, 16 ], "texture": "#sword_1" },
				"south": { "uv": [ 14.5, 15.25, 15.5, 16 ], "texture": "#sword_1" },
				"west": { "uv": [ 7, 11.25, 7.25, 12 ], "texture": "#sword_1" },
				"east": { "uv": [ 4.5, 8, 4.25, 8.75 ], "texture": "#sword_1" }
			}
		},
		{
			"__comment": "Voxels",
			"from": [ -4, 7, 7 ],
			"to": [ 1, 8, 8 ],
			"faces": {
				"down": { "uv": [ 1.75, 8.75, 3, 9 ], "texture": "#sword_1" },
				"up": { "uv": [ 14.75, 14, 16, 13.75 ], "texture": "#sword_1" },
				"north": { "uv": [ 16, 13.5, 14.75, 13.75 ], "texture": "#sword_1" },
				"south": { "uv": [ 14.75, 13.25, 16, 13.5 ], "texture": "#sword_1" },
				"west": { "uv": [ 8.25, 8.5, 8.5, 8.75 ], "texture": "#sword_1" },
				"east": { "uv": [ 8.5, 8.25, 8.25, 8.5 ], "texture": "#sword_1" }
			}
		},
		{
			"__comment": "Voxels",
			"from": [ -4, 7, 9 ],
			"to": [ 1, 8, 10 ],
			"faces": {
				"down": { "uv": [ 1.75, 11.25, 3, 11.5 ], "texture": "#sword_1" },
				"up": { "uv": [ 1.75, 10.75, 3, 10.5 ], "texture": "#sword_1" },
				"north": { "uv": [ 3, 10.25, 1.75, 10.5 ], "texture": "#sword_1" },
				"south": { "uv": [ 1.75, 9.25, 3, 9.5 ], "texture": "#sword_1" },
				"west": { "uv": [ 8.25, 8, 8.5, 8.25 ], "texture": "#sword_1" },
				"east": { "uv": [ 9.25, 10.5, 9, 10.75 ], "texture": "#sword_1" }
			}
		},
		{
			"__comment": "Voxels",
			"from": [ -4, 7, 10 ],
			"to": [ 0, 10, 11 ],
			"faces": {
				"down": { "uv": [ 4.5, 11.5, 5.5, 11.75 ], "texture": "#sword_1" },
				"up": { "uv": [ 4.5, 11.5, 5.5, 11.25 ], "texture": "#sword_1" },
				"north": { "uv": [ 15.5, 14.5, 14.5, 15.25 ], "texture": "#sword_1" },
				"south": { "uv": [ 11.5, 14.5, 12.5, 15.25 ], "texture": "#sword_1" },
				"west": { "uv": [ 7, 9.75, 7.25, 10.5 ], "texture": "#sword_1" },
				"east": { "uv": [ 7.25, 10.5, 7, 11.25 ], "texture": "#sword_1" }
			}
		},
		{
			"__comment": "Voxels",
			"from": [ -4, 9, 7 ],
			"to": [ 1, 10, 8 ],
			"faces": {
				"down": { "uv": [ 14.75, 13, 16, 13.25 ], "texture": "#sword_1" },
				"up": { "uv": [ 14.75, 13, 16, 12.75 ], "texture": "#sword_1" },
				"north": { "uv": [ 3, 10, 1.75, 10.25 ], "texture": "#sword_1" },
				"south": { "uv": [ 1.75, 9, 3, 9.25 ], "texture": "#sword_1" },
				"west": { "uv": [ 9.25, 10.5, 9.5, 10.75 ], "texture": "#sword_1" },
				"east": { "uv": [ 9.75, 10.5, 9.5, 10.75 ], "texture": "#sword_1" }
			}
		},
		{
			"__comment": "Voxels",
			"from": [ -4, 9, 9 ],
			"to": [ 1, 10, 10 ],
			"faces": {
				"down": { "uv": [ 1.75, 11, 3, 11.25 ], "texture": "#sword_1" },
				"up": { "uv": [ 1.75, 11, 3, 10.75 ], "texture": "#sword_1" },
				"north": { "uv": [ 3, 9.75, 1.75, 10 ], "texture": "#sword_1" },
				"south": { "uv": [ 1.75, 9.5, 3, 9.75 ], "texture": "#sword_1" },
				"west": { "uv": [ 8.5, 10.25, 8.75, 10.5 ], "texture": "#sword_1" },
				"east": { "uv": [ 8.75, 9.5, 8.5, 9.75 ], "texture": "#sword_1" }
			}
		},
		{
			"__comment": "Voxels",
			"from": [ -4, 14, 7 ],
			"to": [ 0, 15, 10 ],
			"faces": {
				"down": { "uv": [ 0, 9.75, 1, 10.5 ], "texture": "#sword_1" },
				"up": { "uv": [ 0, 9.75, 1, 9 ], "texture": "#sword_1" },
				"north": { "uv": [ 1, 8, 0, 8.25 ], "texture": "#sword_1" },
				"south": { "uv": [ 1.75, 8.5, 2.75, 8.75 ], "texture": "#sword_1" },
				"west": { "uv": [ 5.5, 8.25, 6.25, 8.5 ], "texture": "#sword_1" },
				"east": { "uv": [ 6.25, 8, 5.5, 8.25 ], "texture": "#sword_1" }
			}
		},
		{
			"__comment": "Voxels",
			"from": [ -3, 4, 7 ],
			"to": [ -1, 7, 8 ],
			"faces": {
				"down": { "uv": [ 7.25, 8, 7.75, 8.25 ], "texture": "#sword_1" },
				"up": { "uv": [ 8, 11.25, 8.5, 11 ], "texture": "#sword_1" },
				"north": { "uv": [ 1.5, 9, 1, 9.75 ], "texture": "#sword_1" },
				"south": { "uv": [ 1, 8.25, 1.5, 9 ], "texture": "#sword_1" },
				"west": { "uv": [ 1.5, 8.25, 1.75, 9 ], "texture": "#sword_1" },
				"east": { "uv": [ 4.25, 8.75, 4, 9.5 ], "texture": "#sword_1" }
			}
		},
		{
			"__comment": "Voxels",
			"from": [ -3, 4, 8 ],
			"to": [ -1, 6, 10 ],
			"faces": {
				"down": { "uv": [ 1.75, 8, 2.25, 8.5 ], "texture": "#sword_1" },
				"up": { "uv": [ 2.25, 8.5, 2.75, 8 ], "texture": "#sword_1" },
				"north": { "uv": [ 3.25, 8.25, 2.75, 8.75 ], "texture": "#sword_1" },
				"south": { "uv": [ 3.5, 11.5, 4, 12 ], "texture": "#sword_1" },
				"west": { "uv": [ 3.5, 11, 4, 11.5 ], "texture": "#sword_1" },
				"east": { "uv": [ 4, 10.5, 3.5, 11 ], "texture": "#sword_1" }
			}
		},
		{
			"__comment": "Voxels",
			"from": [ -3, 6, 6 ],
			"to": [ -1, 7, 7 ],
			"faces": {
				"down": { "uv": [ 8.5, 11, 9, 11.25 ], "texture": "#sword_1" },
				"up": { "uv": [ 9, 11.25, 9.5, 11 ], "texture": "#sword_1" },
				"north": { "uv": [ 3.5, 11.25, 3, 11.5 ], "texture": "#sword_1" },
				"south": { "uv": [ 3, 11, 3.5, 11.25 ], "texture": "#sword_1" },
				"west": { "uv": [ 3.25, 8.5, 3.5, 8.75 ], "texture": "#sword_1" },
				"east": { "uv": [ 3.5, 8.25, 3.25, 8.5 ], "texture": "#sword_1" }
			}
		},
		{
			"__comment": "Voxels",
			"from": [ -3, 6, 9 ],
			"to": [ -1, 7, 11 ],
			"faces": {
				"down": { "uv": [ 3.5, 10, 4, 10.5 ], "texture": "#sword_1" },
				"up": { "uv": [ 3.5, 10, 4, 9.5 ], "texture": "#sword_1" },
				"north": { "uv": [ 3.5, 10.75, 3, 11 ], "texture": "#sword_1" },
				"south": { "uv": [ 3, 10.5, 3.5, 10.75 ], "texture": "#sword_1" },
				"west": { "uv": [ 3, 10.25, 3.5, 10.5 ], "texture": "#sword_1" },
				"east": { "uv": [ 3.5, 10, 3, 10.25 ], "texture": "#sword_1" }
			}
		},
		{
			"__comment": "Voxels",
			"from": [ -3, 10, 6 ],
			"to": [ -1, 11, 8 ],
			"faces": {
				"down": { "uv": [ 3.5, 9, 4, 9.5 ], "texture": "#sword_1" },
				"up": { "uv": [ 3.5, 9, 4, 8.5 ], "texture": "#sword_1" },
				"north": { "uv": [ 3.5, 9.75, 3, 10 ], "texture": "#sword_1" },
				"south": { "uv": [ 3, 9.5, 3.5, 9.75 ], "texture": "#sword_1" },
				"west": { "uv": [ 3, 9.25, 3.5, 9.5 ], "texture": "#sword_1" },
				"east": { "uv": [ 3.5, 9, 3, 9.25 ], "texture": "#sword_1" }
			}
		},
		{
			"__comment": "Voxels",
			"from": [ -3, 10, 9 ],
			"to": [ -1, 13, 10 ],
			"faces": {
				"down": { "uv": [ 3, 8.75, 3.5, 9 ], "texture": "#sword_1" },
				"up": { "uv": [ 7.25, 9.5, 7.75, 9.25 ], "texture": "#sword_1" },
				"north": { "uv": [ 16, 14.5, 15.5, 15.25 ], "texture": "#sword_1" },
				"south": { "uv": [ 15.5, 15.25, 16, 16 ], "texture": "#sword_1" },
				"west": { "uv": [ 4.25, 8.75, 4.5, 9.5 ], "texture": "#sword_1" },
				"east": { "uv": [ 4.25, 8, 4, 8.75 ], "texture": "#sword_1" }
			}
		},
		{
			"__comment": "Voxels",
			"from": [ -3, 10, 10 ],
			"to": [ -1, 11, 11 ],
			"faces": {
				"down": { "uv": [ 7.25, 9, 7.75, 9.25 ], "texture": "#sword_1" },
				"up": { "uv": [ 7.25, 9, 7.75, 8.75 ], "texture": "#sword_1" },
				"north": { "uv": [ 7.75, 8.5, 7.25, 8.75 ], "texture": "#sword_1" },
				"south": { "uv": [ 7.25, 8.25, 7.75, 8.5 ], "texture": "#sword_1" },
				"west": { "uv": [ 7.75, 8.25, 8, 8.5 ], "texture": "#sword_1" },
				"east": { "uv": [ 8, 8, 7.75, 8.25 ], "texture": "#sword_1" }
			}
		},
		{
			"__comment": "Voxels",
			"from": [ -3, 11, 7 ],
			"to": [ -1, 13, 9 ],
			"faces": {
				"down": { "uv": [ 3.5, 8, 4, 8.5 ], "texture": "#sword_1" },
				"up": { "uv": [ 4, 12, 4.5, 11.5 ], "texture": "#sword_1" },
				"north": { "uv": [ 4.5, 11, 4, 11.5 ], "texture": "#sword_1" },
				"south": { "uv": [ 4, 10.5, 4.5, 11 ], "texture": "#sword_1" },
				"west": { "uv": [ 4, 10, 4.5, 10.5 ], "texture": "#sword_1" },
				"east": { "uv": [ 4.5, 9.5, 4, 10 ], "texture": "#sword_1" }
			}
		},
		{
			"__comment": "Voxels",
			"from": [ -2, 1, 7 ],
			"to": [ 1, 2, 10 ],
			"faces": {
				"down": { "uv": [ 1, 9.75, 1.75, 10.5 ], "texture": "#sword_1" },
				"up": { "uv": [ 1, 11.25, 1.75, 10.5 ], "texture": "#sword_1" },
				"north": { "uv": [ 9.5, 11.75, 8.75, 12 ], "texture": "#sword_1" },
				"south": { "uv": [ 9.5, 11.75, 10.25, 12 ], "texture": "#sword_1" },
				"west": { "uv": [ 10.25, 11.75, 11, 12 ], "texture": "#sword_1" },
				"east": { "uv": [ 8, 11.5, 7.25, 11.75 ], "texture": "#sword_1" }
			}
		},
		{
			"__comment": "Voxels",
			"from": [ -2, 15, 7 ],
			"to": [ 1, 16, 10 ],
			"faces": {
				"down": { "uv": [ 1, 11.25, 1.75, 12 ], "texture": "#sword_1" },
				"up": { "uv": [ 0, 9, 0.75, 8.25 ], "texture": "#sword_1" },
				"north": { "uv": [ 8.75, 11.5, 8, 11.75 ], "texture": "#sword_1" },
				"south": { "uv": [ 8.75, 11.5, 9.5, 11.75 ], "texture": "#sword_1" },
				"west": { "uv": [ 9.5, 11.5, 10.25, 11.75 ], "texture": "#sword_1" },
				"east": { "uv": [ 7, 8, 6.25, 8.25 ], "texture": "#sword_1" }
			}
		},
		{
			"__comment": "Voxels",
			"from": [ -1, 5, 8 ],
			"to": [ 0, 6, 9 ],
			"faces": {
				"down": { "uv": [ 8, 9, 8.25, 9.25 ], "texture": "#sword_1" },
				"up": { "uv": [ 8, 9, 8.25, 8.75 ], "texture": "#sword_1" },
				"north": { "uv": [ 8.25, 8.5, 8, 8.75 ], "texture": "#sword_1" },
				"south": { "uv": [ 8, 8.25, 8.25, 8.5 ], "texture": "#sword_1" },
				"west": { "uv": [ 8, 8, 8.25, 8.25 ], "texture": "#sword_1" },
				"east": { "uv": [ 8.5, 10.5, 8.25, 10.75 ], "texture": "#sword_1" }
			}
		},
		{
			"__comment": "Voxels",
			"from": [ -1, 11, 8 ],
			"to": [ 0, 12, 9 ],
			"faces": {
				"down": { "uv": [ 8.25, 10.25, 8.5, 10.5 ], "texture": "#sword_1" },
				"up": { "uv": [ 8.25, 10.25, 8.5, 10 ], "texture": "#sword_1" },
				"north": { "uv": [ 8.5, 9.75, 8.25, 10 ], "texture": "#sword_1" },
				"south": { "uv": [ 8.75, 9.5, 9, 9.75 ], "texture": "#sword_1" },
				"west": { "uv": [ 8.25, 9.25, 8.5, 9.5 ], "texture": "#sword_1" },
				"east": { "uv": [ 8.5, 9, 8.25, 9.25 ], "texture": "#sword_1" }
			}
		},
		{
			"__comment": "Voxels",
			"from": [ 4, 6, 8 ],
			"to": [ 11, 7, 9 ],
			"faces": {
				"down": { "uv": [ 13, 13, 14.75, 13.25 ], "texture": "#sword_1" },
				"up": { "uv": [ 11.25, 13.25, 13, 13 ], "texture": "#sword_1" },
				"north": { "uv": [ 14.75, 13.25, 13, 13.5 ], "texture": "#sword_1" },
				"south": { "uv": [ 11.25, 13.25, 13, 13.5 ], "texture": "#sword_1" },
				"west": { "uv": [ 8.5, 10.5, 8.75, 10.75 ], "texture": "#sword_1" },
				"east": { "uv": [ 9, 10.5, 8.75, 10.75 ], "texture": "#sword_1" }
			}
		},
		{
			"__comment": "Voxels",
			"from": [ 4, 10, 8 ],
			"to": [ 11, 11, 9 ],
			"faces": {
				"down": { "uv": [ 13, 13.75, 14.75, 14 ], "texture": "#sword_1" },
				"up": { "uv": [ 11.25, 14, 13, 13.75 ], "texture": "#sword_1" },
				"north": { "uv": [ 15, 14, 13.25, 14.25 ], "texture": "#sword_1" },
				"south": { "uv": [ 11.5, 14, 13.25, 14.25 ], "texture": "#sword_1" },
				"west": { "uv": [ 10, 10.5, 10.25, 10.75 ], "texture": "#sword_1" },
				"east": { "uv": [ 10.5, 10.5, 10.25, 10.75 ], "texture": "#sword_1" }
			}
		},
		{
			"__comment": "Voxels",
			"from": [ 5, 5, 8 ],
			"to": [ 8, 6, 9 ],
			"faces": {
				"down": { "uv": [ 7.25, 10.25, 8, 10.5 ], "texture": "#sword_1" },
				"up": { "uv": [ 7.25, 10.25, 8, 10 ], "texture": "#sword_1" },
				"north": { "uv": [ 8, 9.75, 7.25, 10 ], "texture": "#sword_1" },
				"south": { "uv": [ 7.25, 9.5, 8, 9.75 ], "texture": "#sword_1" },
				"west": { "uv": [ 8.5, 10, 8.75, 10.25 ], "texture": "#sword_1" },
				"east": { "uv": [ 8.75, 9.75, 8.5, 10 ], "texture": "#sword_1" }
			}
		},
		{
			"__comment": "Voxels",
			"from": [ 5, 7, 7 ],
			"to": [ 8, 8, 8 ],
			"faces": {
				"down": { "uv": [ 5.5, 9.75, 6.25, 10 ], "texture": "#sword_1" },
				"up": { "uv": [ 5.5, 9.75, 6.25, 9.5 ], "texture": "#sword_1" },
				"north": { "uv": [ 6.25, 9.25, 5.5, 9.5 ], "texture": "#sword_1" },
				"south": { "uv": [ 5.5, 9, 6.25, 9.25 ], "texture": "#sword_1" },
				"west": { "uv": [ 8.5, 8.5, 8.75, 8.75 ], "texture": "#sword_1" },
				"east": { "uv": [ 8.75, 8.25, 8.5, 8.5 ], "texture": "#sword_1" }
			}
		},
		{
			"__comment": "Voxels",
			"from": [ 5, 7, 9 ],
			"to": [ 8, 8, 10 ],
			"faces": {
				"down": { "uv": [ 5.5, 8.75, 6.25, 9 ], "texture": "#sword_1" },
				"up": { "uv": [ 5.5, 8.75, 6.25, 8.5 ], "texture": "#sword_1" },
				"north": { "uv": [ 7, 11.75, 6.25, 12 ], "texture": "#sword_1" },
				"south": { "uv": [ 6.25, 11.5, 7, 11.75 ], "texture": "#sword_1" },
				"west": { "uv": [ 9.5, 10.25, 9.75, 10.5 ], "texture": "#sword_1" },
				"east": { "uv": [ 10, 10.25, 9.75, 10.5 ], "texture": "#sword_1" }
			}
		},
		{
			"__comment": "Voxels",
			"from": [ 5, 9, 7 ],
			"to": [ 8, 10, 8 ],
			"faces": {
				"down": { "uv": [ 6.25, 11.25, 7, 11.5 ], "texture": "#sword_1" },
				"up": { "uv": [ 6.25, 11.25, 7, 11 ], "texture": "#sword_1" },
				"north": { "uv": [ 7, 10.75, 6.25, 11 ], "texture": "#sword_1" },
				"south": { "uv": [ 6.25, 10.5, 7, 10.75 ], "texture": "#sword_1" },
				"west": { "uv": [ 11, 10.25, 11.25, 10.5 ], "texture": "#sword_1" },
				"east": { "uv": [ 9, 10, 8.75, 10.25 ], "texture": "#sword_1" }
			}
		},
		{
			"__comment": "Voxels",
			"from": [ 5, 9, 9 ],
			"to": [ 8, 10, 10 ],
			"faces": {
				"down": { "uv": [ 6.25, 9.75, 7, 10 ], "texture": "#sword_1" },
				"up": { "uv": [ 10.25, 11.75, 11, 11.5 ], "texture": "#sword_1" },
				"north": { "uv": [ 7, 9.5, 6.25, 9.75 ], "texture": "#sword_1" },
				"south": { "uv": [ 6.25, 9.25, 7, 9.5 ], "texture": "#sword_1" },
				"west": { "uv": [ 8.75, 8.75, 9, 9 ], "texture": "#sword_1" },
				"east": { "uv": [ 9, 8.5, 8.75, 8.75 ], "texture": "#sword_1" }
			}
		},
		{
			"__comment": "Voxels",
			"from": [ 5, 11, 8 ],
			"to": [ 8, 12, 9 ],
			"faces": {
				"down": { "uv": [ 6.25, 9, 7, 9.25 ], "texture": "#sword_1" },
				"up": { "uv": [ 6.25, 9, 7, 8.75 ], "texture": "#sword_1" },
				"north": { "uv": [ 7, 8.5, 6.25, 8.75 ], "texture": "#sword_1" },
				"south": { "uv": [ 6.25, 8.25, 7, 8.5 ], "texture": "#sword_1" },
				"west": { "uv": [ 9.5, 10, 9.75, 10.25 ], "texture": "#sword_1" },
				"east": { "uv": [ 10, 10, 9.75, 10.25 ], "texture": "#sword_1" }
			}
		},
		{
			"__comment": "Voxels",
			"from": [ 6, 6, 7 ],
			"to": [ 7, 7, 8 ],
			"faces": {
				"down": { "uv": [ 10, 10, 10.25, 10.25 ], "texture": "#sword_1" },
				"up": { "uv": [ 10.25, 10.25, 10.5, 10 ], "texture": "#sword_1" },
				"north": { "uv": [ 10.75, 10, 10.5, 10.25 ], "texture": "#sword_1" },
				"south": { "uv": [ 10.75, 10, 11, 10.25 ], "texture": "#sword_1" },
				"west": { "uv": [ 11, 10, 11.25, 10.25 ], "texture": "#sword_1" },
				"east": { "uv": [ 9.25, 9.75, 9, 10 ], "texture": "#sword_1" }
			}
		},
		{
			"__comment": "Voxels",
			"from": [ 6, 6, 9 ],
			"to": [ 7, 7, 10 ],
			"faces": {
				"down": { "uv": [ 9, 9.5, 9.25, 9.75 ], "texture": "#sword_1" },
				"up": { "uv": [ 9, 9.5, 9.25, 9.25 ], "texture": "#sword_1" },
				"north": { "uv": [ 9.25, 9, 9, 9.25 ], "texture": "#sword_1" },
				"south": { "uv": [ 9, 8.75, 9.25, 9 ], "texture": "#sword_1" },
				"west": { "uv": [ 9, 8.5, 9.25, 8.75 ], "texture": "#sword_1" },
				"east": { "uv": [ 9.25, 8.25, 9, 8.5 ], "texture": "#sword_1" }
			}
		},
		{
			"__comment": "Voxels",
			"from": [ 6, 10, 7 ],
			"to": [ 7, 11, 8 ],
			"faces": {
				"down": { "uv": [ 9, 8, 9.25, 8.25 ], "texture": "#sword_1" },
				"up": { "uv": [ 9.25, 10, 9.5, 9.75 ], "texture": "#sword_1" },
				"north": { "uv": [ 9.75, 9.75, 9.5, 10 ], "texture": "#sword_1" },
				"south": { "uv": [ 9.75, 9.75, 10, 10 ], "texture": "#sword_1" },
				"west": { "uv": [ 10, 9.75, 10.25, 10 ], "texture": "#sword_1" },
				"east": { "uv": [ 10.5, 9.75, 10.25, 10 ], "texture": "#sword_1" }
			}
		},
		{
			"__comment": "Voxels",
			"from": [ 6, 10, 9 ],
			"to": [ 7, 11, 10 ],
			"faces": {
				"down": { "uv": [ 10.5, 9.75, 10.75, 10 ], "texture": "#sword_1" },
				"up": { "uv": [ 10.75, 10, 11, 9.75 ], "texture": "#sword_1" },
				"north": { "uv": [ 11.25, 9.75, 11, 10 ], "texture": "#sword_1" },
				"south": { "uv": [ 9.25, 9.5, 9.5, 9.75 ], "texture": "#sword_1" },
				"west": { "uv": [ 9.25, 9.25, 9.5, 9.5 ], "texture": "#sword_1" },
				"east": { "uv": [ 9.5, 9, 9.25, 9.25 ], "texture": "#sword_1" }
			}
		},
		{
			"__comment": "Voxels",
			"from": [ 30, 8, 8 ],
			"to": [ 32, 9, 9 ],
			"faces": {
				"down": { "uv": [ 9.5, 11, 10, 11.25 ], "texture": "#sword_1" },
				"up": { "uv": [ 10, 11.25, 10.5, 11 ], "texture": "#sword_1" },
				"north": { "uv": [ 11, 11, 10.5, 11.25 ], "texture": "#sword_1" },
				"south": { "uv": [ 8, 10.75, 8.5, 11 ], "texture": "#sword_1" },
				"west": { "uv": [ 9.5, 9.5, 9.75, 9.75 ], "texture": "#sword_1" },
				"east": { "uv": [ 10, 9.5, 9.75, 9.75 ], "texture": "#sword_1" }
			}
		}
	],
	"display": {
		"thirdperson_righthand": {
			"rotation":  [ 0, 90, 90 ],
			"translation":  [ 0, 9.3, 1.4 ],
			"scale":  [ 0.7, 0.6, 0.6 ]
		},
		"thirdperson_lefthand": {
			"rotation":  [ 0, 90, -90 ],
			"translation":  [ 0, 9.3, 1.4 ],
			"scale":  [ 0.7, 0.6, 0.6 ]
		},
		"firstperson_righthand": {
			"rotation":  [ 0, 90, 90 ],
			"translation":  [ 0, 7, 0 ],
			"scale":  [ 0.75, 0.6, 0.6 ]
		},
		"firstperson_lefthand": {
			"rotation":  [ 0, 90, -90 ],
			"translation":  [ 0, 7, 0 ],
			"scale":  [ 0.75, 0.6, 0.6 ]
		},
		"gui": {
			"rotation":  [ 0, 0, 45 ],
			"scale":  [ 0.43, 0.4, 0.4 ]
		},
		"head": {
			"rotation":  [ 0, 0, -45 ],
			"translation":  [ -3, -15, 5 ],
			"scale":  [ 1.2, 1.1, 1 ]
		},
		"fixed": {
			"translation":  [ 0, -2, -3 ],
			"scale":  [ 3, 3, 3 ]
		}
	}
}