{
	"__comment": "Designed by zoomerenhd with Cubik Studio - https://cubik.studio",
	"textures": {
		"sword_2": "items/sword_2"
	},
	"elements": [ 	 
		{
			"__comment": "Voxels",
			"from": [ 6, 8.25, 6.75 ],
			"to": [ 10.25, 8.5, 7 ],
			"faces": {
				"down": { "uv": [ 4.75, 15.5, 9, 15.75 ], "texture": "#sword_2" },
				"up": { "uv": [ 9, 15.75, 13.25, 15.5 ], "texture": "#sword_2" },
				"north": { "uv": [ 9, 15.25, 4.75, 15.5 ], "texture": "#sword_2" },
				"south": { "uv": [ 9, 15.25, 13.25, 15.5 ], "texture": "#sword_2" },
				"west": { "uv": [ 8.25, 11, 8.5, 11.25 ], "texture": "#sword_2" },
				"east": { "uv": [ 8.5, 10.75, 8.25, 11 ], "texture": "#sword_2" }
			}
		},
		{
			"__comment": "Voxels",
			"from": [ 6.25, 8, 6.75 ],
			"to": [ 10, 8.25, 7 ],
			"faces": {
				"down": { "uv": [ 4.75, 15, 8.5, 15.25 ], "texture": "#sword_2" },
				"up": { "uv": [ 4.75, 12.5, 8.5, 12.25 ], "texture": "#sword_2" },
				"north": { "uv": [ 8.5, 14.75, 4.75, 15 ], "texture": "#sword_2" },
				"south": { "uv": [ 4.75, 14.5, 8.5, 14.75 ], "texture": "#sword_2" },
				"west": { "uv": [ 8.25, 10.5, 8.5, 10.75 ], "texture": "#sword_2" },
				"east": { "uv": [ 8.5, 10.25, 8.25, 10.5 ], "texture": "#sword_2" }
			}
		},
		{
			"__comment": "Voxels",
			"from": [ 6.25, 8.25, 6.5 ],
			"to": [ 10, 8.5, 6.75 ],
			"faces": {
				"down": { "uv": [ 4.75, 14.25, 8.5, 14.5 ], "texture": "#sword_2" },
				"up": { "uv": [ 4.75, 14.25, 8.5, 14 ], "texture": "#sword_2" },
				"north": { "uv": [ 8.5, 13.75, 4.75, 14 ], "texture": "#sword_2" },
				"south": { "uv": [ 4.75, 13.5, 8.5, 13.75 ], "texture": "#sword_2" },
				"west": { "uv": [ 8.25, 10, 8.5, 10.25 ], "texture": "#sword_2" },
				"east": { "uv": [ 16, 14.25, 15.75, 14.5 ], "texture": "#sword_2" }
			}
		},
		{
			"__comment": "Voxels",
			"from": [ 6.25, 8.25, 7 ],
			"to": [ 10, 8.5, 7.25 ],
			"faces": {
				"down": { "uv": [ 4.75, 13.25, 8.5, 13.5 ], "texture": "#sword_2" },
				"up": { "uv": [ 4.75, 13.25, 8.5, 13 ], "texture": "#sword_2" },
				"north": { "uv": [ 8.5, 12.75, 4.75, 13 ], "texture": "#sword_2" },
				"south": { "uv": [ 4.75, 12.5, 8.5, 12.75 ], "texture": "#sword_2" },
				"west": { "uv": [ 9.25, 12.25, 9.5, 12.5 ], "texture": "#sword_2" },
				"east": { "uv": [ 9.5, 12, 9.25, 12.25 ], "texture": "#sword_2" }
			}
		},
		{
			"__comment": "Voxels",
			"from": [ 6.5, 8, 6.5 ],
			"to": [ 6.75, 8.25, 6.75 ],
			"faces": {
				"down": { "uv": [ 9.25, 11.75, 9.5, 12 ], "texture": "#sword_2" },
				"up": { "uv": [ 9.25, 11.75, 9.5, 11.5 ], "texture": "#sword_2" },
				"north": { "uv": [ 9.5, 11.25, 9.25, 11.5 ], "texture": "#sword_2" },
				"south": { "uv": [ 9.25, 11, 9.5, 11.25 ], "texture": "#sword_2" },
				"west": { "uv": [ 9.25, 10.75, 9.5, 11 ], "texture": "#sword_2" },
				"east": { "uv": [ 13.5, 12.25, 13.25, 12.5 ], "texture": "#sword_2" }
			}
		},
		{
			"__comment": "Voxels",
			"from": [ 6.5, 8, 7 ],
			"to": [ 6.75, 8.25, 7.25 ],
			"faces": {
				"down": { "uv": [ 13, 12.25, 13.25, 12.5 ], "texture": "#sword_2" },
				"up": { "uv": [ 12.25, 12.5, 12.5, 12.25 ], "texture": "#sword_2" },
				"north": { "uv": [ 12.25, 12.25, 12, 12.5 ], "texture": "#sword_2" },
				"south": { "uv": [ 11.75, 12.25, 12, 12.5 ], "texture": "#sword_2" },
				"west": { "uv": [ 11.5, 12.25, 11.75, 12.5 ], "texture": "#sword_2" },
				"east": { "uv": [ 11.5, 8.5, 11.25, 8.75 ], "texture": "#sword_2" }
			}
		},
		{
			"__comment": "Voxels",
			"from": [ 6.5, 8.25, 5.75 ],
			"to": [ 6.75, 8.5, 6.5 ],
			"faces": {
				"down": { "uv": [ 9, 13.25, 9.25, 14 ], "texture": "#sword_2" },
				"up": { "uv": [ 9.25, 14, 9.5, 13.25 ], "texture": "#sword_2" },
				"north": { "uv": [ 11.5, 8.75, 11.25, 9 ], "texture": "#sword_2" },
				"south": { "uv": [ 14.75, 12.5, 15, 12.75 ], "texture": "#sword_2" },
				"west": { "uv": [ 7.75, 8, 8.5, 8.25 ], "texture": "#sword_2" },
				"east": { "uv": [ 9.25, 12.25, 8.5, 12.5 ], "texture": "#sword_2" }
			}
		},
		{
			"__comment": "Voxels",
			"from": [ 6.5, 8.25, 7.25 ],
			"to": [ 7, 8.5, 7.5 ],
			"faces": {
				"down": { "uv": [ 6, 8.5, 6.5, 8.75 ], "texture": "#sword_2" },
				"up": { "uv": [ 9, 13.25, 9.5, 13 ], "texture": "#sword_2" },
				"north": { "uv": [ 16, 14, 15.5, 14.25 ], "texture": "#sword_2" },
				"south": { "uv": [ 15.5, 13.75, 16, 14 ], "texture": "#sword_2" },
				"west": { "uv": [ 14.5, 12.5, 14.75, 12.75 ], "texture": "#sword_2" },
				"east": { "uv": [ 14, 12.5, 13.75, 12.75 ], "texture": "#sword_2" }
			}
		},
		{
			"__comment": "Voxels",
			"from": [ 6.5, 8.25, 7.5 ],
			"to": [ 6.75, 8.5, 8 ],
			"faces": {
				"down": { "uv": [ 9.5, 11.25, 9.75, 11.75 ], "texture": "#sword_2" },
				"up": { "uv": [ 9.5, 11.25, 9.75, 10.75 ], "texture": "#sword_2" },
				"north": { "uv": [ 13.75, 12.5, 13.5, 12.75 ], "texture": "#sword_2" },
				"south": { "uv": [ 13.25, 12.5, 13.5, 12.75 ], "texture": "#sword_2" },
				"west": { "uv": [ 11.25, 13, 11.75, 13.25 ], "texture": "#sword_2" },
				"east": { "uv": [ 12.25, 13, 11.75, 13.25 ], "texture": "#sword_2" }
			}
		},
		{
			"__comment": "Voxels",
			"from": [ 6.5, 8.5, 6.75 ],
			"to": [ 9.75, 8.75, 7 ],
			"faces": {
				"down": { "uv": [ 4.75, 12, 8, 12.25 ], "texture": "#sword_2" },
				"up": { "uv": [ 4.75, 11.75, 8, 11.5 ], "texture": "#sword_2" },
				"north": { "uv": [ 8, 11.25, 4.75, 11.5 ], "texture": "#sword_2" },
				"south": { "uv": [ 4.75, 11.75, 8, 12 ], "texture": "#sword_2" },
				"west": { "uv": [ 13, 12.5, 13.25, 12.75 ], "texture": "#sword_2" },
				"east": { "uv": [ 11.75, 10, 11.5, 10.25 ], "texture": "#sword_2" }
			}
		},
		{
			"__comment": "Voxels",
			"from": [ 6.75, 8.25, 6.25 ],
			"to": [ 7, 8.5, 6.5 ],
			"faces": {
				"down": { "uv": [ 12.25, 12.5, 12.5, 12.75 ], "texture": "#sword_2" },
				"up": { "uv": [ 12, 12.75, 12.25, 12.5 ], "texture": "#sword_2" },
				"north": { "uv": [ 11, 12, 10.75, 12.25 ], "texture": "#sword_2" },
				"south": { "uv": [ 10.75, 12.25, 11, 12.5 ], "texture": "#sword_2" },
				"west": { "uv": [ 10.75, 12.5, 11, 12.75 ], "texture": "#sword_2" },
				"east": { "uv": [ 16, 12.75, 15.75, 13 ], "texture": "#sword_2" }
			}
		},
		{
			"__comment": "Voxels",
			"from": [ 6.75, 8.5, 6.5 ],
			"to": [ 7, 8.75, 6.75 ],
			"faces": {
				"down": { "uv": [ 15, 12.75, 15.25, 13 ], "texture": "#sword_2" },
				"up": { "uv": [ 14.75, 13, 15, 12.75 ], "texture": "#sword_2" },
				"north": { "uv": [ 14.75, 12.75, 14.5, 13 ], "texture": "#sword_2" },
				"south": { "uv": [ 14.25, 12.75, 14.5, 13 ], "texture": "#sword_2" },
				"west": { "uv": [ 13.5, 12.75, 13.75, 13 ], "texture": "#sword_2" },
				"east": { "uv": [ 13.5, 12.75, 13.25, 13 ], "texture": "#sword_2" }
			}
		},
		{
			"__comment": "Voxels",
			"from": [ 6.75, 8.5, 7 ],
			"to": [ 7, 8.75, 7.25 ],
			"faces": {
				"down": { "uv": [ 13, 12.75, 13.25, 13 ], "texture": "#sword_2" },
				"up": { "uv": [ 12.75, 13, 13, 12.75 ], "texture": "#sword_2" },
				"north": { "uv": [ 10.75, 8.5, 10.5, 8.75 ], "texture": "#sword_2" },
				"south": { "uv": [ 10.5, 9, 10.75, 9.25 ], "texture": "#sword_2" },
				"west": { "uv": [ 10.5, 9.25, 10.75, 9.5 ], "texture": "#sword_2" },
				"east": { "uv": [ 10.75, 9.5, 10.5, 9.75 ], "texture": "#sword_2" }
			}
		},
		{
			"__comment": "Voxels",
			"from": [ 7.25, 8.25, 3 ],
			"to": [ 9, 8.5, 3.25 ],
			"faces": {
				"down": { "uv": [ 4.75, 10.75, 6.5, 11 ], "texture": "#sword_2" },
				"up": { "uv": [ 6.5, 11, 8.25, 10.75 ], "texture": "#sword_2" },
				"north": { "uv": [ 8.25, 10.25, 6.5, 10.5 ], "texture": "#sword_2" },
				"south": { "uv": [ 4.75, 10.5, 6.5, 10.75 ], "texture": "#sword_2" },
				"west": { "uv": [ 10.5, 9.75, 10.75, 10 ], "texture": "#sword_2" },
				"east": { "uv": [ 10.75, 10, 10.5, 10.25 ], "texture": "#sword_2" }
			}
		},
		{
			"__comment": "Voxels",
			"from": [ 7.25, 8.25, 3.5 ],
			"to": [ 9, 8.5, 3.75 ],
			"faces": {
				"down": { "uv": [ 6.5, 10.5, 8.25, 10.75 ], "texture": "#sword_2" },
				"up": { "uv": [ 4.75, 10.5, 6.5, 10.25 ], "texture": "#sword_2" },
				"north": { "uv": [ 6.5, 9.5, 4.75, 9.75 ], "texture": "#sword_2" },
				"south": { "uv": [ 6.5, 10, 8.25, 10.25 ], "texture": "#sword_2" },
				"west": { "uv": [ 10.5, 10.25, 10.75, 10.5 ], "texture": "#sword_2" },
				"east": { "uv": [ 10.75, 10.5, 10.5, 10.75 ], "texture": "#sword_2" }
			}
		},
		{
			"__comment": "Voxels",
			"from": [ 7.5, 7.75, 6.25 ],
			"to": [ 8.75, 9, 6.5 ],
			"faces": {
				"down": { "uv": [ 12.25, 15, 13.5, 15.25 ], "texture": "#sword_2" },
				"up": { "uv": [ 13.5, 15.25, 14.75, 15 ], "texture": "#sword_2" },
				"north": { "uv": [ 2.75, 12, 1.5, 13.25 ], "texture": "#sword_2" },
				"south": { "uv": [ 1.5, 10.75, 2.75, 12 ], "texture": "#sword_2" },
				"west": { "uv": [ 3.25, 11.25, 3.5, 12.5 ], "texture": "#sword_2" },
				"east": { "uv": [ 3, 8.5, 2.75, 9.75 ], "texture": "#sword_2" }
			}
		},
		{
			"__comment": "Voxels",
			"from": [ 7.5, 8, 3 ],
			"to": [ 8.75, 8.25, 3.25 ],
			"faces": {
				"down": { "uv": [ 14.75, 15, 16, 15.25 ], "texture": "#sword_2" },
				"up": { "uv": [ 8.5, 15, 9.75, 14.75 ], "texture": "#sword_2" },
				"north": { "uv": [ 11, 14.75, 9.75, 15 ], "texture": "#sword_2" },
				"south": { "uv": [ 11, 14.75, 12.25, 15 ], "texture": "#sword_2" },
				"west": { "uv": [ 10.5, 10.75, 10.75, 11 ], "texture": "#sword_2" },
				"east": { "uv": [ 10.75, 11.5, 10.5, 11.75 ], "texture": "#sword_2" }
			}
		},
		{
			"__comment": "Voxels",
			"from": [ 7.5, 8, 3.5 ],
			"to": [ 8.75, 8.25, 3.75 ],
			"faces": {
				"down": { "uv": [ 12.25, 14.75, 13.5, 15 ], "texture": "#sword_2" },
				"up": { "uv": [ 13.5, 15, 14.75, 14.75 ], "texture": "#sword_2" },
				"north": { "uv": [ 16, 14.75, 14.75, 15 ], "texture": "#sword_2" },
				"south": { "uv": [ 8.5, 14.5, 9.75, 14.75 ], "texture": "#sword_2" },
				"west": { "uv": [ 10.5, 11.75, 10.75, 12 ], "texture": "#sword_2" },
				"east": { "uv": [ 10.75, 12, 10.5, 12.25 ], "texture": "#sword_2" }
			}
		},
		{
			"__comment": "Voxels",
			"from": [ 7.5, 8, 6 ],
			"to": [ 8.75, 8.75, 6.25 ],
			"faces": {
				"down": { "uv": [ 9.75, 14.5, 11, 14.75 ], "texture": "#sword_2" },
				"up": { "uv": [ 11, 14.75, 12.25, 14.5 ], "texture": "#sword_2" },
				"north": { "uv": [ 4.75, 13.25, 3.5, 14 ], "texture": "#sword_2" },
				"south": { "uv": [ 3.5, 14, 4.75, 14.75 ], "texture": "#sword_2" },
				"west": { "uv": [ 9.5, 13, 9.75, 13.75 ], "texture": "#sword_2" },
				"east": { "uv": [ 9.75, 12.25, 9.5, 13 ], "texture": "#sword_2" }
			}
		},
		{
			"__comment": "Voxels",
			"from": [ 7.5, 8, 6.5 ],
			"to": [ 8.75, 8.25, 6.75 ],
			"faces": {
				"down": { "uv": [ 12.25, 14.5, 13.5, 14.75 ], "texture": "#sword_2" },
				"up": { "uv": [ 13.5, 14.75, 14.75, 14.5 ], "texture": "#sword_2" },
				"north": { "uv": [ 16, 14.5, 14.75, 14.75 ], "texture": "#sword_2" },
				"south": { "uv": [ 8.5, 14.25, 9.75, 14.5 ], "texture": "#sword_2" },
				"west": { "uv": [ 10.5, 12.25, 10.75, 12.5 ], "texture": "#sword_2" },
				"east": { "uv": [ 16, 13.5, 15.75, 13.75 ], "texture": "#sword_2" }
			}
		},
		{
			"__comment": "Voxels",
			"from": [ 7.5, 8, 7 ],
			"to": [ 8.75, 8.25, 7.25 ],
			"faces": {
				"down": { "uv": [ 9.75, 14.25, 11, 14.5 ], "texture": "#sword_2" },
				"up": { "uv": [ 11, 14.5, 12.25, 14.25 ], "texture": "#sword_2" },
				"north": { "uv": [ 13.5, 14.25, 12.25, 14.5 ], "texture": "#sword_2" },
				"south": { "uv": [ 13.5, 14.25, 14.75, 14.5 ], "texture": "#sword_2" },
				"west": { "uv": [ 9.5, 8, 9.75, 8.25 ], "texture": "#sword_2" },
				"east": { "uv": [ 9.5, 8, 9.25, 8.25 ], "texture": "#sword_2" }
			}
		},
		{
			"__comment": "Voxels",
			"from": [ 7.5, 8.25, 2.75 ],
			"to": [ 8.75, 8.5, 3 ],
			"faces": {
				"down": { "uv": [ 3.5, 13, 4.75, 13.25 ], "texture": "#sword_2" },
				"up": { "uv": [ 3.5, 13, 4.75, 12.75 ], "texture": "#sword_2" },
				"north": { "uv": [ 4.75, 12.5, 3.5, 12.75 ], "texture": "#sword_2" },
				"south": { "uv": [ 3.5, 12.25, 4.75, 12.5 ], "texture": "#sword_2" },
				"west": { "uv": [ 9.25, 8.25, 9.5, 8.5 ], "texture": "#sword_2" },
				"east": { "uv": [ 9.5, 9, 9.25, 9.25 ], "texture": "#sword_2" }
			}
		},
		{
			"__comment": "Voxels",
			"from": [ 7.5, 8.25, 3.25 ],
			"to": [ 8.75, 8.5, 3.5 ],
			"faces": {
				"down": { "uv": [ 3.5, 12, 4.75, 12.25 ], "texture": "#sword_2" },
				"up": { "uv": [ 3.5, 12, 4.75, 11.75 ], "texture": "#sword_2" },
				"north": { "uv": [ 4.75, 11.5, 3.5, 11.75 ], "texture": "#sword_2" },
				"south": { "uv": [ 3.5, 11.25, 4.75, 11.5 ], "texture": "#sword_2" },
				"west": { "uv": [ 9.25, 9.25, 9.5, 9.5 ], "texture": "#sword_2" },
				"east": { "uv": [ 9.5, 9.5, 9.25, 9.75 ], "texture": "#sword_2" }
			}
		},
		{
			"__comment": "Voxels",
			"from": [ 7.5, 8.25, 3.75 ],
			"to": [ 8.75, 8.5, 4 ],
			"faces": {
				"down": { "uv": [ 3.5, 11, 4.75, 11.25 ], "texture": "#sword_2" },
				"up": { "uv": [ 3.5, 11, 4.75, 10.75 ], "texture": "#sword_2" },
				"north": { "uv": [ 4.75, 10.5, 3.5, 10.75 ], "texture": "#sword_2" },
				"south": { "uv": [ 3.5, 10.25, 4.75, 10.5 ], "texture": "#sword_2" },
				"west": { "uv": [ 9.25, 9.75, 9.5, 10 ], "texture": "#sword_2" },
				"east": { "uv": [ 9.5, 10.5, 9.25, 10.75 ], "texture": "#sword_2" }
			}
		},
		{
			"__comment": "Voxels",
			"from": [ 7.5, 8.25, 5.75 ],
			"to": [ 8.75, 8.5, 6 ],
			"faces": {
				"down": { "uv": [ 3.5, 10, 4.75, 10.25 ], "texture": "#sword_2" },
				"up": { "uv": [ 3.5, 10, 4.75, 9.75 ], "texture": "#sword_2" },
				"north": { "uv": [ 4.75, 9.5, 3.5, 9.75 ], "texture": "#sword_2" },
				"south": { "uv": [ 3.5, 9.25, 4.75, 9.5 ], "texture": "#sword_2" },
				"west": { "uv": [ 12, 11.5, 12.25, 11.75 ], "texture": "#sword_2" },
				"east": { "uv": [ 15.5, 11.75, 15.25, 12 ], "texture": "#sword_2" }
			}
		},
		{
			"__comment": "Voxels",
			"from": [ 7.5, 8.25, 7.25 ],
			"to": [ 8.75, 8.5, 8.5 ],
			"faces": {
				"down": { "uv": [ 1.5, 13.25, 2.75, 14.5 ], "texture": "#sword_2" },
				"up": { "uv": [ 1.5, 15.75, 2.75, 14.5 ], "texture": "#sword_2" },
				"north": { "uv": [ 4.75, 9, 3.5, 9.25 ], "texture": "#sword_2" },
				"south": { "uv": [ 3.5, 8.75, 4.75, 9 ], "texture": "#sword_2" },
				"west": { "uv": [ 3.5, 8.5, 4.75, 8.75 ], "texture": "#sword_2" },
				"east": { "uv": [ 4.75, 8.25, 3.5, 8.5 ], "texture": "#sword_2" }
			}
		},
		{
			"__comment": "Voxels",
			"from": [ 7.5, 8.25, 15.5 ],
			"to": [ 8.75, 8.5, 16.5 ],
			"faces": {
				"down": { "uv": [ 1.5, 8, 2.75, 9 ], "texture": "#sword_2" },
				"up": { "uv": [ 3.5, 15.75, 4.75, 14.75 ], "texture": "#sword_2" },
				"north": { "uv": [ 4.75, 8, 3.5, 8.25 ], "texture": "#sword_2" },
				"south": { "uv": [ 4.75, 9.25, 6, 9.5 ], "texture": "#sword_2" },
				"west": { "uv": [ 14.75, 14.25, 15.75, 14.5 ], "texture": "#sword_2" },
				"east": { "uv": [ 9.5, 12.5, 8.5, 12.75 ], "texture": "#sword_2" }
			}
		},
		{
			"__comment": "Voxels",
			"from": [ 7.5, 8.5, 3 ],
			"to": [ 8.75, 8.75, 3.25 ],
			"faces": {
				"down": { "uv": [ 4.75, 9, 6, 9.25 ], "texture": "#sword_2" },
				"up": { "uv": [ 4.75, 9, 6, 8.75 ], "texture": "#sword_2" },
				"north": { "uv": [ 6, 8.5, 4.75, 8.75 ], "texture": "#sword_2" },
				"south": { "uv": [ 4.75, 8.25, 6, 8.5 ], "texture": "#sword_2" },
				"west": { "uv": [ 15, 11.75, 15.25, 12 ], "texture": "#sword_2" },
				"east": { "uv": [ 14, 11.75, 13.75, 12 ], "texture": "#sword_2" }
			}
		},
		{
			"__comment": "Voxels",
			"from": [ 7.5, 8.5, 3.5 ],
			"to": [ 8.75, 8.75, 3.75 ],
			"faces": {
				"down": { "uv": [ 4.75, 8, 6, 8.25 ], "texture": "#sword_2" },
				"up": { "uv": [ 6.5, 10, 7.75, 9.75 ], "texture": "#sword_2" },
				"north": { "uv": [ 7.75, 9.5, 6.5, 9.75 ], "texture": "#sword_2" },
				"south": { "uv": [ 6.5, 9.25, 7.75, 9.5 ], "texture": "#sword_2" },
				"west": { "uv": [ 13.5, 11.75, 13.75, 12 ], "texture": "#sword_2" },
				"east": { "uv": [ 15, 12, 14.75, 12.25 ], "texture": "#sword_2" }
			}
		},
		{
			"__comment": "Voxels",
			"from": [ 7.5, 8.5, 6.5 ],
			"to": [ 8.75, 8.75, 6.75 ],
			"faces": {
				"down": { "uv": [ 6.5, 9, 7.75, 9.25 ], "texture": "#sword_2" },
				"up": { "uv": [ 6.5, 9, 7.75, 8.75 ], "texture": "#sword_2" },
				"north": { "uv": [ 7.75, 8.5, 6.5, 8.75 ], "texture": "#sword_2" },
				"south": { "uv": [ 6.5, 8.25, 7.75, 8.5 ], "texture": "#sword_2" },
				"west": { "uv": [ 10.5, 8.75, 10.75, 9 ], "texture": "#sword_2" },
				"east": { "uv": [ 14.75, 12, 14.5, 12.25 ], "texture": "#sword_2" }
			}
		},
		{
			"__comment": "Voxels",
			"from": [ 7.5, 8.5, 7 ],
			"to": [ 8.75, 8.75, 7.25 ],
			"faces": {
				"down": { "uv": [ 6.5, 8, 7.75, 8.25 ], "texture": "#sword_2" },
				"up": { "uv": [ 8.5, 15.25, 9.75, 15 ], "texture": "#sword_2" },
				"north": { "uv": [ 11, 15, 9.75, 15.25 ], "texture": "#sword_2" },
				"south": { "uv": [ 11, 15, 12.25, 15.25 ], "texture": "#sword_2" },
				"west": { "uv": [ 14.25, 12, 14.5, 12.25 ], "texture": "#sword_2" },
				"east": { "uv": [ 14.25, 12, 14, 12.25 ], "texture": "#sword_2" }
			}
		},
		{
			"__comment": "Voxels",
			"from": [ 7.75, 7.75, 3 ],
			"to": [ 8.5, 8, 3.25 ],
			"faces": {
				"down": { "uv": [ 9.75, 13.25, 10.5, 13.5 ], "texture": "#sword_2" },
				"up": { "uv": [ 9.75, 13.25, 10.5, 13 ], "texture": "#sword_2" },
				"north": { "uv": [ 11.25, 13, 10.5, 13.25 ], "texture": "#sword_2" },
				"south": { "uv": [ 9.75, 12.5, 10.5, 12.75 ], "texture": "#sword_2" },
				"west": { "uv": [ 13.25, 12, 13.5, 12.25 ], "texture": "#sword_2" },
				"east": { "uv": [ 13.25, 12, 13, 12.25 ], "texture": "#sword_2" }
			}
		},
		{
			"__comment": "Voxels",
			"from": [ 7.75, 7.75, 3.5 ],
			"to": [ 8.5, 8, 3.75 ],
			"faces": {
				"down": { "uv": [ 9.75, 11.75, 10.5, 12 ], "texture": "#sword_2" },
				"up": { "uv": [ 9.75, 11.75, 10.5, 11.5 ], "texture": "#sword_2" },
				"north": { "uv": [ 10.5, 11.25, 9.75, 11.5 ], "texture": "#sword_2" },
				"south": { "uv": [ 9.75, 11, 10.5, 11.25 ], "texture": "#sword_2" },
				"west": { "uv": [ 12.75, 12, 13, 12.25 ], "texture": "#sword_2" },
				"east": { "uv": [ 12.75, 12, 12.5, 12.25 ], "texture": "#sword_2" }
			}
		},
		{
			"__comment": "Voxels",
			"from": [ 7.75, 7.75, 6 ],
			"to": [ 8.5, 8, 6.25 ],
			"faces": {
				"down": { "uv": [ 9.75, 10.25, 10.5, 10.5 ], "texture": "#sword_2" },
				"up": { "uv": [ 9.75, 10.25, 10.5, 10 ], "texture": "#sword_2" },
				"north": { "uv": [ 10.5, 9.75, 9.75, 10 ], "texture": "#sword_2" },
				"south": { "uv": [ 9.75, 9.5, 10.5, 9.75 ], "texture": "#sword_2" },
				"west": { "uv": [ 12.25, 12, 12.5, 12.25 ], "texture": "#sword_2" },
				"east": { "uv": [ 12.25, 12, 12, 12.25 ], "texture": "#sword_2" }
			}
		},
		{
			"__comment": "Voxels",
			"from": [ 7.75, 7.75, 6.5 ],
			"to": [ 8.5, 8, 6.75 ],
			"faces": {
				"down": { "uv": [ 9.75, 8.75, 10.5, 9 ], "texture": "#sword_2" },
				"up": { "uv": [ 9.75, 8.75, 10.5, 8.5 ], "texture": "#sword_2" },
				"north": { "uv": [ 10.5, 8.25, 9.75, 8.5 ], "texture": "#sword_2" },
				"south": { "uv": [ 9.75, 8, 10.5, 8.25 ], "texture": "#sword_2" },
				"west": { "uv": [ 11.5, 8.25, 11.75, 8.5 ], "texture": "#sword_2" },
				"east": { "uv": [ 11.75, 8.5, 11.5, 8.75 ], "texture": "#sword_2" }
			}
		},
		{
			"__comment": "Voxels",
			"from": [ 7.75, 8, 2.75 ],
			"to": [ 8.5, 8.25, 3 ],
			"faces": {
				"down": { "uv": [ 12, 13.25, 12.75, 13.5 ], "texture": "#sword_2" },
				"up": { "uv": [ 12.75, 13.5, 13.5, 13.25 ], "texture": "#sword_2" },
				"north": { "uv": [ 14.25, 13.25, 13.5, 13.5 ], "texture": "#sword_2" },
				"south": { "uv": [ 14.25, 13.25, 15, 13.5 ], "texture": "#sword_2" },
				"west": { "uv": [ 11.25, 10.5, 11.5, 10.75 ], "texture": "#sword_2" },
				"east": { "uv": [ 11.5, 10.75, 11.25, 11 ], "texture": "#sword_2" }
			}
		},
		{
			"__comment": "Voxels",
			"from": [ 7.75, 8, 3.25 ],
			"to": [ 8.5, 8.25, 3.5 ],
			"faces": {
				"down": { "uv": [ 7.75, 8.25, 8.5, 8.5 ], "texture": "#sword_2" },
				"up": { "uv": [ 9.75, 13, 10.5, 12.75 ], "texture": "#sword_2" },
				"north": { "uv": [ 0.75, 8, 0, 8.25 ], "texture": "#sword_2" },
				"south": { "uv": [ 0.75, 8, 1.5, 8.25 ], "texture": "#sword_2" },
				"west": { "uv": [ 11, 8.75, 11.25, 9 ], "texture": "#sword_2" },
				"east": { "uv": [ 11.25, 9, 11, 9.25 ], "texture": "#sword_2" }
			}
		},
		{
			"__comment": "Voxels",
			"from": [ 7.75, 8, 3.75 ],
			"to": [ 8.5, 8.25, 4 ],
			"faces": {
				"down": { "uv": [ 7.75, 9.75, 8.5, 10 ], "texture": "#sword_2" },
				"up": { "uv": [ 7.75, 9.75, 8.5, 9.5 ], "texture": "#sword_2" },
				"north": { "uv": [ 8.5, 9.25, 7.75, 9.5 ], "texture": "#sword_2" },
				"south": { "uv": [ 7.75, 9, 8.5, 9.25 ], "texture": "#sword_2" },
				"west": { "uv": [ 11, 9.75, 11.25, 10 ], "texture": "#sword_2" },
				"east": { "uv": [ 11.25, 10, 11, 10.25 ], "texture": "#sword_2" }
			}
		},
		{
			"__comment": "Voxels",
			"from": [ 7.75, 8, 5.75 ],
			"to": [ 8.5, 8.25, 6 ],
			"faces": {
				"down": { "uv": [ 7.75, 8.5, 8.5, 8.75 ], "texture": "#sword_2" },
				"up": { "uv": [ 8.5, 12.25, 9.25, 12 ], "texture": "#sword_2" },
				"north": { "uv": [ 9.25, 11.75, 8.5, 12 ], "texture": "#sword_2" },
				"south": { "uv": [ 8.5, 11.5, 9.25, 11.75 ], "texture": "#sword_2" },
				"west": { "uv": [ 10.75, 11.5, 11, 11.75 ], "texture": "#sword_2" },
				"east": { "uv": [ 11, 11.75, 10.75, 12 ], "texture": "#sword_2" }
			}
		},
		{
			"__comment": "Voxels",
			"from": [ 7.75, 8, 7.25 ],
			"to": [ 8.5, 8.25, 8 ],
			"faces": {
				"down": { "uv": [ 2.75, 13.25, 3.5, 14 ], "texture": "#sword_2" },
				"up": { "uv": [ 2.75, 13.25, 3.5, 12.5 ], "texture": "#sword_2" },
				"north": { "uv": [ 9.25, 10.75, 8.5, 11 ], "texture": "#sword_2" },
				"south": { "uv": [ 9.75, 13.5, 10.5, 13.75 ], "texture": "#sword_2" },
				"west": { "uv": [ 8.5, 11, 9.25, 11.25 ], "texture": "#sword_2" },
				"east": { "uv": [ 9.25, 11.25, 8.5, 11.5 ], "texture": "#sword_2" }
			}
		},
		{
			"__comment": "Voxels",
			"from": [ 7.75, 8.25, 2.5 ],
			"to": [ 8.5, 8.5, 2.75 ],
			"faces": {
				"down": { "uv": [ 8.5, 10.5, 9.25, 10.75 ], "texture": "#sword_2" },
				"up": { "uv": [ 7.75, 9, 8.5, 8.75 ], "texture": "#sword_2" },
				"north": { "uv": [ 3.5, 8, 2.75, 8.25 ], "texture": "#sword_2" },
				"south": { "uv": [ 2.75, 8.25, 3.5, 8.5 ], "texture": "#sword_2" },
				"west": { "uv": [ 11.25, 11.75, 11.5, 12 ], "texture": "#sword_2" },
				"east": { "uv": [ 11.5, 11.5, 11.25, 11.75 ], "texture": "#sword_2" }
			}
		},
		{
			"__comment": "Voxels",
			"from": [ 7.75, 8.25, 4 ],
			"to": [ 8.5, 8.5, 5.75 ],
			"faces": {
				"down": { "uv": [ 2.75, 14, 3.5, 15.75 ], "texture": "#sword_2" },
				"up": { "uv": [ 1.5, 10.75, 2.25, 9 ], "texture": "#sword_2" },
				"north": { "uv": [ 12, 13.25, 11.25, 13.5 ], "texture": "#sword_2" },
				"south": { "uv": [ 10.5, 13.25, 11.25, 13.5 ], "texture": "#sword_2" },
				"west": { "uv": [ 13.25, 15.5, 15, 15.75 ], "texture": "#sword_2" },
				"east": { "uv": [ 15, 15.25, 13.25, 15.5 ], "texture": "#sword_2" }
			}
		},
		{
			"__comment": "Voxels",
			"from": [ 7.75, 8.25, 8.5 ],
			"to": [ 8.5, 8.5, 15.5 ],
			"faces": {
				"down": { "uv": [ 0, 9, 0.75, 16 ], "texture": "#sword_2" },
				"up": { "uv": [ 0.75, 16, 1.5, 9 ], "texture": "#sword_2" },
				"north": { "uv": [ 10.5, 12, 9.75, 12.25 ], "texture": "#sword_2" },
				"south": { "uv": [ 9.75, 12.25, 10.5, 12.5 ], "texture": "#sword_2" },
				"west": { "uv": [ 8.5, 15.75, 15.5, 16 ], "texture": "#sword_2" },
				"east": { "uv": [ 8.5, 15.75, 1.5, 16 ], "texture": "#sword_2" }
			}
		},
		{
			"__comment": "Voxels",
			"from": [ 7.75, 8.25, 16.5 ],
			"to": [ 8.5, 8.5, 16.75 ],
			"faces": {
				"down": { "uv": [ 10.5, 13.5, 11.25, 13.75 ], "texture": "#sword_2" },
				"up": { "uv": [ 11.75, 14, 12.5, 13.75 ], "texture": "#sword_2" },
				"north": { "uv": [ 11.75, 13.75, 11, 14 ], "texture": "#sword_2" },
				"south": { "uv": [ 14.75, 14, 15.5, 14.25 ], "texture": "#sword_2" },
				"west": { "uv": [ 14.5, 11.75, 14.75, 12 ], "texture": "#sword_2" },
				"east": { "uv": [ 15, 11.75, 14.75, 12 ], "texture": "#sword_2" }
			}
		},
		{
			"__comment": "Voxels",
			"from": [ 7.75, 8.5, 2.75 ],
			"to": [ 8.5, 8.75, 3 ],
			"faces": {
				"down": { "uv": [ 14, 14, 14.75, 14.25 ], "texture": "#sword_2" },
				"up": { "uv": [ 13.25, 14, 14, 13.75 ], "texture": "#sword_2" },
				"north": { "uv": [ 13.25, 13.75, 12.5, 14 ], "texture": "#sword_2" },
				"south": { "uv": [ 13.25, 14, 14, 14.25 ], "texture": "#sword_2" },
				"west": { "uv": [ 9.25, 10.25, 9.5, 10.5 ], "texture": "#sword_2" },
				"east": { "uv": [ 9.5, 10, 9.25, 10.25 ], "texture": "#sword_2" }
			}
		},
		{
			"__comment": "Voxels",
			"from": [ 7.75, 8.5, 3.25 ],
			"to": [ 8.5, 8.75, 3.5 ],
			"faces": {
				"down": { "uv": [ 12.5, 14, 13.25, 14.25 ], "texture": "#sword_2" },
				"up": { "uv": [ 13.5, 13.75, 14.25, 13.5 ], "texture": "#sword_2" },
				"north": { "uv": [ 13.5, 13.5, 12.75, 13.75 ], "texture": "#sword_2" },
				"south": { "uv": [ 10.25, 13.75, 11, 14 ], "texture": "#sword_2" },
				"west": { "uv": [ 9.25, 8.75, 9.5, 9 ], "texture": "#sword_2" },
				"east": { "uv": [ 9.5, 8.5, 9.25, 8.75 ], "texture": "#sword_2" }
			}
		},
		{
			"__comment": "Voxels",
			"from": [ 7.75, 8.5, 3.75 ],
			"to": [ 8.5, 8.75, 4 ],
			"faces": {
				"down": { "uv": [ 9.5, 13.75, 10.25, 14 ], "texture": "#sword_2" },
				"up": { "uv": [ 12, 13.75, 12.75, 13.5 ], "texture": "#sword_2" },
				"north": { "uv": [ 12, 13.5, 11.25, 13.75 ], "texture": "#sword_2" },
				"south": { "uv": [ 9.5, 14, 10.25, 14.25 ], "texture": "#sword_2" },
				"west": { "uv": [ 15.75, 13.25, 16, 13.5 ], "texture": "#sword_2" },
				"east": { "uv": [ 16, 13, 15.75, 13.25 ], "texture": "#sword_2" }
			}
		},
		{
			"__comment": "Voxels",
			"from": [ 7.75, 8.5, 5.75 ],
			"to": [ 8.5, 8.75, 6 ],
			"faces": {
				"down": { "uv": [ 8.5, 8, 9.25, 8.25 ], "texture": "#sword_2" },
				"up": { "uv": [ 11, 14.25, 11.75, 14 ], "texture": "#sword_2" },
				"north": { "uv": [ 12.5, 14, 11.75, 14.25 ], "texture": "#sword_2" },
				"south": { "uv": [ 14, 13.75, 14.75, 14 ], "texture": "#sword_2" },
				"west": { "uv": [ 10.5, 11.25, 10.75, 11.5 ], "texture": "#sword_2" },
				"east": { "uv": [ 10.75, 11, 10.5, 11.25 ], "texture": "#sword_2" }
			}
		},
		{
			"__comment": "Voxels",
			"from": [ 7.75, 8.5, 7.25 ],
			"to": [ 8.5, 8.75, 8 ],
			"faces": {
				"down": { "uv": [ 0, 8.25, 0.75, 9 ], "texture": "#sword_2" },
				"up": { "uv": [ 0.75, 9, 1.5, 8.25 ], "texture": "#sword_2" },
				"north": { "uv": [ 15.5, 13.75, 14.75, 14 ], "texture": "#sword_2" },
				"south": { "uv": [ 8.5, 8.5, 9.25, 8.75 ], "texture": "#sword_2" },
				"west": { "uv": [ 8.5, 8.25, 9.25, 8.5 ], "texture": "#sword_2" },
				"east": { "uv": [ 11, 14, 10.25, 14.25 ], "texture": "#sword_2" }
			}
		},
		{
			"__comment": "Voxels",
			"from": [ 7.75, 8.75, 3 ],
			"to": [ 8.5, 9, 3.25 ],
			"faces": {
				"down": { "uv": [ 14.25, 13.5, 15, 13.75 ], "texture": "#sword_2" },
				"up": { "uv": [ 15, 13.75, 15.75, 13.5 ], "texture": "#sword_2" },
				"north": { "uv": [ 9.25, 10.25, 8.5, 10.5 ], "texture": "#sword_2" },
				"south": { "uv": [ 9.75, 10.75, 10.5, 11 ], "texture": "#sword_2" },
				"west": { "uv": [ 10.5, 8.25, 10.75, 8.5 ], "texture": "#sword_2" },
				"east": { "uv": [ 10.75, 8, 10.5, 8.25 ], "texture": "#sword_2" }
			}
		},
		{
			"__comment": "Voxels",
			"from": [ 7.75, 8.75, 3.5 ],
			"to": [ 8.5, 9, 3.75 ],
			"faces": {
				"down": { "uv": [ 9.75, 10.5, 10.5, 10.75 ], "texture": "#sword_2" },
				"up": { "uv": [ 9.75, 9.5, 10.5, 9.25 ], "texture": "#sword_2" },
				"north": { "uv": [ 10.5, 9, 9.75, 9.25 ], "texture": "#sword_2" },
				"south": { "uv": [ 15, 13.25, 15.75, 13.5 ], "texture": "#sword_2" },
				"west": { "uv": [ 13.75, 12.75, 14, 13 ], "texture": "#sword_2" },
				"east": { "uv": [ 14.25, 12.75, 14, 13 ], "texture": "#sword_2" }
			}
		},
		{
			"__comment": "Voxels",
			"from": [ 7.75, 8.75, 6 ],
			"to": [ 8.5, 9, 6.25 ],
			"faces": {
				"down": { "uv": [ 8.5, 8.75, 9.25, 9 ], "texture": "#sword_2" },
				"up": { "uv": [ 8.5, 9.25, 9.25, 9 ], "texture": "#sword_2" },
				"north": { "uv": [ 9.25, 9.25, 8.5, 9.5 ], "texture": "#sword_2" },
				"south": { "uv": [ 8.5, 9.5, 9.25, 9.75 ], "texture": "#sword_2" },
				"west": { "uv": [ 15.25, 12.75, 15.5, 13 ], "texture": "#sword_2" },
				"east": { "uv": [ 15.75, 12.75, 15.5, 13 ], "texture": "#sword_2" }
			}
		},
		{
			"__comment": "Voxels",
			"from": [ 7.75, 8.75, 6.5 ],
			"to": [ 8.5, 9, 7 ],
			"faces": {
				"down": { "uv": [ 2.75, 9.75, 3.5, 10.25 ], "texture": "#sword_2" },
				"up": { "uv": [ 2.75, 10.75, 3.5, 10.25 ], "texture": "#sword_2" },
				"north": { "uv": [ 9.25, 9.75, 8.5, 10 ], "texture": "#sword_2" },
				"south": { "uv": [ 8.5, 10, 9.25, 10.25 ], "texture": "#sword_2" },
				"west": { "uv": [ 12.75, 13, 13.25, 13.25 ], "texture": "#sword_2" },
				"east": { "uv": [ 13.75, 13, 13.25, 13.25 ], "texture": "#sword_2" }
			}
		},
		{
			"__comment": "Voxels",
			"from": [ 8, 7.75, 2.75 ],
			"to": [ 8.25, 8, 3 ],
			"faces": {
				"down": { "uv": [ 10.75, 11.25, 11, 11.5 ], "texture": "#sword_2" },
				"up": { "uv": [ 10.75, 11.25, 11, 11 ], "texture": "#sword_2" },
				"north": { "uv": [ 11, 10.75, 10.75, 11 ], "texture": "#sword_2" },
				"south": { "uv": [ 10.75, 10.5, 11, 10.75 ], "texture": "#sword_2" },
				"west": { "uv": [ 10.75, 10.25, 11, 10.5 ], "texture": "#sword_2" },
				"east": { "uv": [ 11, 10, 10.75, 10.25 ], "texture": "#sword_2" }
			}
		},
		{
			"__comment": "Voxels",
			"from": [ 8, 7.75, 3.25 ],
			"to": [ 8.25, 8, 3.5 ],
			"faces": {
				"down": { "uv": [ 10.75, 9.75, 11, 10 ], "texture": "#sword_2" },
				"up": { "uv": [ 10.75, 9.75, 11, 9.5 ], "texture": "#sword_2" },
				"north": { "uv": [ 11, 9.25, 10.75, 9.5 ], "texture": "#sword_2" },
				"south": { "uv": [ 10.75, 9, 11, 9.25 ], "texture": "#sword_2" },
				"west": { "uv": [ 10.75, 8.75, 11, 9 ], "texture": "#sword_2" },
				"east": { "uv": [ 11, 8.5, 10.75, 8.75 ], "texture": "#sword_2" }
			}
		},
		{
			"__comment": "Voxels",
			"from": [ 8, 7.75, 3.75 ],
			"to": [ 8.25, 8, 4 ],
			"faces": {
				"down": { "uv": [ 10.75, 8.25, 11, 8.5 ], "texture": "#sword_2" },
				"up": { "uv": [ 10.75, 8.25, 11, 8 ], "texture": "#sword_2" },
				"north": { "uv": [ 11.25, 12.5, 11, 12.75 ], "texture": "#sword_2" },
				"south": { "uv": [ 11, 12.25, 11.25, 12.5 ], "texture": "#sword_2" },
				"west": { "uv": [ 11, 12, 11.25, 12.25 ], "texture": "#sword_2" },
				"east": { "uv": [ 11.25, 11.75, 11, 12 ], "texture": "#sword_2" }
			}
		},
		{
			"__comment": "Voxels",
			"from": [ 8, 7.75, 5.75 ],
			"to": [ 8.25, 8, 6 ],
			"faces": {
				"down": { "uv": [ 11, 11.5, 11.25, 11.75 ], "texture": "#sword_2" },
				"up": { "uv": [ 11, 11.5, 11.25, 11.25 ], "texture": "#sword_2" },
				"north": { "uv": [ 11.25, 11, 11, 11.25 ], "texture": "#sword_2" },
				"south": { "uv": [ 11, 10.75, 11.25, 11 ], "texture": "#sword_2" },
				"west": { "uv": [ 11, 10.5, 11.25, 10.75 ], "texture": "#sword_2" },
				"east": { "uv": [ 11.25, 10.25, 11, 10.5 ], "texture": "#sword_2" }
			}
		},
		{
			"__comment": "Voxels",
			"from": [ 8, 7.75, 6.75 ],
			"to": [ 8.25, 8, 7.25 ],
			"faces": {
				"down": { "uv": [ 9.5, 10.25, 9.75, 10.75 ], "texture": "#sword_2" },
				"up": { "uv": [ 9.5, 10.25, 9.75, 9.75 ], "texture": "#sword_2" },
				"north": { "uv": [ 11.25, 9.5, 11, 9.75 ], "texture": "#sword_2" },
				"south": { "uv": [ 11, 9.25, 11.25, 9.5 ], "texture": "#sword_2" },
				"west": { "uv": [ 13.75, 13, 14.25, 13.25 ], "texture": "#sword_2" },
				"east": { "uv": [ 14.75, 13, 14.25, 13.25 ], "texture": "#sword_2" }
			}
		},
		{
			"__comment": "Voxels",
			"from": [ 8, 8, 2.5 ],
			"to": [ 8.25, 8.25, 2.75 ],
			"faces": {
				"down": { "uv": [ 11, 8.5, 11.25, 8.75 ], "texture": "#sword_2" },
				"up": { "uv": [ 11, 8.5, 11.25, 8.25 ], "texture": "#sword_2" },
				"north": { "uv": [ 11.25, 8, 11, 8.25 ], "texture": "#sword_2" },
				"south": { "uv": [ 11.25, 12.5, 11.5, 12.75 ], "texture": "#sword_2" },
				"west": { "uv": [ 11.5, 12.5, 11.75, 12.75 ], "texture": "#sword_2" },
				"east": { "uv": [ 12, 12.5, 11.75, 12.75 ], "texture": "#sword_2" }
			}
		},
		{
			"__comment": "Voxels",
			"from": [ 8, 8, 4 ],
			"to": [ 8.25, 8.25, 5.75 ],
			"faces": {
				"down": { "uv": [ 2.75, 10.75, 3, 12.5 ], "texture": "#sword_2" },
				"up": { "uv": [ 3, 12.5, 3.25, 10.75 ], "texture": "#sword_2" },
				"north": { "uv": [ 12.75, 12.5, 12.5, 12.75 ], "texture": "#sword_2" },
				"south": { "uv": [ 12.75, 12.5, 13, 12.75 ], "texture": "#sword_2" },
				"west": { "uv": [ 4.75, 9.75, 6.5, 10 ], "texture": "#sword_2" },
				"east": { "uv": [ 6.5, 10, 4.75, 10.25 ], "texture": "#sword_2" }
			}
		},
		{
			"__comment": "Voxels",
			"from": [ 8, 8, 8 ],
			"to": [ 8.25, 8.25, 9 ],
			"faces": {
				"down": { "uv": [ 3.25, 8.75, 3.5, 9.75 ], "texture": "#sword_2" },
				"up": { "uv": [ 3, 9.75, 3.25, 8.75 ], "texture": "#sword_2" },
				"north": { "uv": [ 14.25, 12.5, 14, 12.75 ], "texture": "#sword_2" },
				"south": { "uv": [ 14.25, 12.5, 14.5, 12.75 ], "texture": "#sword_2" },
				"west": { "uv": [ 8.5, 12.75, 9.5, 13 ], "texture": "#sword_2" },
				"east": { "uv": [ 16, 15.25, 15, 15.5 ], "texture": "#sword_2" }
			}
		},
		{
			"__comment": "Voxels",
			"from": [ 8, 8.25, 2.25 ],
			"to": [ 8.25, 8.5, 2.5 ],
			"faces": {
				"down": { "uv": [ 15, 12.5, 15.25, 12.75 ], "texture": "#sword_2" },
				"up": { "uv": [ 15.25, 12.75, 15.5, 12.5 ], "texture": "#sword_2" },
				"north": { "uv": [ 15.75, 12.5, 15.5, 12.75 ], "texture": "#sword_2" },
				"south": { "uv": [ 15.75, 12.5, 16, 12.75 ], "texture": "#sword_2" },
				"west": { "uv": [ 11.25, 12.25, 11.5, 12.5 ], "texture": "#sword_2" },
				"east": { "uv": [ 11.5, 12, 11.25, 12.25 ], "texture": "#sword_2" }
			}
		},
		{
			"__comment": "Voxels",
			"from": [ 8, 8.25, 16.75 ],
			"to": [ 8.25, 8.5, 17.25 ],
			"faces": {
				"down": { "uv": [ 9.5, 9.25, 9.75, 9.75 ], "texture": "#sword_2" },
				"up": { "uv": [ 9.5, 9.25, 9.75, 8.75 ], "texture": "#sword_2" },
				"north": { "uv": [ 11.5, 11.25, 11.25, 11.5 ], "texture": "#sword_2" },
				"south": { "uv": [ 11.25, 11, 11.5, 11.25 ], "texture": "#sword_2" },
				"west": { "uv": [ 14.75, 13, 15.25, 13.25 ], "texture": "#sword_2" },
				"east": { "uv": [ 15.75, 13, 15.25, 13.25 ], "texture": "#sword_2" }
			}
		},
		{
			"__comment": "Voxels",
			"from": [ 8, 8.5, 2.5 ],
			"to": [ 8.25, 8.75, 2.75 ],
			"faces": {
				"down": { "uv": [ 11.25, 10.25, 11.5, 10.5 ], "texture": "#sword_2" },
				"up": { "uv": [ 11.25, 10.25, 11.5, 10 ], "texture": "#sword_2" },
				"north": { "uv": [ 11.5, 9.75, 11.25, 10 ], "texture": "#sword_2" },
				"south": { "uv": [ 11.25, 9.5, 11.5, 9.75 ], "texture": "#sword_2" },
				"west": { "uv": [ 11.25, 9.25, 11.5, 9.5 ], "texture": "#sword_2" },
				"east": { "uv": [ 11.5, 9, 11.25, 9.25 ], "texture": "#sword_2" }
			}
		},
		{
			"__comment": "Voxels",
			"from": [ 8, 8.5, 4 ],
			"to": [ 8.25, 8.75, 5.75 ],
			"faces": {
				"down": { "uv": [ 2.5, 9, 2.75, 10.75 ], "texture": "#sword_2" },
				"up": { "uv": [ 2.25, 10.75, 2.5, 9 ], "texture": "#sword_2" },
				"north": { "uv": [ 11.5, 8.25, 11.25, 8.5 ], "texture": "#sword_2" },
				"south": { "uv": [ 11.25, 8, 11.5, 8.25 ], "texture": "#sword_2" },
				"west": { "uv": [ 6.5, 11, 8.25, 11.25 ], "texture": "#sword_2" },
				"east": { "uv": [ 6.5, 11, 4.75, 11.25 ], "texture": "#sword_2" }
			}
		},
		{
			"__comment": "Voxels",
			"from": [ 8, 8.5, 8 ],
			"to": [ 8.25, 8.75, 9 ],
			"faces": {
				"down": { "uv": [ 8.75, 13, 9, 14 ], "texture": "#sword_2" },
				"up": { "uv": [ 8.5, 14, 8.75, 13 ], "texture": "#sword_2" },
				"north": { "uv": [ 12.75, 12.25, 12.5, 12.5 ], "texture": "#sword_2" },
				"south": { "uv": [ 12.75, 12.25, 13, 12.5 ], "texture": "#sword_2" },
				"west": { "uv": [ 8.5, 14, 9.5, 14.25 ], "texture": "#sword_2" },
				"east": { "uv": [ 16, 15.5, 15, 15.75 ], "texture": "#sword_2" }
			}
		},
		{
			"__comment": "Voxels",
			"from": [ 8, 8.75, 2.75 ],
			"to": [ 8.25, 9, 3 ],
			"faces": {
				"down": { "uv": [ 13.5, 12.25, 13.75, 12.5 ], "texture": "#sword_2" },
				"up": { "uv": [ 13.75, 12.5, 14, 12.25 ], "texture": "#sword_2" },
				"north": { "uv": [ 14.25, 12.25, 14, 12.5 ], "texture": "#sword_2" },
				"south": { "uv": [ 14.25, 12.25, 14.5, 12.5 ], "texture": "#sword_2" },
				"west": { "uv": [ 14.5, 12.25, 14.75, 12.5 ], "texture": "#sword_2" },
				"east": { "uv": [ 15, 12.25, 14.75, 12.5 ], "texture": "#sword_2" }
			}
		},
		{
			"__comment": "Voxels",
			"from": [ 8, 8.75, 3.25 ],
			"to": [ 8.25, 9, 3.5 ],
			"faces": {
				"down": { "uv": [ 15, 12.25, 15.25, 12.5 ], "texture": "#sword_2" },
				"up": { "uv": [ 15.25, 12.5, 15.5, 12.25 ], "texture": "#sword_2" },
				"north": { "uv": [ 15.75, 12.25, 15.5, 12.5 ], "texture": "#sword_2" },
				"south": { "uv": [ 15.75, 12.25, 16, 12.5 ], "texture": "#sword_2" },
				"west": { "uv": [ 11.5, 12, 11.75, 12.25 ], "texture": "#sword_2" },
				"east": { "uv": [ 11.75, 11.75, 11.5, 12 ], "texture": "#sword_2" }
			}
		},
		{
			"__comment": "Voxels",
			"from": [ 8, 8.75, 3.75 ],
			"to": [ 8.25, 9, 4 ],
			"faces": {
				"down": { "uv": [ 11.5, 11.5, 11.75, 11.75 ], "texture": "#sword_2" },
				"up": { "uv": [ 11.5, 11.5, 11.75, 11.25 ], "texture": "#sword_2" },
				"north": { "uv": [ 11.75, 11, 11.5, 11.25 ], "texture": "#sword_2" },
				"south": { "uv": [ 11.5, 10.75, 11.75, 11 ], "texture": "#sword_2" },
				"west": { "uv": [ 11.5, 10.5, 11.75, 10.75 ], "texture": "#sword_2" },
				"east": { "uv": [ 11.75, 10.25, 11.5, 10.5 ], "texture": "#sword_2" }
			}
		},
		{
			"__comment": "Voxels",
			"from": [ 8, 8.75, 5.75 ],
			"to": [ 8.25, 9, 6 ],
			"faces": {
				"down": { "uv": [ 12, 11.25, 12.25, 11.5 ], "texture": "#sword_2" },
				"up": { "uv": [ 11.5, 10, 11.75, 9.75 ], "texture": "#sword_2" },
				"north": { "uv": [ 11.75, 9.5, 11.5, 9.75 ], "texture": "#sword_2" },
				"south": { "uv": [ 11.5, 9.25, 11.75, 9.5 ], "texture": "#sword_2" },
				"west": { "uv": [ 11.5, 9, 11.75, 9.25 ], "texture": "#sword_2" },
				"east": { "uv": [ 11.75, 8.75, 11.5, 9 ], "texture": "#sword_2" }
			}
		},
		{
			"__comment": "Voxels",
			"from": [ 8, 8.75, 7 ],
			"to": [ 8.25, 9, 7.5 ],
			"faces": {
				"down": { "uv": [ 9.5, 8.25, 9.75, 8.75 ], "texture": "#sword_2" },
				"up": { "uv": [ 10.5, 13, 10.75, 12.5 ], "texture": "#sword_2" },
				"north": { "uv": [ 11.75, 8, 11.5, 8.25 ], "texture": "#sword_2" },
				"south": { "uv": [ 11.75, 12, 12, 12.25 ], "texture": "#sword_2" },
				"west": { "uv": [ 10.75, 12.75, 11.25, 13 ], "texture": "#sword_2" },
				"east": { "uv": [ 11.75, 12.75, 11.25, 13 ], "texture": "#sword_2" }
			}
		},
		{
			"__comment": "Voxels",
			"from": [ 9.25, 8.25, 6.25 ],
			"to": [ 9.75, 8.5, 6.5 ],
			"faces": {
				"down": { "uv": [ 11.75, 12.75, 12.25, 13 ], "texture": "#sword_2" },
				"up": { "uv": [ 12.25, 13, 12.75, 12.75 ], "texture": "#sword_2" },
				"north": { "uv": [ 16, 15.75, 15.5, 16 ], "texture": "#sword_2" },
				"south": { "uv": [ 3, 8.5, 3.5, 8.75 ], "texture": "#sword_2" },
				"west": { "uv": [ 13.5, 12, 13.75, 12.25 ], "texture": "#sword_2" },
				"east": { "uv": [ 14, 12, 13.75, 12.25 ], "texture": "#sword_2" }
			}
		},
		{
			"__comment": "Voxels",
			"from": [ 9.25, 8.25, 7.25 ],
			"to": [ 9.75, 8.5, 7.5 ],
			"faces": {
				"down": { "uv": [ 8, 12, 8.5, 12.25 ], "texture": "#sword_2" },
				"up": { "uv": [ 8, 12, 8.5, 11.75 ], "texture": "#sword_2" },
				"north": { "uv": [ 8.5, 11.5, 8, 11.75 ], "texture": "#sword_2" },
				"south": { "uv": [ 8, 11.25, 8.5, 11.5 ], "texture": "#sword_2" },
				"west": { "uv": [ 15, 12, 15.25, 12.25 ], "texture": "#sword_2" },
				"east": { "uv": [ 15.5, 12, 15.25, 12.25 ], "texture": "#sword_2" }
			}
		},
		{
			"__comment": "Voxels",
			"from": [ 9.25, 8.5, 6.5 ],
			"to": [ 9.5, 8.75, 6.75 ],
			"faces": {
				"down": { "uv": [ 15.5, 12, 15.75, 12.25 ], "texture": "#sword_2" },
				"up": { "uv": [ 15.75, 12.25, 16, 12 ], "texture": "#sword_2" },
				"north": { "uv": [ 12, 11.75, 11.75, 12 ], "texture": "#sword_2" },
				"south": { "uv": [ 11.75, 11.5, 12, 11.75 ], "texture": "#sword_2" },
				"west": { "uv": [ 11.75, 11.25, 12, 11.5 ], "texture": "#sword_2" },
				"east": { "uv": [ 12, 11, 11.75, 11.25 ], "texture": "#sword_2" }
			}
		},
		{
			"__comment": "Voxels",
			"from": [ 9.25, 8.5, 7 ],
			"to": [ 9.5, 8.75, 7.25 ],
			"faces": {
				"down": { "uv": [ 11.75, 10.75, 12, 11 ], "texture": "#sword_2" },
				"up": { "uv": [ 11.75, 10.75, 12, 10.5 ], "texture": "#sword_2" },
				"north": { "uv": [ 12, 10.25, 11.75, 10.5 ], "texture": "#sword_2" },
				"south": { "uv": [ 11.75, 10, 12, 10.25 ], "texture": "#sword_2" },
				"west": { "uv": [ 11.75, 9.75, 12, 10 ], "texture": "#sword_2" },
				"east": { "uv": [ 12, 9.5, 11.75, 9.75 ], "texture": "#sword_2" }
			}
		},
		{
			"__comment": "Voxels",
			"from": [ 9.5, 8, 6.5 ],
			"to": [ 9.75, 8.25, 6.75 ],
			"faces": {
				"down": { "uv": [ 11.75, 9.25, 12, 9.5 ], "texture": "#sword_2" },
				"up": { "uv": [ 11.75, 9.25, 12, 9 ], "texture": "#sword_2" },
				"north": { "uv": [ 12, 8.75, 11.75, 9 ], "texture": "#sword_2" },
				"south": { "uv": [ 11.75, 8.5, 12, 8.75 ], "texture": "#sword_2" },
				"west": { "uv": [ 11.75, 8.25, 12, 8.5 ], "texture": "#sword_2" },
				"east": { "uv": [ 12, 8, 11.75, 8.25 ], "texture": "#sword_2" }
			}
		},
		{
			"__comment": "Voxels",
			"from": [ 9.5, 8, 7 ],
			"to": [ 9.75, 8.25, 7.25 ],
			"faces": {
				"down": { "uv": [ 12, 11.75, 12.25, 12 ], "texture": "#sword_2" },
				"up": { "uv": [ 12.25, 12, 12.5, 11.75 ], "texture": "#sword_2" },
				"north": { "uv": [ 12.75, 11.75, 12.5, 12 ], "texture": "#sword_2" },
				"south": { "uv": [ 12.75, 11.75, 13, 12 ], "texture": "#sword_2" },
				"west": { "uv": [ 13, 11.75, 13.25, 12 ], "texture": "#sword_2" },
				"east": { "uv": [ 13.5, 11.75, 13.25, 12 ], "texture": "#sword_2" }
			}
		},
		{
			"__comment": "Voxels",
			"from": [ 9.5, 8.25, 5.75 ],
			"to": [ 9.75, 8.5, 6.25 ],
			"faces": {
				"down": { "uv": [ 3.25, 10.75, 3.5, 11.25 ], "texture": "#sword_2" },
				"up": { "uv": [ 6, 8.5, 6.25, 8 ], "texture": "#sword_2" },
				"north": { "uv": [ 14.25, 11.75, 14, 12 ], "texture": "#sword_2" },
				"south": { "uv": [ 14.25, 11.75, 14.5, 12 ], "texture": "#sword_2" },
				"west": { "uv": [ 6, 9.25, 6.5, 9.5 ], "texture": "#sword_2" },
				"east": { "uv": [ 6.5, 9, 6, 9.25 ], "texture": "#sword_2" }
			}
		},
		{
			"__comment": "Voxels",
			"from": [ 9.5, 8.25, 7.5 ],
			"to": [ 9.75, 8.5, 8 ],
			"faces": {
				"down": { "uv": [ 6.25, 8, 6.5, 8.5 ], "texture": "#sword_2" },
				"up": { "uv": [ 9.5, 12.25, 9.75, 11.75 ], "texture": "#sword_2" },
				"north": { "uv": [ 15.75, 11.75, 15.5, 12 ], "texture": "#sword_2" },
				"south": { "uv": [ 15.75, 11.75, 16, 12 ], "texture": "#sword_2" },
				"west": { "uv": [ 6, 8.75, 6.5, 9 ], "texture": "#sword_2" },
				"east": { "uv": [ 12.75, 13, 12.25, 13.25 ], "texture": "#sword_2" }
			}
		}
	],
	"display": {
		"thirdperson_righthand": {
			"rotation":  [ 89, 180, 90 ],
			"translation":  [ 0, 5.3, 0.9 ],
			"scale":  [ 2.2, 2.2, 2.2 ]
		},
		"thirdperson_lefthand": {
			"rotation":  [ 89, 180, 90 ],
			"translation":  [ 0, 5.3, 0.9 ],
			"scale":  [ 2.2, 2.2, 2.2 ]
		},
		"firstperson_righthand": {
			"rotation":  [ 270, 0, -80 ],
			"translation":  [ 1, 2, 0 ],
			"scale":  [ 2, 2, 2 ]
		},
		"firstperson_lefthand": {
			"rotation":  [ 270, 0, -80 ],
			"translation":  [ 1, 2, 0 ],
			"scale":  [ 2, 2, 2 ]
		},
		"gui": {
			"rotation":  [ -90, 45, 0 ],
			"translation":  [ -2, -1.9, 0 ],
			"scale":  [ 1.2, 1, 1.45 ]
		},
		"head": {
			"rotation":  [ 90, 45, 0 ],
			"translation":  [ -4, -10, 5 ],
			"scale":  [ 4, 4, 4 ]
		},
		"ground": {
			"scale":  [ 3, 3, 3 ]
		},
		"fixed": {
			"rotation":  [ 90, 0, 0 ],
			"translation":  [ -1, 3, -4 ],
			"scale":  [ 10, 10, 10 ]
		}
	}
}