{
	"__comment": "Designed by EnderMatrul with Cubik Studio - https://cubik.studio",
	"textures": {
		"sword_8": "items/sword_8"
	},
	"elements": [ 	 
		{
			"__comment": "Voxels",
			"from": [ -2, 8, 8 ],
			"to": [ 31, 9, 9 ],
			"faces": {
				"down": { "uv": [ 0, 15.75, 8.25, 16 ], "texture": "#sword_8" },
				"up": { "uv": [ 0, 15.75, 8.25, 15.5 ], "texture": "#sword_8" },
				"north": { "uv": [ 8.25, 15.25, 0, 15.5 ], "texture": "#sword_8" },
				"south": { "uv": [ 0, 15, 8.25, 15.25 ], "texture": "#sword_8" },
				"west": { "uv": [ 15.25, 15.75, 15.5, 16 ], "texture": "#sword_8" },
				"east": { "uv": [ 16, 15.25, 15.75, 15.5 ], "texture": "#sword_8" }
			}
		},
		{
			"__comment": "Voxels",
			"from": [ -1, 7, 8 ],
			"to": [ 27, 8, 9 ],
			"faces": {
				"down": { "uv": [ 8.25, 15.75, 15.25, 16 ], "texture": "#sword_8" },
				"up": { "uv": [ 8.25, 15.75, 15.25, 15.5 ], "texture": "#sword_8" },
				"north": { "uv": [ 15.25, 15.25, 8.25, 15.5 ], "texture": "#sword_8" },
				"south": { "uv": [ 8.25, 15, 15.25, 15.25 ], "texture": "#sword_8" },
				"west": { "uv": [ 15.5, 15, 15.75, 15.25 ], "texture": "#sword_8" },
				"east": { "uv": [ 16, 15.5, 15.75, 15.75 ], "texture": "#sword_8" }
			}
		},
		{
			"__comment": "Voxels",
			"from": [ -1, 9, 8 ],
			"to": [ 27, 10, 9 ],
			"faces": {
				"down": { "uv": [ 0, 14.75, 7, 15 ], "texture": "#sword_8" },
				"up": { "uv": [ 7, 15, 14, 14.75 ], "texture": "#sword_8" },
				"north": { "uv": [ 7, 14.5, 0, 14.75 ], "texture": "#sword_8" },
				"south": { "uv": [ 7, 14.5, 14, 14.75 ], "texture": "#sword_8" },
				"west": { "uv": [ 15.25, 15, 15.5, 15.25 ], "texture": "#sword_8" },
				"east": { "uv": [ 15.75, 15.5, 15.5, 15.75 ], "texture": "#sword_8" }
			}
		},
		{
			"__comment": "Voxels",
			"from": [ 0, 8, 7 ],
			"to": [ 26, 9, 8 ],
			"faces": {
				"down": { "uv": [ 0, 13.5, 6.5, 13.75 ], "texture": "#sword_8" },
				"up": { "uv": [ 6.5, 13.75, 13, 13.5 ], "texture": "#sword_8" },
				"north": { "uv": [ 6.5, 14.25, 0, 14.5 ], "texture": "#sword_8" },
				"south": { "uv": [ 0, 13.75, 6.5, 14 ], "texture": "#sword_8" },
				"west": { "uv": [ 15.75, 15.75, 16, 16 ], "texture": "#sword_8" },
				"east": { "uv": [ 15.5, 15.5, 15.25, 15.75 ], "texture": "#sword_8" }
			}
		},
		{
			"__comment": "Voxels",
			"from": [ 0, 8, 9 ],
			"to": [ 26, 9, 10 ],
			"faces": {
				"down": { "uv": [ 6.5, 13.75, 13, 14 ], "texture": "#sword_8" },
				"up": { "uv": [ 6.5, 14.25, 13, 14 ], "texture": "#sword_8" },
				"north": { "uv": [ 13, 14.25, 6.5, 14.5 ], "texture": "#sword_8" },
				"south": { "uv": [ 0, 14, 6.5, 14.25 ], "texture": "#sword_8" },
				"west": { "uv": [ 15.75, 15, 16, 15.25 ], "texture": "#sword_8" },
				"east": { "uv": [ 15.75, 15.75, 15.5, 16 ], "texture": "#sword_8" }
			}
		},
		{
			"__comment": "Voxels",
			"from": [ 1, 6, 8 ],
			"to": [ 7, 7, 9 ],
			"faces": {
				"down": { "uv": [ 13, 14.25, 14.5, 14.5 ], "texture": "#sword_8" },
				"up": { "uv": [ 14.5, 14.5, 16, 14.25 ], "texture": "#sword_8" },
				"north": { "uv": [ 14.5, 14, 13, 14.25 ], "texture": "#sword_8" },
				"south": { "uv": [ 14.5, 14, 16, 14.25 ], "texture": "#sword_8" },
				"west": { "uv": [ 15.25, 15.25, 15.5, 15.5 ], "texture": "#sword_8" },
				"east": { "uv": [ 15.75, 15.25, 15.5, 15.5 ], "texture": "#sword_8" }
			}
		},
		{
			"__comment": "Voxels",
			"from": [ 1, 10, 8 ],
			"to": [ 7, 11, 9 ],
			"faces": {
				"down": { "uv": [ 14, 14.5, 15.5, 14.75 ], "texture": "#sword_8" },
				"up": { "uv": [ 13, 14, 14.5, 13.75 ], "texture": "#sword_8" },
				"north": { "uv": [ 16, 13.75, 14.5, 14 ], "texture": "#sword_8" },
				"south": { "uv": [ 14, 14.75, 15.5, 15 ], "texture": "#sword_8" },
				"west": { "uv": [ 15.5, 14.75, 15.75, 15 ], "texture": "#sword_8" },
				"east": { "uv": [ 16, 14.75, 15.75, 15 ], "texture": "#sword_8" }
			}
		}
	],
	"display": {
		"thirdperson_righthand": {
			"rotation":  [ 0, 0, 90 ],
			"translation":  [ 0.5, -2, 0 ],
			"scale":  [ 0.2, 0.4, 0.43 ]
		},
		"thirdperson_lefthand": {
			"rotation":  [ 0, 0, -90 ],
			"translation":  [ 0.5, -2, 0 ],
			"scale":  [ 0.2, 0.4, 0.43 ]
		},
		"firstperson_righthand": {
			"rotation":  [ 0, 90, 60 ],
			"translation":  [ 0, 4, 2 ],
			"scale":  [ 0.4, 0.4, 0.4 ]
		},
		"firstperson_lefthand": {
			"rotation":  [ 0, 90, -120 ],
			"translation":  [ 0, 4, 2 ],
			"scale":  [ 0.4, 0.4, 0.4 ]
		},
		"gui": {
			"rotation":  [ 0, 0, 45 ],
			"translation":  [ -2, -2.5, 0 ],
			"scale":  [ 0.45, 0.57, 0.65 ]
		},
		"ground": {
			"scale":  [ 0.4, 0.8, 1 ]
		}
	}
}