{
	"__comment": "Designed by EnderMatrul with Cubik Studio - https://cubik.studio",
	"textures": {
		"sword_13": "items/sword_13"
	},
	"elements": [ 	 
		{
			"__comment": "Voxels",
			"from": [ -15, 8, 8 ],
			"to": [ 32, 9, 9 ],
			"faces": {
				"down": { "uv": [ 0, 15.75, 11.75, 16 ], "texture": "#sword_13" },
				"up": { "uv": [ 0, 15.75, 11.75, 15.5 ], "texture": "#sword_13" },
				"north": { "uv": [ 11.75, 15.25, 0, 15.5 ], "texture": "#sword_13" },
				"south": { "uv": [ 0, 15, 11.75, 15.25 ], "texture": "#sword_13" },
				"west": { "uv": [ 2.25, 8.25, 2.5, 8.5 ], "texture": "#sword_13" },
				"east": { "uv": [ 5, 9, 4.75, 9.25 ], "texture": "#sword_13" }
			}
		},
		{
			"__comment": "Voxels",
			"from": [ -14, 7, 8 ],
			"to": [ 27, 8, 9 ],
			"faces": {
				"down": { "uv": [ 0, 14.25, 10.25, 14.5 ], "texture": "#sword_13" },
				"up": { "uv": [ 0, 14.25, 10.25, 14 ], "texture": "#sword_13" },
				"north": { "uv": [ 10.25, 13.75, 0, 14 ], "texture": "#sword_13" },
				"south": { "uv": [ 0, 13.5, 10.25, 13.75 ], "texture": "#sword_13" },
				"west": { "uv": [ 4.75, 8.75, 5, 9 ], "texture": "#sword_13" },
				"east": { "uv": [ 16, 15.75, 15.75, 16 ], "texture": "#sword_13" }
			}
		},
		{
			"__comment": "Voxels",
			"from": [ -14, 8, 7 ],
			"to": [ 27, 9, 8 ],
			"faces": {
				"down": { "uv": [ 0, 12.75, 10.25, 13 ], "texture": "#sword_13" },
				"up": { "uv": [ 0, 12.75, 10.25, 12.5 ], "texture": "#sword_13" },
				"north": { "uv": [ 10.25, 12.25, 0, 12.5 ], "texture": "#sword_13" },
				"south": { "uv": [ 0, 12, 10.25, 12.25 ], "texture": "#sword_13" },
				"west": { "uv": [ 15.75, 15.5, 16, 15.75 ], "texture": "#sword_13" },
				"east": { "uv": [ 16, 15.25, 15.75, 15.5 ], "texture": "#sword_13" }
			}
		},
		{
			"__comment": "Voxels",
			"from": [ -14, 8, 9 ],
			"to": [ 27, 9, 10 ],
			"faces": {
				"down": { "uv": [ 0, 11.25, 10.25, 11.5 ], "texture": "#sword_13" },
				"up": { "uv": [ 0, 11.25, 10.25, 11 ], "texture": "#sword_13" },
				"north": { "uv": [ 10.25, 14.75, 0, 15 ], "texture": "#sword_13" },
				"south": { "uv": [ 0, 14.5, 10.25, 14.75 ], "texture": "#sword_13" },
				"west": { "uv": [ 15.75, 15, 16, 15.25 ], "texture": "#sword_13" },
				"east": { "uv": [ 1.5, 8, 1.25, 8.25 ], "texture": "#sword_13" }
			}
		},
		{
			"__comment": "Voxels",
			"from": [ -14, 9, 8 ],
			"to": [ 27, 10, 9 ],
			"faces": {
				"down": { "uv": [ 0, 11.75, 10.25, 12 ], "texture": "#sword_13" },
				"up": { "uv": [ 0, 11.75, 10.25, 11.5 ], "texture": "#sword_13" },
				"north": { "uv": [ 10.25, 13.25, 0, 13.5 ], "texture": "#sword_13" },
				"south": { "uv": [ 0, 13, 10.25, 13.25 ], "texture": "#sword_13" },
				"west": { "uv": [ 2.25, 9, 2.5, 9.25 ], "texture": "#sword_13" },
				"east": { "uv": [ 2.5, 8.75, 2.25, 9 ], "texture": "#sword_13" }
			}
		},
		{
			"__comment": "Voxels",
			"from": [ -13, 7, 7 ],
			"to": [ -11, 8, 8 ],
			"faces": {
				"down": { "uv": [ 3.25, 9.25, 3.75, 9.5 ], "texture": "#sword_13" },
				"up": { "uv": [ 3.25, 9.25, 3.75, 9 ], "texture": "#sword_13" },
				"north": { "uv": [ 3.75, 8.75, 3.25, 9 ], "texture": "#sword_13" },
				"south": { "uv": [ 3.25, 8.5, 3.75, 8.75 ], "texture": "#sword_13" },
				"west": { "uv": [ 2.25, 8.5, 2.5, 8.75 ], "texture": "#sword_13" },
				"east": { "uv": [ 4, 10.25, 3.75, 10.5 ], "texture": "#sword_13" }
			}
		},
		{
			"__comment": "Voxels",
			"from": [ -13, 7, 9 ],
			"to": [ -11, 8, 10 ],
			"faces": {
				"down": { "uv": [ 15.5, 14, 16, 14.25 ], "texture": "#sword_13" },
				"up": { "uv": [ 15.5, 14, 16, 13.75 ], "texture": "#sword_13" },
				"north": { "uv": [ 3, 8, 2.5, 8.25 ], "texture": "#sword_13" },
				"south": { "uv": [ 3.25, 10.75, 3.75, 11 ], "texture": "#sword_13" },
				"west": { "uv": [ 2.25, 8, 2.5, 8.25 ], "texture": "#sword_13" },
				"east": { "uv": [ 3.25, 8, 3, 8.25 ], "texture": "#sword_13" }
			}
		},
		{
			"__comment": "Voxels",
			"from": [ -13, 9, 7 ],
			"to": [ -11, 10, 8 ],
			"faces": {
				"down": { "uv": [ 3.25, 10, 3.75, 10.25 ], "texture": "#sword_13" },
				"up": { "uv": [ 3.25, 10, 3.75, 9.75 ], "texture": "#sword_13" },
				"north": { "uv": [ 3.75, 9.5, 3.25, 9.75 ], "texture": "#sword_13" },
				"south": { "uv": [ 3.25, 8.25, 3.75, 8.5 ], "texture": "#sword_13" },
				"west": { "uv": [ 3.75, 10.75, 4, 11 ], "texture": "#sword_13" },
				"east": { "uv": [ 4, 10.5, 3.75, 10.75 ], "texture": "#sword_13" }
			}
		},
		{
			"__comment": "Voxels",
			"from": [ -13, 9, 9 ],
			"to": [ -11, 10, 10 ],
			"faces": {
				"down": { "uv": [ 3.25, 10.25, 3.75, 10.5 ], "texture": "#sword_13" },
				"up": { "uv": [ 3.25, 8.25, 3.75, 8 ], "texture": "#sword_13" },
				"north": { "uv": [ 16, 14.5, 15.5, 14.75 ], "texture": "#sword_13" },
				"south": { "uv": [ 3.25, 10.5, 3.75, 10.75 ], "texture": "#sword_13" },
				"west": { "uv": [ 3.75, 10, 4, 10.25 ], "texture": "#sword_13" },
				"east": { "uv": [ 4, 9.75, 3.75, 10 ], "texture": "#sword_13" }
			}
		},
		{
			"__comment": "Voxels",
			"from": [ 17, 2, 8 ],
			"to": [ 26, 3, 9 ],
			"faces": {
				"down": { "uv": [ 11.75, 15.75, 14, 16 ], "texture": "#sword_13" },
				"up": { "uv": [ 11.75, 15.75, 14, 15.5 ], "texture": "#sword_13" },
				"north": { "uv": [ 14, 15.25, 11.75, 15.5 ], "texture": "#sword_13" },
				"south": { "uv": [ 11.75, 15, 14, 15.25 ], "texture": "#sword_13" },
				"west": { "uv": [ 3.75, 9.5, 4, 9.75 ], "texture": "#sword_13" },
				"east": { "uv": [ 4, 9.25, 3.75, 9.5 ], "texture": "#sword_13" }
			}
		},
		{
			"__comment": "Voxels",
			"from": [ 18, 1, 8 ],
			"to": [ 25, 2, 9 ],
			"faces": {
				"down": { "uv": [ 14, 15.75, 15.75, 16 ], "texture": "#sword_13" },
				"up": { "uv": [ 14, 15.75, 15.75, 15.5 ], "texture": "#sword_13" },
				"north": { "uv": [ 15.75, 15.25, 14, 15.5 ], "texture": "#sword_13" },
				"south": { "uv": [ 14, 15, 15.75, 15.25 ], "texture": "#sword_13" },
				"west": { "uv": [ 3.75, 9, 4, 9.25 ], "texture": "#sword_13" },
				"east": { "uv": [ 4, 8.75, 3.75, 9 ], "texture": "#sword_13" }
			}
		},
		{
			"__comment": "Voxels",
			"from": [ 18, 3, 8 ],
			"to": [ 19, 4, 9 ],
			"faces": {
				"down": { "uv": [ 3.75, 8.5, 4, 8.75 ], "texture": "#sword_13" },
				"up": { "uv": [ 3.75, 8.5, 4, 8.25 ], "texture": "#sword_13" },
				"north": { "uv": [ 4, 8, 3.75, 8.25 ], "texture": "#sword_13" },
				"south": { "uv": [ 4, 10.75, 4.25, 11 ], "texture": "#sword_13" },
				"west": { "uv": [ 4, 10.5, 4.25, 10.75 ], "texture": "#sword_13" },
				"east": { "uv": [ 4.25, 10.25, 4, 10.5 ], "texture": "#sword_13" }
			}
		},
		{
			"__comment": "Voxels",
			"from": [ 19, 0, 8 ],
			"to": [ 24, 1, 9 ],
			"faces": {
				"down": { "uv": [ 14.75, 14.75, 16, 15 ], "texture": "#sword_13" },
				"up": { "uv": [ 11.75, 14.75, 13, 14.5 ], "texture": "#sword_13" },
				"north": { "uv": [ 14.25, 14.5, 13, 14.75 ], "texture": "#sword_13" },
				"south": { "uv": [ 14.25, 14.5, 15.5, 14.75 ], "texture": "#sword_13" },
				"west": { "uv": [ 4, 10, 4.25, 10.25 ], "texture": "#sword_13" },
				"east": { "uv": [ 4.25, 9.75, 4, 10 ], "texture": "#sword_13" }
			}
		},
		{
			"__comment": "Voxels",
			"from": [ 19, 6, 8 ],
			"to": [ 20, 7, 9 ],
			"faces": {
				"down": { "uv": [ 4, 9.5, 4.25, 9.75 ], "texture": "#sword_13" },
				"up": { "uv": [ 4, 9.5, 4.25, 9.25 ], "texture": "#sword_13" },
				"north": { "uv": [ 4.25, 9, 4, 9.25 ], "texture": "#sword_13" },
				"south": { "uv": [ 5, 9.5, 5.25, 9.75 ], "texture": "#sword_13" },
				"west": { "uv": [ 4, 8.75, 4.25, 9 ], "texture": "#sword_13" },
				"east": { "uv": [ 4.25, 8.5, 4, 8.75 ], "texture": "#sword_13" }
			}
		},
		{
			"__comment": "Voxels",
			"from": [ 19, 7, 7 ],
			"to": [ 20, 8, 8 ],
			"faces": {
				"down": { "uv": [ 4, 8.25, 4.25, 8.5 ], "texture": "#sword_13" },
				"up": { "uv": [ 4, 8.25, 4.25, 8 ], "texture": "#sword_13" },
				"north": { "uv": [ 4.5, 10.75, 4.25, 11 ], "texture": "#sword_13" },
				"south": { "uv": [ 4.25, 10.5, 4.5, 10.75 ], "texture": "#sword_13" },
				"west": { "uv": [ 5.25, 10.25, 5.5, 10.5 ], "texture": "#sword_13" },
				"east": { "uv": [ 5.5, 10.5, 5.25, 10.75 ], "texture": "#sword_13" }
			}
		},
		{
			"__comment": "Voxels",
			"from": [ 19, 7, 9 ],
			"to": [ 20, 8, 10 ],
			"faces": {
				"down": { "uv": [ 5.25, 10.75, 5.5, 11 ], "texture": "#sword_13" },
				"up": { "uv": [ 5, 8.25, 5.25, 8 ], "texture": "#sword_13" },
				"north": { "uv": [ 5.25, 8.75, 5, 9 ], "texture": "#sword_13" },
				"south": { "uv": [ 5, 9, 5.25, 9.25 ], "texture": "#sword_13" },
				"west": { "uv": [ 5, 9.25, 5.25, 9.5 ], "texture": "#sword_13" },
				"east": { "uv": [ 5.25, 10.75, 5, 11 ], "texture": "#sword_13" }
			}
		},
		{
			"__comment": "Voxels",
			"from": [ 19, 8, 6 ],
			"to": [ 20, 9, 7 ],
			"faces": {
				"down": { "uv": [ 4.75, 8, 5, 8.25 ], "texture": "#sword_13" },
				"up": { "uv": [ 4.75, 9.5, 5, 9.25 ], "texture": "#sword_13" },
				"north": { "uv": [ 5, 9.5, 4.75, 9.75 ], "texture": "#sword_13" },
				"south": { "uv": [ 4.5, 10.25, 4.75, 10.5 ], "texture": "#sword_13" },
				"west": { "uv": [ 4.5, 10.75, 4.75, 11 ], "texture": "#sword_13" },
				"east": { "uv": [ 4.5, 8, 4.25, 8.25 ], "texture": "#sword_13" }
			}
		},
		{
			"__comment": "Voxels",
			"from": [ 19, 8, 10 ],
			"to": [ 20, 9, 11 ],
			"faces": {
				"down": { "uv": [ 4.25, 8.25, 4.5, 8.5 ], "texture": "#sword_13" },
				"up": { "uv": [ 4.25, 8.75, 4.5, 8.5 ], "texture": "#sword_13" },
				"north": { "uv": [ 5.5, 8.75, 5.25, 9 ], "texture": "#sword_13" },
				"south": { "uv": [ 5.25, 9, 5.5, 9.25 ], "texture": "#sword_13" },
				"west": { "uv": [ 5.25, 9.25, 5.5, 9.5 ], "texture": "#sword_13" },
				"east": { "uv": [ 5.5, 9.5, 5.25, 9.75 ], "texture": "#sword_13" }
			}
		},
		{
			"__comment": "Voxels",
			"from": [ 19, 9, 7 ],
			"to": [ 20, 10, 8 ],
			"faces": {
				"down": { "uv": [ 4.75, 8.25, 5, 8.5 ], "texture": "#sword_13" },
				"up": { "uv": [ 4.5, 9.75, 4.75, 9.5 ], "texture": "#sword_13" },
				"north": { "uv": [ 4.75, 9.25, 4.5, 9.5 ], "texture": "#sword_13" },
				"south": { "uv": [ 4.5, 8.5, 4.75, 8.75 ], "texture": "#sword_13" },
				"west": { "uv": [ 4.5, 8.25, 4.75, 8.5 ], "texture": "#sword_13" },
				"east": { "uv": [ 5, 10, 4.75, 10.25 ], "texture": "#sword_13" }
			}
		},
		{
			"__comment": "Voxels",
			"from": [ 19, 9, 9 ],
			"to": [ 20, 10, 10 ],
			"faces": {
				"down": { "uv": [ 4.75, 9.75, 5, 10 ], "texture": "#sword_13" },
				"up": { "uv": [ 4.75, 8.75, 5, 8.5 ], "texture": "#sword_13" },
				"north": { "uv": [ 5.75, 10.5, 5.5, 10.75 ], "texture": "#sword_13" },
				"south": { "uv": [ 5.5, 10.25, 5.75, 10.5 ], "texture": "#sword_13" },
				"west": { "uv": [ 5.5, 9.5, 5.75, 9.75 ], "texture": "#sword_13" },
				"east": { "uv": [ 5.75, 9.25, 5.5, 9.5 ], "texture": "#sword_13" }
			}
		},
		{
			"__comment": "Voxels",
			"from": [ 19, 10, 8 ],
			"to": [ 20, 11, 9 ],
			"faces": {
				"down": { "uv": [ 4.25, 10, 4.5, 10.25 ], "texture": "#sword_13" },
				"up": { "uv": [ 4.25, 10, 4.5, 9.75 ], "texture": "#sword_13" },
				"north": { "uv": [ 4.5, 9.5, 4.25, 9.75 ], "texture": "#sword_13" },
				"south": { "uv": [ 4.25, 9.25, 4.5, 9.5 ], "texture": "#sword_13" },
				"west": { "uv": [ 4.5, 10, 4.75, 10.25 ], "texture": "#sword_13" },
				"east": { "uv": [ 4.75, 9.75, 4.5, 10 ], "texture": "#sword_13" }
			}
		},
		{
			"__comment": "Voxels",
			"from": [ 20, 1, 7 ],
			"to": [ 23, 2, 8 ],
			"faces": {
				"down": { "uv": [ 10.25, 14, 11, 14.25 ], "texture": "#sword_13" },
				"up": { "uv": [ 11, 14.25, 11.75, 14 ], "texture": "#sword_13" },
				"north": { "uv": [ 12.5, 14, 11.75, 14.25 ], "texture": "#sword_13" },
				"south": { "uv": [ 12.5, 14, 13.25, 14.25 ], "texture": "#sword_13" },
				"west": { "uv": [ 4.5, 8, 4.75, 8.25 ], "texture": "#sword_13" },
				"east": { "uv": [ 5, 10.75, 4.75, 11 ], "texture": "#sword_13" }
			}
		},
		{
			"__comment": "Voxels",
			"from": [ 20, 1, 9 ],
			"to": [ 23, 2, 10 ],
			"faces": {
				"down": { "uv": [ 13.25, 14, 14, 14.25 ], "texture": "#sword_13" },
				"up": { "uv": [ 14, 14.25, 14.75, 14 ], "texture": "#sword_13" },
				"north": { "uv": [ 15.5, 14, 14.75, 14.25 ], "texture": "#sword_13" },
				"south": { "uv": [ 15.25, 14.25, 16, 14.5 ], "texture": "#sword_13" },
				"west": { "uv": [ 5, 10.5, 5.25, 10.75 ], "texture": "#sword_13" },
				"east": { "uv": [ 5.25, 10.25, 5, 10.5 ], "texture": "#sword_13" }
			}
		},
		{
			"__comment": "Voxels",
			"from": [ 20, 3, 8 ],
			"to": [ 26, 4, 9 ],
			"faces": {
				"down": { "uv": [ 10.25, 14.5, 11.75, 14.75 ], "texture": "#sword_13" },
				"up": { "uv": [ 13.25, 15, 14.75, 14.75 ], "texture": "#sword_13" },
				"north": { "uv": [ 13.25, 14.75, 11.75, 15 ], "texture": "#sword_13" },
				"south": { "uv": [ 10.25, 14.75, 11.75, 15 ], "texture": "#sword_13" },
				"west": { "uv": [ 5.25, 8, 5.5, 8.25 ], "texture": "#sword_13" },
				"east": { "uv": [ 5.75, 10.75, 5.5, 11 ], "texture": "#sword_13" }
			}
		},
		{
			"__comment": "Voxels",
			"from": [ 21, 2, 7 ],
			"to": [ 24, 3, 8 ],
			"faces": {
				"down": { "uv": [ 10.25, 13.75, 11, 14 ], "texture": "#sword_13" },
				"up": { "uv": [ 11, 14, 11.75, 13.75 ], "texture": "#sword_13" },
				"north": { "uv": [ 12.5, 13.75, 11.75, 14 ], "texture": "#sword_13" },
				"south": { "uv": [ 12.5, 13.75, 13.25, 14 ], "texture": "#sword_13" },
				"west": { "uv": [ 5.5, 9, 5.75, 9.25 ], "texture": "#sword_13" },
				"east": { "uv": [ 4.5, 10.25, 4.25, 10.5 ], "texture": "#sword_13" }
			}
		},
		{
			"__comment": "Voxels",
			"from": [ 21, 2, 9 ],
			"to": [ 24, 3, 10 ],
			"faces": {
				"down": { "uv": [ 13.25, 13.75, 14, 14 ], "texture": "#sword_13" },
				"up": { "uv": [ 14, 14, 14.75, 13.75 ], "texture": "#sword_13" },
				"north": { "uv": [ 15.5, 13.75, 14.75, 14 ], "texture": "#sword_13" },
				"south": { "uv": [ 0, 8.25, 0.75, 8.5 ], "texture": "#sword_13" },
				"west": { "uv": [ 4.25, 9, 4.5, 9.25 ], "texture": "#sword_13" },
				"east": { "uv": [ 4.5, 8.75, 4.25, 9 ], "texture": "#sword_13" }
			}
		},
		{
			"__comment": "Voxels",
			"from": [ 21, 4, 8 ],
			"to": [ 26, 5, 9 ],
			"faces": {
				"down": { "uv": [ 14, 14.25, 15.25, 14.5 ], "texture": "#sword_13" },
				"up": { "uv": [ 12.75, 14.5, 14, 14.25 ], "texture": "#sword_13" },
				"north": { "uv": [ 12.75, 14.25, 11.5, 14.5 ], "texture": "#sword_13" },
				"south": { "uv": [ 10.25, 14.25, 11.5, 14.5 ], "texture": "#sword_13" },
				"west": { "uv": [ 4.5, 10.5, 4.75, 10.75 ], "texture": "#sword_13" },
				"east": { "uv": [ 5.75, 8.75, 5.5, 9 ], "texture": "#sword_13" }
			}
		},
		{
			"__comment": "Voxels",
			"from": [ 22, 3, 7 ],
			"to": [ 25, 4, 8 ],
			"faces": {
				"down": { "uv": [ 0, 8, 0.75, 8.25 ], "texture": "#sword_13" },
				"up": { "uv": [ 2.5, 11, 3.25, 10.75 ], "texture": "#sword_13" },
				"north": { "uv": [ 3.25, 10.5, 2.5, 10.75 ], "texture": "#sword_13" },
				"south": { "uv": [ 2.5, 10.25, 3.25, 10.5 ], "texture": "#sword_13" },
				"west": { "uv": [ 4.5, 9, 4.75, 9.25 ], "texture": "#sword_13" },
				"east": { "uv": [ 4.75, 8.75, 4.5, 9 ], "texture": "#sword_13" }
			}
		},
		{
			"__comment": "Voxels",
			"from": [ 22, 3, 9 ],
			"to": [ 25, 4, 10 ],
			"faces": {
				"down": { "uv": [ 2.5, 10, 3.25, 10.25 ], "texture": "#sword_13" },
				"up": { "uv": [ 2.5, 10, 3.25, 9.75 ], "texture": "#sword_13" },
				"north": { "uv": [ 3.25, 9.5, 2.5, 9.75 ], "texture": "#sword_13" },
				"south": { "uv": [ 2.5, 9.25, 3.25, 9.5 ], "texture": "#sword_13" },
				"west": { "uv": [ 4.75, 10.5, 5, 10.75 ], "texture": "#sword_13" },
				"east": { "uv": [ 5, 10.25, 4.75, 10.5 ], "texture": "#sword_13" }
			}
		},
		{
			"__comment": "Voxels",
			"from": [ 22, 5, 8 ],
			"to": [ 25, 7, 9 ],
			"faces": {
				"down": { "uv": [ 2.5, 9, 3.25, 9.25 ], "texture": "#sword_13" },
				"up": { "uv": [ 2.5, 9, 3.25, 8.75 ], "texture": "#sword_13" },
				"north": { "uv": [ 0.75, 8.5, 0, 9 ], "texture": "#sword_13" },
				"south": { "uv": [ 0, 9, 0.75, 9.5 ], "texture": "#sword_13" },
				"west": { "uv": [ 2.25, 9.75, 2.5, 10.25 ], "texture": "#sword_13" },
				"east": { "uv": [ 2.5, 9.25, 2.25, 9.75 ], "texture": "#sword_13" }
			}
		},
		{
			"__comment": "Voxels",
			"from": [ 22, 10, 8 ],
			"to": [ 25, 13, 9 ],
			"faces": {
				"down": { "uv": [ 2.5, 8.5, 3.25, 8.75 ], "texture": "#sword_13" },
				"up": { "uv": [ 2.5, 8.5, 3.25, 8.25 ], "texture": "#sword_13" },
				"north": { "uv": [ 0.75, 9.5, 0, 10.25 ], "texture": "#sword_13" },
				"south": { "uv": [ 0, 10.25, 0.75, 11 ], "texture": "#sword_13" },
				"west": { "uv": [ 1.25, 8.25, 1.5, 9 ], "texture": "#sword_13" },
				"east": { "uv": [ 1.75, 10.25, 1.5, 11 ], "texture": "#sword_13" }
			}
		},
		{
			"__comment": "Voxels",
			"from": [ 23, 4, 7 ],
			"to": [ 24, 8, 8 ],
			"faces": {
				"down": { "uv": [ 5, 10, 5.25, 10.25 ], "texture": "#sword_13" },
				"up": { "uv": [ 5, 10, 5.25, 9.75 ], "texture": "#sword_13" },
				"north": { "uv": [ 1.5, 9, 1.25, 10 ], "texture": "#sword_13" },
				"south": { "uv": [ 1.25, 10, 1.5, 11 ], "texture": "#sword_13" },
				"west": { "uv": [ 1, 8, 1.25, 9 ], "texture": "#sword_13" },
				"east": { "uv": [ 1.25, 9, 1, 10 ], "texture": "#sword_13" }
			}
		},
		{
			"__comment": "Voxels",
			"from": [ 23, 4, 9 ],
			"to": [ 24, 8, 10 ],
			"faces": {
				"down": { "uv": [ 5, 8.5, 5.25, 8.75 ], "texture": "#sword_13" },
				"up": { "uv": [ 5, 8.5, 5.25, 8.25 ], "texture": "#sword_13" },
				"north": { "uv": [ 1.25, 10, 1, 11 ], "texture": "#sword_13" },
				"south": { "uv": [ 0.75, 8, 1, 9 ], "texture": "#sword_13" },
				"west": { "uv": [ 0.75, 9, 1, 10 ], "texture": "#sword_13" },
				"east": { "uv": [ 1, 10, 0.75, 11 ], "texture": "#sword_13" }
			}
		},
		{
			"__comment": "Voxels",
			"from": [ 23, 9, 7 ],
			"to": [ 24, 12, 8 ],
			"faces": {
				"down": { "uv": [ 5.25, 10, 5.5, 10.25 ], "texture": "#sword_13" },
				"up": { "uv": [ 5.25, 10, 5.5, 9.75 ], "texture": "#sword_13" },
				"north": { "uv": [ 1.75, 9.5, 1.5, 10.25 ], "texture": "#sword_13" },
				"south": { "uv": [ 1.5, 8.75, 1.75, 9.5 ], "texture": "#sword_13" },
				"west": { "uv": [ 1.5, 8, 1.75, 8.75 ], "texture": "#sword_13" },
				"east": { "uv": [ 2, 10.25, 1.75, 11 ], "texture": "#sword_13" }
			}
		},
		{
			"__comment": "Voxels",
			"from": [ 23, 9, 9 ],
			"to": [ 24, 12, 10 ],
			"faces": {
				"down": { "uv": [ 5.25, 8.5, 5.5, 8.75 ], "texture": "#sword_13" },
				"up": { "uv": [ 5.25, 8.5, 5.5, 8.25 ], "texture": "#sword_13" },
				"north": { "uv": [ 2, 9.5, 1.75, 10.25 ], "texture": "#sword_13" },
				"south": { "uv": [ 1.75, 8.75, 2, 9.5 ], "texture": "#sword_13" },
				"west": { "uv": [ 1.75, 8, 2, 8.75 ], "texture": "#sword_13" },
				"east": { "uv": [ 2.25, 10.25, 2, 11 ], "texture": "#sword_13" }
			}
		},
		{
			"__comment": "Voxels",
			"from": [ 23, 13, 8 ],
			"to": [ 24, 16, 9 ],
			"faces": {
				"down": { "uv": [ 5.5, 10, 5.75, 10.25 ], "texture": "#sword_13" },
				"up": { "uv": [ 5.5, 10, 5.75, 9.75 ], "texture": "#sword_13" },
				"north": { "uv": [ 2.25, 9.5, 2, 10.25 ], "texture": "#sword_13" },
				"south": { "uv": [ 2, 8.75, 2.25, 9.5 ], "texture": "#sword_13" },
				"west": { "uv": [ 2, 8, 2.25, 8.75 ], "texture": "#sword_13" },
				"east": { "uv": [ 2.5, 10.25, 2.25, 11 ], "texture": "#sword_13" }
			}
		}
	],
	"display": {
		"thirdperson_righthand": {
			"rotation":  [ 90, 90, 0 ],
			"translation":  [ 0, 2, 1 ],
			"scale":  [ 0.9, 0.7, 0.7 ]
		},
		"thirdperson_lefthand": {
			"rotation":  [ 90, -90, 0 ],
			"translation":  [ 0, 2, 1 ],
			"scale":  [ 0.9, 0.7, 0.7 ]
		},
		"firstperson_righthand": {
			"rotation":  [ 0, 90, 75 ],
			"translation":  [ 3, 3, 0 ],
			"scale":  [ 1, 0.5, 0.8 ]
		},
		"firstperson_lefthand": {
			"rotation":  [ 0, -90, -75 ],
			"translation":  [ 3, 3, 0 ],
			"scale":  [ 1, 0.5, 0.8 ]
		},
		"gui": {
			"rotation":  [ 0, 0, 46 ],
			"translation":  [ -0.3, -0.32, 0 ],
			"scale":  [ 0.46, 0.4, 0.4 ]
		},
		"head": {
			"rotation":  [ 0, 0, 45 ],
			"translation":  [ 4, -15, 3 ],
			"scale":  [ 1.5, 1.2, 1 ]
		},
		"fixed": {
			"scale":  [ 2.2, 1.6, 2 ]
		}
	}
}