{
	"__comment": "Designed by EnderMatrul with Cubik Studio - https://cubik.studio",
	"textures": {
		"sword_5": "items/sword_5"
	},
	"elements": [ 	 
		{
			"__comment": "Voxels",
			"from": [ 5, -2, 2 ],
			"to": [ 16, 1, 11 ],
			"faces": {
				"down": { "uv": [ 0, 13.75, 2.75, 16 ], "texture": "#sword_5" },
				"up": { "uv": [ 0, 13.75, 2.75, 11.5 ], "texture": "#sword_5" },
				"north": { "uv": [ 2.75, 8.5, 0, 9.25 ], "texture": "#sword_5" },
				"south": { "uv": [ 9.25, 15.25, 12, 16 ], "texture": "#sword_5" },
				"west": { "uv": [ 12, 15.25, 14.25, 16 ], "texture": "#sword_5" },
				"east": { "uv": [ 11.5, 14.5, 9.25, 15.25 ], "texture": "#sword_5" }
			}
		},
		{
			"__comment": "Voxels",
			"from": [ 6, -2, 1 ],
			"to": [ 15, 1, 2 ],
			"faces": {
				"down": { "uv": [ 0, 8.25, 2.25, 8.5 ], "texture": "#sword_5" },
				"up": { "uv": [ 13.75, 14.25, 16, 14 ], "texture": "#sword_5" },
				"north": { "uv": [ 16, 14.5, 13.75, 15.25 ], "texture": "#sword_5" },
				"south": { "uv": [ 9.25, 13.75, 11.5, 14.5 ], "texture": "#sword_5" },
				"west": { "uv": [ 9, 11.5, 9.25, 12.25 ], "texture": "#sword_5" },
				"east": { "uv": [ 2.75, 10.75, 2.5, 11.5 ], "texture": "#sword_5" }
			}
		},
		{
			"__comment": "Voxels",
			"from": [ 6, -2, 11 ],
			"to": [ 15, 1, 12 ],
			"faces": {
				"down": { "uv": [ 0, 8, 2.25, 8.25 ], "texture": "#sword_5" },
				"up": { "uv": [ 13.75, 14.5, 16, 14.25 ], "texture": "#sword_5" },
				"north": { "uv": [ 13.75, 14.5, 11.5, 15.25 ], "texture": "#sword_5" },
				"south": { "uv": [ 11.5, 13.75, 13.75, 14.5 ], "texture": "#sword_5" },
				"west": { "uv": [ 2.5, 10, 2.75, 10.75 ], "texture": "#sword_5" },
				"east": { "uv": [ 2.75, 9.25, 2.5, 10 ], "texture": "#sword_5" }
			}
		},
		{
			"__comment": "Voxels",
			"from": [ 6, 1, 3 ],
			"to": [ 15, 2, 10 ],
			"faces": {
				"down": { "uv": [ 4.5, 14.25, 6.75, 16 ], "texture": "#sword_5" },
				"up": { "uv": [ 4.5, 14.25, 6.75, 12.5 ], "texture": "#sword_5" },
				"north": { "uv": [ 15.5, 13.5, 13.25, 13.75 ], "texture": "#sword_5" },
				"south": { "uv": [ 13.75, 13.75, 16, 14 ], "texture": "#sword_5" },
				"west": { "uv": [ 7.5, 9, 9.25, 9.25 ], "texture": "#sword_5" },
				"east": { "uv": [ 9.25, 9.25, 7.5, 9.5 ], "texture": "#sword_5" }
			}
		},
		{
			"__comment": "Voxels",
			"from": [ 7, 1, 2 ],
			"to": [ 14, 2, 3 ],
			"faces": {
				"down": { "uv": [ 7.5, 9.5, 9.25, 9.75 ], "texture": "#sword_5" },
				"up": { "uv": [ 7.5, 10, 9.25, 9.75 ], "texture": "#sword_5" },
				"north": { "uv": [ 9.25, 10, 7.5, 10.25 ], "texture": "#sword_5" },
				"south": { "uv": [ 7.5, 10.25, 9.25, 10.5 ], "texture": "#sword_5" },
				"west": { "uv": [ 11, 9.75, 11.25, 10 ], "texture": "#sword_5" },
				"east": { "uv": [ 11.5, 10.75, 11.25, 11 ], "texture": "#sword_5" }
			}
		},
		{
			"__comment": "Voxels",
			"from": [ 7, 1, 10 ],
			"to": [ 14, 2, 11 ],
			"faces": {
				"down": { "uv": [ 7.5, 8, 9.25, 8.25 ], "texture": "#sword_5" },
				"up": { "uv": [ 7.5, 8.5, 9.25, 8.25 ], "texture": "#sword_5" },
				"north": { "uv": [ 9.25, 8.75, 7.5, 9 ], "texture": "#sword_5" },
				"south": { "uv": [ 7.5, 8.5, 9.25, 8.75 ], "texture": "#sword_5" },
				"west": { "uv": [ 11.25, 10.5, 11.5, 10.75 ], "texture": "#sword_5" },
				"east": { "uv": [ 11.5, 10.25, 11.25, 10.5 ], "texture": "#sword_5" }
			}
		},
		{
			"__comment": "Voxels",
			"from": [ 7, 2, 3 ],
			"to": [ 14, 11, 4 ],
			"faces": {
				"down": { "uv": [ 14.25, 15.75, 16, 16 ], "texture": "#sword_5" },
				"up": { "uv": [ 2.75, 8.25, 4.5, 8 ], "texture": "#sword_5" },
				"north": { "uv": [ 4.5, 13.75, 2.75, 16 ], "texture": "#sword_5" },
				"south": { "uv": [ 0, 9.25, 1.75, 11.5 ], "texture": "#sword_5" },
				"west": { "uv": [ 6, 8.25, 6.25, 10.5 ], "texture": "#sword_5" },
				"east": { "uv": [ 6.5, 8.25, 6.25, 10.5 ], "texture": "#sword_5" }
			}
		},
		{
			"__comment": "Voxels",
			"from": [ 7, 2, 4 ],
			"to": [ 14, 10, 10 ],
			"faces": {
				"down": { "uv": [ 7.5, 14.5, 9.25, 16 ], "texture": "#sword_5" },
				"up": { "uv": [ 2.75, 9.75, 4.5, 8.25 ], "texture": "#sword_5" },
				"north": { "uv": [ 4.5, 9.75, 2.75, 11.75 ], "texture": "#sword_5" },
				"south": { "uv": [ 2.75, 11.75, 4.5, 13.75 ], "texture": "#sword_5" },
				"west": { "uv": [ 4.5, 10.5, 6, 12.5 ], "texture": "#sword_5" },
				"east": { "uv": [ 6, 8.5, 4.5, 10.5 ], "texture": "#sword_5" }
			}
		},
		{
			"__comment": "Voxels",
			"from": [ 7, 10, 4 ],
			"to": [ 8, 12, 5 ],
			"faces": {
				"down": { "uv": [ 11.25, 10, 11.5, 10.25 ], "texture": "#sword_5" },
				"up": { "uv": [ 11.25, 9.75, 11.5, 9.5 ], "texture": "#sword_5" },
				"north": { "uv": [ 10.75, 11, 10.5, 11.5 ], "texture": "#sword_5" },
				"south": { "uv": [ 10.75, 11, 11, 11.5 ], "texture": "#sword_5" },
				"west": { "uv": [ 9.5, 9, 9.75, 9.5 ], "texture": "#sword_5" },
				"east": { "uv": [ 9.75, 8.25, 9.5, 8.75 ], "texture": "#sword_5" }
			}
		},
		{
			"__comment": "Voxels",
			"from": [ 7, 10, 5 ],
			"to": [ 8, 11, 10 ],
			"faces": {
				"down": { "uv": [ 6.5, 9.25, 6.75, 10.5 ], "texture": "#sword_5" },
				"up": { "uv": [ 9.25, 10.75, 9.5, 9.5 ], "texture": "#sword_5" },
				"north": { "uv": [ 11.5, 9.25, 11.25, 9.5 ], "texture": "#sword_5" },
				"south": { "uv": [ 11.25, 9, 11.5, 9.25 ], "texture": "#sword_5" },
				"west": { "uv": [ 14.75, 13.25, 16, 13.5 ], "texture": "#sword_5" },
				"east": { "uv": [ 16, 13, 14.75, 13.25 ], "texture": "#sword_5" }
			}
		},
		{
			"__comment": "Voxels",
			"from": [ 7, 11, 3 ],
			"to": [ 9, 12, 4 ],
			"faces": {
				"down": { "uv": [ 6.25, 8, 6.75, 8.25 ], "texture": "#sword_5" },
				"up": { "uv": [ 9.75, 9, 10.25, 8.75 ], "texture": "#sword_5" },
				"north": { "uv": [ 16, 13.5, 15.5, 13.75 ], "texture": "#sword_5" },
				"south": { "uv": [ 15.5, 12.5, 16, 12.75 ], "texture": "#sword_5" },
				"west": { "uv": [ 11.25, 8.75, 11.5, 9 ], "texture": "#sword_5" },
				"east": { "uv": [ 11.5, 8.5, 11.25, 8.75 ], "texture": "#sword_5" }
			}
		},
		{
			"__comment": "Voxels",
			"from": [ 7, 11, 8 ],
			"to": [ 8, 12, 10 ],
			"faces": {
				"down": { "uv": [ 10, 9.25, 10.25, 9.75 ], "texture": "#sword_5" },
				"up": { "uv": [ 9.25, 8.75, 9.5, 8.25 ], "texture": "#sword_5" },
				"north": { "uv": [ 11.75, 11.25, 11.5, 11.5 ], "texture": "#sword_5" },
				"south": { "uv": [ 11.5, 11, 11.75, 11.25 ], "texture": "#sword_5" },
				"west": { "uv": [ 2.25, 8.25, 2.75, 8.5 ], "texture": "#sword_5" },
				"east": { "uv": [ 2.75, 8, 2.25, 8.25 ], "texture": "#sword_5" }
			}
		},
		{
			"__comment": "Voxels",
			"from": [ 7, 12, 3 ],
			"to": [ 8, 13, 4 ],
			"faces": {
				"down": { "uv": [ 11.5, 10.75, 11.75, 11 ], "texture": "#sword_5" },
				"up": { "uv": [ 11.5, 10.75, 11.75, 10.5 ], "texture": "#sword_5" },
				"north": { "uv": [ 11.75, 10.25, 11.5, 10.5 ], "texture": "#sword_5" },
				"south": { "uv": [ 11.5, 9.5, 11.75, 9.75 ], "texture": "#sword_5" },
				"west": { "uv": [ 6, 8, 6.25, 8.25 ], "texture": "#sword_5" },
				"east": { "uv": [ 16, 15.5, 15.75, 15.75 ], "texture": "#sword_5" }
			}
		},
		{
			"__comment": "Voxels",
			"from": [ 7, 12, 9 ],
			"to": [ 8, 13, 10 ],
			"faces": {
				"down": { "uv": [ 15.75, 15.25, 16, 15.5 ], "texture": "#sword_5" },
				"up": { "uv": [ 9.5, 9.75, 9.75, 9.5 ], "texture": "#sword_5" },
				"north": { "uv": [ 9.75, 8.75, 9.5, 9 ], "texture": "#sword_5" },
				"south": { "uv": [ 10.25, 9, 10.5, 9.25 ], "texture": "#sword_5" },
				"west": { "uv": [ 11, 11.25, 11.25, 11.5 ], "texture": "#sword_5" },
				"east": { "uv": [ 11.25, 11.5, 11, 11.75 ], "texture": "#sword_5" }
			}
		},
		{
			"__comment": "Voxels",
			"from": [ 8, 10, 9 ],
			"to": [ 14, 11, 10 ],
			"faces": {
				"down": { "uv": [ 14.25, 15.5, 15.75, 15.75 ], "texture": "#sword_5" },
				"up": { "uv": [ 14.25, 15.5, 15.75, 15.25 ], "texture": "#sword_5" },
				"north": { "uv": [ 14.75, 13.25, 13.25, 13.5 ], "texture": "#sword_5" },
				"south": { "uv": [ 13.25, 13, 14.75, 13.25 ], "texture": "#sword_5" },
				"west": { "uv": [ 10.75, 8, 11, 8.25 ], "texture": "#sword_5" },
				"east": { "uv": [ 10.75, 8, 10.5, 8.25 ], "texture": "#sword_5" }
			}
		},
		{
			"__comment": "Voxels",
			"from": [ 8, 11, 9 ],
			"to": [ 9, 12, 10 ],
			"faces": {
				"down": { "uv": [ 10.75, 9, 11, 9.25 ], "texture": "#sword_5" },
				"up": { "uv": [ 10.5, 9.25, 10.75, 9 ], "texture": "#sword_5" },
				"north": { "uv": [ 11, 9.5, 10.75, 9.75 ], "texture": "#sword_5" },
				"south": { "uv": [ 10.5, 9.5, 10.75, 9.75 ], "texture": "#sword_5" },
				"west": { "uv": [ 10.25, 8, 10.5, 8.25 ], "texture": "#sword_5" },
				"east": { "uv": [ 10.5, 8.25, 10.25, 8.5 ], "texture": "#sword_5" }
			}
		},
		{
			"__comment": "Voxels",
			"from": [ 9, 4, 10 ],
			"to": [ 12, 7, 12 ],
			"faces": {
				"down": { "uv": [ 5.25, 8, 6, 8.5 ], "texture": "#sword_5" },
				"up": { "uv": [ 9.75, 12.25, 10.5, 11.75 ], "texture": "#sword_5" },
				"north": { "uv": [ 9.25, 13, 8.5, 13.75 ], "texture": "#sword_5" },
				"south": { "uv": [ 8.5, 12.25, 9.25, 13 ], "texture": "#sword_5" },
				"west": { "uv": [ 9.25, 10.75, 9.75, 11.5 ], "texture": "#sword_5" },
				"east": { "uv": [ 9, 11.5, 8.5, 12.25 ], "texture": "#sword_5" }
			}
		},
		{
			"__comment": "Voxels",
			"from": [ 9, 4, 13 ],
			"to": [ 12, 7, 14 ],
			"faces": {
				"down": { "uv": [ 9.75, 10.25, 10.5, 10.5 ], "texture": "#sword_5" },
				"up": { "uv": [ 9.75, 10.75, 10.5, 10.5 ], "texture": "#sword_5" },
				"north": { "uv": [ 2.5, 9.25, 1.75, 10 ], "texture": "#sword_5" },
				"south": { "uv": [ 8.5, 13.75, 9.25, 14.5 ], "texture": "#sword_5" },
				"west": { "uv": [ 9.25, 8.75, 9.5, 9.5 ], "texture": "#sword_5" },
				"east": { "uv": [ 9.25, 10.75, 9, 11.5 ], "texture": "#sword_5" }
			}
		},
		{
			"__comment": "Voxels",
			"from": [ 9, 4, 30 ],
			"to": [ 12, 7, 32 ],
			"faces": {
				"down": { "uv": [ 6, 10.5, 6.75, 11 ], "texture": "#sword_5" },
				"up": { "uv": [ 4.5, 8.5, 5.25, 8 ], "texture": "#sword_5" },
				"north": { "uv": [ 2.5, 10.75, 1.75, 11.5 ], "texture": "#sword_5" },
				"south": { "uv": [ 1.75, 10, 2.5, 10.75 ], "texture": "#sword_5" },
				"west": { "uv": [ 8.5, 10.75, 9, 11.5 ], "texture": "#sword_5" },
				"east": { "uv": [ 9.75, 11.5, 9.25, 12.25 ], "texture": "#sword_5" }
			}
		},
		{
			"__comment": "Voxels",
			"from": [ 9, 5, 12 ],
			"to": [ 12, 6, 13 ],
			"faces": {
				"down": { "uv": [ 14.75, 12.5, 15.5, 12.75 ], "texture": "#sword_5" },
				"up": { "uv": [ 13.25, 12.5, 14, 12.25 ], "texture": "#sword_5" },
				"north": { "uv": [ 10.5, 11.25, 9.75, 11.5 ], "texture": "#sword_5" },
				"south": { "uv": [ 9.75, 11, 10.5, 11.25 ], "texture": "#sword_5" },
				"west": { "uv": [ 10.25, 8.75, 10.5, 9 ], "texture": "#sword_5" },
				"east": { "uv": [ 10.5, 8.5, 10.25, 8.75 ], "texture": "#sword_5" }
			}
		},
		{
			"__comment": "Voxels",
			"from": [ 9, 5, 14 ],
			"to": [ 12, 6, 30 ],
			"faces": {
				"down": { "uv": [ 6.75, 12, 7.5, 16 ], "texture": "#sword_5" },
				"up": { "uv": [ 6.75, 12, 7.5, 8 ], "texture": "#sword_5" },
				"north": { "uv": [ 10.5, 10.75, 9.75, 11 ], "texture": "#sword_5" },
				"south": { "uv": [ 14.75, 12.25, 15.5, 12.5 ], "texture": "#sword_5" },
				"west": { "uv": [ 9.25, 12.25, 13.25, 12.5 ], "texture": "#sword_5" },
				"east": { "uv": [ 13.25, 12.5, 9.25, 12.75 ], "texture": "#sword_5" }
			}
		},
		{
			"__comment": "Voxels",
			"from": [ 9, 10, 5 ],
			"to": [ 12, 11, 8 ],
			"faces": {
				"down": { "uv": [ 6, 11, 6.75, 11.75 ], "texture": "#sword_5" },
				"up": { "uv": [ 6, 12.5, 6.75, 11.75 ], "texture": "#sword_5" },
				"north": { "uv": [ 9.25, 10.5, 8.5, 10.75 ], "texture": "#sword_5" },
				"south": { "uv": [ 15.25, 12.75, 16, 13 ], "texture": "#sword_5" },
				"west": { "uv": [ 13.25, 12.5, 14, 12.75 ], "texture": "#sword_5" },
				"east": { "uv": [ 14.75, 12.5, 14, 12.75 ], "texture": "#sword_5" }
			}
		},
		{
			"__comment": "Voxels",
			"from": [ 9, 11, 6 ],
			"to": [ 12, 12, 7 ],
			"faces": {
				"down": { "uv": [ 9.75, 11.5, 10.5, 11.75 ], "texture": "#sword_5" },
				"up": { "uv": [ 14, 12.5, 14.75, 12.25 ], "texture": "#sword_5" },
				"north": { "uv": [ 10.5, 10, 9.75, 10.25 ], "texture": "#sword_5" },
				"south": { "uv": [ 9.75, 9.75, 10.5, 10 ], "texture": "#sword_5" },
				"west": { "uv": [ 10.5, 10.5, 10.75, 10.75 ], "texture": "#sword_5" },
				"east": { "uv": [ 11, 10.5, 10.75, 10.75 ], "texture": "#sword_5" }
			}
		},
		{
			"__comment": "Voxels",
			"from": [ 10, 4, 12 ],
			"to": [ 11, 5, 13 ],
			"faces": {
				"down": { "uv": [ 10.5, 10.25, 10.75, 10.5 ], "texture": "#sword_5" },
				"up": { "uv": [ 10.75, 10.5, 11, 10.25 ], "texture": "#sword_5" },
				"north": { "uv": [ 10.75, 10, 10.5, 10.25 ], "texture": "#sword_5" },
				"south": { "uv": [ 10.75, 10, 11, 10.25 ], "texture": "#sword_5" },
				"west": { "uv": [ 10.5, 9.75, 10.75, 10 ], "texture": "#sword_5" },
				"east": { "uv": [ 11, 9.75, 10.75, 10 ], "texture": "#sword_5" }
			}
		},
		{
			"__comment": "Voxels",
			"from": [ 10, 4, 14 ],
			"to": [ 11, 5, 30 ],
			"faces": {
				"down": { "uv": [ 8, 10.5, 8.25, 14.5 ], "texture": "#sword_5" },
				"up": { "uv": [ 8.25, 14.5, 8.5, 10.5 ], "texture": "#sword_5" },
				"north": { "uv": [ 10.75, 9.25, 10.5, 9.5 ], "texture": "#sword_5" },
				"south": { "uv": [ 10.75, 9.25, 11, 9.5 ], "texture": "#sword_5" },
				"west": { "uv": [ 9.25, 13.25, 13.25, 13.5 ], "texture": "#sword_5" },
				"east": { "uv": [ 13.25, 13.5, 9.25, 13.75 ], "texture": "#sword_5" }
			}
		},
		{
			"__comment": "Voxels",
			"from": [ 10, 6, 12 ],
			"to": [ 11, 7, 13 ],
			"faces": {
				"down": { "uv": [ 10.5, 8.75, 10.75, 9 ], "texture": "#sword_5" },
				"up": { "uv": [ 10.75, 9, 11, 8.75 ], "texture": "#sword_5" },
				"north": { "uv": [ 10.75, 8.5, 10.5, 8.75 ], "texture": "#sword_5" },
				"south": { "uv": [ 10.75, 8.5, 11, 8.75 ], "texture": "#sword_5" },
				"west": { "uv": [ 10.5, 8.25, 10.75, 8.5 ], "texture": "#sword_5" },
				"east": { "uv": [ 11, 8.25, 10.75, 8.5 ], "texture": "#sword_5" }
			}
		},
		{
			"__comment": "Voxels",
			"from": [ 10, 6, 14 ],
			"to": [ 11, 7, 30 ],
			"faces": {
				"down": { "uv": [ 7.75, 10.5, 8, 14.5 ], "texture": "#sword_5" },
				"up": { "uv": [ 7.5, 14.5, 7.75, 10.5 ], "texture": "#sword_5" },
				"north": { "uv": [ 11.25, 12, 11, 12.25 ], "texture": "#sword_5" },
				"south": { "uv": [ 11, 11.75, 11.25, 12 ], "texture": "#sword_5" },
				"west": { "uv": [ 9.25, 12.75, 13.25, 13 ], "texture": "#sword_5" },
				"east": { "uv": [ 13.25, 13, 9.25, 13.25 ], "texture": "#sword_5" }
			}
		},
		{
			"__comment": "Voxels",
			"from": [ 10, 11, 5 ],
			"to": [ 11, 12, 6 ],
			"faces": {
				"down": { "uv": [ 11, 11, 11.25, 11.25 ], "texture": "#sword_5" },
				"up": { "uv": [ 11, 11, 11.25, 10.75 ], "texture": "#sword_5" },
				"north": { "uv": [ 11.25, 10.5, 11, 10.75 ], "texture": "#sword_5" },
				"south": { "uv": [ 11, 10.25, 11.25, 10.5 ], "texture": "#sword_5" },
				"west": { "uv": [ 11, 10, 11.25, 10.25 ], "texture": "#sword_5" },
				"east": { "uv": [ 11.75, 11.5, 11.5, 11.75 ], "texture": "#sword_5" }
			}
		},
		{
			"__comment": "Voxels",
			"from": [ 10, 11, 7 ],
			"to": [ 11, 12, 8 ],
			"faces": {
				"down": { "uv": [ 11, 9.5, 11.25, 9.75 ], "texture": "#sword_5" },
				"up": { "uv": [ 11, 9.5, 11.25, 9.25 ], "texture": "#sword_5" },
				"north": { "uv": [ 11.25, 9, 11, 9.25 ], "texture": "#sword_5" },
				"south": { "uv": [ 11, 8.75, 11.25, 9 ], "texture": "#sword_5" },
				"west": { "uv": [ 11, 8.5, 11.25, 8.75 ], "texture": "#sword_5" },
				"east": { "uv": [ 11.25, 8.25, 11, 8.5 ], "texture": "#sword_5" }
			}
		},
		{
			"__comment": "Voxels",
			"from": [ 10, 12, 6 ],
			"to": [ 11, 13, 7 ],
			"faces": {
				"down": { "uv": [ 11, 8, 11.25, 8.25 ], "texture": "#sword_5" },
				"up": { "uv": [ 11.25, 12.25, 11.5, 12 ], "texture": "#sword_5" },
				"north": { "uv": [ 11.5, 11.75, 11.25, 12 ], "texture": "#sword_5" },
				"south": { "uv": [ 11.25, 11.5, 11.5, 11.75 ], "texture": "#sword_5" },
				"west": { "uv": [ 11.25, 11.25, 11.5, 11.5 ], "texture": "#sword_5" },
				"east": { "uv": [ 11.5, 11, 11.25, 11.25 ], "texture": "#sword_5" }
			}
		},
		{
			"__comment": "Voxels",
			"from": [ 12, 11, 3 ],
			"to": [ 14, 12, 4 ],
			"faces": {
				"down": { "uv": [ 15.5, 12.25, 16, 12.5 ], "texture": "#sword_5" },
				"up": { "uv": [ 9.25, 8.25, 9.75, 8 ], "texture": "#sword_5" },
				"north": { "uv": [ 11, 12, 10.5, 12.25 ], "texture": "#sword_5" },
				"south": { "uv": [ 9.75, 9, 10.25, 9.25 ], "texture": "#sword_5" },
				"west": { "uv": [ 11.25, 9.75, 11.5, 10 ], "texture": "#sword_5" },
				"east": { "uv": [ 11.75, 9.25, 11.5, 9.5 ], "texture": "#sword_5" }
			}
		},
		{
			"__comment": "Voxels",
			"from": [ 12, 11, 9 ],
			"to": [ 14, 12, 10 ],
			"faces": {
				"down": { "uv": [ 9.75, 8.5, 10.25, 8.75 ], "texture": "#sword_5" },
				"up": { "uv": [ 9.75, 8.5, 10.25, 8.25 ], "texture": "#sword_5" },
				"north": { "uv": [ 10.25, 8, 9.75, 8.25 ], "texture": "#sword_5" },
				"south": { "uv": [ 10.5, 10.75, 11, 11 ], "texture": "#sword_5" },
				"west": { "uv": [ 11.25, 8.25, 11.5, 8.5 ], "texture": "#sword_5" },
				"east": { "uv": [ 11.5, 8, 11.25, 8.25 ], "texture": "#sword_5" }
			}
		},
		{
			"__comment": "Voxels",
			"from": [ 13, 10, 4 ],
			"to": [ 14, 12, 5 ],
			"faces": {
				"down": { "uv": [ 11.5, 12, 11.75, 12.25 ], "texture": "#sword_5" },
				"up": { "uv": [ 11.5, 12, 11.75, 11.75 ], "texture": "#sword_5" },
				"north": { "uv": [ 10, 9.25, 9.75, 9.75 ], "texture": "#sword_5" },
				"south": { "uv": [ 10.25, 9.25, 10.5, 9.75 ], "texture": "#sword_5" },
				"west": { "uv": [ 10.5, 11.5, 10.75, 12 ], "texture": "#sword_5" },
				"east": { "uv": [ 11, 11.5, 10.75, 12 ], "texture": "#sword_5" }
			}
		},
		{
			"__comment": "Voxels",
			"from": [ 13, 10, 5 ],
			"to": [ 14, 11, 9 ],
			"faces": {
				"down": { "uv": [ 6.5, 8.25, 6.75, 9.25 ], "texture": "#sword_5" },
				"up": { "uv": [ 9.5, 10.75, 9.75, 9.75 ], "texture": "#sword_5" },
				"north": { "uv": [ 11.75, 10, 11.5, 10.25 ], "texture": "#sword_5" },
				"south": { "uv": [ 11.5, 9.75, 11.75, 10 ], "texture": "#sword_5" },
				"west": { "uv": [ 13.25, 12.75, 14.25, 13 ], "texture": "#sword_5" },
				"east": { "uv": [ 15.25, 12.75, 14.25, 13 ], "texture": "#sword_5" }
			}
		},
		{
			"__comment": "Voxels",
			"from": [ 13, 11, 8 ],
			"to": [ 14, 12, 9 ],
			"faces": {
				"down": { "uv": [ 11.5, 9, 11.75, 9.25 ], "texture": "#sword_5" },
				"up": { "uv": [ 11.5, 9, 11.75, 8.75 ], "texture": "#sword_5" },
				"north": { "uv": [ 11.75, 8.5, 11.5, 8.75 ], "texture": "#sword_5" },
				"south": { "uv": [ 11.5, 8.25, 11.75, 8.5 ], "texture": "#sword_5" },
				"west": { "uv": [ 11.5, 8, 11.75, 8.25 ], "texture": "#sword_5" },
				"east": { "uv": [ 12, 12, 11.75, 12.25 ], "texture": "#sword_5" }
			}
		},
		{
			"__comment": "Voxels",
			"from": [ 13, 12, 3 ],
			"to": [ 14, 13, 4 ],
			"faces": {
				"down": { "uv": [ 12, 12, 12.25, 12.25 ], "texture": "#sword_5" },
				"up": { "uv": [ 12.25, 12.25, 12.5, 12 ], "texture": "#sword_5" },
				"north": { "uv": [ 12.75, 12, 12.5, 12.25 ], "texture": "#sword_5" },
				"south": { "uv": [ 12.75, 12, 13, 12.25 ], "texture": "#sword_5" },
				"west": { "uv": [ 13, 12, 13.25, 12.25 ], "texture": "#sword_5" },
				"east": { "uv": [ 13.5, 12, 13.25, 12.25 ], "texture": "#sword_5" }
			}
		},
		{
			"__comment": "Voxels",
			"from": [ 13, 12, 9 ],
			"to": [ 14, 13, 10 ],
			"faces": {
				"down": { "uv": [ 13.5, 12, 13.75, 12.25 ], "texture": "#sword_5" },
				"up": { "uv": [ 13.75, 12.25, 14, 12 ], "texture": "#sword_5" },
				"north": { "uv": [ 14.25, 12, 14, 12.25 ], "texture": "#sword_5" },
				"south": { "uv": [ 14.25, 12, 14.5, 12.25 ], "texture": "#sword_5" },
				"west": { "uv": [ 14.5, 12, 14.75, 12.25 ], "texture": "#sword_5" },
				"east": { "uv": [ 15, 12, 14.75, 12.25 ], "texture": "#sword_5" }
			}
		}
	],
	"display": {
		"thirdperson_righthand": {
			"rotation":  [ 90, 0, 0 ],
			"translation":  [ -1.5, 8, 3.6 ],
			"scale":  [ 0.7, 0.7, 0.8 ]
		},
		"thirdperson_lefthand": {
			"rotation":  [ 90, 0, 0 ],
			"translation":  [ 1.5, 8, 3.6 ],
			"scale":  [ 0.7, 0.7, 0.8 ]
		},
		"firstperson_righthand": {
			"rotation":  [ 70, 0, 0 ],
			"translation":  [ 0, 15, -3 ],
			"scale":  [ 0.6, 0.6, 0.8 ]
		},
		"firstperson_lefthand": {
			"rotation":  [ 70, 0, 0 ],
			"translation":  [ 4, 15, -3 ],
			"scale":  [ 0.6, 0.6, 0.8 ]
		},
		"gui": {
			"rotation":  [ 90, -45, 90 ],
			"translation":  [ 1.5, 3.4, 0 ],
			"scale":  [ 0.5, 0.5, 0.5 ]
		},
		"head": {
			"rotation":  [ 90, 45, -90 ],
			"translation":  [ -9, -4, 9 ],
			"scale":  [ 1.3, 1.3, 1.4 ]
		},
		"ground": {
			"translation":  [ 0, 15, 0 ],
			"scale":  [ 2, 2, 2 ]
		},
		"fixed": {
			"rotation":  [ 90, 0, -90 ],
			"translation":  [ 5, 15, 4 ],
			"scale":  [ 2, 2, 2 ]
		}
	}
}