{
	"__comment": "Designed by EnderMatrul with Cubik Studio - https://cubik.studio",
	"textures": {
		"sword_4": "items/sword_4"
	},
	"elements": [ 	 
		{
			"__comment": "Voxels",
			"from": [ -16, 7, 8 ],
			"to": [ 21, 10, 9 ],
			"faces": {
				"down": { "uv": [ 0, 14.25, 9.25, 14.5 ], "texture": "#sword_4" },
				"up": { "uv": [ 0, 14.25, 9.25, 14 ], "texture": "#sword_4" },
				"north": { "uv": [ 9.25, 15.25, 0, 16 ], "texture": "#sword_4" },
				"south": { "uv": [ 0, 14.5, 9.25, 15.25 ], "texture": "#sword_4" },
				"west": { "uv": [ 6, 9.75, 6.25, 10.5 ], "texture": "#sword_4" },
				"east": { "uv": [ 6.25, 9, 6, 9.75 ], "texture": "#sword_4" }
			}
		},
		{
			"__comment": "Voxels",
			"from": [ -16, 8, 7 ],
			"to": [ 20, 9, 8 ],
			"faces": {
				"down": { "uv": [ 0, 13.25, 9, 13.5 ], "texture": "#sword_4" },
				"up": { "uv": [ 0, 13.25, 9, 13 ], "texture": "#sword_4" },
				"north": { "uv": [ 9, 12.75, 0, 13 ], "texture": "#sword_4" },
				"south": { "uv": [ 0, 12.5, 9, 12.75 ], "texture": "#sword_4" },
				"west": { "uv": [ 15.75, 15.75, 16, 16 ], "texture": "#sword_4" },
				"east": { "uv": [ 16, 15.5, 15.75, 15.75 ], "texture": "#sword_4" }
			}
		},
		{
			"__comment": "Voxels",
			"from": [ -16, 8, 9 ],
			"to": [ 20, 9, 10 ],
			"faces": {
				"down": { "uv": [ 0, 13.75, 9, 14 ], "texture": "#sword_4" },
				"up": { "uv": [ 0, 13.75, 9, 13.5 ], "texture": "#sword_4" },
				"north": { "uv": [ 9, 12.25, 0, 12.5 ], "texture": "#sword_4" },
				"south": { "uv": [ 0, 12, 9, 12.25 ], "texture": "#sword_4" },
				"west": { "uv": [ 15.75, 15.25, 16, 15.5 ], "texture": "#sword_4" },
				"east": { "uv": [ 9.25, 13.75, 9, 14 ], "texture": "#sword_4" }
			}
		},
		{
			"__comment": "Voxels",
			"from": [ -15, 7, 7 ],
			"to": [ -13, 8, 8 ],
			"faces": {
				"down": { "uv": [ 2.25, 8.25, 2.75, 8.5 ], "texture": "#sword_4" },
				"up": { "uv": [ 2.25, 8.25, 2.75, 8 ], "texture": "#sword_4" },
				"north": { "uv": [ 5, 9.25, 4.5, 9.5 ], "texture": "#sword_4" },
				"south": { "uv": [ 6.25, 8.25, 6.75, 8.5 ], "texture": "#sword_4" },
				"west": { "uv": [ 9, 13.5, 9.25, 13.75 ], "texture": "#sword_4" },
				"east": { "uv": [ 9.25, 13.25, 9, 13.5 ], "texture": "#sword_4" }
			}
		},
		{
			"__comment": "Voxels",
			"from": [ -15, 7, 9 ],
			"to": [ -13, 8, 10 ],
			"faces": {
				"down": { "uv": [ 4.5, 8.5, 5, 8.75 ], "texture": "#sword_4" },
				"up": { "uv": [ 4.5, 8.5, 5, 8.25 ], "texture": "#sword_4" },
				"north": { "uv": [ 5, 8, 4.5, 8.25 ], "texture": "#sword_4" },
				"south": { "uv": [ 8.5, 11.75, 9, 12 ], "texture": "#sword_4" },
				"west": { "uv": [ 9, 13, 9.25, 13.25 ], "texture": "#sword_4" },
				"east": { "uv": [ 9.25, 12.75, 9, 13 ], "texture": "#sword_4" }
			}
		},
		{
			"__comment": "Voxels",
			"from": [ -15, 9, 7 ],
			"to": [ -13, 10, 8 ],
			"faces": {
				"down": { "uv": [ 8.5, 11, 9, 11.25 ], "texture": "#sword_4" },
				"up": { "uv": [ 8.5, 11, 9, 10.75 ], "texture": "#sword_4" },
				"north": { "uv": [ 8.5, 10.5, 8, 10.75 ], "texture": "#sword_4" },
				"south": { "uv": [ 8.5, 10.5, 9, 10.75 ], "texture": "#sword_4" },
				"west": { "uv": [ 9, 12.5, 9.25, 12.75 ], "texture": "#sword_4" },
				"east": { "uv": [ 9.25, 12.25, 9, 12.5 ], "texture": "#sword_4" }
			}
		},
		{
			"__comment": "Voxels",
			"from": [ -15, 9, 9 ],
			"to": [ -13, 10, 10 ],
			"faces": {
				"down": { "uv": [ 6.25, 9.75, 6.75, 10 ], "texture": "#sword_4" },
				"up": { "uv": [ 6.25, 9.75, 6.75, 9.5 ], "texture": "#sword_4" },
				"north": { "uv": [ 6.75, 9.25, 6.25, 9.5 ], "texture": "#sword_4" },
				"south": { "uv": [ 6.25, 9, 6.75, 9.25 ], "texture": "#sword_4" },
				"west": { "uv": [ 9, 12, 9.25, 12.25 ], "texture": "#sword_4" },
				"east": { "uv": [ 9.25, 11.75, 9, 12 ], "texture": "#sword_4" }
			}
		},
		{
			"__comment": "Voxels",
			"from": [ 6, 5, 8 ],
			"to": [ 13, 6, 9 ],
			"faces": {
				"down": { "uv": [ 5, 11.5, 6.75, 11.75 ], "texture": "#sword_4" },
				"up": { "uv": [ 5, 11, 6.75, 10.75 ], "texture": "#sword_4" },
				"north": { "uv": [ 8.5, 10.75, 6.75, 11 ], "texture": "#sword_4" },
				"south": { "uv": [ 2.75, 9.25, 4.5, 9.5 ], "texture": "#sword_4" },
				"west": { "uv": [ 9, 11.5, 9.25, 11.75 ], "texture": "#sword_4" },
				"east": { "uv": [ 9.25, 11.25, 9, 11.5 ], "texture": "#sword_4" }
			}
		},
		{
			"__comment": "Voxels",
			"from": [ 6, 11, 8 ],
			"to": [ 13, 12, 9 ],
			"faces": {
				"down": { "uv": [ 2.75, 8.5, 4.5, 8.75 ], "texture": "#sword_4" },
				"up": { "uv": [ 2.75, 8.5, 4.5, 8.25 ], "texture": "#sword_4" },
				"north": { "uv": [ 4.5, 8, 2.75, 8.25 ], "texture": "#sword_4" },
				"south": { "uv": [ 5, 11.75, 6.75, 12 ], "texture": "#sword_4" },
				"west": { "uv": [ 9, 11, 9.25, 11.25 ], "texture": "#sword_4" },
				"east": { "uv": [ 9.25, 10, 9, 10.25 ], "texture": "#sword_4" }
			}
		},
		{
			"__comment": "Voxels",
			"from": [ 7, 4, 8 ],
			"to": [ 11, 5, 9 ],
			"faces": {
				"down": { "uv": [ 14.75, 15.75, 15.75, 16 ], "texture": "#sword_4" },
				"up": { "uv": [ 7, 10.75, 8, 10.5 ], "texture": "#sword_4" },
				"north": { "uv": [ 7, 10.5, 6, 10.75 ], "texture": "#sword_4" },
				"south": { "uv": [ 5, 8.75, 6, 9 ], "texture": "#sword_4" },
				"west": { "uv": [ 7, 8.75, 7.25, 9 ], "texture": "#sword_4" },
				"east": { "uv": [ 7.25, 8.5, 7, 8.75 ], "texture": "#sword_4" }
			}
		},
		{
			"__comment": "Voxels",
			"from": [ 7, 12, 8 ],
			"to": [ 11, 13, 9 ],
			"faces": {
				"down": { "uv": [ 5, 10, 6, 10.25 ], "texture": "#sword_4" },
				"up": { "uv": [ 5, 10.5, 6, 10.25 ], "texture": "#sword_4" },
				"north": { "uv": [ 6, 10.5, 5, 10.75 ], "texture": "#sword_4" },
				"south": { "uv": [ 5, 8.5, 6, 8.75 ], "texture": "#sword_4" },
				"west": { "uv": [ 6, 8.5, 6.25, 8.75 ], "texture": "#sword_4" },
				"east": { "uv": [ 9.25, 10.75, 9, 11 ], "texture": "#sword_4" }
			}
		},
		{
			"__comment": "Voxels",
			"from": [ 9, 3, 8 ],
			"to": [ 20, 4, 9 ],
			"faces": {
				"down": { "uv": [ 0, 10, 2.75, 10.25 ], "texture": "#sword_4" },
				"up": { "uv": [ 0, 10, 2.75, 9.75 ], "texture": "#sword_4" },
				"north": { "uv": [ 2.75, 9.5, 0, 9.75 ], "texture": "#sword_4" },
				"south": { "uv": [ 0, 10.25, 2.75, 10.5 ], "texture": "#sword_4" },
				"west": { "uv": [ 7.75, 10, 8, 10.25 ], "texture": "#sword_4" },
				"east": { "uv": [ 7.5, 10, 7.25, 10.25 ], "texture": "#sword_4" }
			}
		},
		{
			"__comment": "Voxels",
			"from": [ 9, 6, 8 ],
			"to": [ 20, 7, 9 ],
			"faces": {
				"down": { "uv": [ 9.25, 15.25, 12, 15.5 ], "texture": "#sword_4" },
				"up": { "uv": [ 0, 11.25, 2.75, 11 ], "texture": "#sword_4" },
				"north": { "uv": [ 2.75, 10.75, 0, 11 ], "texture": "#sword_4" },
				"south": { "uv": [ 9.25, 15.75, 12, 16 ], "texture": "#sword_4" },
				"west": { "uv": [ 7, 10, 7.25, 10.25 ], "texture": "#sword_4" },
				"east": { "uv": [ 7, 9, 6.75, 9.25 ], "texture": "#sword_4" }
			}
		},
		{
			"__comment": "Voxels",
			"from": [ 9, 10, 8 ],
			"to": [ 20, 11, 9 ],
			"faces": {
				"down": { "uv": [ 12, 15.75, 14.75, 16 ], "texture": "#sword_4" },
				"up": { "uv": [ 12, 15.75, 14.75, 15.5 ], "texture": "#sword_4" },
				"north": { "uv": [ 14.75, 15.25, 12, 15.5 ], "texture": "#sword_4" },
				"south": { "uv": [ 0, 11.75, 2.75, 12 ], "texture": "#sword_4" },
				"west": { "uv": [ 6.75, 9.25, 7, 9.5 ], "texture": "#sword_4" },
				"east": { "uv": [ 8.75, 10.25, 8.5, 10.5 ], "texture": "#sword_4" }
			}
		},
		{
			"__comment": "Voxels",
			"from": [ 9, 13, 8 ],
			"to": [ 20, 14, 9 ],
			"faces": {
				"down": { "uv": [ 0, 10.5, 2.75, 10.75 ], "texture": "#sword_4" },
				"up": { "uv": [ 0, 11.5, 2.75, 11.25 ], "texture": "#sword_4" },
				"north": { "uv": [ 2.75, 11.5, 0, 11.75 ], "texture": "#sword_4" },
				"south": { "uv": [ 9.25, 15.5, 12, 15.75 ], "texture": "#sword_4" },
				"west": { "uv": [ 6.75, 8.75, 7, 9 ], "texture": "#sword_4" },
				"east": { "uv": [ 7, 8.5, 6.75, 8.75 ], "texture": "#sword_4" }
			}
		},
		{
			"__comment": "Voxels",
			"from": [ 10, 7, 7 ],
			"to": [ 19, 8, 8 ],
			"faces": {
				"down": { "uv": [ 0, 9.25, 2.25, 9.5 ], "texture": "#sword_4" },
				"up": { "uv": [ 2.75, 10.5, 5, 10.25 ], "texture": "#sword_4" },
				"north": { "uv": [ 5, 10.5, 2.75, 10.75 ], "texture": "#sword_4" },
				"south": { "uv": [ 2.75, 11.75, 5, 12 ], "texture": "#sword_4" },
				"west": { "uv": [ 9, 10.5, 9.25, 10.75 ], "texture": "#sword_4" },
				"east": { "uv": [ 6.25, 8.75, 6, 9 ], "texture": "#sword_4" }
			}
		},
		{
			"__comment": "Voxels",
			"from": [ 10, 7, 9 ],
			"to": [ 19, 8, 10 ],
			"faces": {
				"down": { "uv": [ 2.75, 9.5, 5, 9.75 ], "texture": "#sword_4" },
				"up": { "uv": [ 0, 8.75, 2.25, 8.5 ], "texture": "#sword_4" },
				"north": { "uv": [ 2.25, 8.75, 0, 9 ], "texture": "#sword_4" },
				"south": { "uv": [ 2.75, 9.75, 5, 10 ], "texture": "#sword_4" },
				"west": { "uv": [ 7, 8.25, 7.25, 8.5 ], "texture": "#sword_4" },
				"east": { "uv": [ 9.25, 10.25, 9, 10.5 ], "texture": "#sword_4" }
			}
		},
		{
			"__comment": "Voxels",
			"from": [ 10, 9, 7 ],
			"to": [ 19, 10, 8 ],
			"faces": {
				"down": { "uv": [ 2.75, 10, 5, 10.25 ], "texture": "#sword_4" },
				"up": { "uv": [ 2.75, 11.25, 5, 11 ], "texture": "#sword_4" },
				"north": { "uv": [ 5, 11.25, 2.75, 11.5 ], "texture": "#sword_4" },
				"south": { "uv": [ 0, 9, 2.25, 9.25 ], "texture": "#sword_4" },
				"west": { "uv": [ 7, 9, 7.25, 9.25 ], "texture": "#sword_4" },
				"east": { "uv": [ 7.25, 9.75, 7, 10 ], "texture": "#sword_4" }
			}
		},
		{
			"__comment": "Voxels",
			"from": [ 10, 9, 9 ],
			"to": [ 19, 10, 10 ],
			"faces": {
				"down": { "uv": [ 2.75, 11.5, 5, 11.75 ], "texture": "#sword_4" },
				"up": { "uv": [ 0, 8.25, 2.25, 8 ], "texture": "#sword_4" },
				"north": { "uv": [ 2.25, 8.25, 0, 8.5 ], "texture": "#sword_4" },
				"south": { "uv": [ 2.75, 10.75, 5, 11 ], "texture": "#sword_4" },
				"west": { "uv": [ 8.75, 10, 9, 10.25 ], "texture": "#sword_4" },
				"east": { "uv": [ 8.75, 10, 8.5, 10.25 ], "texture": "#sword_4" }
			}
		},
		{
			"__comment": "Voxels",
			"from": [ 12, 4, 8 ],
			"to": [ 14, 5, 9 ],
			"faces": {
				"down": { "uv": [ 2.25, 8.5, 2.75, 8.75 ], "texture": "#sword_4" },
				"up": { "uv": [ 4.5, 9, 5, 8.75 ], "texture": "#sword_4" },
				"north": { "uv": [ 9, 11.5, 8.5, 11.75 ], "texture": "#sword_4" },
				"south": { "uv": [ 8.5, 11.25, 9, 11.5 ], "texture": "#sword_4" },
				"west": { "uv": [ 8.75, 10.25, 9, 10.5 ], "texture": "#sword_4" },
				"east": { "uv": [ 7, 10, 6.75, 10.25 ], "texture": "#sword_4" }
			}
		},
		{
			"__comment": "Voxels",
			"from": [ 12, 12, 8 ],
			"to": [ 14, 13, 9 ],
			"faces": {
				"down": { "uv": [ 6.25, 10.25, 6.75, 10.5 ], "texture": "#sword_4" },
				"up": { "uv": [ 6.25, 10.25, 6.75, 10 ], "texture": "#sword_4" },
				"north": { "uv": [ 6.75, 8.75, 6.25, 9 ], "texture": "#sword_4" },
				"south": { "uv": [ 6.25, 8.5, 6.75, 8.75 ], "texture": "#sword_4" },
				"west": { "uv": [ 6, 8.25, 6.25, 8.5 ], "texture": "#sword_4" },
				"east": { "uv": [ 7.75, 10, 7.5, 10.25 ], "texture": "#sword_4" }
			}
		},
		{
			"__comment": "Voxels",
			"from": [ 15, 4, 8 ],
			"to": [ 17, 5, 9 ],
			"faces": {
				"down": { "uv": [ 6.25, 8, 6.75, 8.25 ], "texture": "#sword_4" },
				"up": { "uv": [ 4.5, 9.25, 5, 9 ], "texture": "#sword_4" },
				"north": { "uv": [ 7.25, 10.25, 6.75, 10.5 ], "texture": "#sword_4" },
				"south": { "uv": [ 7.25, 10.25, 7.75, 10.5 ], "texture": "#sword_4" },
				"west": { "uv": [ 6, 8, 6.25, 8.25 ], "texture": "#sword_4" },
				"east": { "uv": [ 8.5, 10.25, 8.25, 10.5 ], "texture": "#sword_4" }
			}
		},
		{
			"__comment": "Voxels",
			"from": [ 15, 12, 8 ],
			"to": [ 17, 13, 9 ],
			"faces": {
				"down": { "uv": [ 7.75, 10.25, 8.25, 10.5 ], "texture": "#sword_4" },
				"up": { "uv": [ 2.25, 9.5, 2.75, 9.25 ], "texture": "#sword_4" },
				"north": { "uv": [ 2.75, 9, 2.25, 9.25 ], "texture": "#sword_4" },
				"south": { "uv": [ 2.25, 8.75, 2.75, 9 ], "texture": "#sword_4" },
				"west": { "uv": [ 6.75, 9.75, 7, 10 ], "texture": "#sword_4" },
				"east": { "uv": [ 7, 9.5, 6.75, 9.75 ], "texture": "#sword_4" }
			}
		},
		{
			"__comment": "Voxels",
			"from": [ 16, 5, 8 ],
			"to": [ 23, 6, 9 ],
			"faces": {
				"down": { "uv": [ 5, 11.25, 6.75, 11.5 ], "texture": "#sword_4" },
				"up": { "uv": [ 6.75, 11.5, 8.5, 11.25 ], "texture": "#sword_4" },
				"north": { "uv": [ 6.75, 11, 5, 11.25 ], "texture": "#sword_4" },
				"south": { "uv": [ 6.75, 11, 8.5, 11.25 ], "texture": "#sword_4" },
				"west": { "uv": [ 6.75, 8.25, 7, 8.5 ], "texture": "#sword_4" },
				"east": { "uv": [ 7, 8, 6.75, 8.25 ], "texture": "#sword_4" }
			}
		},
		{
			"__comment": "Voxels",
			"from": [ 16, 11, 8 ],
			"to": [ 23, 12, 9 ],
			"faces": {
				"down": { "uv": [ 2.75, 9, 4.5, 9.25 ], "texture": "#sword_4" },
				"up": { "uv": [ 2.75, 9, 4.5, 8.75 ], "texture": "#sword_4" },
				"north": { "uv": [ 8.5, 11.5, 6.75, 11.75 ], "texture": "#sword_4" },
				"south": { "uv": [ 6.75, 11.75, 8.5, 12 ], "texture": "#sword_4" },
				"west": { "uv": [ 8, 10, 8.25, 10.25 ], "texture": "#sword_4" },
				"east": { "uv": [ 8.5, 10, 8.25, 10.25 ], "texture": "#sword_4" }
			}
		},
		{
			"__comment": "Voxels",
			"from": [ 18, 4, 8 ],
			"to": [ 22, 5, 9 ],
			"faces": {
				"down": { "uv": [ 5, 9.5, 6, 9.75 ], "texture": "#sword_4" },
				"up": { "uv": [ 14.75, 15.5, 15.75, 15.25 ], "texture": "#sword_4" },
				"north": { "uv": [ 15.75, 15.5, 14.75, 15.75 ], "texture": "#sword_4" },
				"south": { "uv": [ 5, 8, 6, 8.25 ], "texture": "#sword_4" },
				"west": { "uv": [ 7, 9.5, 7.25, 9.75 ], "texture": "#sword_4" },
				"east": { "uv": [ 7.25, 9.25, 7, 9.5 ], "texture": "#sword_4" }
			}
		},
		{
			"__comment": "Voxels",
			"from": [ 18, 12, 8 ],
			"to": [ 22, 13, 9 ],
			"faces": {
				"down": { "uv": [ 5, 8.25, 6, 8.5 ], "texture": "#sword_4" },
				"up": { "uv": [ 5, 9.25, 6, 9 ], "texture": "#sword_4" },
				"north": { "uv": [ 6, 9.25, 5, 9.5 ], "texture": "#sword_4" },
				"south": { "uv": [ 5, 9.75, 6, 10 ], "texture": "#sword_4" },
				"west": { "uv": [ 7, 8, 7.25, 8.25 ], "texture": "#sword_4" },
				"east": { "uv": [ 7.5, 9.75, 7.25, 10 ], "texture": "#sword_4" }
			}
		},
		{
			"__comment": "Voxels",
			"from": [ 21, 8, 8 ],
			"to": [ 22, 9, 9 ],
			"faces": {
				"down": { "uv": [ 7.5, 9.75, 7.75, 10 ], "texture": "#sword_4" },
				"up": { "uv": [ 7.75, 10, 8, 9.75 ], "texture": "#sword_4" },
				"north": { "uv": [ 8.25, 9.75, 8, 10 ], "texture": "#sword_4" },
				"south": { "uv": [ 8.25, 9.75, 8.5, 10 ], "texture": "#sword_4" },
				"west": { "uv": [ 8.5, 9.75, 8.75, 10 ], "texture": "#sword_4" },
				"east": { "uv": [ 9, 9.75, 8.75, 10 ], "texture": "#sword_4" }
			}
		}
	],
	"display": {
		"thirdperson_righthand": {
			"rotation":  [ 90, 90, 0 ],
			"translation":  [ 0.2, 6, 1.2 ],
			"scale":  [ 0.6, 0.7, 0.6 ]
		},
		"thirdperson_lefthand": {
			"rotation":  [ 90, -90, 0 ],
			"translation":  [ 0.2, 6, 1.2 ],
			"scale":  [ 0.6, 0.7, 0.6 ]
		},
		"firstperson_righthand": {
			"rotation":  [ 0, 100, 80 ],
			"translation":  [ 0, 10, 0 ],
			"scale":  [ 0.6, 0.6, 0.6 ]
		},
		"firstperson_lefthand": {
			"rotation":  [ 0, 100, -100 ],
			"translation":  [ 0, 10, 0 ],
			"scale":  [ 0.6, 0.6, 0.6 ]
		},
		"gui": {
			"rotation":  [ 0, 0, 45 ],
			"translation":  [ 1.35, 1.05, 0 ],
			"scale":  [ 0.5, 0.5, 0.5 ]
		},
		"head": {
			"rotation":  [ 0, 0, 45 ],
			"translation":  [ 7, -13, 4 ],
			"scale":  [ 1.2, 1.2, 1.2 ]
		},
		"fixed": {
			"translation":  [ 10, 0, -1 ],
			"scale":  [ 1.5, 1.5, 1.5 ]
		}
	}
}