{
	"__comment": "Designed by EnderMatrul with Cubik Studio - https://cubik.studio",
	"textures": {
		"sword_10": "items/sword_10"
	},
	"elements": [ 	 
		{
			"__comment": "Voxels",
			"from": [ 3, 8, -5 ],
			"to": [ 14, 9, -4 ],
			"faces": {
				"down": { "uv": [ 3.5, 12, 9, 12.5 ], "texture": "#sword_10" },
				"up": { "uv": [ 10.5, 13.5, 16, 13 ], "texture": "#sword_10" },
				"north": { "uv": [ 9, 12.5, 3.5, 13 ], "texture": "#sword_10" },
				"south": { "uv": [ 9, 12.5, 14.5, 13 ], "texture": "#sword_10" },
				"west": { "uv": [ 5, 6.5, 5.5, 7 ], "texture": "#sword_10" },
				"east": { "uv": [ 6, 7.5, 5.5, 8 ], "texture": "#sword_10" }
			}
		},
		{
			"__comment": "Voxels",
			"from": [ 3, 8, -4 ],
			"to": [ 5, 9, -3 ],
			"faces": {
				"down": { "uv": [ 15, 10, 16, 10.5 ], "texture": "#sword_10" },
				"up": { "uv": [ 15, 11, 16, 10.5 ], "texture": "#sword_10" },
				"north": { "uv": [ 15.5, 11, 14.5, 11.5 ], "texture": "#sword_10" },
				"south": { "uv": [ 3.5, 0, 4.5, 0.5 ], "texture": "#sword_10" },
				"west": { "uv": [ 3, 1, 3.5, 1.5 ], "texture": "#sword_10" },
				"east": { "uv": [ 3, 0, 2.5, 0.5 ], "texture": "#sword_10" }
			}
		},
		{
			"__comment": "Voxels",
			"from": [ 4, 8, -6 ],
			"to": [ 13, 9, -5 ],
			"faces": {
				"down": { "uv": [ 9, 12, 13.5, 12.5 ], "texture": "#sword_10" },
				"up": { "uv": [ 5, 11.5, 9.5, 11 ], "texture": "#sword_10" },
				"north": { "uv": [ 12.5, 11.5, 8, 12 ], "texture": "#sword_10" },
				"south": { "uv": [ 3.5, 11.5, 8, 12 ], "texture": "#sword_10" },
				"west": { "uv": [ 3, 5, 3.5, 5.5 ], "texture": "#sword_10" },
				"east": { "uv": [ 3, 1.5, 2.5, 2 ], "texture": "#sword_10" }
			}
		},
		{
			"__comment": "Voxels",
			"from": [ 6, 7, -6 ],
			"to": [ 11, 8, -5 ],
			"faces": {
				"down": { "uv": [ 7.5, 10, 10, 10.5 ], "texture": "#sword_10" },
				"up": { "uv": [ 5, 10.5, 7.5, 10 ], "texture": "#sword_10" },
				"north": { "uv": [ 15, 10.5, 12.5, 11 ], "texture": "#sword_10" },
				"south": { "uv": [ 10, 10.5, 12.5, 11 ], "texture": "#sword_10" },
				"west": { "uv": [ 2.5, 2, 3, 2.5 ], "texture": "#sword_10" },
				"east": { "uv": [ 3, 2.5, 2.5, 3 ], "texture": "#sword_10" }
			}
		},
		{
			"__comment": "Voxels",
			"from": [ 6, 9, -6 ],
			"to": [ 11, 10, -5 ],
			"faces": {
				"down": { "uv": [ 12.5, 11.5, 15, 12 ], "texture": "#sword_10" },
				"up": { "uv": [ 9.5, 11.5, 12, 11 ], "texture": "#sword_10" },
				"north": { "uv": [ 14.5, 11, 12, 11.5 ], "texture": "#sword_10" },
				"south": { "uv": [ 5, 10.5, 7.5, 11 ], "texture": "#sword_10" },
				"west": { "uv": [ 2.5, 3, 3, 3.5 ], "texture": "#sword_10" },
				"east": { "uv": [ 10.5, 13.5, 10, 14 ], "texture": "#sword_10" }
			}
		},
		{
			"__comment": "Voxels",
			"from": [ 7, 7, -13 ],
			"to": [ 10, 10, -12 ],
			"faces": {
				"down": { "uv": [ 3.5, 1, 5, 1.5 ], "texture": "#sword_10" },
				"up": { "uv": [ 0, 1, 1.5, 0.5 ], "texture": "#sword_10" },
				"north": { "uv": [ 13.5, 14.5, 12, 16 ], "texture": "#sword_10" },
				"south": { "uv": [ 13.5, 14.5, 15, 16 ], "texture": "#sword_10" },
				"west": { "uv": [ 15, 14.5, 15.5, 16 ], "texture": "#sword_10" },
				"east": { "uv": [ 16, 14.5, 15.5, 16 ], "texture": "#sword_10" }
			}
		},
		{
			"__comment": "Voxels",
			"from": [ 7, 7, -7 ],
			"to": [ 10, 10, -6 ],
			"faces": {
				"down": { "uv": [ 0, 0, 1.5, 0.5 ], "texture": "#sword_10" },
				"up": { "uv": [ 12, 14.5, 13.5, 14 ], "texture": "#sword_10" },
				"north": { "uv": [ 5, 8.5, 3.5, 10 ], "texture": "#sword_10" },
				"south": { "uv": [ 3.5, 10, 5, 11.5 ], "texture": "#sword_10" },
				"west": { "uv": [ 1.5, 0, 2, 1.5 ], "texture": "#sword_10" },
				"east": { "uv": [ 2.5, 0, 2, 1.5 ], "texture": "#sword_10" }
			}
		},
		{
			"__comment": "Voxels",
			"from": [ 7, 7, -5 ],
			"to": [ 10, 8, -4 ],
			"faces": {
				"down": { "uv": [ 12, 13.5, 13.5, 14 ], "texture": "#sword_10" },
				"up": { "uv": [ 14.5, 13, 16, 12.5 ], "texture": "#sword_10" },
				"north": { "uv": [ 5, 8, 3.5, 8.5 ], "texture": "#sword_10" },
				"south": { "uv": [ 3.5, 4.5, 5, 5 ], "texture": "#sword_10" },
				"west": { "uv": [ 10, 14, 10.5, 14.5 ], "texture": "#sword_10" },
				"east": { "uv": [ 3.5, 4.5, 3, 5 ], "texture": "#sword_10" }
			}
		},
		{
			"__comment": "Voxels",
			"from": [ 7, 8, -14 ],
			"to": [ 10, 9, -13 ],
			"faces": {
				"down": { "uv": [ 3.5, 7.5, 5, 8 ], "texture": "#sword_10" },
				"up": { "uv": [ 3.5, 7.5, 5, 7 ], "texture": "#sword_10" },
				"north": { "uv": [ 5, 6.5, 3.5, 7 ], "texture": "#sword_10" },
				"south": { "uv": [ 3.5, 6, 5, 6.5 ], "texture": "#sword_10" },
				"west": { "uv": [ 5.5, 6.5, 6, 7 ], "texture": "#sword_10" },
				"east": { "uv": [ 3.5, 0.5, 3, 1 ], "texture": "#sword_10" }
			}
		},
		{
			"__comment": "Voxels",
			"from": [ 7, 8, -12 ],
			"to": [ 10, 9, -7 ],
			"faces": {
				"down": { "uv": [ 1.5, 13.5, 3, 16 ], "texture": "#sword_10" },
				"up": { "uv": [ 10.5, 16, 12, 13.5 ], "texture": "#sword_10" },
				"north": { "uv": [ 5, 5.5, 3.5, 6 ], "texture": "#sword_10" },
				"south": { "uv": [ 3.5, 5, 5, 5.5 ], "texture": "#sword_10" },
				"west": { "uv": [ 10, 10, 12.5, 10.5 ], "texture": "#sword_10" },
				"east": { "uv": [ 15, 10, 12.5, 10.5 ], "texture": "#sword_10" }
			}
		},
		{
			"__comment": "Voxels",
			"from": [ 7, 8, -4 ],
			"to": [ 10, 9, 11 ],
			"faces": {
				"down": { "uv": [ 0, 8.5, 1.5, 16 ], "texture": "#sword_10" },
				"up": { "uv": [ 0, 8.5, 1.5, 1 ], "texture": "#sword_10" },
				"north": { "uv": [ 5, 4, 3.5, 4.5 ], "texture": "#sword_10" },
				"south": { "uv": [ 3.5, 3.5, 5, 4 ], "texture": "#sword_10" },
				"west": { "uv": [ 3, 15, 10.5, 15.5 ], "texture": "#sword_10" },
				"east": { "uv": [ 10.5, 15.5, 3, 16 ], "texture": "#sword_10" }
			}
		},
		{
			"__comment": "Voxels",
			"from": [ 7, 9, -5 ],
			"to": [ 10, 10, -4 ],
			"faces": {
				"down": { "uv": [ 3.5, 3, 5, 3.5 ], "texture": "#sword_10" },
				"up": { "uv": [ 3.5, 3, 5, 2.5 ], "texture": "#sword_10" },
				"north": { "uv": [ 5, 2, 3.5, 2.5 ], "texture": "#sword_10" },
				"south": { "uv": [ 3.5, 1.5, 5, 2 ], "texture": "#sword_10" },
				"west": { "uv": [ 4.5, 0, 5, 0.5 ], "texture": "#sword_10" },
				"east": { "uv": [ 16, 11, 15.5, 11.5 ], "texture": "#sword_10" }
			}
		},
		{
			"__comment": "Voxels",
			"from": [ 8, 7, -14 ],
			"to": [ 9, 8, -13 ],
			"faces": {
				"down": { "uv": [ 5, 7.5, 5.5, 8 ], "texture": "#sword_10" },
				"up": { "uv": [ 5, 6.5, 5.5, 6 ], "texture": "#sword_10" },
				"north": { "uv": [ 6, 6, 5.5, 6.5 ], "texture": "#sword_10" },
				"south": { "uv": [ 5, 5.5, 5.5, 6 ], "texture": "#sword_10" },
				"west": { "uv": [ 5.5, 5.5, 6, 6 ], "texture": "#sword_10" },
				"east": { "uv": [ 10.5, 14.5, 10, 15 ], "texture": "#sword_10" }
			}
		},
		{
			"__comment": "Voxels",
			"from": [ 8, 7, -12 ],
			"to": [ 9, 8, -7 ],
			"faces": {
				"down": { "uv": [ 2, 1.5, 2.5, 4 ], "texture": "#sword_10" },
				"up": { "uv": [ 2, 6.5, 2.5, 4 ], "texture": "#sword_10" },
				"north": { "uv": [ 3, 4, 2.5, 4.5 ], "texture": "#sword_10" },
				"south": { "uv": [ 2.5, 3.5, 3, 4 ], "texture": "#sword_10" },
				"west": { "uv": [ 7.5, 10.5, 10, 11 ], "texture": "#sword_10" },
				"east": { "uv": [ 16, 12, 13.5, 12.5 ], "texture": "#sword_10" }
			}
		},
		{
			"__comment": "Voxels",
			"from": [ 8, 7, -4 ],
			"to": [ 9, 8, 10 ],
			"faces": {
				"down": { "uv": [ 2, 6.5, 2.5, 13.5 ], "texture": "#sword_10" },
				"up": { "uv": [ 3, 13.5, 3.5, 6.5 ], "texture": "#sword_10" },
				"north": { "uv": [ 3, 1, 2.5, 1.5 ], "texture": "#sword_10" },
				"south": { "uv": [ 2.5, 0.5, 3, 1 ], "texture": "#sword_10" },
				"west": { "uv": [ 3, 14.5, 10, 15 ], "texture": "#sword_10" },
				"east": { "uv": [ 10.5, 13, 3.5, 13.5 ], "texture": "#sword_10" }
			}
		},
		{
			"__comment": "Voxels",
			"from": [ 8, 8, 11 ],
			"to": [ 9, 9, 13 ],
			"faces": {
				"down": { "uv": [ 2.5, 4.5, 3, 5.5 ], "texture": "#sword_10" },
				"up": { "uv": [ 2.5, 6.5, 3, 5.5 ], "texture": "#sword_10" },
				"north": { "uv": [ 3.5, 6, 3, 6.5 ], "texture": "#sword_10" },
				"south": { "uv": [ 3, 5.5, 3.5, 6 ], "texture": "#sword_10" },
				"west": { "uv": [ 15, 11.5, 16, 12 ], "texture": "#sword_10" },
				"east": { "uv": [ 4.5, 0.5, 3.5, 1 ], "texture": "#sword_10" }
			}
		},
		{
			"__comment": "Voxels",
			"from": [ 8, 9, -14 ],
			"to": [ 9, 10, -13 ],
			"faces": {
				"down": { "uv": [ 3, 4, 3.5, 4.5 ], "texture": "#sword_10" },
				"up": { "uv": [ 3, 4, 3.5, 3.5 ], "texture": "#sword_10" },
				"north": { "uv": [ 3.5, 3, 3, 3.5 ], "texture": "#sword_10" },
				"south": { "uv": [ 3, 2.5, 3.5, 3 ], "texture": "#sword_10" },
				"west": { "uv": [ 3, 2, 3.5, 2.5 ], "texture": "#sword_10" },
				"east": { "uv": [ 3.5, 1.5, 3, 2 ], "texture": "#sword_10" }
			}
		},
		{
			"__comment": "Voxels",
			"from": [ 8, 9, -12 ],
			"to": [ 9, 10, -7 ],
			"faces": {
				"down": { "uv": [ 1.5, 1.5, 2, 4 ], "texture": "#sword_10" },
				"up": { "uv": [ 1.5, 6.5, 2, 4 ], "texture": "#sword_10" },
				"north": { "uv": [ 3.5, 0, 3, 0.5 ], "texture": "#sword_10" },
				"south": { "uv": [ 4.5, 0.5, 5, 1 ], "texture": "#sword_10" },
				"west": { "uv": [ 13.5, 13.5, 16, 14 ], "texture": "#sword_10" },
				"east": { "uv": [ 16, 14, 13.5, 14.5 ], "texture": "#sword_10" }
			}
		},
		{
			"__comment": "Voxels",
			"from": [ 8, 9, -4 ],
			"to": [ 9, 10, 10 ],
			"faces": {
				"down": { "uv": [ 2.5, 6.5, 3, 13.5 ], "texture": "#sword_10" },
				"up": { "uv": [ 1.5, 13.5, 2, 6.5 ], "texture": "#sword_10" },
				"north": { "uv": [ 5.5, 7, 5, 7.5 ], "texture": "#sword_10" },
				"south": { "uv": [ 5.5, 7, 6, 7.5 ], "texture": "#sword_10" },
				"west": { "uv": [ 3, 14, 10, 14.5 ], "texture": "#sword_10" },
				"east": { "uv": [ 10, 13.5, 3, 14 ], "texture": "#sword_10" }
			}
		},
		{
			"__comment": "Voxels",
			"from": [ 12, 8, -4 ],
			"to": [ 14, 9, -3 ],
			"faces": {
				"down": { "uv": [ 5, 9.5, 6, 10 ], "texture": "#sword_10" },
				"up": { "uv": [ 5, 9.5, 6, 9 ], "texture": "#sword_10" },
				"north": { "uv": [ 6, 8.5, 5, 9 ], "texture": "#sword_10" },
				"south": { "uv": [ 5, 8, 6, 8.5 ], "texture": "#sword_10" },
				"west": { "uv": [ 5, 5, 5.5, 5.5 ], "texture": "#sword_10" },
				"east": { "uv": [ 6, 5, 5.5, 5.5 ], "texture": "#sword_10" }
			}
		}
	],
	"display": {
		"thirdperson_righthand": {
			"rotation":  [ -90, 0, 90 ],
			"translation":  [ 0, 11, 1.6 ],
			"scale":  [ 0.6, 0.7, 0.75 ]
		},
		"thirdperson_lefthand": {
			"rotation":  [ -90, 0, 90 ],
			"translation":  [ 0, 11, 1.6 ],
			"scale":  [ 0.6, 0.7, 0.75 ]
		},
		"firstperson_righthand": {
			"rotation":  [ -110, 0, 90 ],
			"translation":  [ 2, 10, -2.4 ],
			"scale":  [ 0.5, 0.5, 0.5 ]
		},
		"firstperson_lefthand": {
			"rotation":  [ -110, 0, 90 ],
			"translation":  [ 2, 10, -2.4 ],
			"scale":  [ 0.5, 0.5, 0.5 ]
		},
		"gui": {
			"rotation":  [ -90, 45, 0 ],
			"translation":  [ 4.5, 5.1, 0 ],
			"scale":  [ 0.62, 0.8, 0.75 ]
		},
		"head": {
			"rotation":  [ 30, 0, 90 ],
			"translation":  [ 8, -29, 5 ]
		},
		"fixed": {
			"rotation":  [ -90, 0, 0 ],
			"translation":  [ 0, 10, 0 ]
		}
	}
}