{
	"__comment": "Designed by EnderMatrul with Cubik Studio - https://cubik.studio",
	"textures": {
		"sword_12": "items/sword_12"
	},
	"elements": [ 	 
		{
			"__comment": "Voxels",
			"from": [ -9, 10, 9 ],
			"to": [ 32, 11, 10 ],
			"faces": {
				"down": { "uv": [ 0, 15.75, 10.25, 16 ], "texture": "#sword_12" },
				"up": { "uv": [ 0, 15.75, 10.25, 15.5 ], "texture": "#sword_12" },
				"north": { "uv": [ 10.25, 15.25, 0, 15.5 ], "texture": "#sword_12" },
				"south": { "uv": [ 0, 15, 10.25, 15.25 ], "texture": "#sword_12" },
				"west": { "uv": [ 15.75, 14.25, 16, 14.5 ], "texture": "#sword_12" },
				"east": { "uv": [ 16, 14, 15.75, 14.25 ], "texture": "#sword_12" }
			}
		},
		{
			"__comment": "Voxels",
			"from": [ -8, 9, 9 ],
			"to": [ 29, 10, 10 ],
			"faces": {
				"down": { "uv": [ 0, 14.25, 9.25, 14.5 ], "texture": "#sword_12" },
				"up": { "uv": [ 0, 14.25, 9.25, 14 ], "texture": "#sword_12" },
				"north": { "uv": [ 9.25, 13.75, 0, 14 ], "texture": "#sword_12" },
				"south": { "uv": [ 0, 13.5, 9.25, 13.75 ], "texture": "#sword_12" },
				"west": { "uv": [ 15.75, 13.75, 16, 14 ], "texture": "#sword_12" },
				"east": { "uv": [ 16, 13.5, 15.75, 13.75 ], "texture": "#sword_12" }
			}
		},
		{
			"__comment": "Voxels",
			"from": [ -8, 10, 8 ],
			"to": [ 28, 11, 9 ],
			"faces": {
				"down": { "uv": [ 0, 12.25, 9, 12.5 ], "texture": "#sword_12" },
				"up": { "uv": [ 0, 12.25, 9, 12 ], "texture": "#sword_12" },
				"north": { "uv": [ 9, 11.75, 0, 12 ], "texture": "#sword_12" },
				"south": { "uv": [ 0, 11.5, 9, 11.75 ], "texture": "#sword_12" },
				"west": { "uv": [ 0, 0, 0.25, 0.25 ], "texture": "#sword_12" },
				"east": { "uv": [ 1.5, 1.5, 1.25, 1.75 ], "texture": "#sword_12" }
			}
		},
		{
			"__comment": "Voxels",
			"from": [ -8, 10, 10 ],
			"to": [ 28, 11, 11 ],
			"faces": {
				"down": { "uv": [ 0, 11.25, 9, 11.5 ], "texture": "#sword_12" },
				"up": { "uv": [ 0, 11.25, 9, 11 ], "texture": "#sword_12" },
				"north": { "uv": [ 9, 12.75, 0, 13 ], "texture": "#sword_12" },
				"south": { "uv": [ 0, 12.5, 9, 12.75 ], "texture": "#sword_12" },
				"west": { "uv": [ 1.25, 1.25, 1.5, 1.5 ], "texture": "#sword_12" },
				"east": { "uv": [ 1.5, 1, 1.25, 1.25 ], "texture": "#sword_12" }
			}
		},
		{
			"__comment": "Voxels",
			"from": [ -8, 11, 9 ],
			"to": [ 29, 12, 10 ],
			"faces": {
				"down": { "uv": [ 0, 14.5, 9.25, 14.75 ], "texture": "#sword_12" },
				"up": { "uv": [ 0, 15, 9.25, 14.75 ], "texture": "#sword_12" },
				"north": { "uv": [ 9.25, 13, 0, 13.25 ], "texture": "#sword_12" },
				"south": { "uv": [ 0, 13.25, 9.25, 13.5 ], "texture": "#sword_12" },
				"west": { "uv": [ 1.5, 0, 1.75, 0.25 ], "texture": "#sword_12" },
				"east": { "uv": [ 2.5, 4.5, 2.25, 4.75 ], "texture": "#sword_12" }
			}
		},
		{
			"__comment": "Voxels",
			"from": [ -7, 9, 8 ],
			"to": [ -6, 10, 9 ],
			"faces": {
				"down": { "uv": [ 2.25, 4.25, 2.5, 4.5 ], "texture": "#sword_12" },
				"up": { "uv": [ 2.25, 4.25, 2.5, 4 ], "texture": "#sword_12" },
				"north": { "uv": [ 2.5, 3.75, 2.25, 4 ], "texture": "#sword_12" },
				"south": { "uv": [ 2.25, 3.5, 2.5, 3.75 ], "texture": "#sword_12" },
				"west": { "uv": [ 2.25, 3.25, 2.5, 3.5 ], "texture": "#sword_12" },
				"east": { "uv": [ 2.5, 3, 2.25, 3.25 ], "texture": "#sword_12" }
			}
		},
		{
			"__comment": "Voxels",
			"from": [ -7, 9, 10 ],
			"to": [ -6, 10, 11 ],
			"faces": {
				"down": { "uv": [ 2.25, 2.75, 2.5, 3 ], "texture": "#sword_12" },
				"up": { "uv": [ 2.25, 2.75, 2.5, 2.5 ], "texture": "#sword_12" },
				"north": { "uv": [ 2.5, 2.25, 2.25, 2.5 ], "texture": "#sword_12" },
				"south": { "uv": [ 2.25, 2, 2.5, 2.25 ], "texture": "#sword_12" },
				"west": { "uv": [ 2.25, 1.75, 2.5, 2 ], "texture": "#sword_12" },
				"east": { "uv": [ 2.5, 1.5, 2.25, 1.75 ], "texture": "#sword_12" }
			}
		},
		{
			"__comment": "Voxels",
			"from": [ -7, 11, 8 ],
			"to": [ -6, 12, 9 ],
			"faces": {
				"down": { "uv": [ 2.25, 1.25, 2.5, 1.5 ], "texture": "#sword_12" },
				"up": { "uv": [ 2.25, 1.25, 2.5, 1 ], "texture": "#sword_12" },
				"north": { "uv": [ 2.5, 0.75, 2.25, 1 ], "texture": "#sword_12" },
				"south": { "uv": [ 2.25, 0.5, 2.5, 0.75 ], "texture": "#sword_12" },
				"west": { "uv": [ 2.25, 0.25, 2.5, 0.5 ], "texture": "#sword_12" },
				"east": { "uv": [ 2.5, 0, 2.25, 0.25 ], "texture": "#sword_12" }
			}
		},
		{
			"__comment": "Voxels",
			"from": [ -7, 11, 10 ],
			"to": [ -6, 12, 11 ],
			"faces": {
				"down": { "uv": [ 3, 9.25, 3.25, 9.5 ], "texture": "#sword_12" },
				"up": { "uv": [ 3.25, 9.5, 3.5, 9.25 ], "texture": "#sword_12" },
				"north": { "uv": [ 3.25, 9, 3, 9.25 ], "texture": "#sword_12" },
				"south": { "uv": [ 3.25, 9, 3.5, 9.25 ], "texture": "#sword_12" },
				"west": { "uv": [ 3, 8.75, 3.25, 9 ], "texture": "#sword_12" },
				"east": { "uv": [ 3.5, 8.75, 3.25, 9 ], "texture": "#sword_12" }
			}
		},
		{
			"__comment": "Voxels",
			"from": [ -4, 9, 8 ],
			"to": [ -3, 10, 9 ],
			"faces": {
				"down": { "uv": [ 3, 8.5, 3.25, 8.75 ], "texture": "#sword_12" },
				"up": { "uv": [ 3.25, 8.75, 3.5, 8.5 ], "texture": "#sword_12" },
				"north": { "uv": [ 3.25, 8.25, 3, 8.5 ], "texture": "#sword_12" },
				"south": { "uv": [ 3.25, 8.25, 3.5, 8.5 ], "texture": "#sword_12" },
				"west": { "uv": [ 3, 8, 3.25, 8.25 ], "texture": "#sword_12" },
				"east": { "uv": [ 3.5, 8, 3.25, 8.25 ], "texture": "#sword_12" }
			}
		},
		{
			"__comment": "Voxels",
			"from": [ -4, 9, 10 ],
			"to": [ -3, 10, 11 ],
			"faces": {
				"down": { "uv": [ 3, 7.75, 3.25, 8 ], "texture": "#sword_12" },
				"up": { "uv": [ 3.25, 8, 3.5, 7.75 ], "texture": "#sword_12" },
				"north": { "uv": [ 3.25, 7.5, 3, 7.75 ], "texture": "#sword_12" },
				"south": { "uv": [ 3.25, 7.5, 3.5, 7.75 ], "texture": "#sword_12" },
				"west": { "uv": [ 3, 7.25, 3.25, 7.5 ], "texture": "#sword_12" },
				"east": { "uv": [ 3.5, 7.25, 3.25, 7.5 ], "texture": "#sword_12" }
			}
		},
		{
			"__comment": "Voxels",
			"from": [ -4, 11, 8 ],
			"to": [ -3, 12, 9 ],
			"faces": {
				"down": { "uv": [ 3, 7, 3.25, 7.25 ], "texture": "#sword_12" },
				"up": { "uv": [ 3.25, 7.25, 3.5, 7 ], "texture": "#sword_12" },
				"north": { "uv": [ 3.25, 6.75, 3, 7 ], "texture": "#sword_12" },
				"south": { "uv": [ 3.75, 1, 4, 1.25 ], "texture": "#sword_12" },
				"west": { "uv": [ 3.25, 6.75, 3.5, 7 ], "texture": "#sword_12" },
				"east": { "uv": [ 3.25, 6.5, 3, 6.75 ], "texture": "#sword_12" }
			}
		},
		{
			"__comment": "Voxels",
			"from": [ -4, 11, 10 ],
			"to": [ -3, 12, 11 ],
			"faces": {
				"down": { "uv": [ 3.25, 6.5, 3.5, 6.75 ], "texture": "#sword_12" },
				"up": { "uv": [ 3, 6.5, 3.25, 6.25 ], "texture": "#sword_12" },
				"north": { "uv": [ 3.5, 6.25, 3.25, 6.5 ], "texture": "#sword_12" },
				"south": { "uv": [ 3, 6, 3.25, 6.25 ], "texture": "#sword_12" },
				"west": { "uv": [ 3.25, 6, 3.5, 6.25 ], "texture": "#sword_12" },
				"east": { "uv": [ 3.25, 5.75, 3, 6 ], "texture": "#sword_12" }
			}
		},
		{
			"__comment": "Voxels",
			"from": [ 9, 8, 9 ],
			"to": [ 11, 9, 10 ],
			"faces": {
				"down": { "uv": [ 2.5, 3.5, 3, 3.75 ], "texture": "#sword_12" },
				"up": { "uv": [ 2.5, 3.5, 3, 3.25 ], "texture": "#sword_12" },
				"north": { "uv": [ 3, 3, 2.5, 3.25 ], "texture": "#sword_12" },
				"south": { "uv": [ 2.5, 2.75, 3, 3 ], "texture": "#sword_12" },
				"west": { "uv": [ 3.25, 5.75, 3.5, 6 ], "texture": "#sword_12" },
				"east": { "uv": [ 3.25, 5.5, 3, 5.75 ], "texture": "#sword_12" }
			}
		},
		{
			"__comment": "Voxels",
			"from": [ 9, 9, 10 ],
			"to": [ 10, 10, 11 ],
			"faces": {
				"down": { "uv": [ 3.25, 5.5, 3.5, 5.75 ], "texture": "#sword_12" },
				"up": { "uv": [ 3, 5.5, 3.25, 5.25 ], "texture": "#sword_12" },
				"north": { "uv": [ 3.5, 5.25, 3.25, 5.5 ], "texture": "#sword_12" },
				"south": { "uv": [ 3, 5, 3.25, 5.25 ], "texture": "#sword_12" },
				"west": { "uv": [ 3.25, 5, 3.5, 5.25 ], "texture": "#sword_12" },
				"east": { "uv": [ 3.25, 4.75, 3, 5 ], "texture": "#sword_12" }
			}
		},
		{
			"__comment": "Voxels",
			"from": [ 10, 10, 7 ],
			"to": [ 11, 11, 8 ],
			"faces": {
				"down": { "uv": [ 3.25, 4.75, 3.5, 5 ], "texture": "#sword_12" },
				"up": { "uv": [ 3, 4.75, 3.25, 4.5 ], "texture": "#sword_12" },
				"north": { "uv": [ 3.5, 4.5, 3.25, 4.75 ], "texture": "#sword_12" },
				"south": { "uv": [ 3, 4.25, 3.25, 4.5 ], "texture": "#sword_12" },
				"west": { "uv": [ 3.25, 4.25, 3.5, 4.5 ], "texture": "#sword_12" },
				"east": { "uv": [ 3.25, 4, 3, 4.25 ], "texture": "#sword_12" }
			}
		},
		{
			"__comment": "Voxels",
			"from": [ 10, 11, 10 ],
			"to": [ 11, 12, 11 ],
			"faces": {
				"down": { "uv": [ 3.25, 4, 3.5, 4.25 ], "texture": "#sword_12" },
				"up": { "uv": [ 3, 4, 3.25, 3.75 ], "texture": "#sword_12" },
				"north": { "uv": [ 3.5, 3.75, 3.25, 4 ], "texture": "#sword_12" },
				"south": { "uv": [ 3, 3.5, 3.25, 3.75 ], "texture": "#sword_12" },
				"west": { "uv": [ 3.25, 3.5, 3.5, 3.75 ], "texture": "#sword_12" },
				"east": { "uv": [ 3.25, 3.25, 3, 3.5 ], "texture": "#sword_12" }
			}
		},
		{
			"__comment": "Voxels",
			"from": [ 11, 9, 8 ],
			"to": [ 12, 10, 9 ],
			"faces": {
				"down": { "uv": [ 3.25, 3.25, 3.5, 3.5 ], "texture": "#sword_12" },
				"up": { "uv": [ 3, 3.25, 3.25, 3 ], "texture": "#sword_12" },
				"north": { "uv": [ 4.5, 3.5, 4.25, 3.75 ], "texture": "#sword_12" },
				"south": { "uv": [ 4.25, 3.75, 4.5, 4 ], "texture": "#sword_12" },
				"west": { "uv": [ 4.25, 4, 4.5, 4.25 ], "texture": "#sword_12" },
				"east": { "uv": [ 4.5, 4.25, 4.25, 4.5 ], "texture": "#sword_12" }
			}
		},
		{
			"__comment": "Voxels",
			"from": [ 11, 9, 10 ],
			"to": [ 14, 10, 11 ],
			"faces": {
				"down": { "uv": [ 1.75, 8, 2.5, 8.25 ], "texture": "#sword_12" },
				"up": { "uv": [ 1.75, 11, 2.5, 10.75 ], "texture": "#sword_12" },
				"north": { "uv": [ 2.5, 10.5, 1.75, 10.75 ], "texture": "#sword_12" },
				"south": { "uv": [ 1.75, 10.25, 2.5, 10.5 ], "texture": "#sword_12" },
				"west": { "uv": [ 4.25, 9, 4.5, 9.25 ], "texture": "#sword_12" },
				"east": { "uv": [ 4.5, 9.25, 4.25, 9.5 ], "texture": "#sword_12" }
			}
		},
		{
			"__comment": "Voxels",
			"from": [ 11, 10, 11 ],
			"to": [ 12, 11, 12 ],
			"faces": {
				"down": { "uv": [ 4.25, 10, 4.5, 10.25 ], "texture": "#sword_12" },
				"up": { "uv": [ 4.25, 10.5, 4.5, 10.25 ], "texture": "#sword_12" },
				"north": { "uv": [ 4.25, 2.5, 4, 2.75 ], "texture": "#sword_12" },
				"south": { "uv": [ 4, 2.75, 4.25, 3 ], "texture": "#sword_12" },
				"west": { "uv": [ 4, 3, 4.25, 3.25 ], "texture": "#sword_12" },
				"east": { "uv": [ 4.25, 3.25, 4, 3.5 ], "texture": "#sword_12" }
			}
		},
		{
			"__comment": "Voxels",
			"from": [ 11, 11, 8 ],
			"to": [ 12, 12, 9 ],
			"faces": {
				"down": { "uv": [ 4, 4, 4.25, 4.25 ], "texture": "#sword_12" },
				"up": { "uv": [ 4, 4.5, 4.25, 4.25 ], "texture": "#sword_12" },
				"north": { "uv": [ 4.25, 4.5, 4, 4.75 ], "texture": "#sword_12" },
				"south": { "uv": [ 4, 4.75, 4.25, 5 ], "texture": "#sword_12" },
				"west": { "uv": [ 4, 7.5, 4.25, 7.75 ], "texture": "#sword_12" },
				"east": { "uv": [ 4.25, 7.75, 4, 8 ], "texture": "#sword_12" }
			}
		},
		{
			"__comment": "Voxels",
			"from": [ 11, 12, 9 ],
			"to": [ 13, 13, 10 ],
			"faces": {
				"down": { "uv": [ 1, 0.25, 1.5, 0.5 ], "texture": "#sword_12" },
				"up": { "uv": [ 1, 0.25, 1.5, 0 ], "texture": "#sword_12" },
				"north": { "uv": [ 2.25, 4.5, 1.75, 4.75 ], "texture": "#sword_12" },
				"south": { "uv": [ 1.75, 4.25, 2.25, 4.5 ], "texture": "#sword_12" },
				"west": { "uv": [ 4, 8, 4.25, 8.25 ], "texture": "#sword_12" },
				"east": { "uv": [ 4.25, 8.25, 4, 8.5 ], "texture": "#sword_12" }
			}
		},
		{
			"__comment": "Voxels",
			"from": [ 12, 8, 9 ],
			"to": [ 13, 9, 10 ],
			"faces": {
				"down": { "uv": [ 4, 9, 4.25, 9.25 ], "texture": "#sword_12" },
				"up": { "uv": [ 4, 9.5, 4.25, 9.25 ], "texture": "#sword_12" },
				"north": { "uv": [ 4.25, 9.5, 4, 9.75 ], "texture": "#sword_12" },
				"south": { "uv": [ 4, 9.75, 4.25, 10 ], "texture": "#sword_12" },
				"west": { "uv": [ 3.75, 0.5, 4, 0.75 ], "texture": "#sword_12" },
				"east": { "uv": [ 4, 0.75, 3.75, 1 ], "texture": "#sword_12" }
			}
		},
		{
			"__comment": "Voxels",
			"from": [ 12, 10, 7 ],
			"to": [ 14, 11, 8 ],
			"faces": {
				"down": { "uv": [ 1.75, 0.75, 2.25, 1 ], "texture": "#sword_12" },
				"up": { "uv": [ 1.75, 4.25, 2.25, 4 ], "texture": "#sword_12" },
				"north": { "uv": [ 2.25, 3.75, 1.75, 4 ], "texture": "#sword_12" },
				"south": { "uv": [ 1.75, 3.5, 2.25, 3.75 ], "texture": "#sword_12" },
				"west": { "uv": [ 3.75, 1.25, 4, 1.5 ], "texture": "#sword_12" },
				"east": { "uv": [ 4, 8, 3.75, 8.25 ], "texture": "#sword_12" }
			}
		},
		{
			"__comment": "Voxels",
			"from": [ 12, 11, 10 ],
			"to": [ 16, 12, 11 ],
			"faces": {
				"down": { "uv": [ 12, 11.25, 13, 11.5 ], "texture": "#sword_12" },
				"up": { "uv": [ 13, 11.5, 14, 11.25 ], "texture": "#sword_12" },
				"north": { "uv": [ 15, 11.25, 14, 11.5 ], "texture": "#sword_12" },
				"south": { "uv": [ 15, 11.25, 16, 11.5 ], "texture": "#sword_12" },
				"west": { "uv": [ 3.75, 8.25, 4, 8.5 ], "texture": "#sword_12" },
				"east": { "uv": [ 4, 8.5, 3.75, 8.75 ], "texture": "#sword_12" }
			}
		},
		{
			"__comment": "Voxels",
			"from": [ 13, 9, 8 ],
			"to": [ 26, 10, 9 ],
			"faces": {
				"down": { "uv": [ 10.25, 15.25, 13.5, 15.5 ], "texture": "#sword_12" },
				"up": { "uv": [ 10.25, 15.75, 13.5, 15.5 ], "texture": "#sword_12" },
				"north": { "uv": [ 13.5, 15.75, 10.25, 16 ], "texture": "#sword_12" },
				"south": { "uv": [ 10.25, 15, 13.5, 15.25 ], "texture": "#sword_12" },
				"west": { "uv": [ 3.75, 8.75, 4, 9 ], "texture": "#sword_12" },
				"east": { "uv": [ 4, 10, 3.75, 10.25 ], "texture": "#sword_12" }
			}
		},
		{
			"__comment": "Voxels",
			"from": [ 13, 10, 11 ],
			"to": [ 14, 11, 12 ],
			"faces": {
				"down": { "uv": [ 3.75, 10.25, 4, 10.5 ], "texture": "#sword_12" },
				"up": { "uv": [ 3.75, 10.75, 4, 10.5 ], "texture": "#sword_12" },
				"north": { "uv": [ 4, 10.75, 3.75, 11 ], "texture": "#sword_12" },
				"south": { "uv": [ 3.5, 0, 3.75, 0.25 ], "texture": "#sword_12" },
				"west": { "uv": [ 3.5, 0.25, 3.75, 0.5 ], "texture": "#sword_12" },
				"east": { "uv": [ 3.75, 0.5, 3.5, 0.75 ], "texture": "#sword_12" }
			}
		},
		{
			"__comment": "Voxels",
			"from": [ 13, 11, 8 ],
			"to": [ 15, 12, 9 ],
			"faces": {
				"down": { "uv": [ 1.75, 3.25, 2.25, 3.5 ], "texture": "#sword_12" },
				"up": { "uv": [ 1.75, 3.25, 2.25, 3 ], "texture": "#sword_12" },
				"north": { "uv": [ 2.25, 2.75, 1.75, 3 ], "texture": "#sword_12" },
				"south": { "uv": [ 1.75, 2.5, 2.25, 2.75 ], "texture": "#sword_12" },
				"west": { "uv": [ 3.5, 0.75, 3.75, 1 ], "texture": "#sword_12" },
				"east": { "uv": [ 3.75, 1, 3.5, 1.25 ], "texture": "#sword_12" }
			}
		},
		{
			"__comment": "Voxels",
			"from": [ 13, 12, 8 ],
			"to": [ 14, 13, 9 ],
			"faces": {
				"down": { "uv": [ 3.5, 1.25, 3.75, 1.5 ], "texture": "#sword_12" },
				"up": { "uv": [ 3.5, 2.25, 3.75, 2 ], "texture": "#sword_12" },
				"north": { "uv": [ 3.75, 2.25, 3.5, 2.5 ], "texture": "#sword_12" },
				"south": { "uv": [ 3.5, 2.5, 3.75, 2.75 ], "texture": "#sword_12" },
				"west": { "uv": [ 3.5, 2.75, 3.75, 3 ], "texture": "#sword_12" },
				"east": { "uv": [ 3.75, 3.5, 3.5, 3.75 ], "texture": "#sword_12" }
			}
		},
		{
			"__comment": "Voxels",
			"from": [ 14, 8, 9 ],
			"to": [ 16, 9, 10 ],
			"faces": {
				"down": { "uv": [ 1.75, 2.25, 2.25, 2.5 ], "texture": "#sword_12" },
				"up": { "uv": [ 1.75, 2.25, 2.25, 2 ], "texture": "#sword_12" },
				"north": { "uv": [ 2.25, 1.75, 1.75, 2 ], "texture": "#sword_12" },
				"south": { "uv": [ 1.75, 1.5, 2.25, 1.75 ], "texture": "#sword_12" },
				"west": { "uv": [ 3.5, 3.75, 3.75, 4 ], "texture": "#sword_12" },
				"east": { "uv": [ 3.75, 4, 3.5, 4.25 ], "texture": "#sword_12" }
			}
		},
		{
			"__comment": "Voxels",
			"from": [ 14, 12, 9 ],
			"to": [ 15, 13, 10 ],
			"faces": {
				"down": { "uv": [ 3.5, 4.25, 3.75, 4.5 ], "texture": "#sword_12" },
				"up": { "uv": [ 3.5, 5.25, 3.75, 5 ], "texture": "#sword_12" },
				"north": { "uv": [ 3.75, 5.25, 3.5, 5.5 ], "texture": "#sword_12" },
				"south": { "uv": [ 3.5, 5.5, 3.75, 5.75 ], "texture": "#sword_12" },
				"west": { "uv": [ 3.5, 5.75, 3.75, 6 ], "texture": "#sword_12" },
				"east": { "uv": [ 3.75, 6.5, 3.5, 6.75 ], "texture": "#sword_12" }
			}
		},
		{
			"__comment": "Voxels",
			"from": [ 14, 18, 7 ],
			"to": [ 17, 19, 8 ],
			"faces": {
				"down": { "uv": [ 10, 11, 10.75, 11.25 ], "texture": "#sword_12" },
				"up": { "uv": [ 10.75, 11.25, 11.5, 11 ], "texture": "#sword_12" },
				"north": { "uv": [ 2.5, 5, 1.75, 5.25 ], "texture": "#sword_12" },
				"south": { "uv": [ 1.75, 5.25, 2.5, 5.5 ], "texture": "#sword_12" },
				"west": { "uv": [ 3.5, 6.75, 3.75, 7 ], "texture": "#sword_12" },
				"east": { "uv": [ 3.75, 7, 3.5, 7.25 ], "texture": "#sword_12" }
			}
		},
		{
			"__comment": "Voxels",
			"from": [ 14, 18, 11 ],
			"to": [ 17, 19, 12 ],
			"faces": {
				"down": { "uv": [ 1.75, 5.5, 2.5, 5.75 ], "texture": "#sword_12" },
				"up": { "uv": [ 1.75, 6, 2.5, 5.75 ], "texture": "#sword_12" },
				"north": { "uv": [ 2.5, 6, 1.75, 6.25 ], "texture": "#sword_12" },
				"south": { "uv": [ 1.75, 6.25, 2.5, 6.5 ], "texture": "#sword_12" },
				"west": { "uv": [ 3.5, 7.25, 3.75, 7.5 ], "texture": "#sword_12" },
				"east": { "uv": [ 3.75, 8, 3.5, 8.25 ], "texture": "#sword_12" }
			}
		},
		{
			"__comment": "Voxels",
			"from": [ 15, 9, 10 ],
			"to": [ 26, 10, 11 ],
			"faces": {
				"down": { "uv": [ 12, 14.5, 14.75, 14.75 ], "texture": "#sword_12" },
				"up": { "uv": [ 9.25, 15, 12, 14.75 ], "texture": "#sword_12" },
				"north": { "uv": [ 14.75, 14.75, 12, 15 ], "texture": "#sword_12" },
				"south": { "uv": [ 9.25, 14.5, 12, 14.75 ], "texture": "#sword_12" },
				"west": { "uv": [ 3.5, 8.25, 3.75, 8.5 ], "texture": "#sword_12" },
				"east": { "uv": [ 3.75, 8.5, 3.5, 8.75 ], "texture": "#sword_12" }
			}
		},
		{
			"__comment": "Voxels",
			"from": [ 15, 10, 7 ],
			"to": [ 19, 11, 8 ],
			"faces": {
				"down": { "uv": [ 15, 11.75, 16, 12 ], "texture": "#sword_12" },
				"up": { "uv": [ 9, 11.75, 10, 11.5 ], "texture": "#sword_12" },
				"north": { "uv": [ 11, 11.5, 10, 11.75 ], "texture": "#sword_12" },
				"south": { "uv": [ 10, 11.25, 11, 11.5 ], "texture": "#sword_12" },
				"west": { "uv": [ 3.5, 8.75, 3.75, 9 ], "texture": "#sword_12" },
				"east": { "uv": [ 3.75, 9, 3.5, 9.25 ], "texture": "#sword_12" }
			}
		},
		{
			"__comment": "Voxels",
			"from": [ 15, 10, 11 ],
			"to": [ 19, 11, 12 ],
			"faces": {
				"down": { "uv": [ 12, 11.5, 13, 11.75 ], "texture": "#sword_12" },
				"up": { "uv": [ 13, 11.75, 14, 11.5 ], "texture": "#sword_12" },
				"north": { "uv": [ 15, 11.5, 14, 11.75 ], "texture": "#sword_12" },
				"south": { "uv": [ 15, 11.5, 16, 11.75 ], "texture": "#sword_12" },
				"west": { "uv": [ 3.5, 9.25, 3.75, 9.5 ], "texture": "#sword_12" },
				"east": { "uv": [ 3.75, 9.5, 3.5, 9.75 ], "texture": "#sword_12" }
			}
		},
		{
			"__comment": "Voxels",
			"from": [ 16, 11, 8 ],
			"to": [ 26, 12, 9 ],
			"faces": {
				"down": { "uv": [ 13.5, 15.75, 16, 16 ], "texture": "#sword_12" },
				"up": { "uv": [ 13.5, 15.75, 16, 15.5 ], "texture": "#sword_12" },
				"north": { "uv": [ 11.75, 13.5, 9.25, 13.75 ], "texture": "#sword_12" },
				"south": { "uv": [ 11.75, 13.75, 14.25, 14 ], "texture": "#sword_12" },
				"west": { "uv": [ 3.5, 9.75, 3.75, 10 ], "texture": "#sword_12" },
				"east": { "uv": [ 3.5, 1.5, 3.25, 1.75 ], "texture": "#sword_12" }
			}
		},
		{
			"__comment": "Voxels",
			"from": [ 16, 12, 9 ],
			"to": [ 17, 13, 10 ],
			"faces": {
				"down": { "uv": [ 3, 1.5, 3.25, 1.75 ], "texture": "#sword_12" },
				"up": { "uv": [ 3.25, 2, 3.5, 1.75 ], "texture": "#sword_12" },
				"north": { "uv": [ 3.25, 1.75, 3, 2 ], "texture": "#sword_12" },
				"south": { "uv": [ 3.25, 2.25, 3.5, 2.5 ], "texture": "#sword_12" },
				"west": { "uv": [ 3, 2.25, 3.25, 2.5 ], "texture": "#sword_12" },
				"east": { "uv": [ 3.5, 2.5, 3.25, 2.75 ], "texture": "#sword_12" }
			}
		},
		{
			"__comment": "Voxels",
			"from": [ 16, 17, 7 ],
			"to": [ 26, 18, 8 ],
			"faces": {
				"down": { "uv": [ 13.5, 15, 16, 15.25 ], "texture": "#sword_12" },
				"up": { "uv": [ 9.25, 14.5, 11.75, 14.25 ], "texture": "#sword_12" },
				"north": { "uv": [ 14.25, 14.25, 11.75, 14.5 ], "texture": "#sword_12" },
				"south": { "uv": [ 13.5, 15.25, 16, 15.5 ], "texture": "#sword_12" },
				"west": { "uv": [ 3, 2.5, 3.25, 2.75 ], "texture": "#sword_12" },
				"east": { "uv": [ 4.5, 5.25, 4.25, 5.5 ], "texture": "#sword_12" }
			}
		},
		{
			"__comment": "Voxels",
			"from": [ 16, 17, 11 ],
			"to": [ 26, 18, 12 ],
			"faces": {
				"down": { "uv": [ 9.25, 13.75, 11.75, 14 ], "texture": "#sword_12" },
				"up": { "uv": [ 9.25, 14.25, 11.75, 14 ], "texture": "#sword_12" },
				"north": { "uv": [ 14.25, 13.5, 11.75, 13.75 ], "texture": "#sword_12" },
				"south": { "uv": [ 11.75, 14, 14.25, 14.25 ], "texture": "#sword_12" },
				"west": { "uv": [ 4.25, 5.5, 4.5, 5.75 ], "texture": "#sword_12" },
				"east": { "uv": [ 4.5, 5.75, 4.25, 6 ], "texture": "#sword_12" }
			}
		},
		{
			"__comment": "Voxels",
			"from": [ 16, 18, 8 ],
			"to": [ 17, 19, 11 ],
			"faces": {
				"down": { "uv": [ 0.25, 1, 0.5, 1.75 ], "texture": "#sword_12" },
				"up": { "uv": [ 1.5, 8.75, 1.75, 8 ], "texture": "#sword_12" },
				"north": { "uv": [ 4.5, 9.5, 4.25, 9.75 ], "texture": "#sword_12" },
				"south": { "uv": [ 4.25, 9.75, 4.5, 10 ], "texture": "#sword_12" },
				"west": { "uv": [ 1.75, 7.25, 2.5, 7.5 ], "texture": "#sword_12" },
				"east": { "uv": [ 2.5, 7.5, 1.75, 7.75 ], "texture": "#sword_12" }
			}
		},
		{
			"__comment": "Voxels",
			"from": [ 17, 11, 10 ],
			"to": [ 26, 12, 11 ],
			"faces": {
				"down": { "uv": [ 13.75, 13.25, 16, 13.5 ], "texture": "#sword_12" },
				"up": { "uv": [ 9.25, 13.5, 11.5, 13.25 ], "texture": "#sword_12" },
				"north": { "uv": [ 13.75, 13.25, 11.5, 13.5 ], "texture": "#sword_12" },
				"south": { "uv": [ 9.25, 13, 11.5, 13.25 ], "texture": "#sword_12" },
				"west": { "uv": [ 4.25, 10.5, 4.5, 10.75 ], "texture": "#sword_12" },
				"east": { "uv": [ 4.5, 1, 4.25, 1.25 ], "texture": "#sword_12" }
			}
		},
		{
			"__comment": "Voxels",
			"from": [ 17, 16, 7 ],
			"to": [ 20, 17, 8 ],
			"faces": {
				"down": { "uv": [ 1.75, 7.75, 2.5, 8 ], "texture": "#sword_12" },
				"up": { "uv": [ 1.75, 8.5, 2.5, 8.25 ], "texture": "#sword_12" },
				"north": { "uv": [ 2.5, 8.5, 1.75, 8.75 ], "texture": "#sword_12" },
				"south": { "uv": [ 1.75, 8.75, 2.5, 9 ], "texture": "#sword_12" },
				"west": { "uv": [ 4.25, 10.75, 4.5, 11 ], "texture": "#sword_12" },
				"east": { "uv": [ 4.25, 0, 4, 0.25 ], "texture": "#sword_12" }
			}
		},
		{
			"__comment": "Voxels",
			"from": [ 17, 16, 11 ],
			"to": [ 20, 17, 12 ],
			"faces": {
				"down": { "uv": [ 0.25, 0, 1, 0.25 ], "texture": "#sword_12" },
				"up": { "uv": [ 13, 11.25, 13.75, 11 ], "texture": "#sword_12" },
				"north": { "uv": [ 14.5, 11, 13.75, 11.25 ], "texture": "#sword_12" },
				"south": { "uv": [ 14.5, 11, 15.25, 11.25 ], "texture": "#sword_12" },
				"west": { "uv": [ 4, 0.25, 4.25, 0.5 ], "texture": "#sword_12" },
				"east": { "uv": [ 4.25, 10, 4, 10.25 ], "texture": "#sword_12" }
			}
		},
		{
			"__comment": "Voxels",
			"from": [ 17, 17, 8 ],
			"to": [ 19, 18, 11 ],
			"faces": {
				"down": { "uv": [ 1, 6.5, 1.5, 7.25 ], "texture": "#sword_12" },
				"up": { "uv": [ 1, 8, 1.5, 7.25 ], "texture": "#sword_12" },
				"north": { "uv": [ 2.25, 1.25, 1.75, 1.5 ], "texture": "#sword_12" },
				"south": { "uv": [ 1.75, 1, 2.25, 1.25 ], "texture": "#sword_12" },
				"west": { "uv": [ 1.75, 7, 2.5, 7.25 ], "texture": "#sword_12" },
				"east": { "uv": [ 2.5, 6.75, 1.75, 7 ], "texture": "#sword_12" }
			}
		},
		{
			"__comment": "Voxels",
			"from": [ 17, 18, 9 ],
			"to": [ 18, 19, 10 ],
			"faces": {
				"down": { "uv": [ 4, 10.25, 4.25, 10.5 ], "texture": "#sword_12" },
				"up": { "uv": [ 4, 10.75, 4.25, 10.5 ], "texture": "#sword_12" },
				"north": { "uv": [ 4.5, 0, 4.25, 0.25 ], "texture": "#sword_12" },
				"south": { "uv": [ 4, 1.75, 4.25, 2 ], "texture": "#sword_12" },
				"west": { "uv": [ 4.25, 0.25, 4.5, 0.5 ], "texture": "#sword_12" },
				"east": { "uv": [ 4.25, 1, 4, 1.25 ], "texture": "#sword_12" }
			}
		},
		{
			"__comment": "Voxels",
			"from": [ 18, 7, 9 ],
			"to": [ 24, 9, 10 ],
			"faces": {
				"down": { "uv": [ 14.25, 13.75, 15.75, 14 ], "texture": "#sword_12" },
				"up": { "uv": [ 10.5, 13, 12, 12.75 ], "texture": "#sword_12" },
				"north": { "uv": [ 1.5, 5.25, 0, 5.75 ], "texture": "#sword_12" },
				"south": { "uv": [ 0, 8.5, 1.5, 9 ], "texture": "#sword_12" },
				"west": { "uv": [ 1.5, 0.75, 1.75, 1.25 ], "texture": "#sword_12" },
				"east": { "uv": [ 1.75, 0.25, 1.5, 0.75 ], "texture": "#sword_12" }
			}
		},
		{
			"__comment": "Voxels",
			"from": [ 18, 8, 7 ],
			"to": [ 24, 9, 9 ],
			"faces": {
				"down": { "uv": [ 0, 9, 1.5, 9.5 ], "texture": "#sword_12" },
				"up": { "uv": [ 0, 8.5, 1.5, 8 ], "texture": "#sword_12" },
				"north": { "uv": [ 15.75, 14.25, 14.25, 14.5 ], "texture": "#sword_12" },
				"south": { "uv": [ 13, 13, 14.5, 13.25 ], "texture": "#sword_12" },
				"west": { "uv": [ 1.75, 0.5, 2.25, 0.75 ], "texture": "#sword_12" },
				"east": { "uv": [ 2.25, 0.25, 1.75, 0.5 ], "texture": "#sword_12" }
			}
		},
		{
			"__comment": "Voxels",
			"from": [ 18, 8, 10 ],
			"to": [ 24, 9, 12 ],
			"faces": {
				"down": { "uv": [ 0, 4, 1.5, 4.5 ], "texture": "#sword_12" },
				"up": { "uv": [ 0, 4, 1.5, 3.5 ], "texture": "#sword_12" },
				"north": { "uv": [ 15.75, 13.5, 14.25, 13.75 ], "texture": "#sword_12" },
				"south": { "uv": [ 11.5, 13, 13, 13.25 ], "texture": "#sword_12" },
				"west": { "uv": [ 1.75, 0, 2.25, 0.25 ], "texture": "#sword_12" },
				"east": { "uv": [ 3, 10.75, 2.5, 11 ], "texture": "#sword_12" }
			}
		},
		{
			"__comment": "Voxels",
			"from": [ 18, 9, 7 ],
			"to": [ 19, 10, 8 ],
			"faces": {
				"down": { "uv": [ 4.5, 10.75, 4.75, 11 ], "texture": "#sword_12" },
				"up": { "uv": [ 4.5, 10.25, 4.75, 10 ], "texture": "#sword_12" },
				"north": { "uv": [ 3.5, 3, 3.25, 3.25 ], "texture": "#sword_12" },
				"south": { "uv": [ 3, 2.75, 3.25, 3 ], "texture": "#sword_12" },
				"west": { "uv": [ 3.25, 2.75, 3.5, 3 ], "texture": "#sword_12" },
				"east": { "uv": [ 4, 4.75, 3.75, 5 ], "texture": "#sword_12" }
			}
		},
		{
			"__comment": "Voxels",
			"from": [ 18, 9, 11 ],
			"to": [ 19, 10, 12 ],
			"faces": {
				"down": { "uv": [ 3.75, 4.5, 4, 4.75 ], "texture": "#sword_12" },
				"up": { "uv": [ 3.75, 4.5, 4, 4.25 ], "texture": "#sword_12" },
				"north": { "uv": [ 4, 4, 3.75, 4.25 ], "texture": "#sword_12" },
				"south": { "uv": [ 3.75, 3.25, 4, 3.5 ], "texture": "#sword_12" },
				"west": { "uv": [ 3.75, 3, 4, 3.25 ], "texture": "#sword_12" },
				"east": { "uv": [ 4, 2.75, 3.75, 3 ], "texture": "#sword_12" }
			}
		},
		{
			"__comment": "Voxels",
			"from": [ 18, 11, 7 ],
			"to": [ 19, 13, 8 ],
			"faces": {
				"down": { "uv": [ 3.75, 2.5, 4, 2.75 ], "texture": "#sword_12" },
				"up": { "uv": [ 4, 11, 4.25, 10.75 ], "texture": "#sword_12" },
				"north": { "uv": [ 2.75, 10.25, 2.5, 10.75 ], "texture": "#sword_12" },
				"south": { "uv": [ 2.75, 10.25, 3, 10.75 ], "texture": "#sword_12" },
				"west": { "uv": [ 2.5, 9.75, 2.75, 10.25 ], "texture": "#sword_12" },
				"east": { "uv": [ 3, 9.75, 2.75, 10.25 ], "texture": "#sword_12" }
			}
		},
		{
			"__comment": "Voxels",
			"from": [ 18, 11, 11 ],
			"to": [ 19, 13, 12 ],
			"faces": {
				"down": { "uv": [ 4, 1.5, 4.25, 1.75 ], "texture": "#sword_12" },
				"up": { "uv": [ 4, 1.5, 4.25, 1.25 ], "texture": "#sword_12" },
				"north": { "uv": [ 2.75, 9.25, 2.5, 9.75 ], "texture": "#sword_12" },
				"south": { "uv": [ 2.75, 9.25, 3, 9.75 ], "texture": "#sword_12" },
				"west": { "uv": [ 2.5, 8.75, 2.75, 9.25 ], "texture": "#sword_12" },
				"east": { "uv": [ 3, 8.75, 2.75, 9.25 ], "texture": "#sword_12" }
			}
		},
		{
			"__comment": "Voxels",
			"from": [ 18, 12, 8 ],
			"to": [ 24, 13, 11 ],
			"faces": {
				"down": { "uv": [ 0, 9.5, 1.5, 10.25 ], "texture": "#sword_12" },
				"up": { "uv": [ 0, 11, 1.5, 10.25 ], "texture": "#sword_12" },
				"north": { "uv": [ 13.5, 12.75, 12, 13 ], "texture": "#sword_12" },
				"south": { "uv": [ 14.5, 13, 16, 13.25 ], "texture": "#sword_12" },
				"west": { "uv": [ 1.75, 9, 2.5, 9.25 ], "texture": "#sword_12" },
				"east": { "uv": [ 2.5, 6.5, 1.75, 6.75 ], "texture": "#sword_12" }
			}
		},
		{
			"__comment": "Voxels",
			"from": [ 18, 14, 7 ],
			"to": [ 19, 16, 8 ],
			"faces": {
				"down": { "uv": [ 4.25, 5, 4.5, 5.25 ], "texture": "#sword_12" },
				"up": { "uv": [ 4.25, 1.5, 4.5, 1.25 ], "texture": "#sword_12" },
				"north": { "uv": [ 2.75, 8.25, 2.5, 8.75 ], "texture": "#sword_12" },
				"south": { "uv": [ 2.75, 8.25, 3, 8.75 ], "texture": "#sword_12" },
				"west": { "uv": [ 2.5, 7.75, 2.75, 8.25 ], "texture": "#sword_12" },
				"east": { "uv": [ 3, 7.75, 2.75, 8.25 ], "texture": "#sword_12" }
			}
		},
		{
			"__comment": "Voxels",
			"from": [ 18, 14, 11 ],
			"to": [ 19, 16, 12 ],
			"faces": {
				"down": { "uv": [ 4.5, 10.5, 4.75, 10.75 ], "texture": "#sword_12" },
				"up": { "uv": [ 4.5, 10.5, 4.75, 10.25 ], "texture": "#sword_12" },
				"north": { "uv": [ 2.75, 7.25, 2.5, 7.75 ], "texture": "#sword_12" },
				"south": { "uv": [ 2.75, 7.25, 3, 7.75 ], "texture": "#sword_12" },
				"west": { "uv": [ 2.5, 6.75, 2.75, 7.25 ], "texture": "#sword_12" },
				"east": { "uv": [ 3, 6.75, 2.75, 7.25 ], "texture": "#sword_12" }
			}
		},
		{
			"__comment": "Voxels",
			"from": [ 18, 16, 8 ],
			"to": [ 24, 17, 9 ],
			"faces": {
				"down": { "uv": [ 9, 12.75, 10.5, 13 ], "texture": "#sword_12" },
				"up": { "uv": [ 9, 12.5, 10.5, 12.25 ], "texture": "#sword_12" },
				"north": { "uv": [ 15, 12.5, 13.5, 12.75 ], "texture": "#sword_12" },
				"south": { "uv": [ 12, 12.5, 13.5, 12.75 ], "texture": "#sword_12" },
				"west": { "uv": [ 3, 2, 3.25, 2.25 ], "texture": "#sword_12" },
				"east": { "uv": [ 3.5, 2, 3.25, 2.25 ], "texture": "#sword_12" }
			}
		},
		{
			"__comment": "Voxels",
			"from": [ 18, 16, 10 ],
			"to": [ 24, 17, 11 ],
			"faces": {
				"down": { "uv": [ 9, 12.5, 10.5, 12.75 ], "texture": "#sword_12" },
				"up": { "uv": [ 13.5, 13, 15, 12.75 ], "texture": "#sword_12" },
				"north": { "uv": [ 15.75, 14, 14.25, 14.25 ], "texture": "#sword_12" },
				"south": { "uv": [ 10.5, 12.5, 12, 12.75 ], "texture": "#sword_12" },
				"west": { "uv": [ 3, 1.25, 3.25, 1.5 ], "texture": "#sword_12" },
				"east": { "uv": [ 3.5, 1.25, 3.25, 1.5 ], "texture": "#sword_12" }
			}
		},
		{
			"__comment": "Voxels",
			"from": [ 18, 18, 7 ],
			"to": [ 19, 19, 8 ],
			"faces": {
				"down": { "uv": [ 3, 1, 3.25, 1.25 ], "texture": "#sword_12" },
				"up": { "uv": [ 3.25, 1.25, 3.5, 1 ], "texture": "#sword_12" },
				"north": { "uv": [ 3.25, 0.75, 3, 1 ], "texture": "#sword_12" },
				"south": { "uv": [ 3.25, 0.75, 3.5, 1 ], "texture": "#sword_12" },
				"west": { "uv": [ 3, 0.5, 3.25, 0.75 ], "texture": "#sword_12" },
				"east": { "uv": [ 3.5, 0.5, 3.25, 0.75 ], "texture": "#sword_12" }
			}
		},
		{
			"__comment": "Voxels",
			"from": [ 18, 18, 11 ],
			"to": [ 19, 19, 12 ],
			"faces": {
				"down": { "uv": [ 3, 0.25, 3.25, 0.5 ], "texture": "#sword_12" },
				"up": { "uv": [ 3.25, 0.5, 3.5, 0.25 ], "texture": "#sword_12" },
				"north": { "uv": [ 3.25, 0, 3, 0.25 ], "texture": "#sword_12" },
				"south": { "uv": [ 3.25, 0, 3.5, 0.25 ], "texture": "#sword_12" },
				"west": { "uv": [ 3.5, 10.75, 3.75, 11 ], "texture": "#sword_12" },
				"east": { "uv": [ 3.75, 10.5, 3.5, 10.75 ], "texture": "#sword_12" }
			}
		},
		{
			"__comment": "Voxels",
			"from": [ 19, 1, 9 ],
			"to": [ 20, 4, 10 ],
			"faces": {
				"down": { "uv": [ 3.5, 10.25, 3.75, 10.5 ], "texture": "#sword_12" },
				"up": { "uv": [ 3.5, 10.25, 3.75, 10 ], "texture": "#sword_12" },
				"north": { "uv": [ 1.75, 3.5, 1.5, 4.25 ], "texture": "#sword_12" },
				"south": { "uv": [ 1.5, 2.75, 1.75, 3.5 ], "texture": "#sword_12" },
				"west": { "uv": [ 1.5, 2, 1.75, 2.75 ], "texture": "#sword_12" },
				"east": { "uv": [ 1.75, 1.25, 1.5, 2 ], "texture": "#sword_12" }
			}
		},
		{
			"__comment": "Voxels",
			"from": [ 19, 6, 9 ],
			"to": [ 23, 7, 10 ],
			"faces": {
				"down": { "uv": [ 11, 11.5, 12, 11.75 ], "texture": "#sword_12" },
				"up": { "uv": [ 14, 12, 15, 11.75 ], "texture": "#sword_12" },
				"north": { "uv": [ 14, 11.75, 13, 12 ], "texture": "#sword_12" },
				"south": { "uv": [ 11, 11.75, 12, 12 ], "texture": "#sword_12" },
				"west": { "uv": [ 3.5, 7.75, 3.75, 8 ], "texture": "#sword_12" },
				"east": { "uv": [ 3.75, 7.5, 3.5, 7.75 ], "texture": "#sword_12" }
			}
		},
		{
			"__comment": "Voxels",
			"from": [ 19, 7, 8 ],
			"to": [ 23, 8, 9 ],
			"faces": {
				"down": { "uv": [ 9, 11.25, 10, 11.5 ], "texture": "#sword_12" },
				"up": { "uv": [ 10, 12, 11, 11.75 ], "texture": "#sword_12" },
				"north": { "uv": [ 10, 11.75, 9, 12 ], "texture": "#sword_12" },
				"south": { "uv": [ 12.5, 12, 13.5, 12.25 ], "texture": "#sword_12" },
				"west": { "uv": [ 3.5, 6.25, 3.75, 6.5 ], "texture": "#sword_12" },
				"east": { "uv": [ 3.75, 6, 3.5, 6.25 ], "texture": "#sword_12" }
			}
		},
		{
			"__comment": "Voxels",
			"from": [ 19, 7, 10 ],
			"to": [ 23, 8, 11 ],
			"faces": {
				"down": { "uv": [ 11.5, 12, 12.5, 12.25 ], "texture": "#sword_12" },
				"up": { "uv": [ 15, 12.75, 16, 12.5 ], "texture": "#sword_12" },
				"north": { "uv": [ 13, 11.75, 12, 12 ], "texture": "#sword_12" },
				"south": { "uv": [ 15, 12.75, 16, 13 ], "texture": "#sword_12" },
				"west": { "uv": [ 3.5, 4.75, 3.75, 5 ], "texture": "#sword_12" },
				"east": { "uv": [ 3.75, 4.5, 3.5, 4.75 ], "texture": "#sword_12" }
			}
		},
		{
			"__comment": "Voxels",
			"from": [ 19, 12, 7 ],
			"to": [ 24, 13, 8 ],
			"faces": {
				"down": { "uv": [ 14.75, 14.5, 16, 14.75 ], "texture": "#sword_12" },
				"up": { "uv": [ 14.75, 15, 16, 14.75 ], "texture": "#sword_12" },
				"north": { "uv": [ 15.5, 12.25, 14.25, 12.5 ], "texture": "#sword_12" },
				"south": { "uv": [ 10.5, 12.25, 11.75, 12.5 ], "texture": "#sword_12" },
				"west": { "uv": [ 3.5, 3.25, 3.75, 3.5 ], "texture": "#sword_12" },
				"east": { "uv": [ 3.75, 3, 3.5, 3.25 ], "texture": "#sword_12" }
			}
		},
		{
			"__comment": "Voxels",
			"from": [ 19, 12, 11 ],
			"to": [ 24, 13, 12 ],
			"faces": {
				"down": { "uv": [ 11.75, 12.25, 13, 12.5 ], "texture": "#sword_12" },
				"up": { "uv": [ 13, 12.5, 14.25, 12.25 ], "texture": "#sword_12" },
				"north": { "uv": [ 11.5, 12, 10.25, 12.25 ], "texture": "#sword_12" },
				"south": { "uv": [ 9, 12, 10.25, 12.25 ], "texture": "#sword_12" },
				"west": { "uv": [ 3.5, 1.75, 3.75, 2 ], "texture": "#sword_12" },
				"east": { "uv": [ 3.75, 1.5, 3.5, 1.75 ], "texture": "#sword_12" }
			}
		},
		{
			"__comment": "Voxels",
			"from": [ 19, 13, 8 ],
			"to": [ 23, 16, 11 ],
			"faces": {
				"down": { "uv": [ 0, 5.75, 1, 6.5 ], "texture": "#sword_12" },
				"up": { "uv": [ 0, 7.25, 1, 6.5 ], "texture": "#sword_12" },
				"north": { "uv": [ 1, 7.25, 0, 8 ], "texture": "#sword_12" },
				"south": { "uv": [ 0, 4.5, 1, 5.25 ], "texture": "#sword_12" },
				"west": { "uv": [ 0, 2.75, 0.75, 3.5 ], "texture": "#sword_12" },
				"east": { "uv": [ 1.5, 2.75, 0.75, 3.5 ], "texture": "#sword_12" }
			}
		},
		{
			"__comment": "Voxels",
			"from": [ 19, 16, 9 ],
			"to": [ 23, 17, 10 ],
			"faces": {
				"down": { "uv": [ 11, 11.25, 12, 11.5 ], "texture": "#sword_12" },
				"up": { "uv": [ 14.5, 12.25, 15.5, 12 ], "texture": "#sword_12" },
				"north": { "uv": [ 14.5, 12, 13.5, 12.25 ], "texture": "#sword_12" },
				"south": { "uv": [ 9, 11, 10, 11.25 ], "texture": "#sword_12" },
				"west": { "uv": [ 3.75, 9.75, 4, 10 ], "texture": "#sword_12" },
				"east": { "uv": [ 4, 9.5, 3.75, 9.75 ], "texture": "#sword_12" }
			}
		},
		{
			"__comment": "Voxels",
			"from": [ 20, 2, 9 ],
			"to": [ 21, 6, 10 ],
			"faces": {
				"down": { "uv": [ 3.75, 9.25, 4, 9.5 ], "texture": "#sword_12" },
				"up": { "uv": [ 3.75, 9.25, 4, 9 ], "texture": "#sword_12" },
				"north": { "uv": [ 1, 1.75, 0.75, 2.75 ], "texture": "#sword_12" },
				"south": { "uv": [ 0.5, 1.75, 0.75, 2.75 ], "texture": "#sword_12" },
				"west": { "uv": [ 0.25, 1.75, 0.5, 2.75 ], "texture": "#sword_12" },
				"east": { "uv": [ 0.25, 1.75, 0, 2.75 ], "texture": "#sword_12" }
			}
		},
		{
			"__comment": "Voxels",
			"from": [ 20, 6, 8 ],
			"to": [ 21, 7, 9 ],
			"faces": {
				"down": { "uv": [ 3.75, 7.75, 4, 8 ], "texture": "#sword_12" },
				"up": { "uv": [ 3.75, 7.75, 4, 7.5 ], "texture": "#sword_12" },
				"north": { "uv": [ 4, 7.25, 3.75, 7.5 ], "texture": "#sword_12" },
				"south": { "uv": [ 3.75, 7, 4, 7.25 ], "texture": "#sword_12" },
				"west": { "uv": [ 3.75, 6.75, 4, 7 ], "texture": "#sword_12" },
				"east": { "uv": [ 4, 6.5, 3.75, 6.75 ], "texture": "#sword_12" }
			}
		},
		{
			"__comment": "Voxels",
			"from": [ 20, 6, 10 ],
			"to": [ 21, 7, 11 ],
			"faces": {
				"down": { "uv": [ 3.75, 6.25, 4, 6.5 ], "texture": "#sword_12" },
				"up": { "uv": [ 3.75, 6.25, 4, 6 ], "texture": "#sword_12" },
				"north": { "uv": [ 4, 5.75, 3.75, 6 ], "texture": "#sword_12" },
				"south": { "uv": [ 3.75, 5.5, 4, 5.75 ], "texture": "#sword_12" },
				"west": { "uv": [ 3.75, 5.25, 4, 5.5 ], "texture": "#sword_12" },
				"east": { "uv": [ 4, 5, 3.75, 5.25 ], "texture": "#sword_12" }
			}
		},
		{
			"__comment": "Voxels",
			"from": [ 20, 10, 7 ],
			"to": [ 22, 11, 8 ],
			"faces": {
				"down": { "uv": [ 2.5, 6.5, 3, 6.75 ], "texture": "#sword_12" },
				"up": { "uv": [ 2.5, 6.5, 3, 6.25 ], "texture": "#sword_12" },
				"north": { "uv": [ 3, 6, 2.5, 6.25 ], "texture": "#sword_12" },
				"south": { "uv": [ 2.5, 5.75, 3, 6 ], "texture": "#sword_12" },
				"west": { "uv": [ 3.75, 3.75, 4, 4 ], "texture": "#sword_12" },
				"east": { "uv": [ 4, 3.5, 3.75, 3.75 ], "texture": "#sword_12" }
			}
		},
		{
			"__comment": "Voxels",
			"from": [ 20, 10, 11 ],
			"to": [ 22, 11, 12 ],
			"faces": {
				"down": { "uv": [ 2.5, 5.5, 3, 5.75 ], "texture": "#sword_12" },
				"up": { "uv": [ 2.5, 5.5, 3, 5.25 ], "texture": "#sword_12" },
				"north": { "uv": [ 3, 5, 2.5, 5.25 ], "texture": "#sword_12" },
				"south": { "uv": [ 2.5, 4.75, 3, 5 ], "texture": "#sword_12" },
				"west": { "uv": [ 3.75, 2.25, 4, 2.5 ], "texture": "#sword_12" },
				"east": { "uv": [ 4, 2, 3.75, 2.25 ], "texture": "#sword_12" }
			}
		},
		{
			"__comment": "Voxels",
			"from": [ 21, 3, 9 ],
			"to": [ 22, 6, 10 ],
			"faces": {
				"down": { "uv": [ 3.75, 1.75, 4, 2 ], "texture": "#sword_12" },
				"up": { "uv": [ 3.75, 1.75, 4, 1.5 ], "texture": "#sword_12" },
				"north": { "uv": [ 1.75, 7.25, 1.5, 8 ], "texture": "#sword_12" },
				"south": { "uv": [ 1.5, 8.75, 1.75, 9.5 ], "texture": "#sword_12" },
				"west": { "uv": [ 1.5, 9.5, 1.75, 10.25 ], "texture": "#sword_12" },
				"east": { "uv": [ 1.75, 10.25, 1.5, 11 ], "texture": "#sword_12" }
			}
		},
		{
			"__comment": "Voxels",
			"from": [ 22, 4, 9 ],
			"to": [ 23, 6, 10 ],
			"faces": {
				"down": { "uv": [ 3.75, 0.25, 4, 0.5 ], "texture": "#sword_12" },
				"up": { "uv": [ 3.75, 0.25, 4, 0 ], "texture": "#sword_12" },
				"north": { "uv": [ 2.75, 4.25, 2.5, 4.75 ], "texture": "#sword_12" },
				"south": { "uv": [ 2.75, 4.25, 3, 4.75 ], "texture": "#sword_12" },
				"west": { "uv": [ 2.5, 3.75, 2.75, 4.25 ], "texture": "#sword_12" },
				"east": { "uv": [ 3, 3.75, 2.75, 4.25 ], "texture": "#sword_12" }
			}
		},
		{
			"__comment": "Voxels",
			"from": [ 22, 16, 7 ],
			"to": [ 25, 17, 8 ],
			"faces": {
				"down": { "uv": [ 0.25, 0.5, 1, 0.75 ], "texture": "#sword_12" },
				"up": { "uv": [ 0.25, 1, 1, 0.75 ], "texture": "#sword_12" },
				"north": { "uv": [ 1.25, 1, 0.5, 1.25 ], "texture": "#sword_12" },
				"south": { "uv": [ 0.5, 1.25, 1.25, 1.5 ], "texture": "#sword_12" },
				"west": { "uv": [ 4, 8.75, 4.25, 9 ], "texture": "#sword_12" },
				"east": { "uv": [ 4.25, 8.5, 4, 8.75 ], "texture": "#sword_12" }
			}
		},
		{
			"__comment": "Voxels",
			"from": [ 22, 16, 11 ],
			"to": [ 25, 17, 12 ],
			"faces": {
				"down": { "uv": [ 1.75, 4.75, 2.5, 5 ], "texture": "#sword_12" },
				"up": { "uv": [ 15.25, 11.25, 16, 11 ], "texture": "#sword_12" },
				"north": { "uv": [ 13, 11, 12.25, 11.25 ], "texture": "#sword_12" },
				"south": { "uv": [ 11.5, 11, 12.25, 11.25 ], "texture": "#sword_12" },
				"west": { "uv": [ 4, 7.25, 4.25, 7.5 ], "texture": "#sword_12" },
				"east": { "uv": [ 4.25, 7, 4, 7.25 ], "texture": "#sword_12" }
			}
		},
		{
			"__comment": "Voxels",
			"from": [ 23, 5, 9 ],
			"to": [ 24, 6, 10 ],
			"faces": {
				"down": { "uv": [ 4, 6.75, 4.25, 7 ], "texture": "#sword_12" },
				"up": { "uv": [ 4, 6.75, 4.25, 6.5 ], "texture": "#sword_12" },
				"north": { "uv": [ 4.25, 6.25, 4, 6.5 ], "texture": "#sword_12" },
				"south": { "uv": [ 4, 6, 4.25, 6.25 ], "texture": "#sword_12" },
				"west": { "uv": [ 4, 5.75, 4.25, 6 ], "texture": "#sword_12" },
				"east": { "uv": [ 4.25, 5.5, 4, 5.75 ], "texture": "#sword_12" }
			}
		},
		{
			"__comment": "Voxels",
			"from": [ 23, 9, 7 ],
			"to": [ 24, 12, 8 ],
			"faces": {
				"down": { "uv": [ 4, 5.25, 4.25, 5.5 ], "texture": "#sword_12" },
				"up": { "uv": [ 4, 5.25, 4.25, 5 ], "texture": "#sword_12" },
				"north": { "uv": [ 0.25, 0.25, 0, 1 ], "texture": "#sword_12" },
				"south": { "uv": [ 0, 1, 0.25, 1.75 ], "texture": "#sword_12" },
				"west": { "uv": [ 1.25, 2, 1.5, 2.75 ], "texture": "#sword_12" },
				"east": { "uv": [ 1.25, 2, 1, 2.75 ], "texture": "#sword_12" }
			}
		},
		{
			"__comment": "Voxels",
			"from": [ 23, 9, 11 ],
			"to": [ 24, 12, 12 ],
			"faces": {
				"down": { "uv": [ 4, 3.75, 4.25, 4 ], "texture": "#sword_12" },
				"up": { "uv": [ 4, 3.75, 4.25, 3.5 ], "texture": "#sword_12" },
				"north": { "uv": [ 1.75, 4.25, 1.5, 5 ], "texture": "#sword_12" },
				"south": { "uv": [ 1.5, 5, 1.75, 5.75 ], "texture": "#sword_12" },
				"west": { "uv": [ 1.5, 5.75, 1.75, 6.5 ], "texture": "#sword_12" },
				"east": { "uv": [ 1.75, 6.5, 1.5, 7.25 ], "texture": "#sword_12" }
			}
		},
		{
			"__comment": "Voxels",
			"from": [ 23, 14, 7 ],
			"to": [ 24, 16, 8 ],
			"faces": {
				"down": { "uv": [ 4, 2.25, 4.25, 2.5 ], "texture": "#sword_12" },
				"up": { "uv": [ 4, 2.25, 4.25, 2 ], "texture": "#sword_12" },
				"north": { "uv": [ 2.75, 2.25, 2.5, 2.75 ], "texture": "#sword_12" },
				"south": { "uv": [ 2.75, 2.25, 3, 2.75 ], "texture": "#sword_12" },
				"west": { "uv": [ 2.5, 1.75, 2.75, 2.25 ], "texture": "#sword_12" },
				"east": { "uv": [ 3, 1.75, 2.75, 2.25 ], "texture": "#sword_12" }
			}
		},
		{
			"__comment": "Voxels",
			"from": [ 23, 14, 11 ],
			"to": [ 24, 16, 12 ],
			"faces": {
				"down": { "uv": [ 4, 0.75, 4.25, 1 ], "texture": "#sword_12" },
				"up": { "uv": [ 4, 0.75, 4.25, 0.5 ], "texture": "#sword_12" },
				"north": { "uv": [ 2.75, 1.25, 2.5, 1.75 ], "texture": "#sword_12" },
				"south": { "uv": [ 2.75, 1.25, 3, 1.75 ], "texture": "#sword_12" },
				"west": { "uv": [ 2.5, 0.75, 2.75, 1.25 ], "texture": "#sword_12" },
				"east": { "uv": [ 3, 0.75, 2.75, 1.25 ], "texture": "#sword_12" }
			}
		},
		{
			"__comment": "Voxels",
			"from": [ 23, 17, 8 ],
			"to": [ 25, 18, 11 ],
			"faces": {
				"down": { "uv": [ 1, 5.75, 1.5, 6.5 ], "texture": "#sword_12" },
				"up": { "uv": [ 1, 5.25, 1.5, 4.5 ], "texture": "#sword_12" },
				"north": { "uv": [ 3, 0.5, 2.5, 0.75 ], "texture": "#sword_12" },
				"south": { "uv": [ 2.5, 0.25, 3, 0.5 ], "texture": "#sword_12" },
				"west": { "uv": [ 1.75, 9.75, 2.5, 10 ], "texture": "#sword_12" },
				"east": { "uv": [ 2.5, 10, 1.75, 10.25 ], "texture": "#sword_12" }
			}
		},
		{
			"__comment": "Voxels",
			"from": [ 23, 18, 7 ],
			"to": [ 24, 19, 8 ],
			"faces": {
				"down": { "uv": [ 4.25, 8.75, 4.5, 9 ], "texture": "#sword_12" },
				"up": { "uv": [ 4.25, 8.75, 4.5, 8.5 ], "texture": "#sword_12" },
				"north": { "uv": [ 4.5, 8.25, 4.25, 8.5 ], "texture": "#sword_12" },
				"south": { "uv": [ 4.25, 8, 4.5, 8.25 ], "texture": "#sword_12" },
				"west": { "uv": [ 4.25, 7.75, 4.5, 8 ], "texture": "#sword_12" },
				"east": { "uv": [ 4.5, 7.5, 4.25, 7.75 ], "texture": "#sword_12" }
			}
		},
		{
			"__comment": "Voxels",
			"from": [ 23, 18, 11 ],
			"to": [ 24, 19, 12 ],
			"faces": {
				"down": { "uv": [ 4.25, 7.25, 4.5, 7.5 ], "texture": "#sword_12" },
				"up": { "uv": [ 4.25, 7.25, 4.5, 7 ], "texture": "#sword_12" },
				"north": { "uv": [ 4.5, 6.75, 4.25, 7 ], "texture": "#sword_12" },
				"south": { "uv": [ 4.25, 6.5, 4.5, 6.75 ], "texture": "#sword_12" },
				"west": { "uv": [ 4.25, 6.25, 4.5, 6.5 ], "texture": "#sword_12" },
				"east": { "uv": [ 4.5, 6, 4.25, 6.25 ], "texture": "#sword_12" }
			}
		},
		{
			"__comment": "Voxels",
			"from": [ 24, 18, 9 ],
			"to": [ 26, 19, 10 ],
			"faces": {
				"down": { "uv": [ 2.5, 0, 3, 0.25 ], "texture": "#sword_12" },
				"up": { "uv": [ 3, 11, 3.5, 10.75 ], "texture": "#sword_12" },
				"north": { "uv": [ 3.5, 10.5, 3, 10.75 ], "texture": "#sword_12" },
				"south": { "uv": [ 3, 10.25, 3.5, 10.5 ], "texture": "#sword_12" },
				"west": { "uv": [ 4.25, 4.75, 4.5, 5 ], "texture": "#sword_12" },
				"east": { "uv": [ 4.5, 4.5, 4.25, 4.75 ], "texture": "#sword_12" }
			}
		},
		{
			"__comment": "Voxels",
			"from": [ 25, 18, 7 ],
			"to": [ 28, 19, 8 ],
			"faces": {
				"down": { "uv": [ 1.75, 9.5, 2.5, 9.75 ], "texture": "#sword_12" },
				"up": { "uv": [ 1.75, 9.5, 2.5, 9.25 ], "texture": "#sword_12" },
				"north": { "uv": [ 1.25, 1.5, 0.5, 1.75 ], "texture": "#sword_12" },
				"south": { "uv": [ 0.25, 0.25, 1, 0.5 ], "texture": "#sword_12" },
				"west": { "uv": [ 4.25, 3.25, 4.5, 3.5 ], "texture": "#sword_12" },
				"east": { "uv": [ 4.5, 3, 4.25, 3.25 ], "texture": "#sword_12" }
			}
		},
		{
			"__comment": "Voxels",
			"from": [ 25, 18, 8 ],
			"to": [ 26, 19, 9 ],
			"faces": {
				"down": { "uv": [ 4.25, 2.75, 4.5, 3 ], "texture": "#sword_12" },
				"up": { "uv": [ 4.25, 2.75, 4.5, 2.5 ], "texture": "#sword_12" },
				"north": { "uv": [ 4.5, 2.25, 4.25, 2.5 ], "texture": "#sword_12" },
				"south": { "uv": [ 4.25, 2, 4.5, 2.25 ], "texture": "#sword_12" },
				"west": { "uv": [ 4.25, 1.75, 4.5, 2 ], "texture": "#sword_12" },
				"east": { "uv": [ 4.5, 1.5, 4.25, 1.75 ], "texture": "#sword_12" }
			}
		},
		{
			"__comment": "Voxels",
			"from": [ 25, 18, 10 ],
			"to": [ 26, 19, 12 ],
			"faces": {
				"down": { "uv": [ 3, 9.75, 3.25, 10.25 ], "texture": "#sword_12" },
				"up": { "uv": [ 3.25, 10.25, 3.5, 9.75 ], "texture": "#sword_12" },
				"north": { "uv": [ 4.5, 0.75, 4.25, 1 ], "texture": "#sword_12" },
				"south": { "uv": [ 4.25, 0.5, 4.5, 0.75 ], "texture": "#sword_12" },
				"west": { "uv": [ 3, 9.5, 3.5, 9.75 ], "texture": "#sword_12" },
				"east": { "uv": [ 16, 12.25, 15.5, 12.5 ], "texture": "#sword_12" }
			}
		},
		{
			"__comment": "Voxels",
			"from": [ 26, 18, 11 ],
			"to": [ 28, 19, 12 ],
			"faces": {
				"down": { "uv": [ 15.5, 12, 16, 12.25 ], "texture": "#sword_12" },
				"up": { "uv": [ 1, 2, 1.5, 1.75 ], "texture": "#sword_12" },
				"north": { "uv": [ 1.5, 0.75, 1, 1 ], "texture": "#sword_12" },
				"south": { "uv": [ 1, 0.5, 1.5, 0.75 ], "texture": "#sword_12" },
				"west": { "uv": [ 4.5, 9.75, 4.75, 10 ], "texture": "#sword_12" },
				"east": { "uv": [ 4.75, 9.5, 4.5, 9.75 ], "texture": "#sword_12" }
			}
		},
		{
			"__comment": "Voxels",
			"from": [ 27, 8, 9 ],
			"to": [ 28, 9, 10 ],
			"faces": {
				"down": { "uv": [ 4.5, 9.25, 4.75, 9.5 ], "texture": "#sword_12" },
				"up": { "uv": [ 4.5, 9.25, 4.75, 9 ], "texture": "#sword_12" },
				"north": { "uv": [ 4.75, 8.75, 4.5, 9 ], "texture": "#sword_12" },
				"south": { "uv": [ 4.5, 8.5, 4.75, 8.75 ], "texture": "#sword_12" },
				"west": { "uv": [ 4.5, 8.25, 4.75, 8.5 ], "texture": "#sword_12" },
				"east": { "uv": [ 4.75, 8, 4.5, 8.25 ], "texture": "#sword_12" }
			}
		},
		{
			"__comment": "Voxels",
			"from": [ 27, 12, 9 ],
			"to": [ 28, 13, 10 ],
			"faces": {
				"down": { "uv": [ 4.5, 7.75, 4.75, 8 ], "texture": "#sword_12" },
				"up": { "uv": [ 4.5, 7.75, 4.75, 7.5 ], "texture": "#sword_12" },
				"north": { "uv": [ 4.75, 7.25, 4.5, 7.5 ], "texture": "#sword_12" },
				"south": { "uv": [ 4.5, 7, 4.75, 7.25 ], "texture": "#sword_12" },
				"west": { "uv": [ 4.5, 6.75, 4.75, 7 ], "texture": "#sword_12" },
				"east": { "uv": [ 4.75, 6.5, 4.5, 6.75 ], "texture": "#sword_12" }
			}
		}
	],
	"display": {
		"thirdperson_righthand": {
			"rotation":  [ 0, -90, 90 ],
			"translation":  [ 1.5, 1, 3 ],
			"scale":  [ 0.55, 0.5, 0.5 ]
		},
		"thirdperson_lefthand": {
			"rotation":  [ 0, 90, -90 ],
			"translation":  [ -1, 1, 3 ],
			"scale":  [ 0.55, 0.5, 0.5 ]
		},
		"firstperson_righthand": {
			"rotation":  [ 0, -70, 80 ],
			"translation":  [ 4.3, 2, -3.5 ],
			"scale":  [ 0.6, 0.45, 0.6 ]
		},
		"firstperson_lefthand": {
			"rotation":  [ 0, 90, -80 ],
			"translation":  [ 4.3, 2, -3.5 ],
			"scale":  [ 0.6, 0.6, 0.6 ]
		},
		"gui": {
			"rotation":  [ -4, 180, 132 ],
			"translation":  [ -2.5, -0.5, 0 ],
			"scale":  [ 0.47, 0.45, 0.45 ]
		},
		"head": {
			"rotation":  [ 0, 0, 45 ],
			"translation":  [ 4, -18, 3 ],
			"scale":  [ 0.8, 0.8, 0.8 ]
		}
	}
}