{
	"__comment": "Designed by MrZoom31 with Cubik Studio - https://cubik.studio",
	"textures": {
		"sword_15": "items/sword_15"
	},
	"elements": [ 	 
		{
			"__comment": "Voxels",
			"from": [ -9, 8, 8 ],
			"to": [ 30, 9, 9 ],
			"faces": {
				"down": { "uv": [ 0, 15.75, 9.75, 16 ], "texture": "#sword_15" },
				"up": { "uv": [ 0, 15.75, 9.75, 15.5 ], "texture": "#sword_15" },
				"north": { "uv": [ 9.75, 15.25, 0, 15.5 ], "texture": "#sword_15" },
				"south": { "uv": [ 0, 15, 9.75, 15.25 ], "texture": "#sword_15" },
				"west": { "uv": [ 14.25, 14.25, 14.5, 14.5 ], "texture": "#sword_15" },
				"east": { "uv": [ 16, 14.5, 15.75, 14.75 ], "texture": "#sword_15" }
			}
		},
		{
			"__comment": "Voxels",
			"from": [ -7, 8, 7 ],
			"to": [ 29, 9, 8 ],
			"faces": {
				"down": { "uv": [ 0, 14.75, 9, 15 ], "texture": "#sword_15" },
				"up": { "uv": [ 0, 14.75, 9, 14.5 ], "texture": "#sword_15" },
				"north": { "uv": [ 9, 14.25, 0, 14.5 ], "texture": "#sword_15" },
				"south": { "uv": [ 0, 14, 9, 14.25 ], "texture": "#sword_15" },
				"west": { "uv": [ 9, 8, 9.25, 8.25 ], "texture": "#sword_15" },
				"east": { "uv": [ 9.25, 8.75, 9, 9 ], "texture": "#sword_15" }
			}
		},
		{
			"__comment": "Voxels",
			"from": [ -7, 8, 9 ],
			"to": [ 29, 9, 10 ],
			"faces": {
				"down": { "uv": [ 0, 13.75, 9, 14 ], "texture": "#sword_15" },
				"up": { "uv": [ 0, 13.75, 9, 13.5 ], "texture": "#sword_15" },
				"north": { "uv": [ 9, 13.25, 0, 13.5 ], "texture": "#sword_15" },
				"south": { "uv": [ 0, 13, 9, 13.25 ], "texture": "#sword_15" },
				"west": { "uv": [ 9, 9, 9.25, 9.25 ], "texture": "#sword_15" },
				"east": { "uv": [ 9.25, 9.5, 9, 9.75 ], "texture": "#sword_15" }
			}
		},
		{
			"__comment": "Voxels",
			"from": [ -6, 7, 8 ],
			"to": [ 29, 8, 9 ],
			"faces": {
				"down": { "uv": [ 0, 11.75, 8.75, 12 ], "texture": "#sword_15" },
				"up": { "uv": [ 0, 11.75, 8.75, 11.5 ], "texture": "#sword_15" },
				"north": { "uv": [ 8.75, 11.25, 0, 11.5 ], "texture": "#sword_15" },
				"south": { "uv": [ 0, 11, 8.75, 11.25 ], "texture": "#sword_15" },
				"west": { "uv": [ 9, 10.25, 9.25, 10.5 ], "texture": "#sword_15" },
				"east": { "uv": [ 9.25, 10.5, 9, 10.75 ], "texture": "#sword_15" }
			}
		},
		{
			"__comment": "Voxels",
			"from": [ -6, 9, 8 ],
			"to": [ 29, 10, 9 ],
			"faces": {
				"down": { "uv": [ 0, 12.75, 8.75, 13 ], "texture": "#sword_15" },
				"up": { "uv": [ 0, 12.75, 8.75, 12.5 ], "texture": "#sword_15" },
				"north": { "uv": [ 8.75, 12.25, 0, 12.5 ], "texture": "#sword_15" },
				"south": { "uv": [ 0, 12, 8.75, 12.25 ], "texture": "#sword_15" },
				"west": { "uv": [ 9, 13.5, 9.25, 13.75 ], "texture": "#sword_15" },
				"east": { "uv": [ 9.25, 10.75, 9, 11 ], "texture": "#sword_15" }
			}
		},
		{
			"__comment": "Voxels",
			"from": [ -4, 7, 7 ],
			"to": [ 6, 8, 8 ],
			"faces": {
				"down": { "uv": [ 12.25, 15, 14.75, 15.25 ], "texture": "#sword_15" },
				"up": { "uv": [ 1.75, 11, 4.25, 10.75 ], "texture": "#sword_15" },
				"north": { "uv": [ 4.25, 10.5, 1.75, 10.75 ], "texture": "#sword_15" },
				"south": { "uv": [ 1.75, 10.25, 4.25, 10.5 ], "texture": "#sword_15" },
				"west": { "uv": [ 9, 11, 9.25, 11.25 ], "texture": "#sword_15" },
				"east": { "uv": [ 9.25, 11.75, 9, 12 ], "texture": "#sword_15" }
			}
		},
		{
			"__comment": "Voxels",
			"from": [ -4, 7, 9 ],
			"to": [ 6, 8, 10 ],
			"faces": {
				"down": { "uv": [ 1.75, 10, 4.25, 10.25 ], "texture": "#sword_15" },
				"up": { "uv": [ 1.75, 10, 4.25, 9.75 ], "texture": "#sword_15" },
				"north": { "uv": [ 4.25, 9.5, 1.75, 9.75 ], "texture": "#sword_15" },
				"south": { "uv": [ 1.75, 9.25, 4.25, 9.5 ], "texture": "#sword_15" },
				"west": { "uv": [ 9, 12, 9.25, 12.25 ], "texture": "#sword_15" },
				"east": { "uv": [ 9.25, 12.25, 9, 12.5 ], "texture": "#sword_15" }
			}
		},
		{
			"__comment": "Voxels",
			"from": [ -4, 8, 3 ],
			"to": [ 3, 9, 5 ],
			"faces": {
				"down": { "uv": [ 0, 10, 1.75, 10.5 ], "texture": "#sword_15" },
				"up": { "uv": [ 0, 11, 1.75, 10.5 ], "texture": "#sword_15" },
				"north": { "uv": [ 7, 10.75, 5.25, 11 ], "texture": "#sword_15" },
				"south": { "uv": [ 7, 10.75, 8.75, 11 ], "texture": "#sword_15" },
				"west": { "uv": [ 14.25, 14.5, 14.75, 14.75 ], "texture": "#sword_15" },
				"east": { "uv": [ 15.25, 14.5, 14.75, 14.75 ], "texture": "#sword_15" }
			}
		},
		{
			"__comment": "Voxels",
			"from": [ -4, 9, 7 ],
			"to": [ 6, 10, 8 ],
			"faces": {
				"down": { "uv": [ 1.75, 9, 4.25, 9.25 ], "texture": "#sword_15" },
				"up": { "uv": [ 12.25, 16, 14.75, 15.75 ], "texture": "#sword_15" },
				"north": { "uv": [ 12.25, 15.5, 9.75, 15.75 ], "texture": "#sword_15" },
				"south": { "uv": [ 12.25, 15.5, 14.75, 15.75 ], "texture": "#sword_15" },
				"west": { "uv": [ 9, 12.5, 9.25, 12.75 ], "texture": "#sword_15" },
				"east": { "uv": [ 9.25, 13.25, 9, 13.5 ], "texture": "#sword_15" }
			}
		},
		{
			"__comment": "Voxels",
			"from": [ -4, 9, 9 ],
			"to": [ 6, 10, 10 ],
			"faces": {
				"down": { "uv": [ 12.25, 15.25, 14.75, 15.5 ], "texture": "#sword_15" },
				"up": { "uv": [ 9.75, 16, 12.25, 15.75 ], "texture": "#sword_15" },
				"north": { "uv": [ 12.25, 15, 9.75, 15.25 ], "texture": "#sword_15" },
				"south": { "uv": [ 9.75, 15.25, 12.25, 15.5 ], "texture": "#sword_15" },
				"west": { "uv": [ 9, 13.75, 9.25, 14 ], "texture": "#sword_15" },
				"east": { "uv": [ 9.25, 14, 9, 14.25 ], "texture": "#sword_15" }
			}
		},
		{
			"__comment": "Voxels",
			"from": [ -3, 6, 8 ],
			"to": [ -1, 7, 9 ],
			"faces": {
				"down": { "uv": [ 15.25, 14.5, 15.75, 14.75 ], "texture": "#sword_15" },
				"up": { "uv": [ 9.25, 14.5, 9.75, 14.25 ], "texture": "#sword_15" },
				"north": { "uv": [ 10.25, 14.25, 9.75, 14.5 ], "texture": "#sword_15" },
				"south": { "uv": [ 10.25, 14.25, 10.75, 14.5 ], "texture": "#sword_15" },
				"west": { "uv": [ 8.75, 11, 9, 11.25 ], "texture": "#sword_15" },
				"east": { "uv": [ 9.5, 13.25, 9.25, 13.5 ], "texture": "#sword_15" }
			}
		},
		{
			"__comment": "Voxels",
			"from": [ -3, 8, 2 ],
			"to": [ 2, 9, 3 ],
			"faces": {
				"down": { "uv": [ 14.75, 15.75, 16, 16 ], "texture": "#sword_15" },
				"up": { "uv": [ 6.5, 10.75, 7.75, 10.5 ], "texture": "#sword_15" },
				"north": { "uv": [ 16, 15.5, 14.75, 15.75 ], "texture": "#sword_15" },
				"south": { "uv": [ 14.75, 15.25, 16, 15.5 ], "texture": "#sword_15" },
				"west": { "uv": [ 15.5, 14.25, 15.75, 14.5 ], "texture": "#sword_15" },
				"east": { "uv": [ 15.5, 14.25, 15.25, 14.5 ], "texture": "#sword_15" }
			}
		},
		{
			"__comment": "Voxels",
			"from": [ -3, 8, 5 ],
			"to": [ 2, 9, 7 ],
			"faces": {
				"down": { "uv": [ 0, 9, 1.25, 9.5 ], "texture": "#sword_15" },
				"up": { "uv": [ 0, 10, 1.25, 9.5 ], "texture": "#sword_15" },
				"north": { "uv": [ 16, 15, 14.75, 15.25 ], "texture": "#sword_15" },
				"south": { "uv": [ 5.25, 10.5, 6.5, 10.75 ], "texture": "#sword_15" },
				"west": { "uv": [ 10.75, 14.25, 11.25, 14.5 ], "texture": "#sword_15" },
				"east": { "uv": [ 11.75, 14.25, 11.25, 14.5 ], "texture": "#sword_15" }
			}
		},
		{
			"__comment": "Voxels",
			"from": [ -3, 8, 10 ],
			"to": [ 1, 9, 12 ],
			"faces": {
				"down": { "uv": [ 3.25, 8, 4.25, 8.5 ], "texture": "#sword_15" },
				"up": { "uv": [ 3.25, 9, 4.25, 8.5 ], "texture": "#sword_15" },
				"north": { "uv": [ 5.25, 8.75, 4.25, 9 ], "texture": "#sword_15" },
				"south": { "uv": [ 4.25, 8.5, 5.25, 8.75 ], "texture": "#sword_15" },
				"west": { "uv": [ 11.75, 14.25, 12.25, 14.5 ], "texture": "#sword_15" },
				"east": { "uv": [ 12.75, 14.25, 12.25, 14.5 ], "texture": "#sword_15" }
			}
		},
		{
			"__comment": "Voxels",
			"from": [ -3, 10, 8 ],
			"to": [ -1, 11, 9 ],
			"faces": {
				"down": { "uv": [ 12.75, 14.25, 13.25, 14.5 ], "texture": "#sword_15" },
				"up": { "uv": [ 13.25, 14.5, 13.75, 14.25 ], "texture": "#sword_15" },
				"north": { "uv": [ 1.75, 9.25, 1.25, 9.5 ], "texture": "#sword_15" },
				"south": { "uv": [ 13.75, 14.25, 14.25, 14.5 ], "texture": "#sword_15" },
				"west": { "uv": [ 14.5, 14.25, 14.75, 14.5 ], "texture": "#sword_15" },
				"east": { "uv": [ 9.5, 11.25, 9.25, 11.5 ], "texture": "#sword_15" }
			}
		},
		{
			"__comment": "Voxels",
			"from": [ -2, 7, 4 ],
			"to": [ 1, 8, 7 ],
			"faces": {
				"down": { "uv": [ 0.75, 8.25, 1.5, 9 ], "texture": "#sword_15" },
				"up": { "uv": [ 0, 9, 0.75, 8.25 ], "texture": "#sword_15" },
				"north": { "uv": [ 7.5, 10, 6.75, 10.25 ], "texture": "#sword_15" },
				"south": { "uv": [ 7.5, 10, 8.25, 10.25 ], "texture": "#sword_15" },
				"west": { "uv": [ 8.25, 10, 9, 10.25 ], "texture": "#sword_15" },
				"east": { "uv": [ 7.5, 9.75, 6.75, 10 ], "texture": "#sword_15" }
			}
		},
		{
			"__comment": "Voxels",
			"from": [ -2, 7, 10 ],
			"to": [ 1, 8, 11 ],
			"faces": {
				"down": { "uv": [ 7.5, 9.75, 8.25, 10 ], "texture": "#sword_15" },
				"up": { "uv": [ 8.25, 10, 9, 9.75 ], "texture": "#sword_15" },
				"north": { "uv": [ 7.5, 9.5, 6.75, 9.75 ], "texture": "#sword_15" },
				"south": { "uv": [ 2.5, 8, 3.25, 8.25 ], "texture": "#sword_15" },
				"west": { "uv": [ 7.75, 8, 8, 8.25 ], "texture": "#sword_15" },
				"east": { "uv": [ 9, 11.5, 8.75, 11.75 ], "texture": "#sword_15" }
			}
		},
		{
			"__comment": "Voxels",
			"from": [ -2, 8, 12 ],
			"to": [ 2, 9, 14 ],
			"faces": {
				"down": { "uv": [ 4.25, 10, 5.25, 10.5 ], "texture": "#sword_15" },
				"up": { "uv": [ 4.25, 11, 5.25, 10.5 ], "texture": "#sword_15" },
				"north": { "uv": [ 5.25, 9.75, 4.25, 10 ], "texture": "#sword_15" },
				"south": { "uv": [ 4.25, 9, 5.25, 9.25 ], "texture": "#sword_15" },
				"west": { "uv": [ 1.25, 9.75, 1.75, 10 ], "texture": "#sword_15" },
				"east": { "uv": [ 1.75, 9.5, 1.25, 9.75 ], "texture": "#sword_15" }
			}
		},
		{
			"__comment": "Voxels",
			"from": [ -2, 9, 4 ],
			"to": [ 1, 10, 7 ],
			"faces": {
				"down": { "uv": [ 2.5, 8.25, 3.25, 9 ], "texture": "#sword_15" },
				"up": { "uv": [ 1.75, 9, 2.5, 8.25 ], "texture": "#sword_15" },
				"north": { "uv": [ 6.75, 9.5, 6, 9.75 ], "texture": "#sword_15" },
				"south": { "uv": [ 6, 9, 6.75, 9.25 ], "texture": "#sword_15" },
				"west": { "uv": [ 5.25, 8.25, 6, 8.5 ], "texture": "#sword_15" },
				"east": { "uv": [ 9, 10.25, 8.25, 10.5 ], "texture": "#sword_15" }
			}
		},
		{
			"__comment": "Voxels",
			"from": [ -2, 9, 10 ],
			"to": [ 1, 10, 11 ],
			"faces": {
				"down": { "uv": [ 6, 9.25, 6.75, 9.5 ], "texture": "#sword_15" },
				"up": { "uv": [ 5.25, 8.75, 6, 8.5 ], "texture": "#sword_15" },
				"north": { "uv": [ 8.25, 10.25, 7.5, 10.5 ], "texture": "#sword_15" },
				"south": { "uv": [ 6, 8.5, 6.75, 8.75 ], "texture": "#sword_15" },
				"west": { "uv": [ 8.75, 12.5, 9, 12.75 ], "texture": "#sword_15" },
				"east": { "uv": [ 9, 11.75, 8.75, 12 ], "texture": "#sword_15" }
			}
		},
		{
			"__comment": "Voxels",
			"from": [ -1, 7, 2 ],
			"to": [ 0, 8, 4 ],
			"faces": {
				"down": { "uv": [ 1.5, 8.5, 1.75, 9 ], "texture": "#sword_15" },
				"up": { "uv": [ 7.5, 8.75, 7.75, 8.25 ], "texture": "#sword_15" },
				"north": { "uv": [ 9.25, 9.25, 9, 9.5 ], "texture": "#sword_15" },
				"south": { "uv": [ 9.25, 12.5, 9.5, 12.75 ], "texture": "#sword_15" },
				"west": { "uv": [ 1.25, 9, 1.75, 9.25 ], "texture": "#sword_15" },
				"east": { "uv": [ 9, 10.5, 8.5, 10.75 ], "texture": "#sword_15" }
			}
		},
		{
			"__comment": "Voxels",
			"from": [ -1, 7, 11 ],
			"to": [ 0, 8, 13 ],
			"faces": {
				"down": { "uv": [ 7.75, 8.25, 8, 8.75 ], "texture": "#sword_15" },
				"up": { "uv": [ 8, 8.75, 8.25, 8.25 ], "texture": "#sword_15" },
				"north": { "uv": [ 9, 11.25, 8.75, 11.5 ], "texture": "#sword_15" },
				"south": { "uv": [ 7.5, 8, 7.75, 8.25 ], "texture": "#sword_15" },
				"west": { "uv": [ 8.25, 8.75, 8.75, 9 ], "texture": "#sword_15" },
				"east": { "uv": [ 8.75, 8.5, 8.25, 8.75 ], "texture": "#sword_15" }
			}
		},
		{
			"__comment": "Voxels",
			"from": [ -1, 8, 14 ],
			"to": [ 3, 9, 15 ],
			"faces": {
				"down": { "uv": [ 4.25, 8.25, 5.25, 8.5 ], "texture": "#sword_15" },
				"up": { "uv": [ 4.25, 9.5, 5.25, 9.25 ], "texture": "#sword_15" },
				"north": { "uv": [ 1.75, 8, 0.75, 8.25 ], "texture": "#sword_15" },
				"south": { "uv": [ 4.25, 9.5, 5.25, 9.75 ], "texture": "#sword_15" },
				"west": { "uv": [ 9.25, 13, 9.5, 13.25 ], "texture": "#sword_15" },
				"east": { "uv": [ 9.5, 12.75, 9.25, 13 ], "texture": "#sword_15" }
			}
		},
		{
			"__comment": "Voxels",
			"from": [ -1, 9, 2 ],
			"to": [ 0, 10, 4 ],
			"faces": {
				"down": { "uv": [ 8.25, 8, 8.5, 8.5 ], "texture": "#sword_15" },
				"up": { "uv": [ 8.5, 8.5, 8.75, 8 ], "texture": "#sword_15" },
				"north": { "uv": [ 9.5, 11, 9.25, 11.25 ], "texture": "#sword_15" },
				"south": { "uv": [ 8.75, 12.75, 9, 13 ], "texture": "#sword_15" },
				"west": { "uv": [ 9, 14.75, 9.5, 15 ], "texture": "#sword_15" },
				"east": { "uv": [ 10, 14.75, 9.5, 15 ], "texture": "#sword_15" }
			}
		},
		{
			"__comment": "Voxels",
			"from": [ -1, 9, 11 ],
			"to": [ 0, 10, 13 ],
			"faces": {
				"down": { "uv": [ 8.75, 8, 9, 8.5 ], "texture": "#sword_15" },
				"up": { "uv": [ 9, 14.75, 9.25, 14.25 ], "texture": "#sword_15" },
				"north": { "uv": [ 9, 10.75, 8.75, 11 ], "texture": "#sword_15" },
				"south": { "uv": [ 8.75, 8.75, 9, 9 ], "texture": "#sword_15" },
				"west": { "uv": [ 10, 14.75, 10.5, 15 ], "texture": "#sword_15" },
				"east": { "uv": [ 11, 14.75, 10.5, 15 ], "texture": "#sword_15" }
			}
		},
		{
			"__comment": "Voxels",
			"from": [ 0, 6, 8 ],
			"to": [ 2, 7, 9 ],
			"faces": {
				"down": { "uv": [ 11, 14.75, 11.5, 15 ], "texture": "#sword_15" },
				"up": { "uv": [ 11.5, 15, 12, 14.75 ], "texture": "#sword_15" },
				"north": { "uv": [ 12.5, 14.75, 12, 15 ], "texture": "#sword_15" },
				"south": { "uv": [ 12.5, 14.75, 13, 15 ], "texture": "#sword_15" },
				"west": { "uv": [ 15.75, 14.25, 16, 14.5 ], "texture": "#sword_15" },
				"east": { "uv": [ 9.5, 14, 9.25, 14.25 ], "texture": "#sword_15" }
			}
		},
		{
			"__comment": "Voxels",
			"from": [ 0, 8, 15 ],
			"to": [ 2, 9, 16 ],
			"faces": {
				"down": { "uv": [ 13, 14.75, 13.5, 15 ], "texture": "#sword_15" },
				"up": { "uv": [ 13.5, 15, 14, 14.75 ], "texture": "#sword_15" },
				"north": { "uv": [ 14.5, 14.75, 14, 15 ], "texture": "#sword_15" },
				"south": { "uv": [ 14.5, 14.75, 15, 15 ], "texture": "#sword_15" },
				"west": { "uv": [ 9.25, 11.75, 9.5, 12 ], "texture": "#sword_15" },
				"east": { "uv": [ 9.5, 11.5, 9.25, 11.75 ], "texture": "#sword_15" }
			}
		},
		{
			"__comment": "Voxels",
			"from": [ 0, 10, 8 ],
			"to": [ 2, 11, 9 ],
			"faces": {
				"down": { "uv": [ 15, 14.75, 15.5, 15 ], "texture": "#sword_15" },
				"up": { "uv": [ 15.5, 15, 16, 14.75 ], "texture": "#sword_15" },
				"north": { "uv": [ 9.75, 14.5, 9.25, 14.75 ], "texture": "#sword_15" },
				"south": { "uv": [ 9.75, 14.5, 10.25, 14.75 ], "texture": "#sword_15" },
				"west": { "uv": [ 8.75, 12.25, 9, 12.5 ], "texture": "#sword_15" },
				"east": { "uv": [ 9, 12, 8.75, 12.25 ], "texture": "#sword_15" }
			}
		},
		{
			"__comment": "Voxels",
			"from": [ 3, 6, 8 ],
			"to": [ 5, 7, 9 ],
			"faces": {
				"down": { "uv": [ 10.25, 14.5, 10.75, 14.75 ], "texture": "#sword_15" },
				"up": { "uv": [ 10.75, 14.75, 11.25, 14.5 ], "texture": "#sword_15" },
				"north": { "uv": [ 11.75, 14.5, 11.25, 14.75 ], "texture": "#sword_15" },
				"south": { "uv": [ 13.75, 14.5, 14.25, 14.75 ], "texture": "#sword_15" },
				"west": { "uv": [ 1.5, 8.25, 1.75, 8.5 ], "texture": "#sword_15" },
				"east": { "uv": [ 5.25, 8, 5, 8.25 ], "texture": "#sword_15" }
			}
		},
		{
			"__comment": "Voxels",
			"from": [ 3, 10, 8 ],
			"to": [ 5, 11, 9 ],
			"faces": {
				"down": { "uv": [ 11.75, 14.5, 12.25, 14.75 ], "texture": "#sword_15" },
				"up": { "uv": [ 12.25, 14.75, 12.75, 14.5 ], "texture": "#sword_15" },
				"north": { "uv": [ 13.25, 14.5, 12.75, 14.75 ], "texture": "#sword_15" },
				"south": { "uv": [ 13.25, 14.5, 13.75, 14.75 ], "texture": "#sword_15" },
				"west": { "uv": [ 8, 8, 8.25, 8.25 ], "texture": "#sword_15" },
				"east": { "uv": [ 9, 8.5, 8.75, 8.75 ], "texture": "#sword_15" }
			}
		},
		{
			"__comment": "Voxels",
			"from": [ 25, 6, 8 ],
			"to": [ 28, 7, 9 ],
			"faces": {
				"down": { "uv": [ 5.25, 9.75, 6, 10 ], "texture": "#sword_15" },
				"up": { "uv": [ 1.75, 8.25, 2.5, 8 ], "texture": "#sword_15" },
				"north": { "uv": [ 6, 10, 5.25, 10.25 ], "texture": "#sword_15" },
				"south": { "uv": [ 6, 8.75, 6.75, 9 ], "texture": "#sword_15" },
				"west": { "uv": [ 9, 13, 9.25, 13.25 ], "texture": "#sword_15" },
				"east": { "uv": [ 9.25, 12.75, 9, 13 ], "texture": "#sword_15" }
			}
		},
		{
			"__comment": "Voxels",
			"from": [ 25, 7, 7 ],
			"to": [ 28, 8, 8 ],
			"faces": {
				"down": { "uv": [ 6.75, 10.25, 7.5, 10.5 ], "texture": "#sword_15" },
				"up": { "uv": [ 4.25, 8.25, 5, 8 ], "texture": "#sword_15" },
				"north": { "uv": [ 8.5, 10.5, 7.75, 10.75 ], "texture": "#sword_15" },
				"south": { "uv": [ 5.25, 10.25, 6, 10.5 ], "texture": "#sword_15" },
				"west": { "uv": [ 9, 11.5, 9.25, 11.75 ], "texture": "#sword_15" },
				"east": { "uv": [ 9.25, 11.25, 9, 11.5 ], "texture": "#sword_15" }
			}
		},
		{
			"__comment": "Voxels",
			"from": [ 25, 7, 9 ],
			"to": [ 28, 8, 10 ],
			"faces": {
				"down": { "uv": [ 5.25, 9.5, 6, 9.75 ], "texture": "#sword_15" },
				"up": { "uv": [ 5.25, 9.5, 6, 9.25 ], "texture": "#sword_15" },
				"north": { "uv": [ 6, 9, 5.25, 9.25 ], "texture": "#sword_15" },
				"south": { "uv": [ 5.25, 8.75, 6, 9 ], "texture": "#sword_15" },
				"west": { "uv": [ 9, 10, 9.25, 10.25 ], "texture": "#sword_15" },
				"east": { "uv": [ 9.25, 9.75, 9, 10 ], "texture": "#sword_15" }
			}
		},
		{
			"__comment": "Voxels",
			"from": [ 25, 8, 6 ],
			"to": [ 28, 9, 7 ],
			"faces": {
				"down": { "uv": [ 5.25, 8, 6, 8.25 ], "texture": "#sword_15" },
				"up": { "uv": [ 0, 8.25, 0.75, 8 ], "texture": "#sword_15" },
				"north": { "uv": [ 6.75, 10.25, 6, 10.5 ], "texture": "#sword_15" },
				"south": { "uv": [ 6, 10, 6.75, 10.25 ], "texture": "#sword_15" },
				"west": { "uv": [ 9, 8.5, 9.25, 8.75 ], "texture": "#sword_15" },
				"east": { "uv": [ 9.25, 8.25, 9, 8.5 ], "texture": "#sword_15" }
			}
		},
		{
			"__comment": "Voxels",
			"from": [ 25, 8, 10 ],
			"to": [ 28, 9, 11 ],
			"faces": {
				"down": { "uv": [ 6, 9.75, 6.75, 10 ], "texture": "#sword_15" },
				"up": { "uv": [ 6, 8.5, 6.75, 8.25 ], "texture": "#sword_15" },
				"north": { "uv": [ 6.75, 8, 6, 8.25 ], "texture": "#sword_15" },
				"south": { "uv": [ 7.5, 9.5, 8.25, 9.75 ], "texture": "#sword_15" },
				"west": { "uv": [ 14.75, 14.25, 15, 14.5 ], "texture": "#sword_15" },
				"east": { "uv": [ 15.25, 14.25, 15, 14.5 ], "texture": "#sword_15" }
			}
		},
		{
			"__comment": "Voxels",
			"from": [ 25, 9, 7 ],
			"to": [ 28, 10, 8 ],
			"faces": {
				"down": { "uv": [ 8.25, 9.5, 9, 9.75 ], "texture": "#sword_15" },
				"up": { "uv": [ 6.75, 9.5, 7.5, 9.25 ], "texture": "#sword_15" },
				"north": { "uv": [ 7.5, 9, 6.75, 9.25 ], "texture": "#sword_15" },
				"south": { "uv": [ 6.75, 8.75, 7.5, 9 ], "texture": "#sword_15" },
				"west": { "uv": [ 9.25, 13.75, 9.5, 14 ], "texture": "#sword_15" },
				"east": { "uv": [ 9.5, 13.5, 9.25, 13.75 ], "texture": "#sword_15" }
			}
		},
		{
			"__comment": "Voxels",
			"from": [ 25, 9, 9 ],
			"to": [ 28, 10, 10 ],
			"faces": {
				"down": { "uv": [ 6.75, 8.5, 7.5, 8.75 ], "texture": "#sword_15" },
				"up": { "uv": [ 6.75, 8.5, 7.5, 8.25 ], "texture": "#sword_15" },
				"north": { "uv": [ 7.5, 8, 6.75, 8.25 ], "texture": "#sword_15" },
				"south": { "uv": [ 7.5, 9.25, 8.25, 9.5 ], "texture": "#sword_15" },
				"west": { "uv": [ 9.25, 12.25, 9.5, 12.5 ], "texture": "#sword_15" },
				"east": { "uv": [ 9.5, 12, 9.25, 12.25 ], "texture": "#sword_15" }
			}
		},
		{
			"__comment": "Voxels",
			"from": [ 25, 10, 8 ],
			"to": [ 28, 11, 9 ],
			"faces": {
				"down": { "uv": [ 8.25, 9.25, 9, 9.5 ], "texture": "#sword_15" },
				"up": { "uv": [ 7.5, 9.25, 8.25, 9 ], "texture": "#sword_15" },
				"north": { "uv": [ 9, 9, 8.25, 9.25 ], "texture": "#sword_15" },
				"south": { "uv": [ 7.5, 8.75, 8.25, 9 ], "texture": "#sword_15" },
				"west": { "uv": [ 9.25, 10.75, 9.5, 11 ], "texture": "#sword_15" },
				"east": { "uv": [ 9.5, 10.5, 9.25, 10.75 ], "texture": "#sword_15" }
			}
		}
	],
	"display": {
		"thirdperson_righthand": {
			"rotation":  [ 0, 0, -90 ],
			"translation":  [ 0, 3.4, 1 ],
			"scale":  [ 0.6, 0.6, 0.55 ]
		},
		"thirdperson_lefthand": {
			"rotation":  [ 0, 0, 90 ],
			"translation":  [ 0.5, 3.4, 1 ],
			"scale":  [ 0.6, 0.6, 0.55 ]
		},
		"firstperson_righthand": {
			"rotation":  [ 0, 33, -90 ],
			"translation":  [ 0, 5, -1 ],
			"scale":  [ 0.55, 0.55, 0.55 ]
		},
		"firstperson_lefthand": {
			"rotation":  [ 0, 33, 90 ],
			"translation":  [ 0, 5, -1 ],
			"scale":  [ 0.55, 0.55, 0.55 ]
		},
		"gui": {
			"rotation":  [ 90, -135, 0 ],
			"translation":  [ 1, 0.5, 0 ],
			"scale":  [ 0.5, 0.5, 0.5 ]
		},
		"fixed": {
			"rotation":  [ 90, 0, 0 ],
			"translation":  [ 0, 0, -3 ],
			"scale":  [ 3, 3, 3 ]
		}
	}
}