{
	"__comment": "Designed by EnderMatrul with Cubik Studio - https://cubik.studio",
	"textures": {
		"sword_6": "items/sword_6"
	},
	"elements": [ 	 
		{
			"__comment": "Voxels",
			"from": [ -16, 7, 8 ],
			"to": [ 30, 10, 9 ],
			"faces": {
				"down": { "uv": [ 0, 14.25, 11.5, 14.5 ], "texture": "#sword_6" },
				"up": { "uv": [ 0, 14.25, 11.5, 14 ], "texture": "#sword_6" },
				"north": { "uv": [ 11.5, 15.25, 0, 16 ], "texture": "#sword_6" },
				"south": { "uv": [ 0, 14.5, 11.5, 15.25 ], "texture": "#sword_6" },
				"west": { "uv": [ 0, 11.25, 0.25, 12 ], "texture": "#sword_6" },
				"east": { "uv": [ 0.25, 10.5, 0, 11.25 ], "texture": "#sword_6" }
			}
		},
		{
			"__comment": "Voxels",
			"from": [ -16, 8, 7 ],
			"to": [ 27, 9, 8 ],
			"faces": {
				"down": { "uv": [ 0, 13.75, 10.75, 14 ], "texture": "#sword_6" },
				"up": { "uv": [ 0, 13.75, 10.75, 13.5 ], "texture": "#sword_6" },
				"north": { "uv": [ 10.75, 13.25, 0, 13.5 ], "texture": "#sword_6" },
				"south": { "uv": [ 0, 13, 10.75, 13.25 ], "texture": "#sword_6" },
				"west": { "uv": [ 15.75, 13, 16, 13.25 ], "texture": "#sword_6" },
				"east": { "uv": [ 16, 12, 15.75, 12.25 ], "texture": "#sword_6" }
			}
		},
		{
			"__comment": "Voxels",
			"from": [ -16, 8, 9 ],
			"to": [ 27, 9, 10 ],
			"faces": {
				"down": { "uv": [ 0, 12.75, 10.75, 13 ], "texture": "#sword_6" },
				"up": { "uv": [ 0, 12.75, 10.75, 12.5 ], "texture": "#sword_6" },
				"north": { "uv": [ 10.75, 12.25, 0, 12.5 ], "texture": "#sword_6" },
				"south": { "uv": [ 0, 12, 10.75, 12.25 ], "texture": "#sword_6" },
				"west": { "uv": [ 0, 10.25, 0.25, 10.5 ], "texture": "#sword_6" },
				"east": { "uv": [ 0.25, 10, 0, 10.25 ], "texture": "#sword_6" }
			}
		},
		{
			"__comment": "Voxels",
			"from": [ -15, 7, 7 ],
			"to": [ -13, 8, 8 ],
			"faces": {
				"down": { "uv": [ 15.5, 14.75, 16, 15 ], "texture": "#sword_6" },
				"up": { "uv": [ 15.5, 14.75, 16, 14.5 ], "texture": "#sword_6" },
				"north": { "uv": [ 16, 14.25, 15.5, 14.5 ], "texture": "#sword_6" },
				"south": { "uv": [ 15.5, 14, 16, 14.25 ], "texture": "#sword_6" },
				"west": { "uv": [ 0, 5, 0.25, 5.25 ], "texture": "#sword_6" },
				"east": { "uv": [ 0.25, 3.5, 0, 3.75 ], "texture": "#sword_6" }
			}
		},
		{
			"__comment": "Voxels",
			"from": [ -15, 7, 9 ],
			"to": [ -13, 8, 10 ],
			"faces": {
				"down": { "uv": [ 15.5, 13.25, 16, 13.5 ], "texture": "#sword_6" },
				"up": { "uv": [ 10.75, 12.25, 11.25, 12 ], "texture": "#sword_6" },
				"north": { "uv": [ 11.75, 12, 11.25, 12.25 ], "texture": "#sword_6" },
				"south": { "uv": [ 11.75, 12, 12.25, 12.25 ], "texture": "#sword_6" },
				"west": { "uv": [ 0, 3.75, 0.25, 4 ], "texture": "#sword_6" },
				"east": { "uv": [ 0.25, 4.25, 0, 4.5 ], "texture": "#sword_6" }
			}
		},
		{
			"__comment": "Voxels",
			"from": [ -15, 9, 7 ],
			"to": [ -13, 10, 8 ],
			"faces": {
				"down": { "uv": [ 12.25, 12, 12.75, 12.25 ], "texture": "#sword_6" },
				"up": { "uv": [ 12.75, 12.25, 13.25, 12 ], "texture": "#sword_6" },
				"north": { "uv": [ 14.75, 12, 14.25, 12.25 ], "texture": "#sword_6" },
				"south": { "uv": [ 13.25, 12, 13.75, 12.25 ], "texture": "#sword_6" },
				"west": { "uv": [ 0, 5.5, 0.25, 5.75 ], "texture": "#sword_6" },
				"east": { "uv": [ 0.25, 5.75, 0, 6 ], "texture": "#sword_6" }
			}
		},
		{
			"__comment": "Voxels",
			"from": [ -15, 9, 9 ],
			"to": [ -13, 10, 10 ],
			"faces": {
				"down": { "uv": [ 13.75, 12, 14.25, 12.25 ], "texture": "#sword_6" },
				"up": { "uv": [ 0.25, 12, 0.75, 11.75 ], "texture": "#sword_6" },
				"north": { "uv": [ 15.75, 12, 15.25, 12.25 ], "texture": "#sword_6" },
				"south": { "uv": [ 14.75, 12, 15.25, 12.25 ], "texture": "#sword_6" },
				"west": { "uv": [ 0, 2.25, 0.25, 2.5 ], "texture": "#sword_6" },
				"east": { "uv": [ 0.25, 8.75, 0, 9 ], "texture": "#sword_6" }
			}
		},
		{
			"__comment": "Voxels",
			"from": [ 18, 5, 8 ],
			"to": [ 25, 6, 9 ],
			"faces": {
				"down": { "uv": [ 12.5, 13.75, 14.25, 14 ], "texture": "#sword_6" },
				"up": { "uv": [ 14.25, 14, 16, 13.75 ], "texture": "#sword_6" },
				"north": { "uv": [ 12.5, 13.5, 10.75, 13.75 ], "texture": "#sword_6" },
				"south": { "uv": [ 10.75, 13.75, 12.5, 14 ], "texture": "#sword_6" },
				"west": { "uv": [ 0, 4, 0.25, 4.25 ], "texture": "#sword_6" },
				"east": { "uv": [ 0.25, 8.5, 0, 8.75 ], "texture": "#sword_6" }
			}
		},
		{
			"__comment": "Voxels",
			"from": [ 18, 11, 8 ],
			"to": [ 25, 12, 9 ],
			"faces": {
				"down": { "uv": [ 12.5, 13.5, 14.25, 13.75 ], "texture": "#sword_6" },
				"up": { "uv": [ 14.25, 13.75, 16, 13.5 ], "texture": "#sword_6" },
				"north": { "uv": [ 12.5, 13.25, 10.75, 13.5 ], "texture": "#sword_6" },
				"south": { "uv": [ 12.5, 13.25, 14.25, 13.5 ], "texture": "#sword_6" },
				"west": { "uv": [ 0, 8.25, 0.25, 8.5 ], "texture": "#sword_6" },
				"east": { "uv": [ 0.25, 7, 0, 7.25 ], "texture": "#sword_6" }
			}
		},
		{
			"__comment": "Voxels",
			"from": [ 19, 4, 8 ],
			"to": [ 27, 5, 9 ],
			"faces": {
				"down": { "uv": [ 13.5, 14, 15.5, 14.25 ], "texture": "#sword_6" },
				"up": { "uv": [ 11.5, 16, 13.5, 15.75 ], "texture": "#sword_6" },
				"north": { "uv": [ 15.5, 15.5, 13.5, 15.75 ], "texture": "#sword_6" },
				"south": { "uv": [ 13.5, 15.25, 15.5, 15.5 ], "texture": "#sword_6" },
				"west": { "uv": [ 0, 6.75, 0.25, 7 ], "texture": "#sword_6" },
				"east": { "uv": [ 0.25, 6.5, 0, 6.75 ], "texture": "#sword_6" }
			}
		},
		{
			"__comment": "Voxels",
			"from": [ 19, 12, 8 ],
			"to": [ 27, 13, 9 ],
			"faces": {
				"down": { "uv": [ 11.5, 15.5, 13.5, 15.75 ], "texture": "#sword_6" },
				"up": { "uv": [ 11.5, 15, 13.5, 14.75 ], "texture": "#sword_6" },
				"north": { "uv": [ 13.5, 15, 11.5, 15.25 ], "texture": "#sword_6" },
				"south": { "uv": [ 11.5, 14, 13.5, 14.25 ], "texture": "#sword_6" },
				"west": { "uv": [ 0, 7.25, 0.25, 7.5 ], "texture": "#sword_6" },
				"east": { "uv": [ 0.25, 8, 0, 8.25 ], "texture": "#sword_6" }
			}
		},
		{
			"__comment": "Voxels",
			"from": [ 21, 3, 8 ],
			"to": [ 29, 4, 9 ],
			"faces": {
				"down": { "uv": [ 11.5, 14.5, 13.5, 14.75 ], "texture": "#sword_6" },
				"up": { "uv": [ 13.5, 16, 15.5, 15.75 ], "texture": "#sword_6" },
				"north": { "uv": [ 13.5, 15.25, 11.5, 15.5 ], "texture": "#sword_6" },
				"south": { "uv": [ 13.5, 14.25, 15.5, 14.5 ], "texture": "#sword_6" },
				"west": { "uv": [ 0, 9, 0.25, 9.25 ], "texture": "#sword_6" },
				"east": { "uv": [ 0.25, 9.5, 0, 9.75 ], "texture": "#sword_6" }
			}
		},
		{
			"__comment": "Voxels",
			"from": [ 21, 6, 8 ],
			"to": [ 26, 7, 9 ],
			"faces": {
				"down": { "uv": [ 12, 13, 13.25, 13.25 ], "texture": "#sword_6" },
				"up": { "uv": [ 13.25, 13.25, 14.5, 13 ], "texture": "#sword_6" },
				"north": { "uv": [ 15.75, 13, 14.5, 13.25 ], "texture": "#sword_6" },
				"south": { "uv": [ 10.75, 12.75, 12, 13 ], "texture": "#sword_6" },
				"west": { "uv": [ 0, 9.75, 0.25, 10 ], "texture": "#sword_6" },
				"east": { "uv": [ 0.25, 2, 0, 2.25 ], "texture": "#sword_6" }
			}
		},
		{
			"__comment": "Voxels",
			"from": [ 21, 10, 8 ],
			"to": [ 26, 11, 9 ],
			"faces": {
				"down": { "uv": [ 14.25, 13.25, 15.5, 13.5 ], "texture": "#sword_6" },
				"up": { "uv": [ 13.25, 13, 14.5, 12.75 ], "texture": "#sword_6" },
				"north": { "uv": [ 13.25, 12.75, 12, 13 ], "texture": "#sword_6" },
				"south": { "uv": [ 10.75, 13, 12, 13.25 ], "texture": "#sword_6" },
				"west": { "uv": [ 0, 2.75, 0.25, 3 ], "texture": "#sword_6" },
				"east": { "uv": [ 0.25, 2.5, 0, 2.75 ], "texture": "#sword_6" }
			}
		},
		{
			"__comment": "Voxels",
			"from": [ 21, 13, 8 ],
			"to": [ 29, 14, 9 ],
			"faces": {
				"down": { "uv": [ 11.5, 14.25, 13.5, 14.5 ], "texture": "#sword_6" },
				"up": { "uv": [ 13.5, 14.75, 15.5, 14.5 ], "texture": "#sword_6" },
				"north": { "uv": [ 15.5, 14.75, 13.5, 15 ], "texture": "#sword_6" },
				"south": { "uv": [ 13.5, 15, 15.5, 15.25 ], "texture": "#sword_6" },
				"west": { "uv": [ 0, 9.25, 0.25, 9.5 ], "texture": "#sword_6" },
				"east": { "uv": [ 0.25, 5.25, 0, 5.5 ], "texture": "#sword_6" }
			}
		},
		{
			"__comment": "Voxels",
			"from": [ 22, 7, 7 ],
			"to": [ 25, 8, 8 ],
			"faces": {
				"down": { "uv": [ 13.75, 12.5, 14.5, 12.75 ], "texture": "#sword_6" },
				"up": { "uv": [ 13, 12.75, 13.75, 12.5 ], "texture": "#sword_6" },
				"north": { "uv": [ 13, 12.5, 12.25, 12.75 ], "texture": "#sword_6" },
				"south": { "uv": [ 11.5, 12.5, 12.25, 12.75 ], "texture": "#sword_6" },
				"west": { "uv": [ 0, 7.75, 0.25, 8 ], "texture": "#sword_6" },
				"east": { "uv": [ 0.25, 7.5, 0, 7.75 ], "texture": "#sword_6" }
			}
		},
		{
			"__comment": "Voxels",
			"from": [ 22, 7, 9 ],
			"to": [ 25, 8, 10 ],
			"faces": {
				"down": { "uv": [ 10.75, 12.5, 11.5, 12.75 ], "texture": "#sword_6" },
				"up": { "uv": [ 15.25, 13, 16, 12.75 ], "texture": "#sword_6" },
				"north": { "uv": [ 15.25, 12.75, 14.5, 13 ], "texture": "#sword_6" },
				"south": { "uv": [ 15.25, 12.25, 16, 12.5 ], "texture": "#sword_6" },
				"west": { "uv": [ 0, 6.25, 0.25, 6.5 ], "texture": "#sword_6" },
				"east": { "uv": [ 0.25, 6, 0, 6.25 ], "texture": "#sword_6" }
			}
		},
		{
			"__comment": "Voxels",
			"from": [ 22, 9, 7 ],
			"to": [ 25, 10, 8 ],
			"faces": {
				"down": { "uv": [ 14.5, 12.25, 15.25, 12.5 ], "texture": "#sword_6" },
				"up": { "uv": [ 13.75, 12.5, 14.5, 12.25 ], "texture": "#sword_6" },
				"north": { "uv": [ 11.5, 12.25, 10.75, 12.5 ], "texture": "#sword_6" },
				"south": { "uv": [ 13, 12.25, 13.75, 12.5 ], "texture": "#sword_6" },
				"west": { "uv": [ 0, 4.75, 0.25, 5 ], "texture": "#sword_6" },
				"east": { "uv": [ 0.25, 4.5, 0, 4.75 ], "texture": "#sword_6" }
			}
		},
		{
			"__comment": "Voxels",
			"from": [ 22, 9, 9 ],
			"to": [ 25, 10, 10 ],
			"faces": {
				"down": { "uv": [ 12.25, 12.25, 13, 12.5 ], "texture": "#sword_6" },
				"up": { "uv": [ 14.5, 12.75, 15.25, 12.5 ], "texture": "#sword_6" },
				"north": { "uv": [ 12.25, 12.25, 11.5, 12.5 ], "texture": "#sword_6" },
				"south": { "uv": [ 15.25, 12.5, 16, 12.75 ], "texture": "#sword_6" },
				"west": { "uv": [ 0, 3.25, 0.25, 3.5 ], "texture": "#sword_6" },
				"east": { "uv": [ 0.25, 3, 0, 3.25 ], "texture": "#sword_6" }
			}
		},
		{
			"__comment": "Voxels",
			"from": [ 30, 8, 8 ],
			"to": [ 32, 9, 9 ],
			"faces": {
				"down": { "uv": [ 15.5, 15.75, 16, 16 ], "texture": "#sword_6" },
				"up": { "uv": [ 15.5, 15.75, 16, 15.5 ], "texture": "#sword_6" },
				"north": { "uv": [ 16, 15.25, 15.5, 15.5 ], "texture": "#sword_6" },
				"south": { "uv": [ 15.5, 15, 16, 15.25 ], "texture": "#sword_6" },
				"west": { "uv": [ 0, 1.75, 0.25, 2 ], "texture": "#sword_6" },
				"east": { "uv": [ 0.25, 1.5, 0, 1.75 ], "texture": "#sword_6" }
			}
		}
	],
	"display": {
		"thirdperson_righthand": {
			"rotation":  [ 90, 90, 0 ],
			"translation":  [ -0.5, 6, 1.2 ],
			"scale":  [ 1, 1, 0.8 ]
		},
		"thirdperson_lefthand": {
			"rotation":  [ 0, 90, -30 ],
			"translation":  [ 0, 5, 12 ],
			"scale":  [ 1.11, 1, 0.9 ]
		},
		"firstperson_righthand": {
			"rotation":  [ 0, 100, 80 ],
			"translation":  [ 0, 6, 0 ]
		},
		"firstperson_lefthand": {
			"rotation":  [ 0, 100, -100 ],
			"translation":  [ 0, 6, 0 ]
		},
		"gui": {
			"rotation":  [ 0, 0, 45 ],
			"scale":  [ 0.4, 0.4, 0.4 ]
		},
		"head": {
			"rotation":  [ 0, 0, 45 ],
			"translation":  [ 7, -13, 4 ],
			"scale":  [ 1.7, 1.7, 1.7 ]
		},
		"fixed": {
			"translation":  [ 10, 0, -1 ],
			"scale":  [ 3.5, 3.5, 3.5 ]
		}
	}
}