{
	"__comment": "Designed by EnderMatrul with Cubik Studio - https://cubik.studio",
	"textures": {
		"sword_9": "items/sword_9"
	},
	"elements": [ 	 
		{
			"__comment": "Voxels",
			"from": [ -9, 10, 9 ],
			"to": [ 27, 11, 10 ],
			"faces": {
				"down": { "uv": [ 0, 15.75, 9, 16 ], "texture": "#sword_9" },
				"up": { "uv": [ 0, 15.75, 9, 15.5 ], "texture": "#sword_9" },
				"north": { "uv": [ 9, 15.25, 0, 15.5 ], "texture": "#sword_9" },
				"south": { "uv": [ 0, 15, 9, 15.25 ], "texture": "#sword_9" },
				"west": { "uv": [ 11.25, 8.5, 11.5, 8.75 ], "texture": "#sword_9" },
				"east": { "uv": [ 16, 12.75, 15.75, 13 ], "texture": "#sword_9" }
			}
		},
		{
			"__comment": "Voxels",
			"from": [ -8, 9, 9 ],
			"to": [ 26, 10, 10 ],
			"faces": {
				"down": { "uv": [ 0, 14.75, 8.5, 15 ], "texture": "#sword_9" },
				"up": { "uv": [ 0, 14.75, 8.5, 14.5 ], "texture": "#sword_9" },
				"north": { "uv": [ 8.5, 14.25, 0, 14.5 ], "texture": "#sword_9" },
				"south": { "uv": [ 0, 14, 8.5, 14.25 ], "texture": "#sword_9" },
				"west": { "uv": [ 11, 10.5, 11.25, 10.75 ], "texture": "#sword_9" },
				"east": { "uv": [ 11.25, 10.25, 11, 10.5 ], "texture": "#sword_9" }
			}
		},
		{
			"__comment": "Voxels",
			"from": [ -8, 10, 8 ],
			"to": [ 26, 11, 9 ],
			"faces": {
				"down": { "uv": [ 0, 13.75, 8.5, 14 ], "texture": "#sword_9" },
				"up": { "uv": [ 0, 13.75, 8.5, 13.5 ], "texture": "#sword_9" },
				"north": { "uv": [ 8.5, 13.25, 0, 13.5 ], "texture": "#sword_9" },
				"south": { "uv": [ 0, 13, 8.5, 13.25 ], "texture": "#sword_9" },
				"west": { "uv": [ 11, 10, 11.25, 10.25 ], "texture": "#sword_9" },
				"east": { "uv": [ 11.25, 9.75, 11, 10 ], "texture": "#sword_9" }
			}
		},
		{
			"__comment": "Voxels",
			"from": [ -8, 10, 10 ],
			"to": [ 26, 11, 11 ],
			"faces": {
				"down": { "uv": [ 0, 12.75, 8.5, 13 ], "texture": "#sword_9" },
				"up": { "uv": [ 0, 12.75, 8.5, 12.5 ], "texture": "#sword_9" },
				"north": { "uv": [ 8.5, 12.25, 0, 12.5 ], "texture": "#sword_9" },
				"south": { "uv": [ 0, 12, 8.5, 12.25 ], "texture": "#sword_9" },
				"west": { "uv": [ 11, 9, 11.25, 9.25 ], "texture": "#sword_9" },
				"east": { "uv": [ 11.25, 8.75, 11, 9 ], "texture": "#sword_9" }
			}
		},
		{
			"__comment": "Voxels",
			"from": [ -8, 11, 9 ],
			"to": [ 26, 12, 10 ],
			"faces": {
				"down": { "uv": [ 0, 11.75, 8.5, 12 ], "texture": "#sword_9" },
				"up": { "uv": [ 0, 11.75, 8.5, 11.5 ], "texture": "#sword_9" },
				"north": { "uv": [ 8.5, 11.25, 0, 11.5 ], "texture": "#sword_9" },
				"south": { "uv": [ 0, 11, 8.5, 11.25 ], "texture": "#sword_9" },
				"west": { "uv": [ 11, 8.5, 11.25, 8.75 ], "texture": "#sword_9" },
				"east": { "uv": [ 11.25, 8.25, 11, 8.5 ], "texture": "#sword_9" }
			}
		},
		{
			"__comment": "Voxels",
			"from": [ -7, 9, 8 ],
			"to": [ -6, 10, 9 ],
			"faces": {
				"down": { "uv": [ 12, 12.5, 12.25, 12.75 ], "texture": "#sword_9" },
				"up": { "uv": [ 12.25, 12.75, 12.5, 12.5 ], "texture": "#sword_9" },
				"north": { "uv": [ 13, 12.5, 12.75, 12.75 ], "texture": "#sword_9" },
				"south": { "uv": [ 13, 12.5, 13.25, 12.75 ], "texture": "#sword_9" },
				"west": { "uv": [ 13.25, 12.5, 13.5, 12.75 ], "texture": "#sword_9" },
				"east": { "uv": [ 13.75, 12.5, 13.5, 12.75 ], "texture": "#sword_9" }
			}
		},
		{
			"__comment": "Voxels",
			"from": [ -7, 9, 10 ],
			"to": [ -6, 10, 11 ],
			"faces": {
				"down": { "uv": [ 13.75, 12.5, 14, 12.75 ], "texture": "#sword_9" },
				"up": { "uv": [ 14.5, 12.75, 14.75, 12.5 ], "texture": "#sword_9" },
				"north": { "uv": [ 15, 12.5, 14.75, 12.75 ], "texture": "#sword_9" },
				"south": { "uv": [ 15, 12.5, 15.25, 12.75 ], "texture": "#sword_9" },
				"west": { "uv": [ 15.25, 12.5, 15.5, 12.75 ], "texture": "#sword_9" },
				"east": { "uv": [ 11.5, 12.25, 11.25, 12.5 ], "texture": "#sword_9" }
			}
		},
		{
			"__comment": "Voxels",
			"from": [ -7, 11, 8 ],
			"to": [ -6, 12, 9 ],
			"faces": {
				"down": { "uv": [ 11.25, 12, 11.5, 12.25 ], "texture": "#sword_9" },
				"up": { "uv": [ 11.25, 12, 11.5, 11.75 ], "texture": "#sword_9" },
				"north": { "uv": [ 11.5, 11.5, 11.25, 11.75 ], "texture": "#sword_9" },
				"south": { "uv": [ 11.25, 10.75, 11.5, 11 ], "texture": "#sword_9" },
				"west": { "uv": [ 11.25, 10.5, 11.5, 10.75 ], "texture": "#sword_9" },
				"east": { "uv": [ 11.5, 10.25, 11.25, 10.5 ], "texture": "#sword_9" }
			}
		},
		{
			"__comment": "Voxels",
			"from": [ -7, 11, 10 ],
			"to": [ -6, 12, 11 ],
			"faces": {
				"down": { "uv": [ 11.25, 10, 11.5, 10.25 ], "texture": "#sword_9" },
				"up": { "uv": [ 11.25, 9.5, 11.5, 9.25 ], "texture": "#sword_9" },
				"north": { "uv": [ 11.5, 9, 11.25, 9.25 ], "texture": "#sword_9" },
				"south": { "uv": [ 10.5, 8.25, 10.75, 8.5 ], "texture": "#sword_9" },
				"west": { "uv": [ 11.25, 8.75, 11.5, 9 ], "texture": "#sword_9" },
				"east": { "uv": [ 10.75, 9.5, 10.5, 9.75 ], "texture": "#sword_9" }
			}
		},
		{
			"__comment": "Voxels",
			"from": [ -4, 9, 8 ],
			"to": [ -3, 10, 9 ],
			"faces": {
				"down": { "uv": [ 11.5, 11.25, 11.75, 11.5 ], "texture": "#sword_9" },
				"up": { "uv": [ 11.5, 11.25, 11.75, 11 ], "texture": "#sword_9" },
				"north": { "uv": [ 11.75, 10.75, 11.5, 11 ], "texture": "#sword_9" },
				"south": { "uv": [ 11.5, 10, 11.75, 10.25 ], "texture": "#sword_9" },
				"west": { "uv": [ 11.5, 9.75, 11.75, 10 ], "texture": "#sword_9" },
				"east": { "uv": [ 11.75, 9.5, 11.5, 9.75 ], "texture": "#sword_9" }
			}
		},
		{
			"__comment": "Voxels",
			"from": [ -4, 9, 10 ],
			"to": [ -3, 10, 11 ],
			"faces": {
				"down": { "uv": [ 11.5, 9.25, 11.75, 9.5 ], "texture": "#sword_9" },
				"up": { "uv": [ 14, 12.25, 14.25, 12 ], "texture": "#sword_9" },
				"north": { "uv": [ 14.5, 12, 14.25, 12.25 ], "texture": "#sword_9" },
				"south": { "uv": [ 14.5, 12, 14.75, 12.25 ], "texture": "#sword_9" },
				"west": { "uv": [ 14.75, 12, 15, 12.25 ], "texture": "#sword_9" },
				"east": { "uv": [ 15.75, 12, 15.5, 12.25 ], "texture": "#sword_9" }
			}
		},
		{
			"__comment": "Voxels",
			"from": [ -4, 11, 8 ],
			"to": [ -3, 12, 9 ],
			"faces": {
				"down": { "uv": [ 15.75, 12, 16, 12.25 ], "texture": "#sword_9" },
				"up": { "uv": [ 11.75, 12, 12, 11.75 ], "texture": "#sword_9" },
				"north": { "uv": [ 12, 11.5, 11.75, 11.75 ], "texture": "#sword_9" },
				"south": { "uv": [ 5, 8, 5.25, 8.25 ], "texture": "#sword_9" },
				"west": { "uv": [ 9, 8, 9.25, 8.25 ], "texture": "#sword_9" },
				"east": { "uv": [ 16, 13.75, 15.75, 14 ], "texture": "#sword_9" }
			}
		},
		{
			"__comment": "Voxels",
			"from": [ -4, 11, 10 ],
			"to": [ -3, 12, 11 ],
			"faces": {
				"down": { "uv": [ 9.25, 8, 9.5, 8.25 ], "texture": "#sword_9" },
				"up": { "uv": [ 15.75, 13.5, 16, 13.25 ], "texture": "#sword_9" },
				"north": { "uv": [ 10.5, 8, 10.25, 8.25 ], "texture": "#sword_9" },
				"south": { "uv": [ 14.5, 13, 14.75, 13.25 ], "texture": "#sword_9" },
				"west": { "uv": [ 14.75, 13, 15, 13.25 ], "texture": "#sword_9" },
				"east": { "uv": [ 15.25, 13, 15, 13.25 ], "texture": "#sword_9" }
			}
		},
		{
			"__comment": "Voxels",
			"from": [ 17, 9, 8 ],
			"to": [ 25, 10, 9 ],
			"faces": {
				"down": { "uv": [ 9, 15.75, 11, 16 ], "texture": "#sword_9" },
				"up": { "uv": [ 13, 15.75, 15, 15.5 ], "texture": "#sword_9" },
				"north": { "uv": [ 11, 15.5, 9, 15.75 ], "texture": "#sword_9" },
				"south": { "uv": [ 13, 15.75, 15, 16 ], "texture": "#sword_9" },
				"west": { "uv": [ 15.25, 13, 15.5, 13.25 ], "texture": "#sword_9" },
				"east": { "uv": [ 15.75, 13, 15.5, 13.25 ], "texture": "#sword_9" }
			}
		},
		{
			"__comment": "Voxels",
			"from": [ 17, 9, 10 ],
			"to": [ 25, 10, 11 ],
			"faces": {
				"down": { "uv": [ 5.75, 10.75, 7.75, 11 ], "texture": "#sword_9" },
				"up": { "uv": [ 13, 15.25, 15, 15 ], "texture": "#sword_9" },
				"north": { "uv": [ 13, 15, 11, 15.25 ], "texture": "#sword_9" },
				"south": { "uv": [ 11, 15.5, 13, 15.75 ], "texture": "#sword_9" },
				"west": { "uv": [ 15.75, 13, 16, 13.25 ], "texture": "#sword_9" },
				"east": { "uv": [ 10.75, 9.75, 10.5, 10 ], "texture": "#sword_9" }
			}
		},
		{
			"__comment": "Voxels",
			"from": [ 17, 10, 7 ],
			"to": [ 19, 11, 8 ],
			"faces": {
				"down": { "uv": [ 9.5, 8, 10, 8.25 ], "texture": "#sword_9" },
				"up": { "uv": [ 10, 13.75, 10.5, 13.5 ], "texture": "#sword_9" },
				"north": { "uv": [ 11, 13.5, 10.5, 13.75 ], "texture": "#sword_9" },
				"south": { "uv": [ 5.25, 8, 5.75, 8.25 ], "texture": "#sword_9" },
				"west": { "uv": [ 10.5, 9.25, 10.75, 9.5 ], "texture": "#sword_9" },
				"east": { "uv": [ 10.75, 9, 10.5, 9.25 ], "texture": "#sword_9" }
			}
		},
		{
			"__comment": "Voxels",
			"from": [ 17, 10, 11 ],
			"to": [ 19, 11, 12 ],
			"faces": {
				"down": { "uv": [ 11, 13.5, 11.5, 13.75 ], "texture": "#sword_9" },
				"up": { "uv": [ 11.5, 13.75, 12, 13.5 ], "texture": "#sword_9" },
				"north": { "uv": [ 12.5, 13.5, 12, 13.75 ], "texture": "#sword_9" },
				"south": { "uv": [ 12.5, 13.5, 13, 13.75 ], "texture": "#sword_9" },
				"west": { "uv": [ 10.5, 8.75, 10.75, 9 ], "texture": "#sword_9" },
				"east": { "uv": [ 10.75, 8.5, 10.5, 8.75 ], "texture": "#sword_9" }
			}
		},
		{
			"__comment": "Voxels",
			"from": [ 17, 11, 8 ],
			"to": [ 25, 12, 9 ],
			"faces": {
				"down": { "uv": [ 11, 15.75, 13, 16 ], "texture": "#sword_9" },
				"up": { "uv": [ 9, 15.25, 11, 15 ], "texture": "#sword_9" },
				"north": { "uv": [ 15, 15.25, 13, 15.5 ], "texture": "#sword_9" },
				"south": { "uv": [ 11, 15.25, 13, 15.5 ], "texture": "#sword_9" },
				"west": { "uv": [ 10.5, 8, 10.75, 8.25 ], "texture": "#sword_9" },
				"east": { "uv": [ 11, 12.75, 10.75, 13 ], "texture": "#sword_9" }
			}
		},
		{
			"__comment": "Voxels",
			"from": [ 17, 11, 10 ],
			"to": [ 25, 12, 11 ],
			"faces": {
				"down": { "uv": [ 9, 15.25, 11, 15.5 ], "texture": "#sword_9" },
				"up": { "uv": [ 5.75, 10.75, 7.75, 10.5 ], "texture": "#sword_9" },
				"north": { "uv": [ 7.75, 10.25, 5.75, 10.5 ], "texture": "#sword_9" },
				"south": { "uv": [ 5.75, 10, 7.75, 10.25 ], "texture": "#sword_9" },
				"west": { "uv": [ 10.75, 12.5, 11, 12.75 ], "texture": "#sword_9" },
				"east": { "uv": [ 11, 12.25, 10.75, 12.5 ], "texture": "#sword_9" }
			}
		},
		{
			"__comment": "Voxels",
			"from": [ 18, 2, 7 ],
			"to": [ 19, 7, 8 ],
			"faces": {
				"down": { "uv": [ 10.75, 12, 11, 12.25 ], "texture": "#sword_9" },
				"up": { "uv": [ 10.75, 12, 11, 11.75 ], "texture": "#sword_9" },
				"north": { "uv": [ 9.25, 11.75, 9, 13 ], "texture": "#sword_9" },
				"south": { "uv": [ 9, 10.5, 9.25, 11.75 ], "texture": "#sword_9" },
				"west": { "uv": [ 5, 8.25, 5.25, 9.5 ], "texture": "#sword_9" },
				"east": { "uv": [ 9, 11.75, 8.75, 13 ], "texture": "#sword_9" }
			}
		},
		{
			"__comment": "Voxels",
			"from": [ 18, 2, 11 ],
			"to": [ 19, 7, 12 ],
			"faces": {
				"down": { "uv": [ 10.75, 11.5, 11, 11.75 ], "texture": "#sword_9" },
				"up": { "uv": [ 10.75, 11.5, 11, 11.25 ], "texture": "#sword_9" },
				"north": { "uv": [ 9, 10.5, 8.75, 11.75 ], "texture": "#sword_9" },
				"south": { "uv": [ 8.75, 9.25, 9, 10.5 ], "texture": "#sword_9" },
				"west": { "uv": [ 8.75, 8, 9, 9.25 ], "texture": "#sword_9" },
				"east": { "uv": [ 9.25, 13, 9, 14.25 ], "texture": "#sword_9" }
			}
		},
		{
			"__comment": "Voxels",
			"from": [ 18, 3, 8 ],
			"to": [ 19, 5, 9 ],
			"faces": {
				"down": { "uv": [ 10.75, 11, 11, 11.25 ], "texture": "#sword_9" },
				"up": { "uv": [ 10.75, 11, 11, 10.75 ], "texture": "#sword_9" },
				"north": { "uv": [ 10.5, 12.75, 10.25, 13.25 ], "texture": "#sword_9" },
				"south": { "uv": [ 10, 8, 10.25, 8.5 ], "texture": "#sword_9" },
				"west": { "uv": [ 10, 8.5, 10.25, 9 ], "texture": "#sword_9" },
				"east": { "uv": [ 10.25, 9, 10, 9.5 ], "texture": "#sword_9" }
			}
		},
		{
			"__comment": "Voxels",
			"from": [ 18, 3, 9 ],
			"to": [ 19, 4, 11 ],
			"faces": {
				"down": { "uv": [ 10, 10, 10.25, 10.5 ], "texture": "#sword_9" },
				"up": { "uv": [ 10, 11, 10.25, 10.5 ], "texture": "#sword_9" },
				"north": { "uv": [ 12, 12.5, 11.75, 12.75 ], "texture": "#sword_9" },
				"south": { "uv": [ 11.5, 12.5, 11.75, 12.75 ], "texture": "#sword_9" },
				"west": { "uv": [ 13, 13.5, 13.5, 13.75 ], "texture": "#sword_9" },
				"east": { "uv": [ 10, 10.25, 9.5, 10.5 ], "texture": "#sword_9" }
			}
		},
		{
			"__comment": "Voxels",
			"from": [ 18, 4, 10 ],
			"to": [ 24, 5, 11 ],
			"faces": {
				"down": { "uv": [ 0, 8.25, 1.5, 8.5 ], "texture": "#sword_9" },
				"up": { "uv": [ 5.75, 8.5, 7.25, 8.25 ], "texture": "#sword_9" },
				"north": { "uv": [ 7.25, 8, 5.75, 8.25 ], "texture": "#sword_9" },
				"south": { "uv": [ 8.5, 14.75, 10, 15 ], "texture": "#sword_9" },
				"west": { "uv": [ 15.25, 12.75, 15.5, 13 ], "texture": "#sword_9" },
				"east": { "uv": [ 15.25, 12.75, 15, 13 ], "texture": "#sword_9" }
			}
		},
		{
			"__comment": "Voxels",
			"from": [ 18, 8, 7 ],
			"to": [ 24, 9, 12 ],
			"faces": {
				"down": { "uv": [ 0, 9.75, 1.5, 11 ], "texture": "#sword_9" },
				"up": { "uv": [ 0, 9.75, 1.5, 8.5 ], "texture": "#sword_9" },
				"north": { "uv": [ 13, 14.75, 11.5, 15 ], "texture": "#sword_9" },
				"south": { "uv": [ 13, 14.75, 14.5, 15 ], "texture": "#sword_9" },
				"west": { "uv": [ 11.25, 14.5, 12.5, 14.75 ], "texture": "#sword_9" },
				"east": { "uv": [ 8.5, 8, 7.25, 8.25 ], "texture": "#sword_9" }
			}
		},
		{
			"__comment": "Voxels",
			"from": [ 18, 9, 7 ],
			"to": [ 19, 10, 8 ],
			"faces": {
				"down": { "uv": [ 13.75, 12.75, 14, 13 ], "texture": "#sword_9" },
				"up": { "uv": [ 13.5, 13, 13.75, 12.75 ], "texture": "#sword_9" },
				"north": { "uv": [ 13.5, 12.75, 13.25, 13 ], "texture": "#sword_9" },
				"south": { "uv": [ 11.75, 12.75, 12, 13 ], "texture": "#sword_9" },
				"west": { "uv": [ 13, 12.75, 13.25, 13 ], "texture": "#sword_9" },
				"east": { "uv": [ 12.5, 12.75, 12.25, 13 ], "texture": "#sword_9" }
			}
		},
		{
			"__comment": "Voxels",
			"from": [ 18, 9, 11 ],
			"to": [ 19, 10, 12 ],
			"faces": {
				"down": { "uv": [ 12, 12.75, 12.25, 13 ], "texture": "#sword_9" },
				"up": { "uv": [ 11.5, 13, 11.75, 12.75 ], "texture": "#sword_9" },
				"north": { "uv": [ 11.5, 12.75, 11.25, 13 ], "texture": "#sword_9" },
				"south": { "uv": [ 11, 12.75, 11.25, 13 ], "texture": "#sword_9" },
				"west": { "uv": [ 10.75, 8.5, 11, 8.75 ], "texture": "#sword_9" },
				"east": { "uv": [ 11, 8.75, 10.75, 9 ], "texture": "#sword_9" }
			}
		},
		{
			"__comment": "Voxels",
			"from": [ 18, 11, 7 ],
			"to": [ 19, 13, 8 ],
			"faces": {
				"down": { "uv": [ 10.75, 9, 11, 9.25 ], "texture": "#sword_9" },
				"up": { "uv": [ 15.5, 13, 15.75, 12.75 ], "texture": "#sword_9" },
				"north": { "uv": [ 9.5, 8.75, 9.25, 9.25 ], "texture": "#sword_9" },
				"south": { "uv": [ 9.75, 9.25, 10, 9.75 ], "texture": "#sword_9" },
				"west": { "uv": [ 9.5, 9.25, 9.75, 9.75 ], "texture": "#sword_9" },
				"east": { "uv": [ 9.5, 9.25, 9.25, 9.75 ], "texture": "#sword_9" }
			}
		},
		{
			"__comment": "Voxels",
			"from": [ 18, 11, 11 ],
			"to": [ 19, 13, 12 ],
			"faces": {
				"down": { "uv": [ 10.75, 9.75, 11, 10 ], "texture": "#sword_9" },
				"up": { "uv": [ 10.75, 10.25, 11, 10 ], "texture": "#sword_9" },
				"north": { "uv": [ 10.25, 11, 10, 11.5 ], "texture": "#sword_9" },
				"south": { "uv": [ 10, 11.5, 10.25, 12 ], "texture": "#sword_9" },
				"west": { "uv": [ 10, 12, 10.25, 12.5 ], "texture": "#sword_9" },
				"east": { "uv": [ 10.25, 12.5, 10, 13 ], "texture": "#sword_9" }
			}
		},
		{
			"__comment": "Voxels",
			"from": [ 18, 12, 8 ],
			"to": [ 24, 13, 11 ],
			"faces": {
				"down": { "uv": [ 1.5, 9.5, 3, 10.25 ], "texture": "#sword_9" },
				"up": { "uv": [ 1.5, 11, 3, 10.25 ], "texture": "#sword_9" },
				"north": { "uv": [ 11.5, 14.75, 10, 15 ], "texture": "#sword_9" },
				"south": { "uv": [ 5.75, 8.5, 7.25, 8.75 ], "texture": "#sword_9" },
				"west": { "uv": [ 9.25, 11.25, 10, 11.5 ], "texture": "#sword_9" },
				"east": { "uv": [ 10, 11, 9.25, 11.25 ], "texture": "#sword_9" }
			}
		},
		{
			"__comment": "Voxels",
			"from": [ 18, 14, 7 ],
			"to": [ 19, 19, 8 ],
			"faces": {
				"down": { "uv": [ 15.75, 12.25, 16, 12.5 ], "texture": "#sword_9" },
				"up": { "uv": [ 15.5, 12.5, 15.75, 12.25 ], "texture": "#sword_9" },
				"north": { "uv": [ 5.5, 8.25, 5.25, 9.5 ], "texture": "#sword_9" },
				"south": { "uv": [ 5.5, 8.25, 5.75, 9.5 ], "texture": "#sword_9" },
				"west": { "uv": [ 8.5, 13, 8.75, 14.25 ], "texture": "#sword_9" },
				"east": { "uv": [ 8.75, 11.75, 8.5, 13 ], "texture": "#sword_9" }
			}
		},
		{
			"__comment": "Voxels",
			"from": [ 18, 14, 11 ],
			"to": [ 19, 19, 12 ],
			"faces": {
				"down": { "uv": [ 14.75, 12.25, 15, 12.5 ], "texture": "#sword_9" },
				"up": { "uv": [ 14.5, 12.5, 14.75, 12.25 ], "texture": "#sword_9" },
				"north": { "uv": [ 8.75, 10.5, 8.5, 11.75 ], "texture": "#sword_9" },
				"south": { "uv": [ 8.5, 9.25, 8.75, 10.5 ], "texture": "#sword_9" },
				"west": { "uv": [ 8.5, 8, 8.75, 9.25 ], "texture": "#sword_9" },
				"east": { "uv": [ 9, 13, 8.75, 14.25 ], "texture": "#sword_9" }
			}
		},
		{
			"__comment": "Voxels",
			"from": [ 18, 16, 8 ],
			"to": [ 24, 17, 9 ],
			"faces": {
				"down": { "uv": [ 5.75, 9, 7.25, 9.25 ], "texture": "#sword_9" },
				"up": { "uv": [ 5.75, 9, 7.25, 8.75 ], "texture": "#sword_9" },
				"north": { "uv": [ 16, 14.75, 14.5, 15 ], "texture": "#sword_9" },
				"south": { "uv": [ 8.5, 14.5, 10, 14.75 ], "texture": "#sword_9" },
				"west": { "uv": [ 11, 11.75, 11.25, 12 ], "texture": "#sword_9" },
				"east": { "uv": [ 11.25, 12, 11, 12.25 ], "texture": "#sword_9" }
			}
		},
		{
			"__comment": "Voxels",
			"from": [ 18, 16, 10 ],
			"to": [ 24, 17, 11 ],
			"faces": {
				"down": { "uv": [ 0, 8, 1.5, 8.25 ], "texture": "#sword_9" },
				"up": { "uv": [ 5.75, 10, 7.25, 9.75 ], "texture": "#sword_9" },
				"north": { "uv": [ 7.25, 9.5, 5.75, 9.75 ], "texture": "#sword_9" },
				"south": { "uv": [ 5.75, 9.25, 7.25, 9.5 ], "texture": "#sword_9" },
				"west": { "uv": [ 13.25, 12, 13.5, 12.25 ], "texture": "#sword_9" },
				"east": { "uv": [ 13.25, 12, 13, 12.25 ], "texture": "#sword_9" }
			}
		},
		{
			"__comment": "Voxels",
			"from": [ 18, 17, 8 ],
			"to": [ 19, 18, 11 ],
			"faces": {
				"down": { "uv": [ 9.75, 12, 10, 12.75 ], "texture": "#sword_9" },
				"up": { "uv": [ 9.25, 11, 9.5, 10.25 ], "texture": "#sword_9" },
				"north": { "uv": [ 11.75, 8, 11.5, 8.25 ], "texture": "#sword_9" },
				"south": { "uv": [ 11.75, 12, 12, 12.25 ], "texture": "#sword_9" },
				"west": { "uv": [ 9.25, 10, 10, 10.25 ], "texture": "#sword_9" },
				"east": { "uv": [ 10, 9.75, 9.25, 10 ], "texture": "#sword_9" }
			}
		},
		{
			"__comment": "Voxels",
			"from": [ 19, 3, 7 ],
			"to": [ 24, 4, 8 ],
			"faces": {
				"down": { "uv": [ 12.5, 14.5, 13.75, 14.75 ], "texture": "#sword_9" },
				"up": { "uv": [ 11, 14.5, 12.25, 14.25 ], "texture": "#sword_9" },
				"north": { "uv": [ 16, 14.25, 14.75, 14.5 ], "texture": "#sword_9" },
				"south": { "uv": [ 13.5, 14.25, 14.75, 14.5 ], "texture": "#sword_9" },
				"west": { "uv": [ 11, 11.5, 11.25, 11.75 ], "texture": "#sword_9" },
				"east": { "uv": [ 11.25, 11.25, 11, 11.5 ], "texture": "#sword_9" }
			}
		},
		{
			"__comment": "Voxels",
			"from": [ 19, 3, 11 ],
			"to": [ 24, 4, 12 ],
			"faces": {
				"down": { "uv": [ 9.75, 14.25, 11, 14.5 ], "texture": "#sword_9" },
				"up": { "uv": [ 12.25, 14.5, 13.5, 14.25 ], "texture": "#sword_9" },
				"north": { "uv": [ 9.75, 14.25, 8.5, 14.5 ], "texture": "#sword_9" },
				"south": { "uv": [ 13.75, 14.5, 15, 14.75 ], "texture": "#sword_9" },
				"west": { "uv": [ 11.5, 8.5, 11.75, 8.75 ], "texture": "#sword_9" },
				"east": { "uv": [ 11.75, 8.25, 11.5, 8.5 ], "texture": "#sword_9" }
			}
		},
		{
			"__comment": "Voxels",
			"from": [ 19, 4, 7 ],
			"to": [ 20, 5, 10 ],
			"faces": {
				"down": { "uv": [ 2.5, 8.75, 2.75, 9.5 ], "texture": "#sword_9" },
				"up": { "uv": [ 2.75, 9.5, 3, 8.75 ], "texture": "#sword_9" },
				"north": { "uv": [ 12.75, 12, 12.5, 12.25 ], "texture": "#sword_9" },
				"south": { "uv": [ 12.75, 12, 13, 12.25 ], "texture": "#sword_9" },
				"west": { "uv": [ 7.75, 10.75, 8.5, 11 ], "texture": "#sword_9" },
				"east": { "uv": [ 8.5, 10.5, 7.75, 10.75 ], "texture": "#sword_9" }
			}
		},
		{
			"__comment": "Voxels",
			"from": [ 19, 4, 11 ],
			"to": [ 20, 5, 12 ],
			"faces": {
				"down": { "uv": [ 11.75, 11.25, 12, 11.5 ], "texture": "#sword_9" },
				"up": { "uv": [ 11.75, 11.25, 12, 11 ], "texture": "#sword_9" },
				"north": { "uv": [ 12, 10.25, 11.75, 10.5 ], "texture": "#sword_9" },
				"south": { "uv": [ 11.75, 10, 12, 10.25 ], "texture": "#sword_9" },
				"west": { "uv": [ 10.75, 10.5, 11, 10.75 ], "texture": "#sword_9" },
				"east": { "uv": [ 11, 10.25, 10.75, 10.5 ], "texture": "#sword_9" }
			}
		},
		{
			"__comment": "Voxels",
			"from": [ 19, 5, 8 ],
			"to": [ 23, 8, 11 ],
			"faces": {
				"down": { "uv": [ 3, 9.5, 4, 10.25 ], "texture": "#sword_9" },
				"up": { "uv": [ 3, 9.5, 4, 8.75 ], "texture": "#sword_9" },
				"north": { "uv": [ 4, 8, 3, 8.75 ], "texture": "#sword_9" },
				"south": { "uv": [ 1.5, 8, 2.5, 8.75 ], "texture": "#sword_9" },
				"west": { "uv": [ 4, 8, 4.75, 8.75 ], "texture": "#sword_9" },
				"east": { "uv": [ 4.75, 8.75, 4, 9.5 ], "texture": "#sword_9" }
			}
		},
		{
			"__comment": "Voxels",
			"from": [ 19, 12, 7 ],
			"to": [ 24, 13, 8 ],
			"faces": {
				"down": { "uv": [ 7.25, 8.25, 8.5, 8.5 ], "texture": "#sword_9" },
				"up": { "uv": [ 7.25, 8.75, 8.5, 8.5 ], "texture": "#sword_9" },
				"north": { "uv": [ 8.5, 8.75, 7.25, 9 ], "texture": "#sword_9" },
				"south": { "uv": [ 10, 14.5, 11.25, 14.75 ], "texture": "#sword_9" },
				"west": { "uv": [ 10.75, 9.5, 11, 9.75 ], "texture": "#sword_9" },
				"east": { "uv": [ 11, 9.25, 10.75, 9.5 ], "texture": "#sword_9" }
			}
		},
		{
			"__comment": "Voxels",
			"from": [ 19, 12, 11 ],
			"to": [ 24, 13, 12 ],
			"faces": {
				"down": { "uv": [ 7.25, 9, 8.5, 9.25 ], "texture": "#sword_9" },
				"up": { "uv": [ 7.25, 9.5, 8.5, 9.25 ], "texture": "#sword_9" },
				"north": { "uv": [ 8.5, 9.5, 7.25, 9.75 ], "texture": "#sword_9" },
				"south": { "uv": [ 7.25, 9.75, 8.5, 10 ], "texture": "#sword_9" },
				"west": { "uv": [ 10.75, 8.25, 11, 8.5 ], "texture": "#sword_9" },
				"east": { "uv": [ 11, 8, 10.75, 8.25 ], "texture": "#sword_9" }
			}
		},
		{
			"__comment": "Voxels",
			"from": [ 19, 13, 8 ],
			"to": [ 23, 16, 11 ],
			"faces": {
				"down": { "uv": [ 4, 10.25, 5, 11 ], "texture": "#sword_9" },
				"up": { "uv": [ 4, 10.25, 5, 9.5 ], "texture": "#sword_9" },
				"north": { "uv": [ 4, 10.25, 3, 11 ], "texture": "#sword_9" },
				"south": { "uv": [ 1.5, 8.75, 2.5, 9.5 ], "texture": "#sword_9" },
				"west": { "uv": [ 5, 9.5, 5.75, 10.25 ], "texture": "#sword_9" },
				"east": { "uv": [ 5.75, 10.25, 5, 11 ], "texture": "#sword_9" }
			}
		},
		{
			"__comment": "Voxels",
			"from": [ 19, 16, 7 ],
			"to": [ 20, 18, 8 ],
			"faces": {
				"down": { "uv": [ 12.5, 12.75, 12.75, 13 ], "texture": "#sword_9" },
				"up": { "uv": [ 12.75, 13, 13, 12.75 ], "texture": "#sword_9" },
				"north": { "uv": [ 10, 10.5, 9.75, 11 ], "texture": "#sword_9" },
				"south": { "uv": [ 9.5, 8.75, 9.75, 9.25 ], "texture": "#sword_9" },
				"west": { "uv": [ 9.75, 8.75, 10, 9.25 ], "texture": "#sword_9" },
				"east": { "uv": [ 9.5, 8.25, 9.25, 8.75 ], "texture": "#sword_9" }
			}
		},
		{
			"__comment": "Voxels",
			"from": [ 19, 16, 9 ],
			"to": [ 23, 17, 10 ],
			"faces": {
				"down": { "uv": [ 9.25, 14, 10.25, 14.25 ], "texture": "#sword_9" },
				"up": { "uv": [ 15, 15.75, 16, 15.5 ], "texture": "#sword_9" },
				"north": { "uv": [ 12.25, 14, 11.25, 14.25 ], "texture": "#sword_9" },
				"south": { "uv": [ 11.25, 13.75, 12.25, 14 ], "texture": "#sword_9" },
				"west": { "uv": [ 14, 12.75, 14.25, 13 ], "texture": "#sword_9" },
				"east": { "uv": [ 14.5, 12.75, 14.25, 13 ], "texture": "#sword_9" }
			}
		},
		{
			"__comment": "Voxels",
			"from": [ 19, 16, 11 ],
			"to": [ 20, 18, 12 ],
			"faces": {
				"down": { "uv": [ 14.5, 12.75, 14.75, 13 ], "texture": "#sword_9" },
				"up": { "uv": [ 14.75, 13, 15, 12.75 ], "texture": "#sword_9" },
				"north": { "uv": [ 9.75, 8.25, 9.5, 8.75 ], "texture": "#sword_9" },
				"south": { "uv": [ 9.75, 8.25, 10, 8.75 ], "texture": "#sword_9" },
				"west": { "uv": [ 10, 13, 10.25, 13.5 ], "texture": "#sword_9" },
				"east": { "uv": [ 9.75, 10.5, 9.5, 11 ], "texture": "#sword_9" }
			}
		},
		{
			"__comment": "Voxels",
			"from": [ 20, 4, 8 ],
			"to": [ 24, 5, 9 ],
			"faces": {
				"down": { "uv": [ 15, 15.75, 16, 16 ], "texture": "#sword_9" },
				"up": { "uv": [ 12.25, 14.25, 13.25, 14 ], "texture": "#sword_9" },
				"north": { "uv": [ 15.25, 14, 14.25, 14.25 ], "texture": "#sword_9" },
				"south": { "uv": [ 10.25, 13.75, 11.25, 14 ], "texture": "#sword_9" },
				"west": { "uv": [ 11, 12.5, 11.25, 12.75 ], "texture": "#sword_9" },
				"east": { "uv": [ 11.25, 12.25, 11, 12.5 ], "texture": "#sword_9" }
			}
		},
		{
			"__comment": "Voxels",
			"from": [ 20, 4, 9 ],
			"to": [ 23, 5, 10 ],
			"faces": {
				"down": { "uv": [ 7.75, 10.25, 8.5, 10.5 ], "texture": "#sword_9" },
				"up": { "uv": [ 7.75, 10.25, 8.5, 10 ], "texture": "#sword_9" },
				"north": { "uv": [ 16, 14, 15.25, 14.25 ], "texture": "#sword_9" },
				"south": { "uv": [ 14.25, 13.75, 15, 14 ], "texture": "#sword_9" },
				"west": { "uv": [ 11, 11, 11.25, 11.25 ], "texture": "#sword_9" },
				"east": { "uv": [ 11.25, 10.75, 11, 11 ], "texture": "#sword_9" }
			}
		},
		{
			"__comment": "Voxels",
			"from": [ 20, 10, 7 ],
			"to": [ 22, 11, 8 ],
			"faces": {
				"down": { "uv": [ 13.5, 13.5, 14, 13.75 ], "texture": "#sword_9" },
				"up": { "uv": [ 14, 13.75, 14.5, 13.5 ], "texture": "#sword_9" },
				"north": { "uv": [ 15, 13.5, 14.5, 13.75 ], "texture": "#sword_9" },
				"south": { "uv": [ 15, 13.5, 15.5, 13.75 ], "texture": "#sword_9" },
				"west": { "uv": [ 11, 9.5, 11.25, 9.75 ], "texture": "#sword_9" },
				"east": { "uv": [ 11.25, 9.25, 11, 9.5 ], "texture": "#sword_9" }
			}
		},
		{
			"__comment": "Voxels",
			"from": [ 20, 10, 11 ],
			"to": [ 22, 11, 12 ],
			"faces": {
				"down": { "uv": [ 15.5, 13.5, 16, 13.75 ], "texture": "#sword_9" },
				"up": { "uv": [ 10.25, 13.5, 10.75, 13.25 ], "texture": "#sword_9" },
				"north": { "uv": [ 11.25, 13.25, 10.75, 13.5 ], "texture": "#sword_9" },
				"south": { "uv": [ 11.25, 13.25, 11.75, 13.5 ], "texture": "#sword_9" },
				"west": { "uv": [ 11, 8, 11.25, 8.25 ], "texture": "#sword_9" },
				"east": { "uv": [ 11.5, 12.5, 11.25, 12.75 ], "texture": "#sword_9" }
			}
		},
		{
			"__comment": "Voxels",
			"from": [ 20, 17, 7 ],
			"to": [ 24, 18, 8 ],
			"faces": {
				"down": { "uv": [ 12.25, 13.75, 13.25, 14 ], "texture": "#sword_9" },
				"up": { "uv": [ 13.25, 14, 14.25, 13.75 ], "texture": "#sword_9" },
				"north": { "uv": [ 10.25, 13.75, 9.25, 14 ], "texture": "#sword_9" },
				"south": { "uv": [ 15, 15.25, 16, 15.5 ], "texture": "#sword_9" },
				"west": { "uv": [ 12.5, 12.5, 12.75, 12.75 ], "texture": "#sword_9" },
				"east": { "uv": [ 11.75, 11.5, 11.5, 11.75 ], "texture": "#sword_9" }
			}
		},
		{
			"__comment": "Voxels",
			"from": [ 20, 17, 11 ],
			"to": [ 24, 18, 12 ],
			"faces": {
				"down": { "uv": [ 15, 15, 16, 15.25 ], "texture": "#sword_9" },
				"up": { "uv": [ 15, 14.75, 16, 14.5 ], "texture": "#sword_9" },
				"north": { "uv": [ 11.25, 14, 10.25, 14.25 ], "texture": "#sword_9" },
				"south": { "uv": [ 13.25, 14, 14.25, 14.25 ], "texture": "#sword_9" },
				"west": { "uv": [ 14, 12.5, 14.25, 12.75 ], "texture": "#sword_9" },
				"east": { "uv": [ 14.5, 12.5, 14.25, 12.75 ], "texture": "#sword_9" }
			}
		},
		{
			"__comment": "Voxels",
			"from": [ 22, 4, 7 ],
			"to": [ 24, 5, 8 ],
			"faces": {
				"down": { "uv": [ 11.75, 13.25, 12.25, 13.5 ], "texture": "#sword_9" },
				"up": { "uv": [ 12.25, 13.5, 12.75, 13.25 ], "texture": "#sword_9" },
				"north": { "uv": [ 13.25, 13.25, 12.75, 13.5 ], "texture": "#sword_9" },
				"south": { "uv": [ 13.25, 13.25, 13.75, 13.5 ], "texture": "#sword_9" },
				"west": { "uv": [ 15.5, 12.5, 15.75, 12.75 ], "texture": "#sword_9" },
				"east": { "uv": [ 16, 12.5, 15.75, 12.75 ], "texture": "#sword_9" }
			}
		},
		{
			"__comment": "Voxels",
			"from": [ 22, 4, 11 ],
			"to": [ 24, 5, 12 ],
			"faces": {
				"down": { "uv": [ 13.75, 13.25, 14.25, 13.5 ], "texture": "#sword_9" },
				"up": { "uv": [ 14.25, 13.5, 14.75, 13.25 ], "texture": "#sword_9" },
				"north": { "uv": [ 15.25, 13.25, 14.75, 13.5 ], "texture": "#sword_9" },
				"south": { "uv": [ 15.25, 13.25, 15.75, 13.5 ], "texture": "#sword_9" },
				"west": { "uv": [ 11.25, 11.25, 11.5, 11.5 ], "texture": "#sword_9" },
				"east": { "uv": [ 11.5, 11, 11.25, 11.25 ], "texture": "#sword_9" }
			}
		},
		{
			"__comment": "Voxels",
			"from": [ 22, 16, 7 ],
			"to": [ 24, 17, 8 ],
			"faces": {
				"down": { "uv": [ 10.5, 13, 11, 13.25 ], "texture": "#sword_9" },
				"up": { "uv": [ 11, 13.25, 11.5, 13 ], "texture": "#sword_9" },
				"north": { "uv": [ 12, 13, 11.5, 13.25 ], "texture": "#sword_9" },
				"south": { "uv": [ 12, 13, 12.5, 13.25 ], "texture": "#sword_9" },
				"west": { "uv": [ 11.25, 9.75, 11.5, 10 ], "texture": "#sword_9" },
				"east": { "uv": [ 11.5, 9.5, 11.25, 9.75 ], "texture": "#sword_9" }
			}
		},
		{
			"__comment": "Voxels",
			"from": [ 22, 16, 11 ],
			"to": [ 24, 17, 12 ],
			"faces": {
				"down": { "uv": [ 12.5, 13, 13, 13.25 ], "texture": "#sword_9" },
				"up": { "uv": [ 13, 13.25, 13.5, 13 ], "texture": "#sword_9" },
				"north": { "uv": [ 14, 13, 13.5, 13.25 ], "texture": "#sword_9" },
				"south": { "uv": [ 14, 13, 14.5, 13.25 ], "texture": "#sword_9" },
				"west": { "uv": [ 11.25, 8.25, 11.5, 8.5 ], "texture": "#sword_9" },
				"east": { "uv": [ 11.5, 8, 11.25, 8.25 ], "texture": "#sword_9" }
			}
		},
		{
			"__comment": "Voxels",
			"from": [ 23, 2, 7 ],
			"to": [ 24, 3, 8 ],
			"faces": {
				"down": { "uv": [ 11.5, 12.25, 11.75, 12.5 ], "texture": "#sword_9" },
				"up": { "uv": [ 11.75, 12.5, 12, 12.25 ], "texture": "#sword_9" },
				"north": { "uv": [ 12.25, 12.25, 12, 12.5 ], "texture": "#sword_9" },
				"south": { "uv": [ 12.25, 12.25, 12.5, 12.5 ], "texture": "#sword_9" },
				"west": { "uv": [ 12.5, 12.25, 12.75, 12.5 ], "texture": "#sword_9" },
				"east": { "uv": [ 13, 12.25, 12.75, 12.5 ], "texture": "#sword_9" }
			}
		},
		{
			"__comment": "Voxels",
			"from": [ 23, 2, 11 ],
			"to": [ 24, 3, 12 ],
			"faces": {
				"down": { "uv": [ 13, 12.25, 13.25, 12.5 ], "texture": "#sword_9" },
				"up": { "uv": [ 13.25, 12.5, 13.5, 12.25 ], "texture": "#sword_9" },
				"north": { "uv": [ 13.75, 12.25, 13.5, 12.5 ], "texture": "#sword_9" },
				"south": { "uv": [ 13.75, 12.25, 14, 12.5 ], "texture": "#sword_9" },
				"west": { "uv": [ 14, 12.25, 14.25, 12.5 ], "texture": "#sword_9" },
				"east": { "uv": [ 14.5, 12.25, 14.25, 12.5 ], "texture": "#sword_9" }
			}
		},
		{
			"__comment": "Voxels",
			"from": [ 23, 3, 8 ],
			"to": [ 24, 4, 11 ],
			"faces": {
				"down": { "uv": [ 2.5, 8, 2.75, 8.75 ], "texture": "#sword_9" },
				"up": { "uv": [ 2.75, 8.75, 3, 8 ], "texture": "#sword_9" },
				"north": { "uv": [ 15.25, 12.25, 15, 12.5 ], "texture": "#sword_9" },
				"south": { "uv": [ 15.25, 12.25, 15.5, 12.5 ], "texture": "#sword_9" },
				"west": { "uv": [ 15, 13.75, 15.75, 14 ], "texture": "#sword_9" },
				"east": { "uv": [ 10, 13.5, 9.25, 13.75 ], "texture": "#sword_9" }
			}
		},
		{
			"__comment": "Voxels",
			"from": [ 23, 5, 7 ],
			"to": [ 24, 7, 8 ],
			"faces": {
				"down": { "uv": [ 11.5, 12, 11.75, 12.25 ], "texture": "#sword_9" },
				"up": { "uv": [ 11.5, 12, 11.75, 11.75 ], "texture": "#sword_9" },
				"north": { "uv": [ 10.25, 9.5, 10, 10 ], "texture": "#sword_9" },
				"south": { "uv": [ 10.25, 12.25, 10.5, 12.75 ], "texture": "#sword_9" },
				"west": { "uv": [ 10.25, 11.75, 10.5, 12.25 ], "texture": "#sword_9" },
				"east": { "uv": [ 10.5, 11.25, 10.25, 11.75 ], "texture": "#sword_9" }
			}
		},
		{
			"__comment": "Voxels",
			"from": [ 23, 5, 11 ],
			"to": [ 24, 7, 12 ],
			"faces": {
				"down": { "uv": [ 11.5, 10.5, 11.75, 10.75 ], "texture": "#sword_9" },
				"up": { "uv": [ 11.5, 10.5, 11.75, 10.25 ], "texture": "#sword_9" },
				"north": { "uv": [ 10.5, 10.75, 10.25, 11.25 ], "texture": "#sword_9" },
				"south": { "uv": [ 10.25, 10.25, 10.5, 10.75 ], "texture": "#sword_9" },
				"west": { "uv": [ 10.25, 9.75, 10.5, 10.25 ], "texture": "#sword_9" },
				"east": { "uv": [ 10.5, 9.25, 10.25, 9.75 ], "texture": "#sword_9" }
			}
		},
		{
			"__comment": "Voxels",
			"from": [ 23, 9, 7 ],
			"to": [ 24, 12, 8 ],
			"faces": {
				"down": { "uv": [ 11.5, 9, 11.75, 9.25 ], "texture": "#sword_9" },
				"up": { "uv": [ 11.5, 9, 11.75, 8.75 ], "texture": "#sword_9" },
				"north": { "uv": [ 5, 8.75, 4.75, 9.5 ], "texture": "#sword_9" },
				"south": { "uv": [ 4.75, 8, 5, 8.75 ], "texture": "#sword_9" },
				"west": { "uv": [ 9, 9.75, 9.25, 10.5 ], "texture": "#sword_9" },
				"east": { "uv": [ 9.25, 9, 9, 9.75 ], "texture": "#sword_9" }
			}
		},
		{
			"__comment": "Voxels",
			"from": [ 23, 9, 11 ],
			"to": [ 24, 12, 12 ],
			"faces": {
				"down": { "uv": [ 12, 12, 12.25, 12.25 ], "texture": "#sword_9" },
				"up": { "uv": [ 12.25, 12.25, 12.5, 12 ], "texture": "#sword_9" },
				"north": { "uv": [ 9.25, 8.25, 9, 9 ], "texture": "#sword_9" },
				"south": { "uv": [ 9.25, 12.75, 9.5, 13.5 ], "texture": "#sword_9" },
				"west": { "uv": [ 9.5, 12.75, 9.75, 13.5 ], "texture": "#sword_9" },
				"east": { "uv": [ 10, 12.75, 9.75, 13.5 ], "texture": "#sword_9" }
			}
		},
		{
			"__comment": "Voxels",
			"from": [ 23, 14, 7 ],
			"to": [ 24, 16, 8 ],
			"faces": {
				"down": { "uv": [ 13.5, 12, 13.75, 12.25 ], "texture": "#sword_9" },
				"up": { "uv": [ 13.75, 12.25, 14, 12 ], "texture": "#sword_9" },
				"north": { "uv": [ 10.5, 8.75, 10.25, 9.25 ], "texture": "#sword_9" },
				"south": { "uv": [ 10.25, 8.25, 10.5, 8.75 ], "texture": "#sword_9" },
				"west": { "uv": [ 10.5, 12.5, 10.75, 13 ], "texture": "#sword_9" },
				"east": { "uv": [ 10.75, 12, 10.5, 12.5 ], "texture": "#sword_9" }
			}
		},
		{
			"__comment": "Voxels",
			"from": [ 23, 14, 11 ],
			"to": [ 24, 16, 12 ],
			"faces": {
				"down": { "uv": [ 15, 12, 15.25, 12.25 ], "texture": "#sword_9" },
				"up": { "uv": [ 15.25, 12.25, 15.5, 12 ], "texture": "#sword_9" },
				"north": { "uv": [ 10.75, 11.5, 10.5, 12 ], "texture": "#sword_9" },
				"south": { "uv": [ 10.5, 11, 10.75, 11.5 ], "texture": "#sword_9" },
				"west": { "uv": [ 10.5, 10.5, 10.75, 11 ], "texture": "#sword_9" },
				"east": { "uv": [ 10.75, 10, 10.5, 10.5 ], "texture": "#sword_9" }
			}
		},
		{
			"__comment": "Voxels",
			"from": [ 23, 17, 8 ],
			"to": [ 24, 18, 11 ],
			"faces": {
				"down": { "uv": [ 9.25, 12, 9.5, 12.75 ], "texture": "#sword_9" },
				"up": { "uv": [ 9.5, 12.75, 9.75, 12 ], "texture": "#sword_9" },
				"north": { "uv": [ 12, 10.75, 11.75, 11 ], "texture": "#sword_9" },
				"south": { "uv": [ 11.75, 10.5, 12, 10.75 ], "texture": "#sword_9" },
				"west": { "uv": [ 9.25, 11.75, 10, 12 ], "texture": "#sword_9" },
				"east": { "uv": [ 10, 11.5, 9.25, 11.75 ], "texture": "#sword_9" }
			}
		},
		{
			"__comment": "Voxels",
			"from": [ 23, 18, 7 ],
			"to": [ 24, 19, 8 ],
			"faces": {
				"down": { "uv": [ 11.75, 9.75, 12, 10 ], "texture": "#sword_9" },
				"up": { "uv": [ 11.75, 9.75, 12, 9.5 ], "texture": "#sword_9" },
				"north": { "uv": [ 12, 9.25, 11.75, 9.5 ], "texture": "#sword_9" },
				"south": { "uv": [ 11.75, 9, 12, 9.25 ], "texture": "#sword_9" },
				"west": { "uv": [ 11.75, 8.75, 12, 9 ], "texture": "#sword_9" },
				"east": { "uv": [ 12, 8.5, 11.75, 8.75 ], "texture": "#sword_9" }
			}
		},
		{
			"__comment": "Voxels",
			"from": [ 23, 18, 11 ],
			"to": [ 24, 19, 12 ],
			"faces": {
				"down": { "uv": [ 11.75, 8.25, 12, 8.5 ], "texture": "#sword_9" },
				"up": { "uv": [ 11.75, 8.25, 12, 8 ], "texture": "#sword_9" },
				"north": { "uv": [ 12.25, 11.75, 12, 12 ], "texture": "#sword_9" },
				"south": { "uv": [ 12.25, 11.75, 12.5, 12 ], "texture": "#sword_9" },
				"west": { "uv": [ 12.5, 11.75, 12.75, 12 ], "texture": "#sword_9" },
				"east": { "uv": [ 13, 11.75, 12.75, 12 ], "texture": "#sword_9" }
			}
		}
	],
	"display": {
		"thirdperson_righthand": {
			"rotation":  [ -2, -90, 90 ],
			"translation":  [ 1.5, -1, 3.4 ],
			"scale":  [ 1, 0.8, 0.7 ]
		},
		"thirdperson_lefthand": {
			"rotation":  [ -2, -90, -90 ],
			"translation":  [ 1.5, -1, -1 ],
			"scale":  [ 1, 0.8, 0.7 ]
		},
		"firstperson_righthand": {
			"rotation":  [ 0, 85, 70 ],
			"translation":  [ 1, 1, -3.5 ],
			"scale":  [ 0.8, 0.8, 0.8 ]
		},
		"firstperson_lefthand": {
			"rotation":  [ 0, 85, -100 ],
			"translation":  [ 1, 1, -3.5 ],
			"scale":  [ 0.8, 0.8, 0.8 ]
		},
		"gui": {
			"rotation":  [ 0, 0, 45 ],
			"translation":  [ 0, -2, 0 ],
			"scale":  [ 0.5, 0.5, 0.5 ]
		},
		"head": {
			"rotation":  [ 0, 0, 45 ],
			"translation":  [ 4, -18, 3 ],
			"scale":  [ 1.5, 1.5, 1.5 ]
		},
		"fixed": {
			"rotation":  [ 0, 0, 90 ],
			"translation":  [ 25, 120, -40 ],
			"scale":  [ 10, 10, 10 ]
		}
	}
}