{
	"__comment": "Designed by MrZoom31 with Cubik Studio - https://cubik.studio",
	"textures": {
		"sword_16": "items/sword_16"
	},
	"elements": [ 	 
		{
			"__comment": "Voxels",
			"from": [ -11, 8, 8 ],
			"to": [ 30, 9, 9 ],
			"faces": {
				"down": { "uv": [ 0, 15.75, 10.25, 16 ], "texture": "#sword_16" },
				"up": { "uv": [ 0, 15.75, 10.25, 15.5 ], "texture": "#sword_16" },
				"north": { "uv": [ 10.25, 15.25, 0, 15.5 ], "texture": "#sword_16" },
				"south": { "uv": [ 0, 15, 10.25, 15.25 ], "texture": "#sword_16" },
				"west": { "uv": [ 5, 9.25, 5.25, 9.5 ], "texture": "#sword_16" },
				"east": { "uv": [ 5.25, 8.25, 5, 8.5 ], "texture": "#sword_16" }
			}
		},
		{
			"__comment": "Voxels",
			"from": [ -9, 8, 7 ],
			"to": [ 29, 9, 8 ],
			"faces": {
				"down": { "uv": [ 0, 14.75, 9.5, 15 ], "texture": "#sword_16" },
				"up": { "uv": [ 0, 14.75, 9.5, 14.5 ], "texture": "#sword_16" },
				"north": { "uv": [ 9.5, 14.25, 0, 14.5 ], "texture": "#sword_16" },
				"south": { "uv": [ 0, 14, 9.5, 14.25 ], "texture": "#sword_16" },
				"west": { "uv": [ 5.75, 9.25, 6, 9.5 ], "texture": "#sword_16" },
				"east": { "uv": [ 6.25, 9.25, 6, 9.5 ], "texture": "#sword_16" }
			}
		},
		{
			"__comment": "Voxels",
			"from": [ -9, 8, 9 ],
			"to": [ 29, 9, 10 ],
			"faces": {
				"down": { "uv": [ 0, 13.75, 9.5, 14 ], "texture": "#sword_16" },
				"up": { "uv": [ 0, 13.75, 9.5, 13.5 ], "texture": "#sword_16" },
				"north": { "uv": [ 9.5, 13.25, 0, 13.5 ], "texture": "#sword_16" },
				"south": { "uv": [ 0, 13, 9.5, 13.25 ], "texture": "#sword_16" },
				"west": { "uv": [ 6, 8.5, 6.25, 8.75 ], "texture": "#sword_16" },
				"east": { "uv": [ 16, 15.75, 15.75, 16 ], "texture": "#sword_16" }
			}
		},
		{
			"__comment": "Voxels",
			"from": [ -8, 7, 8 ],
			"to": [ 29, 8, 9 ],
			"faces": {
				"down": { "uv": [ 0, 11.25, 9.25, 11.5 ], "texture": "#sword_16" },
				"up": { "uv": [ 0, 13, 9.25, 12.75 ], "texture": "#sword_16" },
				"north": { "uv": [ 9.25, 12.5, 0, 12.75 ], "texture": "#sword_16" },
				"south": { "uv": [ 0, 11.75, 9.25, 12 ], "texture": "#sword_16" },
				"west": { "uv": [ 15.75, 15.5, 16, 15.75 ], "texture": "#sword_16" },
				"east": { "uv": [ 16, 15.25, 15.75, 15.5 ], "texture": "#sword_16" }
			}
		},
		{
			"__comment": "Voxels",
			"from": [ -8, 9, 8 ],
			"to": [ 29, 10, 9 ],
			"faces": {
				"down": { "uv": [ 0, 12, 9.25, 12.25 ], "texture": "#sword_16" },
				"up": { "uv": [ 0, 12.5, 9.25, 12.25 ], "texture": "#sword_16" },
				"north": { "uv": [ 9.25, 11, 0, 11.25 ], "texture": "#sword_16" },
				"south": { "uv": [ 0, 11.5, 9.25, 11.75 ], "texture": "#sword_16" },
				"west": { "uv": [ 2, 8, 2.25, 8.25 ], "texture": "#sword_16" },
				"east": { "uv": [ 16, 15, 15.75, 15.25 ], "texture": "#sword_16" }
			}
		},
		{
			"__comment": "Voxels",
			"from": [ -6, 7, 7 ],
			"to": [ 5, 8, 8 ],
			"faces": {
				"down": { "uv": [ 10.25, 15, 13, 15.25 ], "texture": "#sword_16" },
				"up": { "uv": [ 13, 15.25, 15.75, 15 ], "texture": "#sword_16" },
				"north": { "uv": [ 12.25, 14.75, 9.5, 15 ], "texture": "#sword_16" },
				"south": { "uv": [ 12.25, 14.75, 15, 15 ], "texture": "#sword_16" },
				"west": { "uv": [ 15.75, 14.75, 16, 15 ], "texture": "#sword_16" },
				"east": { "uv": [ 16, 14.5, 15.75, 14.75 ], "texture": "#sword_16" }
			}
		},
		{
			"__comment": "Voxels",
			"from": [ -6, 7, 9 ],
			"to": [ 5, 8, 10 ],
			"faces": {
				"down": { "uv": [ 9.5, 14.5, 12.25, 14.75 ], "texture": "#sword_16" },
				"up": { "uv": [ 12.25, 14.75, 15, 14.5 ], "texture": "#sword_16" },
				"north": { "uv": [ 2.75, 10.75, 0, 11 ], "texture": "#sword_16" },
				"south": { "uv": [ 0, 10.5, 2.75, 10.75 ], "texture": "#sword_16" },
				"west": { "uv": [ 9.25, 12.75, 9.5, 13 ], "texture": "#sword_16" },
				"east": { "uv": [ 9.5, 12.5, 9.25, 12.75 ], "texture": "#sword_16" }
			}
		},
		{
			"__comment": "Voxels",
			"from": [ -6, 9, 7 ],
			"to": [ 5, 10, 8 ],
			"faces": {
				"down": { "uv": [ 0, 10.25, 2.75, 10.5 ], "texture": "#sword_16" },
				"up": { "uv": [ 0, 10.25, 2.75, 10 ], "texture": "#sword_16" },
				"north": { "uv": [ 13, 15.25, 10.25, 15.5 ], "texture": "#sword_16" },
				"south": { "uv": [ 10.25, 15.75, 13, 16 ], "texture": "#sword_16" },
				"west": { "uv": [ 9.25, 12.25, 9.5, 12.5 ], "texture": "#sword_16" },
				"east": { "uv": [ 9.5, 12, 9.25, 12.25 ], "texture": "#sword_16" }
			}
		},
		{
			"__comment": "Voxels",
			"from": [ -6, 9, 9 ],
			"to": [ 5, 10, 10 ],
			"faces": {
				"down": { "uv": [ 13, 15.75, 15.75, 16 ], "texture": "#sword_16" },
				"up": { "uv": [ 10.25, 15.75, 13, 15.5 ], "texture": "#sword_16" },
				"north": { "uv": [ 15.75, 15.25, 13, 15.5 ], "texture": "#sword_16" },
				"south": { "uv": [ 13, 15.5, 15.75, 15.75 ], "texture": "#sword_16" },
				"west": { "uv": [ 9.25, 11.75, 9.5, 12 ], "texture": "#sword_16" },
				"east": { "uv": [ 9.5, 11.5, 9.25, 11.75 ], "texture": "#sword_16" }
			}
		},
		{
			"__comment": "Voxels",
			"from": [ -5, 8, 6 ],
			"to": [ 2, 9, 7 ],
			"faces": {
				"down": { "uv": [ 0, 8.25, 1.75, 8.5 ], "texture": "#sword_16" },
				"up": { "uv": [ 0, 8.25, 1.75, 8 ], "texture": "#sword_16" },
				"north": { "uv": [ 1.75, 8.75, 0, 9 ], "texture": "#sword_16" },
				"south": { "uv": [ 0, 8.5, 1.75, 8.75 ], "texture": "#sword_16" },
				"west": { "uv": [ 9.25, 11.25, 9.5, 11.5 ], "texture": "#sword_16" },
				"east": { "uv": [ 9.5, 11, 9.25, 11.25 ], "texture": "#sword_16" }
			}
		},
		{
			"__comment": "Voxels",
			"from": [ -5, 8, 10 ],
			"to": [ 2, 9, 11 ],
			"faces": {
				"down": { "uv": [ 0, 9.25, 1.75, 9.5 ], "texture": "#sword_16" },
				"up": { "uv": [ 0, 9.25, 1.75, 9 ], "texture": "#sword_16" },
				"north": { "uv": [ 1.75, 9.5, 0, 9.75 ], "texture": "#sword_16" },
				"south": { "uv": [ 0, 9.75, 1.75, 10 ], "texture": "#sword_16" },
				"west": { "uv": [ 2.5, 9.75, 2.75, 10 ], "texture": "#sword_16" },
				"east": { "uv": [ 2.75, 9.5, 2.5, 9.75 ], "texture": "#sword_16" }
			}
		},
		{
			"__comment": "Voxels",
			"from": [ -3, 6, 8 ],
			"to": [ -1, 7, 9 ],
			"faces": {
				"down": { "uv": [ 5.25, 10.75, 5.75, 11 ], "texture": "#sword_16" },
				"up": { "uv": [ 5.25, 10.75, 5.75, 10.5 ], "texture": "#sword_16" },
				"north": { "uv": [ 5.75, 10.25, 5.25, 10.5 ], "texture": "#sword_16" },
				"south": { "uv": [ 5.25, 10, 5.75, 10.25 ], "texture": "#sword_16" },
				"west": { "uv": [ 2.5, 9.25, 2.75, 9.5 ], "texture": "#sword_16" },
				"east": { "uv": [ 6.25, 10, 6, 10.25 ], "texture": "#sword_16" }
			}
		},
		{
			"__comment": "Voxels",
			"from": [ -3, 8, 5 ],
			"to": [ -1, 9, 6 ],
			"faces": {
				"down": { "uv": [ 5.25, 9.25, 5.75, 9.5 ], "texture": "#sword_16" },
				"up": { "uv": [ 5.25, 9, 5.75, 8.75 ], "texture": "#sword_16" },
				"north": { "uv": [ 5.75, 8.5, 5.25, 8.75 ], "texture": "#sword_16" },
				"south": { "uv": [ 2.25, 8, 2.75, 8.25 ], "texture": "#sword_16" },
				"west": { "uv": [ 2.5, 9, 2.75, 9.25 ], "texture": "#sword_16" },
				"east": { "uv": [ 2, 8, 1.75, 8.25 ], "texture": "#sword_16" }
			}
		},
		{
			"__comment": "Voxels",
			"from": [ -3, 8, 11 ],
			"to": [ -1, 9, 12 ],
			"faces": {
				"down": { "uv": [ 5.25, 9.75, 5.75, 10 ], "texture": "#sword_16" },
				"up": { "uv": [ 5.25, 9.75, 5.75, 9.5 ], "texture": "#sword_16" },
				"north": { "uv": [ 5.75, 8.25, 5.25, 8.5 ], "texture": "#sword_16" },
				"south": { "uv": [ 5.75, 10.25, 6.25, 10.5 ], "texture": "#sword_16" },
				"west": { "uv": [ 6.25, 9.5, 6.5, 9.75 ], "texture": "#sword_16" },
				"east": { "uv": [ 6.5, 9.25, 6.25, 9.5 ], "texture": "#sword_16" }
			}
		},
		{
			"__comment": "Voxels",
			"from": [ -3, 10, 8 ],
			"to": [ -1, 11, 9 ],
			"faces": {
				"down": { "uv": [ 5.25, 8, 5.75, 8.25 ], "texture": "#sword_16" },
				"up": { "uv": [ 5.25, 9.25, 5.75, 9 ], "texture": "#sword_16" },
				"north": { "uv": [ 6.25, 10.75, 5.75, 11 ], "texture": "#sword_16" },
				"south": { "uv": [ 5.75, 10.5, 6.25, 10.75 ], "texture": "#sword_16" },
				"west": { "uv": [ 5.75, 8.75, 6, 9 ], "texture": "#sword_16" },
				"east": { "uv": [ 6.5, 10.75, 6.25, 11 ], "texture": "#sword_16" }
			}
		},
		{
			"__comment": "Voxels",
			"from": [ 4, 6, 7 ],
			"to": [ 5, 7, 10 ],
			"faces": {
				"down": { "uv": [ 4.25, 9.25, 4.5, 10 ], "texture": "#sword_16" },
				"up": { "uv": [ 4.5, 10, 4.75, 9.25 ], "texture": "#sword_16" },
				"north": { "uv": [ 6.5, 9, 6.25, 9.25 ], "texture": "#sword_16" },
				"south": { "uv": [ 5, 9, 5.25, 9.25 ], "texture": "#sword_16" },
				"west": { "uv": [ 4.25, 9, 5, 9.25 ], "texture": "#sword_16" },
				"east": { "uv": [ 5, 8.75, 4.25, 9 ], "texture": "#sword_16" }
			}
		},
		{
			"__comment": "Voxels",
			"from": [ 4, 7, 6 ],
			"to": [ 5, 10, 7 ],
			"faces": {
				"down": { "uv": [ 5.75, 9.5, 6, 9.75 ], "texture": "#sword_16" },
				"up": { "uv": [ 6, 9.75, 6.25, 9.5 ], "texture": "#sword_16" },
				"north": { "uv": [ 5, 9.25, 4.75, 10 ], "texture": "#sword_16" },
				"south": { "uv": [ 4.25, 8, 4.5, 8.75 ], "texture": "#sword_16" },
				"west": { "uv": [ 4.5, 8, 4.75, 8.75 ], "texture": "#sword_16" },
				"east": { "uv": [ 2.75, 8.25, 2.5, 9 ], "texture": "#sword_16" }
			}
		},
		{
			"__comment": "Voxels",
			"from": [ 4, 7, 10 ],
			"to": [ 5, 10, 11 ],
			"faces": {
				"down": { "uv": [ 5.75, 8, 6, 8.25 ], "texture": "#sword_16" },
				"up": { "uv": [ 6, 8.25, 6.25, 8 ], "texture": "#sword_16" },
				"north": { "uv": [ 5, 8, 4.75, 8.75 ], "texture": "#sword_16" },
				"south": { "uv": [ 5, 10.25, 5.25, 11 ], "texture": "#sword_16" },
				"west": { "uv": [ 5, 9.5, 5.25, 10.25 ], "texture": "#sword_16" },
				"east": { "uv": [ 2, 8.25, 1.75, 9 ], "texture": "#sword_16" }
			}
		},
		{
			"__comment": "Voxels",
			"from": [ 4, 10, 7 ],
			"to": [ 5, 11, 10 ],
			"faces": {
				"down": { "uv": [ 2, 8.25, 2.25, 9 ], "texture": "#sword_16" },
				"up": { "uv": [ 2.25, 9, 2.5, 8.25 ], "texture": "#sword_16" },
				"north": { "uv": [ 5.25, 8, 5, 8.25 ], "texture": "#sword_16" },
				"south": { "uv": [ 5.75, 10, 6, 10.25 ], "texture": "#sword_16" },
				"west": { "uv": [ 15, 14.75, 15.75, 15 ], "texture": "#sword_16" },
				"east": { "uv": [ 15.75, 14.5, 15, 14.75 ], "texture": "#sword_16" }
			}
		},
		{
			"__comment": "Voxels",
			"from": [ 25, 6, 8 ],
			"to": [ 28, 7, 9 ],
			"faces": {
				"down": { "uv": [ 1.75, 9.75, 2.5, 10 ], "texture": "#sword_16" },
				"up": { "uv": [ 1.75, 9.75, 2.5, 9.5 ], "texture": "#sword_16" },
				"north": { "uv": [ 2.5, 9.25, 1.75, 9.5 ], "texture": "#sword_16" },
				"south": { "uv": [ 1.75, 9, 2.5, 9.25 ], "texture": "#sword_16" },
				"west": { "uv": [ 6, 8.75, 6.25, 9 ], "texture": "#sword_16" },
				"east": { "uv": [ 6, 8.5, 5.75, 8.75 ], "texture": "#sword_16" }
			}
		},
		{
			"__comment": "Voxels",
			"from": [ 25, 7, 7 ],
			"to": [ 28, 8, 8 ],
			"faces": {
				"down": { "uv": [ 2.75, 10.75, 3.5, 11 ], "texture": "#sword_16" },
				"up": { "uv": [ 2.75, 10.75, 3.5, 10.5 ], "texture": "#sword_16" },
				"north": { "uv": [ 3.5, 10.25, 2.75, 10.5 ], "texture": "#sword_16" },
				"south": { "uv": [ 2.75, 10, 3.5, 10.25 ], "texture": "#sword_16" },
				"west": { "uv": [ 6.25, 10.5, 6.5, 10.75 ], "texture": "#sword_16" },
				"east": { "uv": [ 6.5, 9.75, 6.25, 10 ], "texture": "#sword_16" }
			}
		},
		{
			"__comment": "Voxels",
			"from": [ 25, 7, 9 ],
			"to": [ 28, 8, 10 ],
			"faces": {
				"down": { "uv": [ 2.75, 9.75, 3.5, 10 ], "texture": "#sword_16" },
				"up": { "uv": [ 2.75, 9.75, 3.5, 9.5 ], "texture": "#sword_16" },
				"north": { "uv": [ 3.5, 9.25, 2.75, 9.5 ], "texture": "#sword_16" },
				"south": { "uv": [ 2.75, 9, 3.5, 9.25 ], "texture": "#sword_16" },
				"west": { "uv": [ 5, 8.75, 5.25, 9 ], "texture": "#sword_16" },
				"east": { "uv": [ 5.25, 8.5, 5, 8.75 ], "texture": "#sword_16" }
			}
		},
		{
			"__comment": "Voxels",
			"from": [ 25, 8, 6 ],
			"to": [ 28, 9, 7 ],
			"faces": {
				"down": { "uv": [ 2.75, 8.75, 3.5, 9 ], "texture": "#sword_16" },
				"up": { "uv": [ 2.75, 8.75, 3.5, 8.5 ], "texture": "#sword_16" },
				"north": { "uv": [ 3.5, 8.25, 2.75, 8.5 ], "texture": "#sword_16" },
				"south": { "uv": [ 2.75, 8, 3.5, 8.25 ], "texture": "#sword_16" },
				"west": { "uv": [ 5.75, 9.75, 6, 10 ], "texture": "#sword_16" },
				"east": { "uv": [ 6.25, 9.75, 6, 10 ], "texture": "#sword_16" }
			}
		},
		{
			"__comment": "Voxels",
			"from": [ 25, 8, 10 ],
			"to": [ 28, 9, 11 ],
			"faces": {
				"down": { "uv": [ 3.5, 10.75, 4.25, 11 ], "texture": "#sword_16" },
				"up": { "uv": [ 3.5, 10.75, 4.25, 10.5 ], "texture": "#sword_16" },
				"north": { "uv": [ 4.25, 10.25, 3.5, 10.5 ], "texture": "#sword_16" },
				"south": { "uv": [ 3.5, 10, 4.25, 10.25 ], "texture": "#sword_16" },
				"west": { "uv": [ 5.75, 9, 6, 9.25 ], "texture": "#sword_16" },
				"east": { "uv": [ 6.25, 9, 6, 9.25 ], "texture": "#sword_16" }
			}
		},
		{
			"__comment": "Voxels",
			"from": [ 25, 9, 7 ],
			"to": [ 28, 10, 8 ],
			"faces": {
				"down": { "uv": [ 3.5, 9.75, 4.25, 10 ], "texture": "#sword_16" },
				"up": { "uv": [ 3.5, 9.75, 4.25, 9.5 ], "texture": "#sword_16" },
				"north": { "uv": [ 4.25, 9.25, 3.5, 9.5 ], "texture": "#sword_16" },
				"south": { "uv": [ 3.5, 9, 4.25, 9.25 ], "texture": "#sword_16" },
				"west": { "uv": [ 5.75, 8.25, 6, 8.5 ], "texture": "#sword_16" },
				"east": { "uv": [ 6.25, 8.25, 6, 8.5 ], "texture": "#sword_16" }
			}
		},
		{
			"__comment": "Voxels",
			"from": [ 25, 9, 9 ],
			"to": [ 28, 10, 10 ],
			"faces": {
				"down": { "uv": [ 3.5, 8.75, 4.25, 9 ], "texture": "#sword_16" },
				"up": { "uv": [ 3.5, 8.75, 4.25, 8.5 ], "texture": "#sword_16" },
				"north": { "uv": [ 4.25, 8.25, 3.5, 8.5 ], "texture": "#sword_16" },
				"south": { "uv": [ 3.5, 8, 4.25, 8.25 ], "texture": "#sword_16" },
				"west": { "uv": [ 6.25, 10.25, 6.5, 10.5 ], "texture": "#sword_16" },
				"east": { "uv": [ 6.5, 10, 6.25, 10.25 ], "texture": "#sword_16" }
			}
		},
		{
			"__comment": "Voxels",
			"from": [ 25, 10, 8 ],
			"to": [ 28, 11, 9 ],
			"faces": {
				"down": { "uv": [ 4.25, 10.75, 5, 11 ], "texture": "#sword_16" },
				"up": { "uv": [ 4.25, 10.75, 5, 10.5 ], "texture": "#sword_16" },
				"north": { "uv": [ 5, 10.25, 4.25, 10.5 ], "texture": "#sword_16" },
				"south": { "uv": [ 4.25, 10, 5, 10.25 ], "texture": "#sword_16" },
				"west": { "uv": [ 6.25, 8.75, 6.5, 9 ], "texture": "#sword_16" },
				"east": { "uv": [ 6.5, 8.5, 6.25, 8.75 ], "texture": "#sword_16" }
			}
		}
	],
	"display": {
		"thirdperson_righthand": {
			"rotation":  [ 0, 0, -90 ],
			"translation":  [ 0, 9, 1 ],
			"scale":  [ 1.05, 0.85, 0.83 ]
		},
		"thirdperson_lefthand": {
			"rotation":  [ 0, 0, 90 ],
			"translation":  [ 0.5, 3.4, 1 ],
			"scale":  [ 0.6, 0.6, 0.55 ]
		},
		"firstperson_righthand": {
			"rotation":  [ -55, 33, -90 ],
			"translation":  [ 0, 5, -1 ],
			"scale":  [ 0.55, 0.55, 0.55 ]
		},
		"firstperson_lefthand": {
			"rotation":  [ -55, 33, 90 ],
			"translation":  [ 0, 5, -1 ],
			"scale":  [ 0.55, 0.55, 0.55 ]
		},
		"gui": {
			"rotation":  [ 90, -135, 0 ],
			"translation":  [ 1, 0.5, 0 ],
			"scale":  [ 0.5, 0.5, 0.5 ]
		},
		"fixed": {
			"rotation":  [ 90, 0, 0 ],
			"translation":  [ 0, 0, -3 ],
			"scale":  [ 3, 3, 3 ]
		}
	}
}