{
	"__comment": "Designed by EnderMatrul with Cubik Studio - https://cubik.studio",
	"textures": {
		"sword_11": "items/sword_11"
	},
	"elements": [ 	 
		{
			"__comment": "Voxels",
			"from": [ 1.7778, 8.1778, 7.8222 ],
			"to": [ 30.93336, 8.533356, 8.177755 ],
			"faces": {
				"down": { "uv": [ 0, 15.875, 10.25, 16 ], "texture": "#sword_11" },
				"up": { "uv": [ 0, 15.875, 10.25, 15.75 ], "texture": "#sword_11" },
				"north": { "uv": [ 10.25, 15.625, 0, 15.75 ], "texture": "#sword_11" },
				"south": { "uv": [ 0, 15.5, 10.25, 15.625 ], "texture": "#sword_11" },
				"west": { "uv": [ 0.375, 4.5, 0.5, 4.625 ], "texture": "#sword_11" },
				"east": { "uv": [ 0.25, 1.5, 0.125, 1.625 ], "texture": "#sword_11" }
			}
		},
		{
			"__comment": "Voxels",
			"from": [ 2.1333, 8.1778, 7.4667 ],
			"to": [ 15.64441, 8.533356, 7.822255 ],
			"faces": {
				"down": { "uv": [ 10.25, 15.875, 15, 16 ], "texture": "#sword_11" },
				"up": { "uv": [ 10.25, 15.875, 15, 15.75 ], "texture": "#sword_11" },
				"north": { "uv": [ 15, 15.625, 10.25, 15.75 ], "texture": "#sword_11" },
				"south": { "uv": [ 10.25, 15.5, 15, 15.625 ], "texture": "#sword_11" },
				"west": { "uv": [ 0.5, 1.5, 0.625, 1.625 ], "texture": "#sword_11" },
				"east": { "uv": [ 0.375, 1.375, 0.25, 1.5 ], "texture": "#sword_11" }
			}
		},
		{
			"__comment": "Voxels",
			"from": [ 2.1333, 8.1778, 8.1778 ],
			"to": [ 15.64441, 8.533356, 8.533356 ],
			"faces": {
				"down": { "uv": [ 9.625, 15.375, 14.375, 15.5 ], "texture": "#sword_11" },
				"up": { "uv": [ 9.625, 15.375, 14.375, 15.25 ], "texture": "#sword_11" },
				"north": { "uv": [ 14.375, 15.125, 9.625, 15.25 ], "texture": "#sword_11" },
				"south": { "uv": [ 9.625, 15, 14.375, 15.125 ], "texture": "#sword_11" },
				"west": { "uv": [ 0, 1.25, 0.125, 1.375 ], "texture": "#sword_11" },
				"east": { "uv": [ 0.25, 1.25, 0.125, 1.375 ], "texture": "#sword_11" }
			}
		},
		{
			"__comment": "Voxels",
			"from": [ 2.4889, 7.8222, 7.8222 ],
			"to": [ 29.86668, 8.177755, 8.177755 ],
			"faces": {
				"down": { "uv": [ 0, 14.625, 9.625, 14.75 ], "texture": "#sword_11" },
				"up": { "uv": [ 0, 15.125, 9.625, 15 ], "texture": "#sword_11" },
				"north": { "uv": [ 9.625, 15.25, 0, 15.375 ], "texture": "#sword_11" },
				"south": { "uv": [ 0, 14.75, 9.625, 14.875 ], "texture": "#sword_11" },
				"west": { "uv": [ 0.25, 1.25, 0.375, 1.375 ], "texture": "#sword_11" },
				"east": { "uv": [ 0.375, 1.125, 0.25, 1.25 ], "texture": "#sword_11" }
			}
		},
		{
			"__comment": "Voxels",
			"from": [ 2.4889, 8.533299, 7.8222 ],
			"to": [ 29.86668, 8.888855, 8.177755 ],
			"faces": {
				"down": { "uv": [ 0, 14.875, 9.625, 15 ], "texture": "#sword_11" },
				"up": { "uv": [ 0, 15.25, 9.625, 15.125 ], "texture": "#sword_11" },
				"north": { "uv": [ 9.625, 15.375, 0, 15.5 ], "texture": "#sword_11" },
				"south": { "uv": [ 0, 14.5, 9.625, 14.625 ], "texture": "#sword_11" },
				"west": { "uv": [ 0.375, 1.125, 0.5, 1.25 ], "texture": "#sword_11" },
				"east": { "uv": [ 0.625, 1.125, 0.5, 1.25 ], "texture": "#sword_11" }
			}
		},
		{
			"__comment": "Voxels",
			"from": [ 2.8444, 7.8222, 7.4667 ],
			"to": [ 3.911067, 8.177755, 7.822255 ],
			"faces": {
				"down": { "uv": [ 0, 9.125, 0.375, 9.25 ], "texture": "#sword_11" },
				"up": { "uv": [ 0, 9.125, 0.375, 9 ], "texture": "#sword_11" },
				"north": { "uv": [ 0.375, 8.875, 0, 9 ], "texture": "#sword_11" },
				"south": { "uv": [ 0, 8.75, 0.375, 8.875 ], "texture": "#sword_11" },
				"west": { "uv": [ 0, 0.75, 0.125, 0.875 ], "texture": "#sword_11" },
				"east": { "uv": [ 0.25, 0.75, 0.125, 0.875 ], "texture": "#sword_11" }
			}
		},
		{
			"__comment": "Voxels",
			"from": [ 2.8444, 7.8222, 8.1778 ],
			"to": [ 3.911067, 8.177755, 8.533356 ],
			"faces": {
				"down": { "uv": [ 0, 8.375, 0.375, 8.5 ], "texture": "#sword_11" },
				"up": { "uv": [ 0, 8.375, 0.375, 8.25 ], "texture": "#sword_11" },
				"north": { "uv": [ 0.375, 8.125, 0, 8.25 ], "texture": "#sword_11" },
				"south": { "uv": [ 0, 8, 0.375, 8.125 ], "texture": "#sword_11" },
				"west": { "uv": [ 1.25, 14, 1.375, 14.125 ], "texture": "#sword_11" },
				"east": { "uv": [ 0.75, 13.875, 0.625, 14 ], "texture": "#sword_11" }
			}
		},
		{
			"__comment": "Voxels",
			"from": [ 2.8444, 8.533299, 7.4667 ],
			"to": [ 3.911067, 8.888855, 7.822255 ],
			"faces": {
				"down": { "uv": [ 0, 7.625, 0.375, 7.75 ], "texture": "#sword_11" },
				"up": { "uv": [ 0, 7.625, 0.375, 7.5 ], "texture": "#sword_11" },
				"north": { "uv": [ 0.375, 7.375, 0, 7.5 ], "texture": "#sword_11" },
				"south": { "uv": [ 0, 7.25, 0.375, 7.375 ], "texture": "#sword_11" },
				"west": { "uv": [ 0.75, 13.875, 0.875, 14 ], "texture": "#sword_11" },
				"east": { "uv": [ 1, 13.875, 0.875, 14 ], "texture": "#sword_11" }
			}
		},
		{
			"__comment": "Voxels",
			"from": [ 2.8444, 8.533299, 8.1778 ],
			"to": [ 3.911067, 8.888855, 8.533356 ],
			"faces": {
				"down": { "uv": [ 0, 6.875, 0.375, 7 ], "texture": "#sword_11" },
				"up": { "uv": [ 0, 6.875, 0.375, 6.75 ], "texture": "#sword_11" },
				"north": { "uv": [ 0.375, 6.625, 0, 6.75 ], "texture": "#sword_11" },
				"south": { "uv": [ 0, 6.5, 0.375, 6.625 ], "texture": "#sword_11" },
				"west": { "uv": [ 1.25, 13.875, 1.375, 14 ], "texture": "#sword_11" },
				"east": { "uv": [ 0.75, 13.75, 0.625, 13.875 ], "texture": "#sword_11" }
			}
		},
		{
			"__comment": "Voxels",
			"from": [ 4.6222, 7.8222, 7.4667 ],
			"to": [ 5.333311, 8.177755, 7.822255 ],
			"faces": {
				"down": { "uv": [ 0.375, 9.25, 0.625, 9.375 ], "texture": "#sword_11" },
				"up": { "uv": [ 0.375, 9.25, 0.625, 9.125 ], "texture": "#sword_11" },
				"north": { "uv": [ 0.625, 9, 0.375, 9.125 ], "texture": "#sword_11" },
				"south": { "uv": [ 0.375, 8.875, 0.625, 9 ], "texture": "#sword_11" },
				"west": { "uv": [ 0.75, 13.75, 0.875, 13.875 ], "texture": "#sword_11" },
				"east": { "uv": [ 1, 13.75, 0.875, 13.875 ], "texture": "#sword_11" }
			}
		},
		{
			"__comment": "Voxels",
			"from": [ 4.6222, 7.8222, 8.1778 ],
			"to": [ 5.333311, 8.177755, 8.533356 ],
			"faces": {
				"down": { "uv": [ 0.375, 8.5, 0.625, 8.625 ], "texture": "#sword_11" },
				"up": { "uv": [ 15.75, 14.75, 16, 14.625 ], "texture": "#sword_11" },
				"north": { "uv": [ 0.625, 8.25, 0.375, 8.375 ], "texture": "#sword_11" },
				"south": { "uv": [ 0.375, 8.125, 0.625, 8.25 ], "texture": "#sword_11" },
				"west": { "uv": [ 1.25, 13.75, 1.375, 13.875 ], "texture": "#sword_11" },
				"east": { "uv": [ 1, 13.625, 0.875, 13.75 ], "texture": "#sword_11" }
			}
		},
		{
			"__comment": "Voxels",
			"from": [ 4.6222, 8.533299, 7.4667 ],
			"to": [ 5.333311, 8.888855, 7.822255 ],
			"faces": {
				"down": { "uv": [ 0.375, 7.75, 0.625, 7.875 ], "texture": "#sword_11" },
				"up": { "uv": [ 0.375, 7.75, 0.625, 7.625 ], "texture": "#sword_11" },
				"north": { "uv": [ 0.625, 7.5, 0.375, 7.625 ], "texture": "#sword_11" },
				"south": { "uv": [ 0.375, 7.375, 0.625, 7.5 ], "texture": "#sword_11" },
				"west": { "uv": [ 1.25, 13.625, 1.375, 13.75 ], "texture": "#sword_11" },
				"east": { "uv": [ 0.75, 13.5, 0.625, 13.625 ], "texture": "#sword_11" }
			}
		},
		{
			"__comment": "Voxels",
			"from": [ 4.6222, 8.533299, 8.1778 ],
			"to": [ 5.333311, 8.888855, 8.533356 ],
			"faces": {
				"down": { "uv": [ 15.75, 14.5, 16, 14.625 ], "texture": "#sword_11" },
				"up": { "uv": [ 0.375, 13.5, 0.625, 13.375 ], "texture": "#sword_11" },
				"north": { "uv": [ 0.625, 13.25, 0.375, 13.375 ], "texture": "#sword_11" },
				"south": { "uv": [ 0.375, 13.125, 0.625, 13.25 ], "texture": "#sword_11" },
				"west": { "uv": [ 0.75, 13.5, 0.875, 13.625 ], "texture": "#sword_11" },
				"east": { "uv": [ 0.625, 10.75, 0.5, 10.875 ], "texture": "#sword_11" }
			}
		},
		{
			"__comment": "Voxels",
			"from": [ 7.1111, 7.8222, 7.4667 ],
			"to": [ 7.822211, 8.177755, 7.822255 ],
			"faces": {
				"down": { "uv": [ 0.375, 12.75, 0.625, 12.875 ], "texture": "#sword_11" },
				"up": { "uv": [ 0.375, 12.75, 0.625, 12.625 ], "texture": "#sword_11" },
				"north": { "uv": [ 0.625, 10.375, 0.375, 10.5 ], "texture": "#sword_11" },
				"south": { "uv": [ 0.375, 10.25, 0.625, 10.375 ], "texture": "#sword_11" },
				"west": { "uv": [ 0.5, 10.625, 0.625, 10.75 ], "texture": "#sword_11" },
				"east": { "uv": [ 0.625, 10.5, 0.5, 10.625 ], "texture": "#sword_11" }
			}
		},
		{
			"__comment": "Voxels",
			"from": [ 7.1111, 7.8222, 8.1778 ],
			"to": [ 7.822211, 8.177755, 8.533356 ],
			"faces": {
				"down": { "uv": [ 0.375, 9.875, 0.625, 10 ], "texture": "#sword_11" },
				"up": { "uv": [ 0.375, 9.875, 0.625, 9.75 ], "texture": "#sword_11" },
				"north": { "uv": [ 0.625, 8.375, 0.375, 8.5 ], "texture": "#sword_11" },
				"south": { "uv": [ 0.375, 9.5, 0.625, 9.625 ], "texture": "#sword_11" },
				"west": { "uv": [ 0.5, 4.5, 0.625, 4.625 ], "texture": "#sword_11" },
				"east": { "uv": [ 0.5, 4.375, 0.375, 4.5 ], "texture": "#sword_11" }
			}
		},
		{
			"__comment": "Voxels",
			"from": [ 7.1111, 8.533299, 7.4667 ],
			"to": [ 7.822211, 8.888855, 7.822255 ],
			"faces": {
				"down": { "uv": [ 0.375, 8.625, 0.625, 8.75 ], "texture": "#sword_11" },
				"up": { "uv": [ 0.375, 8.125, 0.625, 8 ], "texture": "#sword_11" },
				"north": { "uv": [ 0.625, 7.875, 0.375, 8 ], "texture": "#sword_11" },
				"south": { "uv": [ 0.375, 7.25, 0.625, 7.375 ], "texture": "#sword_11" },
				"west": { "uv": [ 0.5, 4.375, 0.625, 4.5 ], "texture": "#sword_11" },
				"east": { "uv": [ 0.5, 4.25, 0.375, 4.375 ], "texture": "#sword_11" }
			}
		},
		{
			"__comment": "Voxels",
			"from": [ 7.1111, 8.533299, 8.1778 ],
			"to": [ 7.822211, 8.888855, 8.533356 ],
			"faces": {
				"down": { "uv": [ 0.375, 12.875, 0.625, 13 ], "texture": "#sword_11" },
				"up": { "uv": [ 0.375, 10.25, 0.625, 10.125 ], "texture": "#sword_11" },
				"north": { "uv": [ 0.625, 10, 0.375, 10.125 ], "texture": "#sword_11" },
				"south": { "uv": [ 0.375, 9.625, 0.625, 9.75 ], "texture": "#sword_11" },
				"west": { "uv": [ 0.5, 4.25, 0.625, 4.375 ], "texture": "#sword_11" },
				"east": { "uv": [ 0.5, 4.125, 0.375, 4.25 ], "texture": "#sword_11" }
			}
		},
		{
			"__comment": "Voxels",
			"from": [ 8.533299, 7.8222, 7.4667 ],
			"to": [ 9.244411, 8.177755, 7.822255 ],
			"faces": {
				"down": { "uv": [ 0.375, 7.125, 0.625, 7.25 ], "texture": "#sword_11" },
				"up": { "uv": [ 0.375, 13.125, 0.625, 13 ], "texture": "#sword_11" },
				"north": { "uv": [ 0.625, 9.375, 0.375, 9.5 ], "texture": "#sword_11" },
				"south": { "uv": [ 0.375, 8.75, 0.625, 8.875 ], "texture": "#sword_11" },
				"west": { "uv": [ 0.5, 4.125, 0.625, 4.25 ], "texture": "#sword_11" },
				"east": { "uv": [ 1, 13.5, 0.875, 13.625 ], "texture": "#sword_11" }
			}
		},
		{
			"__comment": "Voxels",
			"from": [ 8.533299, 7.8222, 8.1778 ],
			"to": [ 9.244411, 8.177755, 8.533356 ],
			"faces": {
				"down": { "uv": [ 0.375, 4.625, 0.625, 4.75 ], "texture": "#sword_11" },
				"up": { "uv": [ 0.375, 4.875, 0.625, 4.75 ], "texture": "#sword_11" },
				"north": { "uv": [ 0.625, 4.875, 0.375, 5 ], "texture": "#sword_11" },
				"south": { "uv": [ 0.375, 5, 0.625, 5.125 ], "texture": "#sword_11" },
				"west": { "uv": [ 0.75, 13.625, 0.875, 13.75 ], "texture": "#sword_11" },
				"east": { "uv": [ 0.75, 13.625, 0.625, 13.75 ], "texture": "#sword_11" }
			}
		},
		{
			"__comment": "Voxels",
			"from": [ 8.533299, 8.533299, 7.4667 ],
			"to": [ 9.244411, 8.888855, 7.822255 ],
			"faces": {
				"down": { "uv": [ 0.375, 5.125, 0.625, 5.25 ], "texture": "#sword_11" },
				"up": { "uv": [ 0.375, 6.375, 0.625, 6.25 ], "texture": "#sword_11" },
				"north": { "uv": [ 0.625, 6.375, 0.375, 6.5 ], "texture": "#sword_11" },
				"south": { "uv": [ 0.375, 6.5, 0.625, 6.625 ], "texture": "#sword_11" },
				"west": { "uv": [ 0.125, 1.125, 0.25, 1.25 ], "texture": "#sword_11" },
				"east": { "uv": [ 0.5, 1.25, 0.375, 1.375 ], "texture": "#sword_11" }
			}
		},
		{
			"__comment": "Voxels",
			"from": [ 8.533299, 8.533299, 8.1778 ],
			"to": [ 9.244411, 8.888855, 8.533356 ],
			"faces": {
				"down": { "uv": [ 0.375, 6.625, 0.625, 6.75 ], "texture": "#sword_11" },
				"up": { "uv": [ 0.375, 6.875, 0.625, 6.75 ], "texture": "#sword_11" },
				"north": { "uv": [ 0.625, 6.875, 0.375, 7 ], "texture": "#sword_11" },
				"south": { "uv": [ 0.375, 7, 0.625, 7.125 ], "texture": "#sword_11" },
				"west": { "uv": [ 0.125, 1.375, 0.25, 1.5 ], "texture": "#sword_11" },
				"east": { "uv": [ 0.125, 1.375, 0, 1.5 ], "texture": "#sword_11" }
			}
		},
		{
			"__comment": "Voxels",
			"from": [ 9.9556, 7.1111, 7.8222 ],
			"to": [ 11.73338, 7.822211, 8.177755 ],
			"faces": {
				"down": { "uv": [ 0, 11.5, 0.625, 11.625 ], "texture": "#sword_11" },
				"up": { "uv": [ 0, 11, 0.625, 10.875 ], "texture": "#sword_11" },
				"north": { "uv": [ 0.625, 13.875, 0, 14.125 ], "texture": "#sword_11" },
				"south": { "uv": [ 0, 14.125, 0.625, 14.375 ], "texture": "#sword_11" },
				"west": { "uv": [ 0.125, 1.75, 0.25, 2 ], "texture": "#sword_11" },
				"east": { "uv": [ 0.125, 1.75, 0, 2 ], "texture": "#sword_11" }
			}
		},
		{
			"__comment": "Voxels",
			"from": [ 9.9556, 8.1778, 7.1111 ],
			"to": [ 11.02227, 8.533356, 7.466655 ],
			"faces": {
				"down": { "uv": [ 0, 6.25, 0.375, 6.375 ], "texture": "#sword_11" },
				"up": { "uv": [ 0, 6.25, 0.375, 6.125 ], "texture": "#sword_11" },
				"north": { "uv": [ 0.375, 6, 0, 6.125 ], "texture": "#sword_11" },
				"south": { "uv": [ 0, 5.125, 0.375, 5.25 ], "texture": "#sword_11" },
				"west": { "uv": [ 0, 1.5, 0.125, 1.625 ], "texture": "#sword_11" },
				"east": { "uv": [ 0.625, 1.625, 0.5, 1.75 ], "texture": "#sword_11" }
			}
		},
		{
			"__comment": "Voxels",
			"from": [ 9.9556, 8.1778, 8.533299 ],
			"to": [ 11.02227, 8.533356, 8.888855 ],
			"faces": {
				"down": { "uv": [ 0, 5.875, 0.375, 6 ], "texture": "#sword_11" },
				"up": { "uv": [ 0, 5.875, 0.375, 5.75 ], "texture": "#sword_11" },
				"north": { "uv": [ 0.375, 5.625, 0, 5.75 ], "texture": "#sword_11" },
				"south": { "uv": [ 0, 5.5, 0.375, 5.625 ], "texture": "#sword_11" },
				"west": { "uv": [ 0.375, 1.625, 0.5, 1.75 ], "texture": "#sword_11" },
				"east": { "uv": [ 0.125, 1.625, 0, 1.75 ], "texture": "#sword_11" }
			}
		},
		{
			"__comment": "Voxels",
			"from": [ 9.9556, 8.8889, 7.8222 ],
			"to": [ 15.28893, 9.244455, 8.177755 ],
			"faces": {
				"down": { "uv": [ 13.375, 14.875, 15.25, 15 ], "texture": "#sword_11" },
				"up": { "uv": [ 9.625, 14.875, 11.5, 14.75 ], "texture": "#sword_11" },
				"north": { "uv": [ 11.5, 14.875, 9.625, 15 ], "texture": "#sword_11" },
				"south": { "uv": [ 11.5, 14.875, 13.375, 15 ], "texture": "#sword_11" },
				"west": { "uv": [ 0.5, 1.75, 0.625, 1.875 ], "texture": "#sword_11" },
				"east": { "uv": [ 0.625, 1.875, 0.5, 2 ], "texture": "#sword_11" }
			}
		},
		{
			"__comment": "Voxels",
			"from": [ 9.9556, 9.2444, 7.8222 ],
			"to": [ 11.73338, 9.599956, 8.177755 ],
			"faces": {
				"down": { "uv": [ 0, 12.375, 0.625, 12.5 ], "texture": "#sword_11" },
				"up": { "uv": [ 0, 11.875, 0.625, 11.75 ], "texture": "#sword_11" },
				"north": { "uv": [ 0.625, 11.875, 0, 12 ], "texture": "#sword_11" },
				"south": { "uv": [ 0, 12, 0.625, 12.125 ], "texture": "#sword_11" },
				"west": { "uv": [ 0.5, 2, 0.625, 2.125 ], "texture": "#sword_11" },
				"east": { "uv": [ 0.5, 1, 0.375, 1.125 ], "texture": "#sword_11" }
			}
		},
		{
			"__comment": "Voxels",
			"from": [ 10.3111, 6.0444, 7.8222 ],
			"to": [ 11.73332, 6.399955, 8.177755 ],
			"faces": {
				"down": { "uv": [ 0, 10.625, 0.5, 10.75 ], "texture": "#sword_11" },
				"up": { "uv": [ 0, 10.875, 0.5, 10.75 ], "texture": "#sword_11" },
				"north": { "uv": [ 16, 14.375, 15.5, 14.5 ], "texture": "#sword_11" },
				"south": { "uv": [ 0, 10.5, 0.5, 10.625 ], "texture": "#sword_11" },
				"west": { "uv": [ 0.25, 1, 0.375, 1.125 ], "texture": "#sword_11" },
				"east": { "uv": [ 0.625, 3.875, 0.5, 4 ], "texture": "#sword_11" }
			}
		},
		{
			"__comment": "Voxels",
			"from": [ 10.3111, 6.4, 7.8222 ],
			"to": [ 11.37777, 7.111111, 8.177755 ],
			"faces": {
				"down": { "uv": [ 0, 5.375, 0.375, 5.5 ], "texture": "#sword_11" },
				"up": { "uv": [ 0, 5.375, 0.375, 5.25 ], "texture": "#sword_11" },
				"north": { "uv": [ 0.375, 12.625, 0, 12.875 ], "texture": "#sword_11" },
				"south": { "uv": [ 0, 12.875, 0.375, 13.125 ], "texture": "#sword_11" },
				"west": { "uv": [ 0.375, 1.75, 0.5, 2 ], "texture": "#sword_11" },
				"east": { "uv": [ 0.375, 1.75, 0.25, 2 ], "texture": "#sword_11" }
			}
		},
		{
			"__comment": "Voxels",
			"from": [ 10.3111, 7.8222, 7.4667 ],
			"to": [ 14.93332, 8.177755, 7.822255 ],
			"faces": {
				"down": { "uv": [ 4.875, 14.375, 6.5, 14.5 ], "texture": "#sword_11" },
				"up": { "uv": [ 3.25, 14.5, 4.875, 14.375 ], "texture": "#sword_11" },
				"north": { "uv": [ 13.125, 14.75, 11.5, 14.875 ], "texture": "#sword_11" },
				"south": { "uv": [ 14.375, 15, 16, 15.125 ], "texture": "#sword_11" },
				"west": { "uv": [ 0.5, 0.875, 0.625, 1 ], "texture": "#sword_11" },
				"east": { "uv": [ 0.625, 1, 0.5, 1.125 ], "texture": "#sword_11" }
			}
		},
		{
			"__comment": "Voxels",
			"from": [ 10.3111, 7.8222, 8.1778 ],
			"to": [ 14.93332, 8.177755, 8.533356 ],
			"faces": {
				"down": { "uv": [ 12.875, 14.625, 14.5, 14.75 ], "texture": "#sword_11" },
				"up": { "uv": [ 11.25, 14.75, 12.875, 14.625 ], "texture": "#sword_11" },
				"north": { "uv": [ 16, 15.375, 14.375, 15.5 ], "texture": "#sword_11" },
				"south": { "uv": [ 0, 14.375, 1.625, 14.5 ], "texture": "#sword_11" },
				"west": { "uv": [ 0.375, 1.5, 0.5, 1.625 ], "texture": "#sword_11" },
				"east": { "uv": [ 0.5, 3.625, 0.375, 3.75 ], "texture": "#sword_11" }
			}
		},
		{
			"__comment": "Voxels",
			"from": [ 10.3111, 8.533299, 7.4667 ],
			"to": [ 14.93332, 8.888855, 7.822255 ],
			"faces": {
				"down": { "uv": [ 1.625, 14.375, 3.25, 14.5 ], "texture": "#sword_11" },
				"up": { "uv": [ 12.875, 14.625, 14.5, 14.5 ], "texture": "#sword_11" },
				"north": { "uv": [ 11.25, 14.625, 9.625, 14.75 ], "texture": "#sword_11" },
				"south": { "uv": [ 14.375, 15.25, 16, 15.375 ], "texture": "#sword_11" },
				"west": { "uv": [ 0, 0.875, 0.125, 1 ], "texture": "#sword_11" },
				"east": { "uv": [ 0.5, 0.875, 0.375, 1 ], "texture": "#sword_11" }
			}
		},
		{
			"__comment": "Voxels",
			"from": [ 10.3111, 8.533299, 8.1778 ],
			"to": [ 14.93332, 8.888855, 8.533356 ],
			"faces": {
				"down": { "uv": [ 14.375, 15.125, 16, 15.25 ], "texture": "#sword_11" },
				"up": { "uv": [ 11.25, 14.625, 12.875, 14.5 ], "texture": "#sword_11" },
				"north": { "uv": [ 11.25, 14.5, 9.625, 14.625 ], "texture": "#sword_11" },
				"south": { "uv": [ 13.125, 14.75, 14.75, 14.875 ], "texture": "#sword_11" },
				"west": { "uv": [ 0.375, 3.75, 0.5, 3.875 ], "texture": "#sword_11" },
				"east": { "uv": [ 0.625, 3.75, 0.5, 3.875 ], "texture": "#sword_11" }
			}
		},
		{
			"__comment": "Voxels",
			"from": [ 10.3111, 9.599999, 7.8222 ],
			"to": [ 11.37777, 10.66667, 8.177755 ],
			"faces": {
				"down": { "uv": [ 0, 5, 0.375, 5.125 ], "texture": "#sword_11" },
				"up": { "uv": [ 0, 5, 0.375, 4.875 ], "texture": "#sword_11" },
				"north": { "uv": [ 0.375, 13.5, 0, 13.875 ], "texture": "#sword_11" },
				"south": { "uv": [ 0, 13.125, 0.375, 13.5 ], "texture": "#sword_11" },
				"west": { "uv": [ 0.375, 13.5, 0.5, 13.875 ], "texture": "#sword_11" },
				"east": { "uv": [ 0.625, 13.5, 0.5, 13.875 ], "texture": "#sword_11" }
			}
		},
		{
			"__comment": "Voxels",
			"from": [ 10.6667, 5.6889, 7.8222 ],
			"to": [ 11.73337, 6.044456, 8.177755 ],
			"faces": {
				"down": { "uv": [ 0, 4.75, 0.375, 4.875 ], "texture": "#sword_11" },
				"up": { "uv": [ 0, 4.75, 0.375, 4.625 ], "texture": "#sword_11" },
				"north": { "uv": [ 0.375, 4.5, 0, 4.625 ], "texture": "#sword_11" },
				"south": { "uv": [ 0, 4.375, 0.375, 4.5 ], "texture": "#sword_11" },
				"west": { "uv": [ 0.5, 0.75, 0.625, 0.875 ], "texture": "#sword_11" },
				"east": { "uv": [ 0.125, 0.625, 0, 0.75 ], "texture": "#sword_11" }
			}
		},
		{
			"__comment": "Voxels",
			"from": [ 10.6667, 7.4667, 7.4667 ],
			"to": [ 11.02225, 7.822255, 7.822255 ],
			"faces": {
				"down": { "uv": [ 0.125, 0.625, 0.25, 0.75 ], "texture": "#sword_11" },
				"up": { "uv": [ 0.25, 0.75, 0.375, 0.625 ], "texture": "#sword_11" },
				"north": { "uv": [ 0.125, 0.5, 0, 0.625 ], "texture": "#sword_11" },
				"south": { "uv": [ 0.125, 0.5, 0.25, 0.625 ], "texture": "#sword_11" },
				"west": { "uv": [ 0.25, 0.5, 0.375, 0.625 ], "texture": "#sword_11" },
				"east": { "uv": [ 0.5, 0.5, 0.375, 0.625 ], "texture": "#sword_11" }
			}
		},
		{
			"__comment": "Voxels",
			"from": [ 10.6667, 7.4667, 8.1778 ],
			"to": [ 11.02225, 7.822255, 8.533356 ],
			"faces": {
				"down": { "uv": [ 0, 0.25, 0.125, 0.375 ], "texture": "#sword_11" },
				"up": { "uv": [ 0, 0.25, 0.125, 0.125 ], "texture": "#sword_11" },
				"north": { "uv": [ 0.25, 0.375, 0.125, 0.5 ], "texture": "#sword_11" },
				"south": { "uv": [ 0.5, 0.375, 0.625, 0.5 ], "texture": "#sword_11" },
				"west": { "uv": [ 0.125, 0.25, 0.25, 0.375 ], "texture": "#sword_11" },
				"east": { "uv": [ 0.25, 0.125, 0.125, 0.25 ], "texture": "#sword_11" }
			}
		},
		{
			"__comment": "Voxels",
			"from": [ 10.6667, 8.8889, 7.4667 ],
			"to": [ 11.02225, 9.244455, 7.822255 ],
			"faces": {
				"down": { "uv": [ 0.125, 0, 0.25, 0.125 ], "texture": "#sword_11" },
				"up": { "uv": [ 0.5, 0.375, 0.625, 0.25 ], "texture": "#sword_11" },
				"north": { "uv": [ 0.375, 0.125, 0.25, 0.25 ], "texture": "#sword_11" },
				"south": { "uv": [ 0.25, 0, 0.375, 0.125 ], "texture": "#sword_11" },
				"west": { "uv": [ 0.375, 0.125, 0.5, 0.25 ], "texture": "#sword_11" },
				"east": { "uv": [ 0.625, 0, 0.5, 0.125 ], "texture": "#sword_11" }
			}
		},
		{
			"__comment": "Voxels",
			"from": [ 10.6667, 8.8889, 8.1778 ],
			"to": [ 11.02225, 9.244455, 8.533356 ],
			"faces": {
				"down": { "uv": [ 0.625, 14, 0.75, 14.125 ], "texture": "#sword_11" },
				"up": { "uv": [ 0.75, 14.125, 0.875, 14 ], "texture": "#sword_11" },
				"north": { "uv": [ 1, 14, 0.875, 14.125 ], "texture": "#sword_11" },
				"south": { "uv": [ 0.375, 4, 0.5, 4.125 ], "texture": "#sword_11" },
				"west": { "uv": [ 0.5, 4, 0.625, 4.125 ], "texture": "#sword_11" },
				"east": { "uv": [ 0.5, 3.875, 0.375, 4 ], "texture": "#sword_11" }
			}
		},
		{
			"__comment": "Voxels",
			"from": [ 10.6667, 10.6667, 7.8222 ],
			"to": [ 11.73337, 11.02225, 8.177755 ],
			"faces": {
				"down": { "uv": [ 0, 4.25, 0.375, 4.375 ], "texture": "#sword_11" },
				"up": { "uv": [ 0, 4.25, 0.375, 4.125 ], "texture": "#sword_11" },
				"north": { "uv": [ 0.375, 4, 0, 4.125 ], "texture": "#sword_11" },
				"south": { "uv": [ 0, 3.875, 0.375, 4 ], "texture": "#sword_11" },
				"west": { "uv": [ 0.5, 3.625, 0.625, 3.75 ], "texture": "#sword_11" },
				"east": { "uv": [ 0.5, 3.5, 0.375, 3.625 ], "texture": "#sword_11" }
			}
		},
		{
			"__comment": "Voxels",
			"from": [ 11.0222, 5.3333, 7.8222 ],
			"to": [ 11.37776, 5.688855, 8.177755 ],
			"faces": {
				"down": { "uv": [ 0.5, 3.5, 0.625, 3.625 ], "texture": "#sword_11" },
				"up": { "uv": [ 0.375, 3.5, 0.5, 3.375 ], "texture": "#sword_11" },
				"north": { "uv": [ 0.625, 3.375, 0.5, 3.5 ], "texture": "#sword_11" },
				"south": { "uv": [ 0.375, 3.25, 0.5, 3.375 ], "texture": "#sword_11" },
				"west": { "uv": [ 0.5, 3.25, 0.625, 3.375 ], "texture": "#sword_11" },
				"east": { "uv": [ 0.5, 3.125, 0.375, 3.25 ], "texture": "#sword_11" }
			}
		},
		{
			"__comment": "Voxels",
			"from": [ 11.0222, 11.0222, 7.8222 ],
			"to": [ 11.37776, 11.37776, 8.177755 ],
			"faces": {
				"down": { "uv": [ 0.5, 3.125, 0.625, 3.25 ], "texture": "#sword_11" },
				"up": { "uv": [ 0.375, 3.125, 0.5, 3 ], "texture": "#sword_11" },
				"north": { "uv": [ 0.625, 3, 0.5, 3.125 ], "texture": "#sword_11" },
				"south": { "uv": [ 0.375, 2.875, 0.5, 3 ], "texture": "#sword_11" },
				"west": { "uv": [ 0.5, 2.875, 0.625, 3 ], "texture": "#sword_11" },
				"east": { "uv": [ 0.5, 2.75, 0.375, 2.875 ], "texture": "#sword_11" }
			}
		},
		{
			"__comment": "Voxels",
			"from": [ 11.3778, 6.7556, 7.8222 ],
			"to": [ 11.73336, 7.111156, 8.177755 ],
			"faces": {
				"down": { "uv": [ 0.5, 2.75, 0.625, 2.875 ], "texture": "#sword_11" },
				"up": { "uv": [ 0.375, 2.75, 0.5, 2.625 ], "texture": "#sword_11" },
				"north": { "uv": [ 0.625, 2.625, 0.5, 2.75 ], "texture": "#sword_11" },
				"south": { "uv": [ 0.375, 2.5, 0.5, 2.625 ], "texture": "#sword_11" },
				"west": { "uv": [ 0.5, 2.5, 0.625, 2.625 ], "texture": "#sword_11" },
				"east": { "uv": [ 0.5, 2.375, 0.375, 2.5 ], "texture": "#sword_11" }
			}
		},
		{
			"__comment": "Voxels",
			"from": [ 11.3778, 10.3111, 7.8222 ],
			"to": [ 11.73336, 10.66666, 8.177755 ],
			"faces": {
				"down": { "uv": [ 0.5, 2.375, 0.625, 2.5 ], "texture": "#sword_11" },
				"up": { "uv": [ 0.375, 2.375, 0.5, 2.25 ], "texture": "#sword_11" },
				"north": { "uv": [ 0.625, 2.25, 0.5, 2.375 ], "texture": "#sword_11" },
				"south": { "uv": [ 0.375, 2.125, 0.5, 2.25 ], "texture": "#sword_11" },
				"west": { "uv": [ 0.5, 2.125, 0.625, 2.25 ], "texture": "#sword_11" },
				"east": { "uv": [ 0.5, 2, 0.375, 2.125 ], "texture": "#sword_11" }
			}
		},
		{
			"__comment": "Voxels",
			"from": [ 11.7333, 7.4667, 7.8222 ],
			"to": [ 15.28885, 7.822255, 8.177755 ],
			"faces": {
				"down": { "uv": [ 6.5, 14.375, 7.75, 14.5 ], "texture": "#sword_11" },
				"up": { "uv": [ 14.5, 14.75, 15.75, 14.625 ], "texture": "#sword_11" },
				"north": { "uv": [ 15.75, 14.5, 14.5, 14.625 ], "texture": "#sword_11" },
				"south": { "uv": [ 14.75, 14.75, 16, 14.875 ], "texture": "#sword_11" },
				"west": { "uv": [ 0.125, 1.625, 0.25, 1.75 ], "texture": "#sword_11" },
				"east": { "uv": [ 0.375, 1.625, 0.25, 1.75 ], "texture": "#sword_11" }
			}
		},
		{
			"__comment": "Voxels",
			"from": [ 11.7333, 8.1778, 7.1111 ],
			"to": [ 14.57774, 8.533356, 7.466655 ],
			"faces": {
				"down": { "uv": [ 10.75, 14.375, 11.75, 14.5 ], "texture": "#sword_11" },
				"up": { "uv": [ 9.75, 14.5, 10.75, 14.375 ], "texture": "#sword_11" },
				"north": { "uv": [ 9.75, 14.375, 8.75, 14.5 ], "texture": "#sword_11" },
				"south": { "uv": [ 7.75, 14.375, 8.75, 14.5 ], "texture": "#sword_11" },
				"west": { "uv": [ 0.25, 1.5, 0.375, 1.625 ], "texture": "#sword_11" },
				"east": { "uv": [ 0.125, 0, 0, 0.125 ], "texture": "#sword_11" }
			}
		},
		{
			"__comment": "Voxels",
			"from": [ 11.7333, 8.1778, 8.533299 ],
			"to": [ 14.57774, 8.533356, 8.888855 ],
			"faces": {
				"down": { "uv": [ 15, 15.875, 16, 16 ], "texture": "#sword_11" },
				"up": { "uv": [ 15, 15.625, 16, 15.5 ], "texture": "#sword_11" },
				"north": { "uv": [ 16, 15.625, 15, 15.75 ], "texture": "#sword_11" },
				"south": { "uv": [ 15, 15.75, 16, 15.875 ], "texture": "#sword_11" },
				"west": { "uv": [ 0.375, 1.375, 0.5, 1.5 ], "texture": "#sword_11" },
				"east": { "uv": [ 0.625, 1.375, 0.5, 1.5 ], "texture": "#sword_11" }
			}
		},
		{
			"__comment": "Voxels",
			"from": [ 12.4444, 7.1111, 7.8222 ],
			"to": [ 14.57773, 7.466655, 8.177755 ],
			"faces": {
				"down": { "uv": [ 0.625, 14.125, 1.375, 14.25 ], "texture": "#sword_11" },
				"up": { "uv": [ 0.625, 14.375, 1.375, 14.25 ], "texture": "#sword_11" },
				"north": { "uv": [ 15.5, 14.375, 14.75, 14.5 ], "texture": "#sword_11" },
				"south": { "uv": [ 14, 14.375, 14.75, 14.5 ], "texture": "#sword_11" },
				"west": { "uv": [ 0.5, 1.25, 0.625, 1.375 ], "texture": "#sword_11" },
				"east": { "uv": [ 0.125, 1.125, 0, 1.25 ], "texture": "#sword_11" }
			}
		},
		{
			"__comment": "Voxels",
			"from": [ 12.4444, 9.2444, 7.8222 ],
			"to": [ 14.57773, 9.599956, 8.177755 ],
			"faces": {
				"down": { "uv": [ 13.25, 14.375, 14, 14.5 ], "texture": "#sword_11" },
				"up": { "uv": [ 12.5, 14.5, 13.25, 14.375 ], "texture": "#sword_11" },
				"north": { "uv": [ 12.5, 14.375, 11.75, 14.5 ], "texture": "#sword_11" },
				"south": { "uv": [ 15.25, 14.875, 16, 15 ], "texture": "#sword_11" },
				"west": { "uv": [ 0, 1, 0.125, 1.125 ], "texture": "#sword_11" },
				"east": { "uv": [ 0.25, 1, 0.125, 1.125 ], "texture": "#sword_11" }
			}
		},
		{
			"__comment": "Voxels",
			"from": [ 12.8, 7.4667, 7.4667 ],
			"to": [ 13.86667, 7.822255, 7.822255 ],
			"faces": {
				"down": { "uv": [ 0, 3.625, 0.375, 3.75 ], "texture": "#sword_11" },
				"up": { "uv": [ 0, 3.625, 0.375, 3.5 ], "texture": "#sword_11" },
				"north": { "uv": [ 0.375, 3.375, 0, 3.5 ], "texture": "#sword_11" },
				"south": { "uv": [ 0, 3.25, 0.375, 3.375 ], "texture": "#sword_11" },
				"west": { "uv": [ 0.125, 0.875, 0.25, 1 ], "texture": "#sword_11" },
				"east": { "uv": [ 0.375, 0.875, 0.25, 1 ], "texture": "#sword_11" }
			}
		},
		{
			"__comment": "Voxels",
			"from": [ 12.8, 7.4667, 8.1778 ],
			"to": [ 13.86667, 7.822255, 8.533356 ],
			"faces": {
				"down": { "uv": [ 0, 3.125, 0.375, 3.25 ], "texture": "#sword_11" },
				"up": { "uv": [ 0, 3.125, 0.375, 3 ], "texture": "#sword_11" },
				"north": { "uv": [ 0.375, 2.875, 0, 3 ], "texture": "#sword_11" },
				"south": { "uv": [ 0, 2.75, 0.375, 2.875 ], "texture": "#sword_11" },
				"west": { "uv": [ 0.25, 0.75, 0.375, 0.875 ], "texture": "#sword_11" },
				"east": { "uv": [ 0.5, 0.75, 0.375, 0.875 ], "texture": "#sword_11" }
			}
		},
		{
			"__comment": "Voxels",
			"from": [ 12.8, 7.8222, 7.1111 ],
			"to": [ 13.86667, 8.177755, 7.466655 ],
			"faces": {
				"down": { "uv": [ 0, 2.625, 0.375, 2.75 ], "texture": "#sword_11" },
				"up": { "uv": [ 0, 2.625, 0.375, 2.5 ], "texture": "#sword_11" },
				"north": { "uv": [ 0.375, 2.375, 0, 2.5 ], "texture": "#sword_11" },
				"south": { "uv": [ 0, 2.25, 0.375, 2.375 ], "texture": "#sword_11" },
				"west": { "uv": [ 0.375, 0.625, 0.5, 0.75 ], "texture": "#sword_11" },
				"east": { "uv": [ 0.625, 0.625, 0.5, 0.75 ], "texture": "#sword_11" }
			}
		},
		{
			"__comment": "Voxels",
			"from": [ 12.8, 7.8222, 8.533299 ],
			"to": [ 13.86667, 8.177755, 8.888855 ],
			"faces": {
				"down": { "uv": [ 0, 2.125, 0.375, 2.25 ], "texture": "#sword_11" },
				"up": { "uv": [ 0, 2.125, 0.375, 2 ], "texture": "#sword_11" },
				"north": { "uv": [ 0.375, 10.375, 0, 10.5 ], "texture": "#sword_11" },
				"south": { "uv": [ 0, 10.25, 0.375, 10.375 ], "texture": "#sword_11" },
				"west": { "uv": [ 0.5, 0.5, 0.625, 0.625 ], "texture": "#sword_11" },
				"east": { "uv": [ 0.125, 0.375, 0, 0.5 ], "texture": "#sword_11" }
			}
		},
		{
			"__comment": "Voxels",
			"from": [ 12.8, 8.533299, 7.1111 ],
			"to": [ 13.86667, 8.888855, 7.466655 ],
			"faces": {
				"down": { "uv": [ 0, 10.125, 0.375, 10.25 ], "texture": "#sword_11" },
				"up": { "uv": [ 0, 10.125, 0.375, 10 ], "texture": "#sword_11" },
				"north": { "uv": [ 0.375, 3.75, 0, 3.875 ], "texture": "#sword_11" },
				"south": { "uv": [ 0, 9.875, 0.375, 10 ], "texture": "#sword_11" },
				"west": { "uv": [ 0.25, 0.375, 0.375, 0.5 ], "texture": "#sword_11" },
				"east": { "uv": [ 0.5, 0.375, 0.375, 0.5 ], "texture": "#sword_11" }
			}
		},
		{
			"__comment": "Voxels",
			"from": [ 12.8, 8.533299, 8.533299 ],
			"to": [ 13.86667, 8.888855, 8.888855 ],
			"faces": {
				"down": { "uv": [ 0, 9.75, 0.375, 9.875 ], "texture": "#sword_11" },
				"up": { "uv": [ 0, 9.75, 0.375, 9.625 ], "texture": "#sword_11" },
				"north": { "uv": [ 0.375, 9.5, 0, 9.625 ], "texture": "#sword_11" },
				"south": { "uv": [ 0, 9.375, 0.375, 9.5 ], "texture": "#sword_11" },
				"west": { "uv": [ 0.25, 0.25, 0.375, 0.375 ], "texture": "#sword_11" },
				"east": { "uv": [ 0.5, 0.25, 0.375, 0.375 ], "texture": "#sword_11" }
			}
		},
		{
			"__comment": "Voxels",
			"from": [ 12.8, 8.8889, 7.4667 ],
			"to": [ 13.86667, 9.244455, 7.822255 ],
			"faces": {
				"down": { "uv": [ 0, 9.25, 0.375, 9.375 ], "texture": "#sword_11" },
				"up": { "uv": [ 0, 8.75, 0.375, 8.625 ], "texture": "#sword_11" },
				"north": { "uv": [ 0.375, 8.5, 0, 8.625 ], "texture": "#sword_11" },
				"south": { "uv": [ 0, 7.875, 0.375, 8 ], "texture": "#sword_11" },
				"west": { "uv": [ 0.5, 0.125, 0.625, 0.25 ], "texture": "#sword_11" },
				"east": { "uv": [ 0.5, 0, 0.375, 0.125 ], "texture": "#sword_11" }
			}
		},
		{
			"__comment": "Voxels",
			"from": [ 12.8, 8.8889, 8.1778 ],
			"to": [ 13.86667, 9.244455, 8.533356 ],
			"faces": {
				"down": { "uv": [ 0, 7.75, 0.375, 7.875 ], "texture": "#sword_11" },
				"up": { "uv": [ 0, 7.25, 0.375, 7.125 ], "texture": "#sword_11" },
				"north": { "uv": [ 0.375, 7, 0, 7.125 ], "texture": "#sword_11" },
				"south": { "uv": [ 0, 6.375, 0.375, 6.5 ], "texture": "#sword_11" },
				"west": { "uv": [ 1, 14, 1.125, 14.125 ], "texture": "#sword_11" },
				"east": { "uv": [ 1.25, 14, 1.125, 14.125 ], "texture": "#sword_11" }
			}
		},
		{
			"__comment": "Voxels",
			"from": [ 13.1556, 6.7556, 7.8222 ],
			"to": [ 13.86671, 7.111156, 8.177755 ],
			"faces": {
				"down": { "uv": [ 0.375, 6.125, 0.625, 6.25 ], "texture": "#sword_11" },
				"up": { "uv": [ 0.375, 6.125, 0.625, 6 ], "texture": "#sword_11" },
				"north": { "uv": [ 0.625, 5.875, 0.375, 6 ], "texture": "#sword_11" },
				"south": { "uv": [ 0.375, 5.75, 0.625, 5.875 ], "texture": "#sword_11" },
				"west": { "uv": [ 1, 13.875, 1.125, 14 ], "texture": "#sword_11" },
				"east": { "uv": [ 1.25, 13.875, 1.125, 14 ], "texture": "#sword_11" }
			}
		},
		{
			"__comment": "Voxels",
			"from": [ 13.1556, 9.599999, 7.8222 ],
			"to": [ 13.86671, 9.955555, 8.177755 ],
			"faces": {
				"down": { "uv": [ 0.375, 5.625, 0.625, 5.75 ], "texture": "#sword_11" },
				"up": { "uv": [ 0.375, 5.625, 0.625, 5.5 ], "texture": "#sword_11" },
				"north": { "uv": [ 0.625, 5.375, 0.375, 5.5 ], "texture": "#sword_11" },
				"south": { "uv": [ 0.375, 5.25, 0.625, 5.375 ], "texture": "#sword_11" },
				"west": { "uv": [ 1, 13.75, 1.125, 13.875 ], "texture": "#sword_11" },
				"east": { "uv": [ 1.25, 13.75, 1.125, 13.875 ], "texture": "#sword_11" }
			}
		},
		{
			"__comment": "Voxels",
			"from": [ 26.6667, 7.4667, 7.8222 ],
			"to": [ 28.44448, 7.822255, 8.177755 ],
			"faces": {
				"down": { "uv": [ 0, 12.125, 0.625, 12.25 ], "texture": "#sword_11" },
				"up": { "uv": [ 0, 12.375, 0.625, 12.25 ], "texture": "#sword_11" },
				"north": { "uv": [ 0.625, 12.5, 0, 12.625 ], "texture": "#sword_11" },
				"south": { "uv": [ 0, 11, 0.625, 11.125 ], "texture": "#sword_11" },
				"west": { "uv": [ 1, 13.625, 1.125, 13.75 ], "texture": "#sword_11" },
				"east": { "uv": [ 1.25, 13.625, 1.125, 13.75 ], "texture": "#sword_11" }
			}
		},
		{
			"__comment": "Voxels",
			"from": [ 26.6667, 8.8889, 7.8222 ],
			"to": [ 28.44448, 9.244455, 8.177755 ],
			"faces": {
				"down": { "uv": [ 0, 11.125, 0.625, 11.25 ], "texture": "#sword_11" },
				"up": { "uv": [ 0, 11.375, 0.625, 11.25 ], "texture": "#sword_11" },
				"north": { "uv": [ 0.625, 11.375, 0, 11.5 ], "texture": "#sword_11" },
				"south": { "uv": [ 0, 11.625, 0.625, 11.75 ], "texture": "#sword_11" },
				"west": { "uv": [ 1, 13.5, 1.125, 13.625 ], "texture": "#sword_11" },
				"east": { "uv": [ 1.25, 13.5, 1.125, 13.625 ], "texture": "#sword_11" }
			}
		}
	],
	"display": {
		"thirdperson_righthand": {
			"rotation":  [ 90, 90, 0 ],
			"translation":  [ 0, 0, 0.3 ],
			"scale":  [ 1.1, 1.2, 1.5 ]
		},
		"thirdperson_lefthand": {
			"rotation":  [ 90, -90, 0 ],
			"translation":  [ 0, 0, 0.3 ],
			"scale":  [ 1.1, 1.2, 1.5 ]
		},
		"firstperson_righthand": {
			"rotation":  [ 90, 90, 4 ],
			"translation":  [ 0, -3, 0.4 ],
			"scale":  [ 2, 2, 2 ]
		},
		"firstperson_lefthand": {
			"rotation":  [ -90, 90, 4 ],
			"translation":  [ 0, -3, 0.4 ],
			"scale":  [ 2, 2, 2 ]
		},
		"gui": {
			"rotation":  [ -33, 3, 55 ],
			"translation":  [ -4.3, -4.5, 0 ],
			"scale":  [ 0.78, 0.8, 0.8 ]
		},
		"head": {
			"rotation":  [ 0, 0, -45 ],
			"translation":  [ -15, 0, 6 ],
			"scale":  [ 2, 2, 2 ]
		}
	}
}