{
	"credit": "Made with Blockbench",
	"parent": "item/book_template",
	"textures": {
		"0": "item/writable_book",
		"1": "item/feather",
		"particle": "item/writable_book"
	},
	"elements": [
		{
			"name": "cover outer",
			"from": [5, 7, 3],
			"to": [11, 9, 13],
			"faces": {
				"west": {"uv": [6, 0, 8, 10], "rotation": 270, "texture": "#0"},
				"up": {"uv": [8, 0, 14, 10], "texture": "#0"},
				"down": {"uv": [6, 10, 0, 0], "texture": "#0"}
			}
		},
		{
			"name": "cover inner",
			"from": [5, 9, 3],
			"to": [11, 7, 13],
			"faces": {
				"west": {"uv": [8, 0, 6, 10], "rotation": 270, "texture": "#0"},
				"up": {"uv": [6, 0, 0, 10], "texture": "#0"},
				"down": {"uv": [6, 10, 0, 0], "texture": "#0"}
			}
		},
		{
			"name": "pages",
			"from": [5, 7, 4],
			"to": [10, 9, 12],
			"faces": {
				"north": {"uv": [0, 10, 5, 12], "texture": "#0"},
				"east": {"uv": [0, 12, 8, 14], "texture": "#0"},
				"south": {"uv": [0, 14, 5, 16], "texture": "#0"}
			}
		},
		{
			"name": "feather",
			"from": [0, 9.1, 6],
			"to": [8, 9.1, 14],
			"rotation": {"angle": 22.5, "axis": "y", "origin": [0, 0, 0]},
			"faces": {
				"up": {"uv": [0, 0, 16, 16], "texture": "#1"},
				"down": {"uv": [16, 0, 0, 16], "rotation": 180, "texture": "#1"}
			}
		}
	]
}