{
  "parent": "minecraft:item/generated",
  "textures": {
      "layer0": "item/written_book"
  },
"overrides": [
  { "predicate": { "custom_model_data": 1}, "model": "item/vs_lorebooks_v1/vs_book_alchemist" },
  { "predicate": { "custom_model_data": 2}, "model": "item/vs_lorebooks_v1/vs_book_demon" },
  { "predicate": { "custom_model_data": 3}, "model": "item/vs_lorebooks_v1/vs_book_monster" },
  { "predicate": { "custom_model_data": 4}, "model": "item/vs_lorebooks_v1/vs_book_notes" },
  { "predicate": { "custom_model_data": 5}, "model": "item/vs_lorebooks_v1/vs_book_spell1" },
  { "predicate": { "custom_model_data": 6}, "model": "item/vs_lorebooks_v1/vs_book_spell2" },
  { "predicate": { "custom_model_data": 7}, "model": "item/vs_lorebooks_v1/vs_book_spell3" },
  { "predicate": { "custom_model_data": 8}, "model": "item/vs_lorebooks_v1/vs_book_spell4" },
  { "predicate": { "custom_model_data": 9}, "model": "item/vs_lorebooks_v1/vs_book_spell5" },
  { "predicate": { "custom_model_data": 9}, "model": "item/vs_lorebooks_v1/vs_book_spell6" }		
]
}
