{
	"credit": "Made with Blockbench",
	"texture_size": [32, 32],
	"textures": {
		"0": "zhicolor",
		"particle": "zhicolor"
	},
	"elements": [
		{
			"from": [7, 0, 7],
			"to": [8.75, 14, 8.75],
			"faces": {
				"north": {"uv": [0, 0, 1, 7], "texture": "#0"},
				"east": {"uv": [1, 0, 2, 7], "texture": "#0"},
				"south": {"uv": [2, 0, 3, 7], "texture": "#0"},
				"west": {"uv": [3, 0, 4, 7], "texture": "#0"},
				"up": {"uv": [8, 2, 7, 1], "texture": "#0"},
				"down": {"uv": [3, 7, 2, 8], "texture": "#0"}
			}
		},
		{
			"from": [11, 9, 7.125],
			"to": [12.5, 14, 8.625],
			"rotation": {"angle": 22.5, "axis": "z", "origin": [0, 0, 0]},
			"faces": {
				"north": {"uv": [6, 0, 6.75, 3], "texture": "#0"},
				"east": {"uv": [6, 3, 6.75, 6], "texture": "#0"},
				"south": {"uv": [4, 6, 4.75, 9], "texture": "#0"},
				"west": {"uv": [5, 6, 5.75, 9], "texture": "#0"},
				"up": {"uv": [7.75, 4.25, 7, 3.5], "texture": "#0"},
				"down": {"uv": [7.75, 4.5, 7, 5.25], "texture": "#0"}
			}
		},
		{
			"from": [7, 14, 7],
			"to": [8.75, 21, 8.75],
			"faces": {
				"north": {"uv": [4, 0, 5, 3], "texture": "#0"},
				"east": {"uv": [4, 3, 5, 6], "texture": "#0"},
				"south": {"uv": [5, 0, 6, 3], "texture": "#0"},
				"west": {"uv": [5, 3, 6, 6], "texture": "#0"},
				"up": {"uv": [8, 1, 7, 0], "texture": "#0"},
				"down": {"uv": [2, 7, 1, 8], "texture": "#0"}
			}
		},
		{
			"from": [1.125, 19, 7.125],
			"to": [1.875, 21, 8.625],
			"rotation": {"angle": -22.5, "axis": "z", "origin": [0, 0, 0]},
			"faces": {
				"north": {"uv": [7, 2, 7.5, 3.5], "texture": "#0"},
				"east": {"uv": [6, 6, 7, 7.5], "texture": "#0"},
				"south": {"uv": [3, 7, 3.5, 8.5], "texture": "#0"},
				"west": {"uv": [0, 7, 1, 8.5], "texture": "#0"},
				"up": {"uv": [4, 8, 3.5, 7], "texture": "#0"},
				"down": {"uv": [7.5, 5.5, 7, 6.5], "texture": "#0"}
			}
		},
		{
			"from": [1.125, 21, 7.375],
			"to": [1.875, 21.375, 8.375],
			"rotation": {"angle": -22.5, "axis": "z", "origin": [0, 0, 0]},
			"faces": {
				"north": {"uv": [7, 2, 7.5, 3.5], "texture": "#0"},
				"east": {"uv": [6, 6, 7, 7.5], "texture": "#0"},
				"south": {"uv": [3, 7, 3.5, 8.5], "texture": "#0"},
				"west": {"uv": [0, 7, 1, 8.5], "texture": "#0"},
				"up": {"uv": [4, 8, 3.5, 7], "texture": "#0"},
				"down": {"uv": [7.5, 5.5, 7, 6.5], "texture": "#0"}
			}
		},
		{
			"from": [1.125, 21.375, 7.5],
			"to": [1.875, 21.75, 8.25],
			"rotation": {"angle": -22.5, "axis": "z", "origin": [0, 0, 0]},
			"faces": {
				"north": {"uv": [7, 2, 7.5, 3.5], "texture": "#0"},
				"east": {"uv": [6, 6, 7, 7.5], "texture": "#0"},
				"south": {"uv": [3, 7, 3.5, 8.5], "texture": "#0"},
				"west": {"uv": [0, 7, 1, 8.5], "texture": "#0"},
				"up": {"uv": [4, 8, 3.5, 7], "texture": "#0"},
				"down": {"uv": [7.5, 5.5, 7, 6.5], "texture": "#0"}
			}
		},
		{
			"from": [1.25, 21.75, 7.625],
			"to": [1.875, 22.125, 8.125],
			"rotation": {"angle": -22.5, "axis": "z", "origin": [0, 0, 0]},
			"faces": {
				"north": {"uv": [7, 2, 7.5, 3.5], "texture": "#0"},
				"east": {"uv": [6, 6, 7, 7.5], "texture": "#0"},
				"south": {"uv": [3, 7, 3.5, 8.5], "texture": "#0"},
				"west": {"uv": [0, 7, 1, 8.5], "texture": "#0"},
				"up": {"uv": [4, 8, 3.5, 7], "texture": "#0"},
				"down": {"uv": [7.5, 5.5, 7, 6.5], "texture": "#0"}
			}
		},
		{
			"from": [1.375, 22.125, 7.75],
			"to": [1.875, 22.5, 8],
			"rotation": {"angle": -22.5, "axis": "z", "origin": [0, 0, 0]},
			"faces": {
				"north": {"uv": [7, 2, 7.5, 3.5], "texture": "#0"},
				"east": {"uv": [6, 6, 7, 7.5], "texture": "#0"},
				"south": {"uv": [3, 7, 3.5, 8.5], "texture": "#0"},
				"west": {"uv": [0, 7, 1, 8.5], "texture": "#0"},
				"up": {"uv": [4, 8, 3.5, 7], "texture": "#0"},
				"down": {"uv": [7.5, 5.5, 7, 6.5], "texture": "#0"}
			}
		},
		{
			"from": [1.5, 22.5, 7.75],
			"to": [1.875, 22.75, 8],
			"rotation": {"angle": -22.5, "axis": "z", "origin": [0, 0, 0]},
			"faces": {
				"north": {"uv": [7, 2, 7.5, 3.5], "texture": "#0"},
				"east": {"uv": [6, 6, 7, 7.5], "texture": "#0"},
				"south": {"uv": [3, 7, 3.5, 8.5], "texture": "#0"},
				"west": {"uv": [0, 7, 1, 8.5], "texture": "#0"},
				"up": {"uv": [4, 8, 3.5, 7], "texture": "#0"},
				"down": {"uv": [7.5, 5.5, 7, 6.5], "texture": "#0"}
			}
		}
	],
	"display": {
		"thirdperson_righthand": {
			"rotation": [0, 45, 0],
			"translation": [0.5, 5.5, 1.25]
		},
		"thirdperson_lefthand": {
			"rotation": [0, 74, 0],
			"translation": [0, 5.25, 1.75]
		},
		"firstperson_righthand": {
			"rotation": [-29, -72, 5],
			"translation": [0, 2.25, -0.75]
		},
		"firstperson_lefthand": {
			"rotation": [-24, 17, 0],
			"translation": [-0.5, 1.75, 0]
		},
		"ground": {
			"translation": [0, 3, 0]
		},
		"gui": {
			"rotation": [0, 0, -30],
			"translation": [-0.5, -1, 0]
		},
		"head": {
			"rotation": [-1, 0, 0],
			"translation": [0, 7.5, 0]
		},
		"fixed": {
			"translation": [0, 0, -1.75]
		}
	}
}