{
	"credit": "Made with Blockbench",
	"texture_size": [32, 32],
	"textures": {
		"0": "zhicolor3",
		"particle": "zhicolor3"
	},
	"elements": [
		{
			"from": [6.45, -1, 8.85],
			"to": [7.7, 4, 10.1],
			"rotation": {"angle": 0, "axis": "y", "origin": [0, -5, 0]},
			"faces": {
				"north": {"uv": [2, 3, 2.625, 5.5], "texture": "#0"},
				"east": {"uv": [3, 3, 3.625, 5.5], "texture": "#0"},
				"south": {"uv": [3.5, 0, 4.125, 2.5], "texture": "#0"},
				"west": {"uv": [4, 2.5, 4.625, 5], "texture": "#0"},
				"up": {"uv": [6.625, 7.125, 6, 6.5], "texture": "#0"},
				"down": {"uv": [7.625, 0, 7, 0.625], "texture": "#0"}
			}
		},
		{
			"from": [5.75, 4, 8.25],
			"to": [8.25, 4.5, 10.75],
			"rotation": {"angle": 0, "axis": "y", "origin": [0, -5, 0]},
			"faces": {
				"north": {"uv": [6.5, 6, 8, 6.25], "texture": "#0"},
				"east": {"uv": [7, 1, 8.5, 1.25], "texture": "#0"},
				"south": {"uv": [7, 3, 8.5, 3.25], "texture": "#0"},
				"west": {"uv": [7, 3.5, 8.5, 3.75], "texture": "#0"},
				"up": {"uv": [3.5, 1.5, 2, 0], "texture": "#0"},
				"down": {"uv": [3.5, 1.5, 2, 3], "texture": "#0"}
			}
		},
		{
			"from": [8.25, 4, 8.25],
			"to": [8.5, 4.5, 9.25],
			"rotation": {"angle": 0, "axis": "y", "origin": [0, -5, 0]},
			"faces": {
				"north": {"uv": [6.5, 6, 8, 6.25], "texture": "#0"},
				"east": {"uv": [7, 1, 8.5, 1.25], "texture": "#0"},
				"south": {"uv": [7, 3, 8.5, 3.25], "texture": "#0"},
				"west": {"uv": [7, 3.5, 8.5, 3.75], "texture": "#0"},
				"up": {"uv": [3.5, 1.5, 2, 0], "texture": "#0"},
				"down": {"uv": [3.5, 1.5, 2, 3], "texture": "#0"}
			}
		},
		{
			"from": [5.5, 4, 8.25],
			"to": [5.75, 4.5, 9.25],
			"rotation": {"angle": 0, "axis": "y", "origin": [0, -5, 0]},
			"faces": {
				"north": {"uv": [6.5, 6, 8, 6.25], "texture": "#0"},
				"east": {"uv": [7, 1, 8.5, 1.25], "texture": "#0"},
				"south": {"uv": [7, 3, 8.5, 3.25], "texture": "#0"},
				"west": {"uv": [7, 3.5, 8.5, 3.75], "texture": "#0"},
				"up": {"uv": [3.5, 1.5, 2, 0], "texture": "#0"},
				"down": {"uv": [3.5, 1.5, 2, 3], "texture": "#0"}
			}
		},
		{
			"from": [8.25, 4, 9.75],
			"to": [8.5, 4.5, 10.75],
			"rotation": {"angle": 0, "axis": "y", "origin": [0, -5, 0]},
			"faces": {
				"north": {"uv": [6.5, 6, 8, 6.25], "texture": "#0"},
				"east": {"uv": [7, 1, 8.5, 1.25], "texture": "#0"},
				"south": {"uv": [7, 3, 8.5, 3.25], "texture": "#0"},
				"west": {"uv": [7, 3.5, 8.5, 3.75], "texture": "#0"},
				"up": {"uv": [3.5, 1.5, 2, 0], "texture": "#0"},
				"down": {"uv": [3.5, 1.5, 2, 3], "texture": "#0"}
			}
		},
		{
			"from": [5.5, 4, 9.75],
			"to": [5.75, 4.5, 10.75],
			"rotation": {"angle": 0, "axis": "y", "origin": [0, -5, 0]},
			"faces": {
				"north": {"uv": [6.5, 6, 8, 6.25], "texture": "#0"},
				"east": {"uv": [7, 1, 8.5, 1.25], "texture": "#0"},
				"south": {"uv": [7, 3, 8.5, 3.25], "texture": "#0"},
				"west": {"uv": [7, 3.5, 8.5, 3.75], "texture": "#0"},
				"up": {"uv": [3.5, 1.5, 2, 0], "texture": "#0"},
				"down": {"uv": [3.5, 1.5, 2, 3], "texture": "#0"}
			}
		},
		{
			"from": [5.5, 4, 10.75],
			"to": [6.75, 4.5, 11],
			"rotation": {"angle": 0, "axis": "y", "origin": [0, -5, 0]},
			"faces": {
				"north": {"uv": [6.5, 6, 8, 6.25], "texture": "#0"},
				"east": {"uv": [7, 1, 8.5, 1.25], "texture": "#0"},
				"south": {"uv": [7, 3, 8.5, 3.25], "texture": "#0"},
				"west": {"uv": [7, 3.5, 8.5, 3.75], "texture": "#0"},
				"up": {"uv": [3.5, 1.5, 2, 0], "texture": "#0"},
				"down": {"uv": [3.5, 1.5, 2, 3], "texture": "#0"}
			}
		},
		{
			"from": [5.5, 4, 8],
			"to": [6.75, 4.5, 8.25],
			"rotation": {"angle": 0, "axis": "y", "origin": [0, -5, 0]},
			"faces": {
				"north": {"uv": [6.5, 6, 8, 6.25], "texture": "#0"},
				"east": {"uv": [7, 1, 8.5, 1.25], "texture": "#0"},
				"south": {"uv": [7, 3, 8.5, 3.25], "texture": "#0"},
				"west": {"uv": [7, 3.5, 8.5, 3.75], "texture": "#0"},
				"up": {"uv": [3.5, 1.5, 2, 0], "texture": "#0"},
				"down": {"uv": [3.5, 1.5, 2, 3], "texture": "#0"}
			}
		},
		{
			"from": [7.25, 4, 10.75],
			"to": [8.5, 4.5, 11],
			"rotation": {"angle": 0, "axis": "y", "origin": [0, -5, 0]},
			"faces": {
				"north": {"uv": [6.5, 6, 8, 6.25], "texture": "#0"},
				"east": {"uv": [7, 1, 8.5, 1.25], "texture": "#0"},
				"south": {"uv": [7, 3, 8.5, 3.25], "texture": "#0"},
				"west": {"uv": [7, 3.5, 8.5, 3.75], "texture": "#0"},
				"up": {"uv": [3.5, 1.5, 2, 0], "texture": "#0"},
				"down": {"uv": [3.5, 1.5, 2, 3], "texture": "#0"}
			}
		},
		{
			"from": [7.25, 4, 8],
			"to": [8.5, 4.5, 8.25],
			"rotation": {"angle": 0, "axis": "y", "origin": [0, -5, 0]},
			"faces": {
				"north": {"uv": [6.5, 6, 8, 6.25], "texture": "#0"},
				"east": {"uv": [7, 1, 8.5, 1.25], "texture": "#0"},
				"south": {"uv": [7, 3, 8.5, 3.25], "texture": "#0"},
				"west": {"uv": [7, 3.5, 8.5, 3.75], "texture": "#0"},
				"up": {"uv": [3.5, 1.5, 2, 0], "texture": "#0"},
				"down": {"uv": [3.5, 1.5, 2, 3], "texture": "#0"}
			}
		},
		{
			"from": [5.75, 4.5, 8.25],
			"to": [8.25, 4.75, 10.75],
			"rotation": {"angle": 0, "axis": "y", "origin": [0, -5, 0]},
			"faces": {
				"north": {"uv": [8, 2.5, 9.25, 2.625], "texture": "#0"},
				"east": {"uv": [8, 5, 9.25, 5.125], "texture": "#0"},
				"south": {"uv": [5.5, 8, 6.75, 8.125], "texture": "#0"},
				"west": {"uv": [8, 5.5, 9.25, 5.625], "texture": "#0"},
				"up": {"uv": [5.75, 1.25, 4.5, 0], "texture": "#0"},
				"down": {"uv": [6.25, 1.5, 5, 2.75], "texture": "#0"}
			}
		},
		{
			"from": [6, 4.75, 8.5],
			"to": [8, 5, 10.5],
			"rotation": {"angle": 0, "axis": "y", "origin": [0, -5, 0]},
			"faces": {
				"north": {"uv": [2.5, 9, 3.5, 9.125], "texture": "#0"},
				"east": {"uv": [9, 3, 10, 3.125], "texture": "#0"},
				"south": {"uv": [9, 3.5, 10, 3.625], "texture": "#0"},
				"west": {"uv": [9, 4, 10, 4.125], "texture": "#0"},
				"up": {"uv": [3, 6.5, 2, 5.5], "texture": "#0"},
				"down": {"uv": [4, 5.5, 3, 6.5], "texture": "#0"}
			}
		},
		{
			"from": [6, 5, 8.5],
			"to": [8, 5.25, 10.5],
			"rotation": {"angle": 0, "axis": "y", "origin": [0, -5, 0]},
			"faces": {
				"north": {"uv": [9, 4.5, 10, 4.625], "texture": "#0"},
				"east": {"uv": [9, 6, 10, 6.125], "texture": "#0"},
				"south": {"uv": [9, 6.5, 10, 6.625], "texture": "#0"},
				"west": {"uv": [9, 7, 10, 7.125], "texture": "#0"},
				"up": {"uv": [6.5, 4, 5.5, 3], "texture": "#0"},
				"down": {"uv": [6.5, 4, 5.5, 5], "texture": "#0"}
			}
		},
		{
			"from": [6.25, 5.25, 9.35],
			"to": [7.75, 26.5, 9.6],
			"rotation": {"angle": 0, "axis": "y", "origin": [0, -5, 0]},
			"faces": {
				"north": {"uv": [0, 0, 0.75, 10.625], "texture": "#0"},
				"east": {"uv": [5, 3, 5.125, 13.625], "texture": "#0"},
				"south": {"uv": [1, 0, 1.75, 10.625], "texture": "#0"},
				"west": {"uv": [4, 5, 4.125, 15.625], "texture": "#0"},
				"up": {"uv": [9.75, 8.125, 9, 8], "texture": "#0"},
				"down": {"uv": [9.25, 9, 8.5, 9.125], "texture": "#0"}
			}
		},
		{
			"from": [6.25, 26.5, 9.35],
			"to": [7.75, 26.75, 9.6],
			"rotation": {"angle": 0, "axis": "y", "origin": [0, -5, 0]},
			"faces": {
				"north": {"uv": [9, 8.5, 9.75, 8.625], "texture": "#0"},
				"east": {"uv": [11, 4, 11.125, 4.125], "texture": "#0"},
				"south": {"uv": [9.5, 0, 10.25, 0.125], "texture": "#0"},
				"west": {"uv": [4.5, 11, 4.625, 11.125], "texture": "#0"},
				"up": {"uv": [10.25, 0.625, 9.5, 0.5], "texture": "#0"},
				"down": {"uv": [10.25, 1, 9.5, 1.125], "texture": "#0"}
			}
		},
		{
			"from": [6.25, 26.75, 9.35],
			"to": [7.5, 27.25, 9.6],
			"rotation": {"angle": 0, "axis": "y", "origin": [0, -5, 0]},
			"faces": {
				"north": {"uv": [8, 6, 8.625, 6.25], "texture": "#0"},
				"east": {"uv": [10.5, 9, 10.625, 9.25], "texture": "#0"},
				"south": {"uv": [8, 6.5, 8.625, 6.75], "texture": "#0"},
				"west": {"uv": [9.5, 10.5, 9.625, 10.75], "texture": "#0"},
				"up": {"uv": [10.125, 7.625, 9.5, 7.5], "texture": "#0"},
				"down": {"uv": [8.625, 9.5, 8, 9.625], "texture": "#0"}
			}
		},
		{
			"from": [6.25, 27.25, 9.35],
			"to": [7.25, 27.75, 9.6],
			"rotation": {"angle": 0, "axis": "y", "origin": [0, -5, 0]},
			"faces": {
				"north": {"uv": [3.5, 9, 4, 9.25], "texture": "#0"},
				"east": {"uv": [10.5, 9.5, 10.625, 9.75], "texture": "#0"},
				"south": {"uv": [9, 7.5, 9.5, 7.75], "texture": "#0"},
				"west": {"uv": [10, 10.5, 10.125, 10.75], "texture": "#0"},
				"up": {"uv": [10.5, 7.125, 10, 7], "texture": "#0"},
				"down": {"uv": [9, 10, 8.5, 10.125], "texture": "#0"}
			}
		},
		{
			"from": [6.25, 27.75, 9.35],
			"to": [7, 28.25, 9.6],
			"rotation": {"angle": 0, "axis": "y", "origin": [0, -5, 0]},
			"faces": {
				"north": {"uv": [9.5, 1.5, 9.875, 1.75], "texture": "#0"},
				"east": {"uv": [10.5, 10, 10.625, 10.25], "texture": "#0"},
				"south": {"uv": [9.5, 2, 9.875, 2.25], "texture": "#0"},
				"west": {"uv": [10.5, 10.5, 10.625, 10.75], "texture": "#0"},
				"up": {"uv": [10.375, 9.625, 10, 9.5], "texture": "#0"},
				"down": {"uv": [10.375, 10, 10, 10.125], "texture": "#0"}
			}
		},
		{
			"from": [6.25, 28.25, 9.35],
			"to": [6.75, 28.75, 9.6],
			"rotation": {"angle": 0, "axis": "y", "origin": [0, -5, 0]},
			"faces": {
				"north": {"uv": [10, 9, 10.25, 9.25], "texture": "#0"},
				"east": {"uv": [0, 11, 0.125, 11.25], "texture": "#0"},
				"south": {"uv": [9.5, 10, 9.75, 10.25], "texture": "#0"},
				"west": {"uv": [11, 0, 11.125, 0.25], "texture": "#0"},
				"up": {"uv": [0.75, 11.125, 0.5, 11], "texture": "#0"},
				"down": {"uv": [11.25, 0.5, 11, 0.625], "texture": "#0"}
			}
		},
		{
			"from": [6.25, 5.25, 9.6],
			"to": [7.75, 7.75, 9.85],
			"rotation": {"angle": 0, "axis": "y", "origin": [0, -5, 0]},
			"faces": {
				"north": {"uv": [5.5, 5, 6.25, 6.25], "texture": "#0"},
				"east": {"uv": [4.5, 8, 4.625, 9.25], "texture": "#0"},
				"south": {"uv": [6, 0, 6.75, 1.25], "texture": "#0"},
				"west": {"uv": [7, 8, 7.125, 9.25], "texture": "#0"},
				"up": {"uv": [3.25, 9.625, 2.5, 9.5], "texture": "#0"},
				"down": {"uv": [10.25, 2.5, 9.5, 2.625], "texture": "#0"}
			}
		},
		{
			"from": [7.75, 5.25, 9.1],
			"to": [8, 7.75, 9.85],
			"rotation": {"angle": 0, "axis": "y", "origin": [0, -5, 0]},
			"faces": {
				"north": {"uv": [8.5, 0, 8.625, 1.25], "texture": "#0"},
				"east": {"uv": [6.5, 3, 6.875, 4.25], "texture": "#0"},
				"south": {"uv": [2, 8.5, 2.125, 9.75], "texture": "#0"},
				"west": {"uv": [3.5, 6.5, 3.875, 7.75], "texture": "#0"},
				"up": {"uv": [10.625, 0.375, 10.5, 0], "texture": "#0"},
				"down": {"uv": [10.625, 0.5, 10.5, 0.875], "texture": "#0"}
			}
		},
		{
			"from": [6, 5.25, 9.1],
			"to": [6.25, 7.75, 9.85],
			"rotation": {"angle": 0, "axis": "y", "origin": [0, -5, 0]},
			"faces": {
				"north": {"uv": [8.5, 3, 8.625, 4.25], "texture": "#0"},
				"east": {"uv": [6.5, 4.5, 6.875, 5.75], "texture": "#0"},
				"south": {"uv": [5.5, 8.5, 5.625, 9.75], "texture": "#0"},
				"west": {"uv": [5.5, 6.5, 5.875, 7.75], "texture": "#0"},
				"up": {"uv": [10.625, 1.375, 10.5, 1], "texture": "#0"},
				"down": {"uv": [10.625, 1.5, 10.5, 1.875], "texture": "#0"}
			}
		},
		{
			"from": [6.25, 5.25, 9.1],
			"to": [7.75, 7.75, 9.35],
			"rotation": {"angle": 0, "axis": "y", "origin": [0, -5, 0]},
			"faces": {
				"north": {"uv": [6.5, 1.5, 7.25, 2.75], "texture": "#0"},
				"east": {"uv": [8, 7, 8.125, 8.25], "texture": "#0"},
				"south": {"uv": [2, 6.5, 2.75, 7.75], "texture": "#0"},
				"west": {"uv": [7.5, 8, 7.625, 9.25], "texture": "#0"},
				"up": {"uv": [10.25, 5.125, 9.5, 5], "texture": "#0"},
				"down": {"uv": [10.25, 5.5, 9.5, 5.625], "texture": "#0"}
			}
		},
		{
			"from": [6, 7.75, 9.1],
			"to": [6.5, 9, 9.35],
			"rotation": {"angle": 0, "axis": "y", "origin": [0, -5, 0]},
			"faces": {
				"north": {"uv": [8.5, 1.5, 8.75, 2.125], "texture": "#0"},
				"east": {"uv": [9, 9.5, 9.125, 10.125], "texture": "#0"},
				"south": {"uv": [6, 8.5, 6.25, 9.125], "texture": "#0"},
				"west": {"uv": [9.5, 9, 9.625, 9.625], "texture": "#0"},
				"up": {"uv": [1.25, 11.125, 1, 11], "texture": "#0"},
				"down": {"uv": [11.25, 1, 11, 1.125], "texture": "#0"}
			}
		},
		{
			"from": [7.25, 7.75, 9.1],
			"to": [7.75, 9, 9.35],
			"rotation": {"angle": 0, "axis": "y", "origin": [0, -5, 0]},
			"faces": {
				"north": {"uv": [8, 8.5, 8.25, 9.125], "texture": "#0"},
				"east": {"uv": [5.5, 10, 5.625, 10.625], "texture": "#0"},
				"south": {"uv": [8.5, 8, 8.75, 8.625], "texture": "#0"},
				"west": {"uv": [10, 6, 10.125, 6.625], "texture": "#0"},
				"up": {"uv": [2.25, 11.125, 2, 11], "texture": "#0"},
				"down": {"uv": [11.25, 2, 11, 2.125], "texture": "#0"}
			}
		},
		{
			"from": [7.25, 7.75, 9.6],
			"to": [7.75, 9, 9.85],
			"rotation": {"angle": 0, "axis": "y", "origin": [0, -5, 0]},
			"faces": {
				"north": {"uv": [9, 0, 9.25, 0.625], "texture": "#0"},
				"east": {"uv": [8, 10, 8.125, 10.625], "texture": "#0"},
				"south": {"uv": [9, 1, 9.25, 1.625], "texture": "#0"},
				"west": {"uv": [10, 8, 10.125, 8.625], "texture": "#0"},
				"up": {"uv": [2.75, 11.125, 2.5, 11], "texture": "#0"},
				"down": {"uv": [11.25, 2.5, 11, 2.625], "texture": "#0"}
			}
		},
		{
			"from": [6, 7.75, 9.6],
			"to": [6.5, 9, 9.85],
			"rotation": {"angle": 0, "axis": "y", "origin": [0, -5, 0]},
			"faces": {
				"north": {"uv": [6.5, 8.5, 6.75, 9.125], "texture": "#0"},
				"east": {"uv": [10, 3, 10.125, 3.625], "texture": "#0"},
				"south": {"uv": [8.5, 7, 8.75, 7.625], "texture": "#0"},
				"west": {"uv": [10, 4, 10.125, 4.625], "texture": "#0"},
				"up": {"uv": [1.75, 11.125, 1.5, 11], "texture": "#0"},
				"down": {"uv": [11.25, 1.5, 11, 1.625], "texture": "#0"}
			}
		},
		{
			"from": [6.5, 7.75, 9.1],
			"to": [7, 9.25, 9.35],
			"rotation": {"angle": 0, "axis": "y", "origin": [0, -5, 0]},
			"faces": {
				"north": {"uv": [2.5, 8, 2.75, 8.75], "texture": "#0"},
				"east": {"uv": [6, 9.5, 6.125, 10.25], "texture": "#0"},
				"south": {"uv": [3, 8, 3.25, 8.75], "texture": "#0"},
				"west": {"uv": [6.5, 9.5, 6.625, 10.25], "texture": "#0"},
				"up": {"uv": [3.25, 11.125, 3, 11], "texture": "#0"},
				"down": {"uv": [11.25, 3, 11, 3.125], "texture": "#0"}
			}
		},
		{
			"from": [6.5, 7.75, 9.6],
			"to": [7, 9.25, 9.85],
			"rotation": {"angle": 0, "axis": "y", "origin": [0, -5, 0]},
			"faces": {
				"north": {"uv": [3.5, 8, 3.75, 8.75], "texture": "#0"},
				"east": {"uv": [7, 9.5, 7.125, 10.25], "texture": "#0"},
				"south": {"uv": [8, 4, 8.25, 4.75], "texture": "#0"},
				"west": {"uv": [7.5, 9.5, 7.625, 10.25], "texture": "#0"},
				"up": {"uv": [3.75, 11.125, 3.5, 11], "texture": "#0"},
				"down": {"uv": [11.25, 3.5, 11, 3.625], "texture": "#0"}
			}
		},
		{
			"from": [7, 7.75, 9.6],
			"to": [7.25, 8.5, 9.85],
			"rotation": {"angle": 0, "axis": "y", "origin": [0, -5, 0]},
			"faces": {
				"north": {"uv": [4.5, 10.5, 4.625, 10.875], "texture": "#0"},
				"east": {"uv": [10.5, 4.5, 10.625, 4.875], "texture": "#0"},
				"south": {"uv": [10.5, 5, 10.625, 5.375], "texture": "#0"},
				"west": {"uv": [10.5, 5.5, 10.625, 5.875], "texture": "#0"},
				"up": {"uv": [5.625, 11.125, 5.5, 11], "texture": "#0"},
				"down": {"uv": [11.125, 5.5, 11, 5.625], "texture": "#0"}
			}
		},
		{
			"from": [0.5, 10.6, 9.6],
			"to": [0.75, 11.35, 9.85],
			"rotation": {"angle": -22.5, "axis": "z", "origin": [0, -5, 0]},
			"faces": {
				"north": {"uv": [7, 10.5, 7.125, 10.875], "texture": "#0"},
				"east": {"uv": [10.5, 7, 10.625, 7.375], "texture": "#0"},
				"south": {"uv": [7.5, 10.5, 7.625, 10.875], "texture": "#0"},
				"west": {"uv": [10.5, 7.5, 10.625, 7.875], "texture": "#0"},
				"up": {"uv": [6.625, 11.125, 6.5, 11], "texture": "#0"},
				"down": {"uv": [11.125, 6.5, 11, 6.625], "texture": "#0"}
			}
		},
		{
			"from": [0.5, 10.6, 9.1],
			"to": [0.75, 11.35, 9.35],
			"rotation": {"angle": -22.5, "axis": "z", "origin": [0, -5, 0]},
			"faces": {
				"north": {"uv": [10.5, 8, 10.625, 8.375], "texture": "#0"},
				"east": {"uv": [8.5, 10.5, 8.625, 10.875], "texture": "#0"},
				"south": {"uv": [10.5, 8.5, 10.625, 8.875], "texture": "#0"},
				"west": {"uv": [9, 10.5, 9.125, 10.875], "texture": "#0"},
				"up": {"uv": [7.125, 11.125, 7, 11], "texture": "#0"},
				"down": {"uv": [11.125, 7, 11, 7.125], "texture": "#0"}
			}
		},
		{
			"from": [7, 7.75, 9.1],
			"to": [7.25, 8.5, 9.35],
			"rotation": {"angle": 0, "axis": "y", "origin": [0, -5, 0]},
			"faces": {
				"north": {"uv": [6, 10.5, 6.125, 10.875], "texture": "#0"},
				"east": {"uv": [10.5, 6, 10.625, 6.375], "texture": "#0"},
				"south": {"uv": [6.5, 10.5, 6.625, 10.875], "texture": "#0"},
				"west": {"uv": [10.5, 6.5, 10.625, 6.875], "texture": "#0"},
				"up": {"uv": [6.125, 11.125, 6, 11], "texture": "#0"},
				"down": {"uv": [11.125, 6, 11, 6.125], "texture": "#0"}
			}
		},
		{
			"from": [6, 7.75, 9.35],
			"to": [6.25, 9, 9.6],
			"rotation": {"angle": 0, "axis": "y", "origin": [0, -5, 0]},
			"faces": {
				"north": {"uv": [10, 1.5, 10.125, 2.125], "texture": "#0"},
				"east": {"uv": [2, 10, 2.125, 10.625], "texture": "#0"},
				"south": {"uv": [2.5, 10, 2.625, 10.625], "texture": "#0"},
				"west": {"uv": [3, 10, 3.125, 10.625], "texture": "#0"},
				"up": {"uv": [11.125, 4.625, 11, 4.5], "texture": "#0"},
				"down": {"uv": [11.125, 5, 11, 5.125], "texture": "#0"}
			}
		},
		{
			"from": [7.75, 7.75, 9.1],
			"to": [8, 9.25, 9.85],
			"rotation": {"angle": 0, "axis": "y", "origin": [0, -5, 0]},
			"faces": {
				"north": {"uv": [3.5, 9.5, 3.625, 10.25], "texture": "#0"},
				"east": {"uv": [7, 6.5, 7.375, 7.25], "texture": "#0"},
				"south": {"uv": [4.5, 9.5, 4.625, 10.25], "texture": "#0"},
				"west": {"uv": [7.5, 1.5, 7.875, 2.25], "texture": "#0"},
				"up": {"uv": [10.625, 3.875, 10.5, 3.5], "texture": "#0"},
				"down": {"uv": [10.625, 4, 10.5, 4.375], "texture": "#0"}
			}
		},
		{
			"from": [6, 9, 9.1],
			"to": [6.25, 9.75, 9.85],
			"rotation": {"angle": 0, "axis": "y", "origin": [0, -5, 0]},
			"faces": {
				"north": {"uv": [10.5, 2, 10.625, 2.375], "texture": "#0"},
				"east": {"uv": [8.5, 4.5, 8.875, 4.875], "texture": "#0"},
				"south": {"uv": [10.5, 2.5, 10.625, 2.875], "texture": "#0"},
				"west": {"uv": [9, 2, 9.375, 2.375], "texture": "#0"},
				"up": {"uv": [10.625, 3.375, 10.5, 3], "texture": "#0"},
				"down": {"uv": [3.625, 10.5, 3.5, 10.875], "texture": "#0"}
			}
		},
		{
			"from": [5.75, -9.25, 8.875],
			"to": [6.75, -8.25, 10.125],
			"rotation": {"angle": 45, "axis": "z", "origin": [0, -5, 0]},
			"faces": {
				"north": {"uv": [6.5, 7.5, 7, 8], "texture": "#0"},
				"east": {"uv": [7, 4, 7.625, 4.5], "texture": "#0"},
				"south": {"uv": [7.5, 6.5, 8, 7], "texture": "#0"},
				"west": {"uv": [7, 4.5, 7.625, 5], "texture": "#0"},
				"up": {"uv": [5, 7.625, 4.5, 7], "texture": "#0"},
				"down": {"uv": [7.5, 5, 7, 5.625], "texture": "#0"}
			}
		},
		{
			"from": [6.6, -3, 9],
			"to": [7.6, -1, 10],
			"rotation": {"angle": 0, "axis": "y", "origin": [0, -5, 0]},
			"faces": {
				"north": {"uv": [4.5, 1.5, 5, 2.5], "texture": "#0"},
				"east": {"uv": [4.5, 5, 5, 6], "texture": "#0"},
				"south": {"uv": [4.5, 6, 5, 7], "texture": "#0"},
				"west": {"uv": [3, 6.5, 3.5, 7.5], "texture": "#0"},
				"up": {"uv": [7.5, 8, 7, 7.5], "texture": "#0"},
				"down": {"uv": [8, 7, 7.5, 7.5], "texture": "#0"}
			}
		},
		{
			"from": [6, -8, 9],
			"to": [7, -7, 10],
			"rotation": {"angle": 45, "axis": "z", "origin": [0, -5, 0]},
			"faces": {
				"north": {"uv": [7.5, 7.5, 8, 8], "texture": "#0"},
				"east": {"uv": [8, 0, 8.5, 0.5], "texture": "#0"},
				"south": {"uv": [8, 0.5, 8.5, 1], "texture": "#0"},
				"west": {"uv": [8, 1.5, 8.5, 2], "texture": "#0"},
				"up": {"uv": [2.5, 8.5, 2, 8], "texture": "#0"},
				"down": {"uv": [8.5, 2, 8, 2.5], "texture": "#0"}
			}
		},
		{
			"from": [7, -9, 9],
			"to": [8, -8, 10],
			"rotation": {"angle": 45, "axis": "z", "origin": [0, -5, 0]},
			"faces": {
				"north": {"uv": [3.5, 2.5, 4, 3], "texture": "#0"},
				"east": {"uv": [7.5, 2.5, 8, 3], "texture": "#0"},
				"south": {"uv": [3, 7.5, 3.5, 8], "texture": "#0"},
				"west": {"uv": [7.5, 5, 8, 5.5], "texture": "#0"},
				"up": {"uv": [8, 6, 7.5, 5.5], "texture": "#0"},
				"down": {"uv": [6.5, 7.5, 6, 8], "texture": "#0"}
			}
		}
	],
	"display": {
		"thirdperson_righthand": {
			"rotation": [0, 90, 0],
			"translation": [-1.25, 4.75, -1.25]
		},
		"thirdperson_lefthand": {
			"rotation": [69, -180, 148],
			"translation": [-6, -9.25, 5.5]
		},
		"firstperson_righthand": {
			"rotation": [-20, 97, -7],
			"translation": [-1.75, 5.5, -0.5]
		},
		"firstperson_lefthand": {
			"translation": [11, 0, 0]
		},
		"ground": {
			"translation": [0, 8.75, 0]
		},
		"gui": {
			"rotation": [0, 0, 43],
			"translation": [1.5, -1.25, 0],
			"scale": [0.75, 0.75, 0.75]
		},
		"head": {
			"rotation": [0, 0, 126],
			"translation": [0, -11.5, 3.25]
		},
		"fixed": {
			"rotation": [0, 0, -48],
			"translation": [0, 0, -2.75]
		}
	},
	"groups": [
		0,
		1,
		2,
		3,
		4,
		5,
		6,
		7,
		8,
		9,
		10,
		11,
		12,
		13,
		14,
		15,
		16,
		17,
		18,
		19,
		20,
		21,
		22,
		23,
		24,
		25,
		26,
		27,
		28,
		29,
		30,
		31,
		32,
		33,
		34,
		35,
		{
			"name": "group",
			"origin": [0, 0, 0],
			"color": 0,
			"children": [36, 37, 38, 39]
		}
	]
}