{
	"credit": "Made with Blockbench",
	"texture_size": [32, 32],
	"textures": {
		"0": "item/watersword",
		"particle": "item/watersword"
	},
	"elements": [
		{
			"from": [7.625, -0.5, 7.74975],
			"to": [8.375, 3.75, 8.24975],
			"rotation": {"angle": 0, "axis": "y", "origin": [0.625, 0, -0.25025]},
			"faces": {
				"north": {"uv": [3, 0, 3.375, 2.125], "texture": "#0"},
				"east": {"uv": [3, 5, 3.25, 7.125], "texture": "#0"},
				"south": {"uv": [3, 2.5, 3.375, 4.625], "texture": "#0"},
				"west": {"uv": [5.5, 0, 5.75, 2.125], "texture": "#0"},
				"up": {"uv": [1.875, 9.25, 1.5, 9], "texture": "#0"},
				"down": {"uv": [9.375, 1.5, 9, 1.75], "texture": "#0"}
			}
		},
		{
			"from": [7.375, -1, 7.49975],
			"to": [8.625, -0.5, 8.49975],
			"rotation": {"angle": 0, "axis": "y", "origin": [0.625, 0, -0.25025]},
			"faces": {
				"north": {"uv": [7.5, 4, 8.125, 4.25], "texture": "#0"},
				"east": {"uv": [2, 8, 2.5, 8.25], "texture": "#0"},
				"south": {"uv": [7.5, 4.5, 8.125, 4.75], "texture": "#0"},
				"west": {"uv": [8, 2, 8.5, 2.25], "texture": "#0"},
				"up": {"uv": [6.125, 5, 5.5, 4.5], "texture": "#0"},
				"down": {"uv": [6.125, 5, 5.5, 5.5], "texture": "#0"}
			}
		},
		{
			"from": [8.125, -1.5, 7.87975],
			"to": [8.375, -1, 8.12975],
			"rotation": {"angle": 0, "axis": "y", "origin": [0.625, 0, -0.25025]},
			"faces": {
				"north": {"uv": [0, 11, 0.125, 11.25], "texture": "#0"},
				"east": {"uv": [11, 0, 11.125, 0.25], "texture": "#0"},
				"south": {"uv": [0.5, 11, 0.625, 11.25], "texture": "#0"},
				"west": {"uv": [11, 0.5, 11.125, 0.75], "texture": "#0"},
				"up": {"uv": [5.625, 12.125, 5.5, 12], "texture": "#0"},
				"down": {"uv": [12.125, 5.5, 12, 5.625], "texture": "#0"}
			}
		},
		{
			"from": [7.625, -1.5, 7.87975],
			"to": [7.875, -1, 8.12975],
			"rotation": {"angle": 0, "axis": "y", "origin": [0.625, 0, -0.25025]},
			"faces": {
				"north": {"uv": [1, 11, 1.125, 11.25], "texture": "#0"},
				"east": {"uv": [11, 1, 11.125, 1.25], "texture": "#0"},
				"south": {"uv": [1.5, 11, 1.625, 11.25], "texture": "#0"},
				"west": {"uv": [11, 1.5, 11.125, 1.75], "texture": "#0"},
				"up": {"uv": [6.125, 12.125, 6, 12], "texture": "#0"},
				"down": {"uv": [12.125, 6, 12, 6.125], "texture": "#0"}
			}
		},
		{
			"from": [7.875, -1.5, 7.87975],
			"to": [8.125, -1.25, 8.12975],
			"rotation": {"angle": 0, "axis": "y", "origin": [0.625, 0, -0.25025]},
			"faces": {
				"north": {"uv": [6.5, 12, 6.625, 12.125], "texture": "#0"},
				"east": {"uv": [12, 6.5, 12.125, 6.625], "texture": "#0"},
				"south": {"uv": [7, 12, 7.125, 12.125], "texture": "#0"},
				"west": {"uv": [12, 7, 12.125, 7.125], "texture": "#0"},
				"up": {"uv": [7.625, 12.125, 7.5, 12], "texture": "#0"},
				"down": {"uv": [12.125, 7.5, 12, 7.625], "texture": "#0"}
			}
		},
		{
			"from": [7.374, 3.75, 7.58475],
			"to": [8.626, 5, 8.40975],
			"rotation": {"angle": 0, "axis": "y", "origin": [0.625, 0, -0.25025]},
			"faces": {
				"north": {"uv": [2, 5.5, 2.625, 6.125], "texture": "#0"},
				"east": {"uv": [6, 1, 6.375, 1.625], "texture": "#0"},
				"south": {"uv": [5.5, 2.5, 6.125, 3.125], "texture": "#0"},
				"west": {"uv": [1.5, 6, 1.875, 6.625], "texture": "#0"},
				"up": {"uv": [6.625, 2.375, 6, 2], "texture": "#0"},
				"down": {"uv": [4.125, 6, 3.5, 6.375], "texture": "#0"}
			}
		},
		{
			"from": [7.474, 3.85, 7.48475],
			"to": [8.526, 4.9, 8.50975],
			"rotation": {"angle": 0, "axis": "y", "origin": [0.625, 0, -0.25025]},
			"faces": {
				"north": {"uv": [5.5, 5.5, 6, 6], "texture": "#0"},
				"east": {"uv": [0, 6, 0.5, 6.5], "texture": "#0"},
				"south": {"uv": [6, 0, 6.5, 0.5], "texture": "#0"},
				"west": {"uv": [0.5, 6, 1, 6.5], "texture": "#0"},
				"up": {"uv": [6.5, 1, 6, 0.5], "texture": "#0"},
				"down": {"uv": [1.5, 6, 1, 6.5], "texture": "#0"}
			}
		},
		{
			"from": [7.374, 3.75, 7.58575],
			"to": [8.626, 5, 8.40875],
			"rotation": {"angle": -45, "axis": "z", "origin": [8, 4.375, 7.99725]},
			"faces": {
				"north": {"uv": [5.5, 3.5, 6.125, 4.125], "texture": "#0"},
				"east": {"uv": [0, 6.5, 0.375, 7.125], "texture": "#0"},
				"south": {"uv": [4.5, 5.5, 5.125, 6.125], "texture": "#0"},
				"west": {"uv": [6.5, 0, 6.875, 0.625], "texture": "#0"},
				"up": {"uv": [1.125, 6.875, 0.5, 6.5], "texture": "#0"},
				"down": {"uv": [7.125, 1, 6.5, 1.375], "texture": "#0"}
			}
		},
		{
			"from": [7.625, 5, 7.68475],
			"to": [8.375, 5.75, 8.30975],
			"rotation": {"angle": 0, "axis": "y", "origin": [0.625, 0, -0.25025]},
			"faces": {
				"north": {"uv": [1, 7.5, 1.375, 7.875], "texture": "#0"},
				"east": {"uv": [3, 7.5, 3.375, 7.875], "texture": "#0"},
				"south": {"uv": [8, 0, 8.375, 0.375], "texture": "#0"},
				"west": {"uv": [8, 0.5, 8.375, 0.875], "texture": "#0"},
				"up": {"uv": [1.375, 8.375, 1, 8], "texture": "#0"},
				"down": {"uv": [1.875, 8, 1.5, 8.375], "texture": "#0"}
			}
		},
		{
			"from": [7.875, 5.75, 7.68475],
			"to": [8.125, 7, 8.30975],
			"rotation": {"angle": 0, "axis": "y", "origin": [0.625, 0, -0.25025]},
			"faces": {
				"north": {"uv": [9.5, 8.5, 9.625, 9.125], "texture": "#0"},
				"east": {"uv": [5.5, 6, 5.875, 6.625], "texture": "#0"},
				"south": {"uv": [9, 9.5, 9.125, 10.125], "texture": "#0"},
				"west": {"uv": [6, 5.5, 6.375, 6.125], "texture": "#0"},
				"up": {"uv": [10.625, 9.375, 10.5, 9], "texture": "#0"},
				"down": {"uv": [9.625, 10.5, 9.5, 10.875], "texture": "#0"}
			}
		},
		{
			"from": [7.375, 4.5, 7.93275],
			"to": [8.625, 16.5, 8.05775],
			"rotation": {"angle": 0, "axis": "y", "origin": [0.625, 0, -0.25025]},
			"faces": {
				"north": {"uv": [0, 0, 0.625, 6], "texture": "#0"},
				"east": {"uv": [3.5, 0, 3.625, 6], "texture": "#0"},
				"south": {"uv": [1, 0, 1.625, 6], "texture": "#0"},
				"west": {"uv": [4, 0, 4.125, 6], "texture": "#0"},
				"up": {"uv": [10.125, 9.625, 9.5, 9.5], "texture": "#0"},
				"down": {"uv": [10.625, 0, 10, 0.125], "texture": "#0"}
			}
		},
		{
			"from": [8.125, 2.1, 7.9875],
			"to": [12.375, 6.85, 8.0125],
			"rotation": {"angle": 0, "axis": "z", "origin": [10.625, 5.1, 7.9875]},
			"faces": {
				"north": {"uv": [16, 0, 12.75, 3.375], "texture": "#0"},
				"east": {"uv": [12.5, 8.75, 12.5, 8.75], "texture": "#0"},
				"south": {"uv": [12.75, 0, 16, 3.375], "texture": "#0"},
				"west": {"uv": [12, 8.75, 12, 8.75], "texture": "#0"},
				"up": {"uv": [13.125, 13.25, 13.125, 13.25], "texture": "#0"},
				"down": {"uv": [12.625, 12.5, 12.625, 12.5], "texture": "#0"}
			}
		},
		{
			"from": [3.625, 2.1, 7.9875],
			"to": [7.875, 6.85, 8.0125],
			"rotation": {"angle": 0, "axis": "z", "origin": [5.375, 5.1, 7.9875]},
			"faces": {
				"north": {"uv": [12.75, 0, 16, 3.375], "texture": "#0"},
				"east": {"uv": [11.875, 8.75, 11.875, 8.75], "texture": "#0"},
				"south": {"uv": [16, 0, 12.75, 3.375], "texture": "#0"},
				"west": {"uv": [12.375, 8.75, 12.375, 8.75], "texture": "#0"},
				"up": {"uv": [10.125, 9.625, 10.125, 9.625], "texture": "#0"},
				"down": {"uv": [10.625, 0, 10.625, 0], "texture": "#0"}
			}
		},
		{
			"from": [5, 3.85, 8],
			"to": [11, 17.85, 8],
			"rotation": {"angle": 0, "axis": "z", "origin": [7.5, 6.85, 8]},
			"faces": {
				"north": {"uv": [12.625, 3.5, 15.625, 10.5], "texture": "#0"},
				"east": {"uv": [3.5, 0, 3.625, 6], "texture": "#1"},
				"south": {"uv": [15.625, 3.5, 12.625, 10.5], "texture": "#0"},
				"west": {"uv": [4, 0, 4.125, 6], "texture": "#1"},
				"up": {"uv": [10.125, 9.625, 9.5, 9.5], "texture": "#1"},
				"down": {"uv": [10.625, 0, 10, 0.125], "texture": "#1"}
			}
		},
		{
			"from": [7.625, 16.5, 7.93275],
			"to": [8.375, 17, 8.05775],
			"rotation": {"angle": 0, "axis": "y", "origin": [0.625, 0, -0.25025]},
			"faces": {
				"north": {"uv": [2, 9, 2.375, 9.25], "texture": "#0"},
				"east": {"uv": [2, 11, 2.125, 11.25], "texture": "#0"},
				"south": {"uv": [9, 2, 9.375, 2.25], "texture": "#0"},
				"west": {"uv": [11, 2, 11.125, 2.25], "texture": "#0"},
				"up": {"uv": [10.875, 9.625, 10.5, 9.5], "texture": "#0"},
				"down": {"uv": [10.375, 10.5, 10, 10.625], "texture": "#0"}
			}
		},
		{
			"from": [7.875, 17, 7.93275],
			"to": [8.125, 17.5, 8.05775],
			"rotation": {"angle": 0, "axis": "y", "origin": [0.625, 0, -0.25025]},
			"faces": {
				"north": {"uv": [2.5, 11, 2.625, 11.25], "texture": "#0"},
				"east": {"uv": [11, 2.5, 11.125, 2.75], "texture": "#0"},
				"south": {"uv": [3, 11, 3.125, 11.25], "texture": "#0"},
				"west": {"uv": [11, 3, 11.125, 3.25], "texture": "#0"},
				"up": {"uv": [8.125, 12.125, 8, 12], "texture": "#0"},
				"down": {"uv": [12.125, 8, 12, 8.125], "texture": "#0"}
			}
		},
		{
			"from": [7.625, 5.75, 7.87275],
			"to": [8.375, 16.5, 8.12275],
			"rotation": {"angle": 0, "axis": "y", "origin": [0.625, 0, -0.25025]},
			"faces": {
				"north": {"uv": [2, 0, 2.375, 5.375], "texture": "#0"},
				"east": {"uv": [4.5, 0, 4.625, 5.375], "texture": "#0"},
				"south": {"uv": [2.5, 0, 2.875, 5.375], "texture": "#0"},
				"west": {"uv": [5, 0, 5.125, 5.375], "texture": "#0"},
				"up": {"uv": [10.875, 10.125, 10.5, 10], "texture": "#0"},
				"down": {"uv": [10.875, 10.5, 10.5, 10.625], "texture": "#0"}
			}
		},
		{
			"from": [7.875, 16.5, 7.87275],
			"to": [8.125, 17, 8.12275],
			"rotation": {"angle": 0, "axis": "y", "origin": [0.625, 0, -0.25025]},
			"faces": {
				"north": {"uv": [3.5, 11, 3.625, 11.25], "texture": "#0"},
				"east": {"uv": [11, 3.5, 11.125, 3.75], "texture": "#0"},
				"south": {"uv": [4, 11, 4.125, 11.25], "texture": "#0"},
				"west": {"uv": [11, 4, 11.125, 4.25], "texture": "#0"},
				"up": {"uv": [8.625, 12.125, 8.5, 12], "texture": "#0"},
				"down": {"uv": [12.125, 8.5, 12, 8.625], "texture": "#0"}
			}
		}
	],
	"display": {
		"thirdperson_righthand": {
			"rotation": [0, 90, 0],
			"translation": [-0.5, 9, 1.25],
			"scale": [1.7, 1.7, 1.7]
		},
		"thirdperson_lefthand": {
			"rotation": [0, -90, 0],
			"translation": [0.25, 9.25, 0.25],
			"scale": [1.7, 1.7, 1.7]
		},
		"firstperson_righthand": {
			"rotation": [6, 95, 0],
			"translation": [0.5, 7.25, 0.5],
			"scale": [1.6, 1.6, 1.6]
		},
		"firstperson_lefthand": {
			"rotation": [6, -80, 0],
			"translation": [2, 7, 0],
			"scale": [1.6, 1.6, 1.6]
		},
		"ground": {
			"rotation": [0, 0, -45],
			"translation": [0, 13.1456, 0],
			"scale": [2.5, 2.5, 2.5]
		},
		"gui": {
			"rotation": [0, 0, -45],
			"translation": [1.75, 0.75, 0],
			"scale": [1.6, 1.6, 1.6]
		},
		"head": {
			"rotation": [-180, -88, 45],
			"translation": [7.5, -27.25, 2],
			"scale": [2.18, 2.18, 2.18]
		},
		"fixed": {
			"rotation": [0, 0, 45],
			"translation": [0.25, 3, -2],
			"scale": [3.7, 3.7, 3.7]
		}
	},
	"groups": [
		{
			"name": "hilt",
			"origin": [8, 8, 8],
			"color": 0,
			"children": [0, 1, 2, 3, 4, 5, 6, 7, 8, 9]
		},
		{
			"name": "blade",
			"origin": [8, 8, 8],
			"color": 0,
			"children": [10, 11, 12, 13, 14, 15, 16, 17]
		}
	]
}