{
	"credit": "Made with Blockbench",
	"texture_size": [32, 32],
	"textures": {
		"0": "item/allay"
	},
	"elements": [
		{
			"name": "body",
			"from": [5.9, 5.8, 6.32],
			"to": [10.1, 7.48, 10.52],
			"rotation": {"angle": 0, "axis": "y", "origin": [8, 3.36, 8.42]},
			"faces": {
				"north": {"uv": [1.5, 6, 4, 7], "texture": "#0"},
				"east": {"uv": [1.5, 6, 4, 7], "texture": "#0"},
				"south": {"uv": [1.5, 6, 4, 7], "texture": "#0"},
				"west": {"uv": [1.5, 6, 4, 7], "texture": "#0"},
				"up": {"uv": [4.5, 6, 7, 8.5], "texture": "#0"},
				"down": {"uv": [6.5, 10.5, 9, 11.5], "texture": "#0"}
			}
		},
		{
			"name": "body",
			"from": [5.9, 3.3, 6.32],
			"to": [10.1, 5.82, 10.52],
			"rotation": {"angle": 0, "axis": "y", "origin": [8, 3.36, 8.42]},
			"faces": {
				"north": {"uv": [1.5, 7.5, 4, 9], "texture": "#0"},
				"east": {"uv": [1.5, 7.5, 4, 9], "texture": "#0"},
				"south": {"uv": [1.5, 7.5, 4, 9], "texture": "#0"},
				"west": {"uv": [1.5, 7.5, 4, 9], "texture": "#0"},
				"up": {"uv": [12.5, 12, 13, 9.5], "texture": "#0"},
				"down": {"uv": [4.5, 6, 7, 8.5], "texture": "#0"}
			}
		},
		{
			"name": "body",
			"from": [5.9, 1.7, 6.32],
			"to": [10.1, 3.3, 10.52],
			"rotation": {"angle": 0, "axis": "y", "origin": [8, 2.48, 8.42]},
			"faces": {
				"north": {"uv": [1.5, 9.5, 4, 10.5], "texture": "#0"},
				"east": {"uv": [1.5, 9.5, 4, 10.5], "texture": "#0"},
				"south": {"uv": [1.5, 9.5, 4, 10.5], "texture": "#0"},
				"west": {"uv": [1.5, 9.5, 4, 10.5], "texture": "#0"},
				"up": {"uv": [11.5, 14, 12, 9.5], "texture": "#0"},
				"down": {"uv": [14.5, 13.5, 15, 14], "texture": "#0"}
			}
		},
		{
			"name": "bone",
			"from": [-0.21163, 3.5, 11.14594],
			"to": [7.78837, 7.5, 11.14594],
			"faces": {
				"north": {"uv": [13, 8.5, 9, 10.5], "texture": "#0"},
				"east": {"uv": [0, 0, 0, 0.5], "texture": "#0"},
				"south": {"uv": [13, 6, 9, 8], "texture": "#0"},
				"west": {"uv": [0, 0, 0, 0.5], "texture": "#0"},
				"up": {"uv": [3.5, 0, 0, 0], "texture": "#0"},
				"down": {"uv": [3.5, 1, 0, 0], "texture": "#0"}
			}
		},
		{
			"name": "bone2",
			"from": [8.31982, 3.5, 10.90569],
			"to": [16.31982, 7.5, 10.90569],
			"faces": {
				"north": {"uv": [9, 8.5, 13, 10.5], "texture": "#0"},
				"east": {"uv": [0, 0, 0, 0.5], "texture": "#0"},
				"south": {"uv": [9, 6, 13, 8], "texture": "#0"},
				"west": {"uv": [0, 0, 0, 0.5], "texture": "#0"},
				"up": {"uv": [0, 0, 3.5, 0], "texture": "#0"},
				"down": {"uv": [0, 1, 3.5, 0], "texture": "#0"}
			}
		},
		{
			"name": "bone3",
			"from": [9.61, 5.11, 7.58],
			"to": [15.31, 6.99, 9.46],
			"rotation": {"angle": 22.5, "axis": "z", "origin": [10.96, 5.05, 8.52]},
			"faces": {
				"north": {"uv": [12, 4.5, 15, 5.5], "rotation": 90, "texture": "#0"},
				"east": {"uv": [12, 4.5, 13, 5.5], "rotation": 270, "texture": "#0"},
				"south": {"uv": [15, 5.5, 12, 4.5], "rotation": 270, "texture": "#0"},
				"west": {"uv": [12, 4.5, 13.5, 5.5], "rotation": 270, "texture": "#0"},
				"up": {"uv": [15, 4.5, 12, 5.5], "rotation": 270, "texture": "#0"},
				"down": {"uv": [12, 4.5, 15, 5.5], "rotation": 270, "texture": "#0"}
			}
		},
		{
			"name": "bone4",
			"from": [4, 2.7, 7.58],
			"to": [5.88, 7.4, 9.46],
			"rotation": {"angle": 0, "axis": "y", "origin": [7.67, 4.65, 8.52]},
			"faces": {
				"north": {"uv": [15, 4.5, 12, 5.5], "texture": "#0"},
				"east": {"uv": [12, 4.5, 14.5, 5.5], "texture": "#0"},
				"south": {"uv": [12, 5.5, 15, 4.5], "texture": "#0"},
				"west": {"uv": [12, 4.5, 15, 5.5], "texture": "#0"},
				"up": {"uv": [12, 4.5, 13, 5.5], "texture": "#0"},
				"down": {"uv": [12, 4.5, 13, 5.5], "texture": "#0"}
			}
		},
		{
			"name": "head_sub_0",
			"from": [3.5, 7.5, 3.5],
			"to": [12.5, 16.5, 12.5],
			"shade": false,
			"faces": {
				"north": {"uv": [5.5, 0, 0, 5.5], "texture": "#0"},
				"east": {"uv": [11.5, 0, 6, 5.5], "texture": "#0"},
				"south": {"uv": [11.5, 0, 6, 5.5], "texture": "#0"},
				"west": {"uv": [11.5, 0, 6, 5.5], "texture": "#0"},
				"up": {"uv": [5.5, 10.5, 0, 16], "texture": "#0"},
				"down": {"uv": [11.5, 10.5, 6, 16], "texture": "#0"}
			}
		}
	],
	"display": {
		"thirdperson_righthand": {
			"scale": [0.5, 0.5, 0.5]
		},
		"thirdperson_lefthand": {
			"scale": [0.5, 0.5, 0.5]
		},
		"firstperson_righthand": {
			"scale": [0.5, 0.5, 0.51]
		},
		"firstperson_lefthand": {
			"scale": [0.5, 0.5, 0.5]
		},
		"ground": {
			"scale": [0.5, 0.5, 0.5]
		},
		"gui": {
			"rotation": [7, -168, 0],
			"translation": [0, -1, 0],
			"scale": [0.8, 0.8, 0.8]
		},
		"head": {
			"rotation": [0, -15, -2],
			"translation": [-15.5, 6, 1]
		},
		"fixed": {
			"translation": [0, 0, -3.5]
		}
	},
	"groups": [
		{
			"name": "body",
			"origin": [0, 4, 1],
			"color": 0,
			"children": [
				0,
				1,
				2,
				{
					"name": "bone",
					"origin": [0, 6, 3],
					"color": 0,
					"children": [3]
				},
				{
					"name": "bone2",
					"origin": [0, 6, 3],
					"color": 0,
					"children": [4]
				},
				{
					"name": "bone3",
					"origin": [2.5, 7, 1],
					"color": 0,
					"children": [5]
				},
				{
					"name": "bone4",
					"origin": [-2.5, 7, 1],
					"color": 0,
					"children": [6]
				},
				{
					"name": "head_sub_0",
					"origin": [0, 7.5, 0],
					"color": 0,
					"shade": false,
					"children": [7]
				}
			]
		}
	]
}