{
	"credit": "Made with Blockbench",
	"texture_size": [64, 64],
	"textures": {
		"0": "item/axolotl1",
		"particle": "item/axolotl1"
	},
	"elements": [
		{
			"name": "body",
			"from": [4, 0, 3],
			"to": [12, 4, 13],
			"faces": {
				"north": {"uv": [2.5, 5.25, 4.5, 6.25], "texture": "#0"},
				"east": {"uv": [0, 5.25, 2.5, 6.25], "texture": "#0"},
				"south": {"uv": [7, 5.25, 9, 6.25], "texture": "#0"},
				"west": {"uv": [4.5, 5.25, 7, 6.25], "texture": "#0"},
				"up": {"uv": [4.5, 5.25, 2.5, 2.75], "texture": "#0"},
				"down": {"uv": [6.5, 2.75, 4.5, 5.25], "texture": "#0"}
			}
		},
		{
			"name": "body",
			"from": [8, 0, 3],
			"to": [8, 5, 12],
			"faces": {
				"north": {"uv": [2.75, 6.5, 2.75, 7.75], "texture": "#0"},
				"east": {"uv": [0.5, 6.5, 2.75, 7.75], "texture": "#0"},
				"south": {"uv": [5, 6.5, 5, 7.75], "texture": "#0"},
				"west": {"uv": [2.75, 6.5, 5, 7.75], "texture": "#0"},
				"up": {"uv": [2.75, 6.5, 2.75, 4.25], "texture": "#0"},
				"down": {"uv": [2.75, 4.25, 2.75, 6.5], "texture": "#0"}
			}
		},
		{
			"name": "right_arm",
			"from": [11, -4, 4],
			"to": [14, 1, 4],
			"faces": {
				"north": {"uv": [0.5, 3.25, 1.25, 4.5], "texture": "#0"},
				"east": {"uv": [0.5, 3.25, 0.5, 4.5], "texture": "#0"},
				"south": {"uv": [1.25, 3.25, 2, 4.5], "texture": "#0"},
				"west": {"uv": [1.25, 3.25, 1.25, 4.5], "texture": "#0"},
				"up": {"uv": [1.25, 3.25, 0.5, 3.25], "texture": "#0"},
				"down": {"uv": [2, 3.25, 1.25, 3.25], "texture": "#0"}
			}
		},
		{
			"name": "right_leg",
			"from": [10, 0, 11.5],
			"to": [13, 0, 16.5],
			"rotation": {"angle": 0, "axis": "x", "origin": [11.5, -1.5, 12]},
			"faces": {
				"north": {"uv": [1.25, 3.25, 0.5, 3.25], "rotation": 180, "texture": "#0"},
				"east": {"uv": [0.5, 3.25, 0.5, 4.5], "rotation": 90, "texture": "#0"},
				"south": {"uv": [2, 3.25, 1.25, 3.25], "texture": "#0"},
				"west": {"uv": [1.25, 3.25, 1.25, 4.5], "rotation": 270, "texture": "#0"},
				"up": {"uv": [1.25, 3.25, 2, 4.5], "texture": "#0"},
				"down": {"uv": [0.5, 3.25, 1.25, 4.5], "rotation": 180, "texture": "#0"}
			}
		},
		{
			"name": "left_arm",
			"from": [2, -4, 4],
			"to": [5, 1, 4],
			"rotation": {"angle": 0, "axis": "z", "origin": [-4, 1, -4]},
			"faces": {
				"north": {"uv": [0.5, 3.25, 1.25, 4.5], "texture": "#0"},
				"east": {"uv": [0.5, 3.25, 0.5, 4.5], "texture": "#0"},
				"south": {"uv": [1.25, 3.25, 2, 4.5], "texture": "#0"},
				"west": {"uv": [1.25, 3.25, 1.25, 4.5], "texture": "#0"},
				"up": {"uv": [1.25, 3.25, 0.5, 3.25], "texture": "#0"},
				"down": {"uv": [2, 3.25, 1.25, 3.25], "texture": "#0"}
			}
		},
		{
			"name": "left_leg",
			"from": [3, 0, 11.5],
			"to": [6, 0, 16.5],
			"rotation": {"angle": 0, "axis": "x", "origin": [4.5, -1.5, 12]},
			"faces": {
				"north": {"uv": [1.25, 3.25, 0.5, 3.25], "rotation": 180, "texture": "#0"},
				"east": {"uv": [0.5, 3.25, 0.5, 4.5], "rotation": 90, "texture": "#0"},
				"south": {"uv": [2, 3.25, 1.25, 3.25], "texture": "#0"},
				"west": {"uv": [1.25, 3.25, 1.25, 4.5], "rotation": 270, "texture": "#0"},
				"up": {"uv": [1.25, 3.25, 2, 4.5], "texture": "#0"},
				"down": {"uv": [0.5, 3.25, 1.25, 4.5], "rotation": 180, "texture": "#0"}
			}
		},
		{
			"name": "tail",
			"from": [8, 0, 12],
			"to": [8, 5, 24],
			"faces": {
				"north": {"uv": [3.5, 7.75, 3.5, 9], "texture": "#0"},
				"east": {"uv": [0.5, 7.75, 3.5, 9], "texture": "#0"},
				"south": {"uv": [6.5, 7.75, 6.5, 9], "texture": "#0"},
				"west": {"uv": [0.5, 9, 3.5, 7.75], "rotation": 180, "texture": "#0"},
				"up": {"uv": [3.5, 7.75, 3.5, 4.75], "texture": "#0"},
				"down": {"uv": [3.5, 4.75, 3.5, 7.75], "texture": "#0"}
			}
		},
		{
			"name": "head",
			"from": [4, 0, -2],
			"to": [12, 5, 3],
			"rotation": {"angle": -22.5, "axis": "z", "origin": [8, 2.5, 0.5]},
			"faces": {
				"north": {"uv": [1.25, 1.5, 3.25, 2.75], "texture": "#0"},
				"east": {"uv": [0, 1.5, 1.25, 2.75], "texture": "#0"},
				"south": {"uv": [4.5, 1.5, 6.5, 2.75], "texture": "#0"},
				"west": {"uv": [3.25, 1.5, 4.5, 2.75], "texture": "#0"},
				"up": {"uv": [3.25, 1.5, 1.25, 0.25], "texture": "#0"},
				"down": {"uv": [5.25, 0.25, 3.25, 1.5], "texture": "#0"}
			}
		},
		{
			"name": "left_gills",
			"from": [2, 0, 2],
			"to": [5, 7, 2],
			"rotation": {"angle": -22.5, "axis": "z", "origin": [8, 4.5, 2]},
			"faces": {
				"north": {"uv": [2.75, 10, 3.5, 11.75], "texture": "#0"},
				"east": {"uv": [2.75, 10, 2.75, 11.75], "texture": "#0"},
				"south": {"uv": [3.5, 10, 2.75, 11.75], "texture": "#0"},
				"west": {"uv": [3.5, 10, 3.5, 11.75], "texture": "#0"},
				"up": {"uv": [3.5, 10, 2.75, 10], "texture": "#0"},
				"down": {"uv": [4.25, 10, 3.5, 10], "texture": "#0"}
			}
		},
		{
			"name": "right_gills",
			"from": [12.78, 0, 2],
			"to": [15.78, 7, 2],
			"rotation": {"angle": -22.5, "axis": "z", "origin": [8, 4.5, 2]},
			"faces": {
				"north": {"uv": [0, 10, 0.75, 11.75], "texture": "#0"},
				"east": {"uv": [0, 10, 0, 11.75], "texture": "#0"},
				"south": {"uv": [0.75, 10, 0, 11.75], "texture": "#0"},
				"west": {"uv": [0.75, 10, 0.75, 11.75], "texture": "#0"},
				"up": {"uv": [0.75, 10, 0, 10], "texture": "#0"},
				"down": {"uv": [1.5, 10, 0.75, 10], "texture": "#0"}
			}
		},
		{
			"name": "top_gills",
			"from": [4, 5, 2],
			"to": [12, 8, 2],
			"rotation": {"angle": -22.5, "axis": "z", "origin": [8, 4.5, 2]},
			"faces": {
				"north": {"uv": [0.75, 9.25, 2.75, 10], "texture": "#0"},
				"east": {"uv": [0.75, 9.25, 0.75, 10], "texture": "#0"},
				"south": {"uv": [0.75, 9.25, 2.75, 10], "texture": "#0"},
				"west": {"uv": [2.75, 9.25, 2.75, 10], "texture": "#0"},
				"up": {"uv": [2.75, 9.25, 0.75, 9.25], "texture": "#0"},
				"down": {"uv": [4.75, 9.25, 2.75, 9.25], "texture": "#0"}
			}
		}
	],
	"display": {
		"thirdperson_righthand": {
			"scale": [0.28, 0.28, 0.28]
		},
		"thirdperson_lefthand": {
			"scale": [0.28, 0.28, 0.28]
		},
		"ground": {
			"rotation": [8, 0, 0],
			"translation": [0, -0.5, 0],
			"scale": [0.64, 0.64, 0.64]
		},
		"gui": {
			"rotation": [0, -180, 0],
			"translation": [0.5, 5.5, 0]
		},
		"head": {
			"translation": [0.5, 14.5, -2.5]
		},
		"fixed": {
			"translation": [0, 4.5, 0]
		}
	},
	"groups": [
		{
			"name": "root",
			"origin": [0, -4, 0],
			"color": 0,
			"children": [
				{
					"name": "body",
					"origin": [0, 3, 4],
					"color": 1,
					"children": [
						0,
						1,
						{
							"name": "right_arm",
							"origin": [4, 1, -4],
							"color": 2,
							"children": [2]
						},
						{
							"name": "right_leg",
							"origin": [4, 1, 4],
							"color": 3,
							"children": [3]
						},
						{
							"name": "left_arm",
							"origin": [-4, 1, -4],
							"color": 4,
							"children": [4]
						},
						{
							"name": "left_leg",
							"origin": [-4, 1, 4],
							"color": 5,
							"children": [5]
						},
						{
							"name": "tail",
							"origin": [0, 2, 4],
							"color": 6,
							"children": [6]
						},
						{
							"name": "head",
							"origin": [0, 2, -5],
							"color": 7,
							"reset": true,
							"children": [
								7,
								{
									"name": "left_gills",
									"origin": [-4, 2, -6],
									"color": 0,
									"children": [8]
								},
								{
									"name": "right_gills",
									"origin": [4, 2, -6],
									"color": 1,
									"children": [9]
								},
								{
									"name": "top_gills",
									"origin": [0, 5, -6],
									"color": 2,
									"children": [10]
								}
							]
						}
					]
				}
			]
		}
	]
}