{
	"credit": "Made with Blockbench",
	"textures": {
		"0": "item/cool_glasses",
		"particle": "item/cool_glasses"
	},
	"elements": [
		{
			"name": "top",
			"from": [-5, 6, 0],
			"to": [22, 7, 1],
			"faces": {
				"north": {"uv": [8.608, 6.272, 9.472, 6.944], "texture": "#0"},
				"east": {"uv": [9, 7, 10, 8], "texture": "#0"},
				"south": {"uv": [0, 6, 16, 7], "texture": "#0"},
				"west": {"uv": [11, 7, 12, 8], "texture": "#0"},
				"up": {"uv": [0, 6, 16, 7], "texture": "#0"},
				"down": {"uv": [0, 6, 16, 7], "texture": "#0"}
			}
		},
		{
			"name": "4",
			"from": [11, 2, 0],
			"to": [19, 3, 1],
			"faces": {
				"north": {"uv": [3, 10, 10, 11], "texture": "#0"},
				"east": {"uv": [10.016, 6.688, 15.072, 7.584], "texture": "#0"},
				"south": {"uv": [6, 7, 12, 8], "texture": "#0"},
				"west": {"uv": [13.664, 6.464, 15.072, 7.552], "texture": "#0"},
				"up": {"uv": [8, 6, 14, 7], "texture": "#0"},
				"down": {"uv": [8, 7, 14, 8], "texture": "#0"}
			}
		},
		{
			"name": "3",
			"from": [11, 3, 0],
			"to": [20, 4, 1],
			"faces": {
				"north": {"uv": [2, 9, 11, 10], "texture": "#0"},
				"east": {"uv": [10.016, 6.688, 15.072, 7.584], "texture": "#0"},
				"south": {"uv": [6, 7, 14, 8], "texture": "#0"},
				"west": {"uv": [13.664, 6.464, 15.072, 7.552], "texture": "#0"},
				"up": {"uv": [8, 6, 16, 7], "texture": "#0"},
				"down": {"uv": [8, 7, 16, 8], "texture": "#0"}
			}
		},
		{
			"name": "1",
			"from": [9, 5, 0],
			"to": [22, 6, 1],
			"faces": {
				"north": {"uv": [0, 7, 13, 8], "texture": "#0"},
				"east": {"uv": [10.016, 6.688, 15.072, 7.584], "texture": "#0"},
				"south": {"uv": [5, 7, 16, 8], "texture": "#0"},
				"west": {"uv": [13.664, 6.464, 15.072, 7.552], "texture": "#0"},
				"up": {"uv": [8, 6, 20, 7], "texture": "#0"},
				"down": {"uv": [8, 7, 20, 8], "texture": "#0"}
			}
		},
		{
			"name": "2",
			"from": [10, 4, 0],
			"to": [21, 5, 1],
			"faces": {
				"north": {"uv": [1, 8, 12, 9], "texture": "#0"},
				"east": {"uv": [10.016, 6.688, 15.072, 7.584], "texture": "#0"},
				"south": {"uv": [6, 7, 16, 8], "texture": "#0"},
				"west": {"uv": [13.664, 6.464, 15.072, 7.552], "texture": "#0"},
				"up": {"uv": [8, 6, 18, 7], "texture": "#0"},
				"down": {"uv": [8, 7, 18, 8], "texture": "#0"}
			}
		},
		{
			"from": [20, 6, 1],
			"to": [22, 7, 11],
			"faces": {
				"north": {"uv": [0, 7, 9, 9], "texture": "#0"},
				"east": {"uv": [10.016, 6.688, 15.072, 7.584], "texture": "#0"},
				"south": {"uv": [6, 7, 8, 8], "texture": "#0"},
				"west": {"uv": [8, 6, 15, 7], "texture": "#0"},
				"up": {"uv": [9, 6, 10, 8], "texture": "#0"},
				"down": {"uv": [9, 6, 10, 7], "texture": "#0"}
			}
		},
		{
			"name": "3",
			"from": [-3, 3, 0],
			"to": [6, 4, 1],
			"faces": {
				"north": {"uv": [2, 9, 11, 10], "texture": "#0"},
				"east": {"uv": [12, 6, 13, 7], "texture": "#0"},
				"south": {"uv": [5, 7, 13, 8], "texture": "#0"},
				"west": {"uv": [13.664, 6.464, 15.072, 7.552], "texture": "#0"},
				"up": {"uv": [0, 0, 8, 1], "texture": "#0"},
				"down": {"uv": [6, 6, 14, 7], "texture": "#0"}
			}
		},
		{
			"name": "4",
			"from": [-2, 2, 0],
			"to": [6, 3, 1],
			"faces": {
				"north": {"uv": [3, 10, 10, 11], "texture": "#0"},
				"east": {"uv": [12, 6, 13, 7], "texture": "#0"},
				"south": {"uv": [5, 7, 11, 8], "texture": "#0"},
				"west": {"uv": [13.664, 6.464, 15.072, 7.552], "texture": "#0"},
				"up": {"uv": [0, 0, 6, 1], "texture": "#0"},
				"down": {"uv": [6, 6, 12, 7], "texture": "#0"}
			}
		},
		{
			"name": "1",
			"from": [-5, 5, 0],
			"to": [8, 6, 1],
			"faces": {
				"north": {"uv": [0, 7, 13, 8], "texture": "#0"},
				"east": {"uv": [12, 6, 13, 7], "texture": "#0"},
				"south": {"uv": [5, 7, 16, 8], "texture": "#0"},
				"west": {"uv": [13.664, 6.464, 15.072, 7.552], "texture": "#0"},
				"up": {"uv": [0, 0, 12, 1], "texture": "#0"},
				"down": {"uv": [6, 6, 18, 7], "texture": "#0"}
			}
		},
		{
			"name": "2",
			"from": [-4, 4, 0],
			"to": [7, 5, 1],
			"faces": {
				"north": {"uv": [1, 8, 12, 9], "texture": "#0"},
				"east": {"uv": [12, 6, 13, 7], "texture": "#0"},
				"south": {"uv": [5, 7, 15, 8], "texture": "#0"},
				"west": {"uv": [13.664, 6.464, 15.072, 7.552], "texture": "#0"},
				"up": {"uv": [0, 0, 10, 1], "texture": "#0"},
				"down": {"uv": [6, 6, 16, 7], "texture": "#0"}
			}
		},
		{
			"from": [-5, 6, 1],
			"to": [-3, 7, 11],
			"faces": {
				"north": {"uv": [1, 7, 12, 8], "texture": "#0"},
				"east": {"uv": [6, 6, 16, 7], "texture": "#0"},
				"south": {"uv": [5, 7, 7, 8], "texture": "#0"},
				"west": {"uv": [13.664, 6.464, 15.072, 7.552], "texture": "#0"},
				"up": {"uv": [8, 6, 10, 8], "texture": "#0"},
				"down": {"uv": [6, 6, 8, 8], "texture": "#0"}
			}
		},
		{
			"from": [8, 5, 0],
			"to": [9, 6, 1],
			"faces": {
				"north": {"uv": [8, 7, 9, 8], "texture": "#0"},
				"east": {"uv": [0, 0, 1, 1], "texture": "#0"},
				"south": {"uv": [9, 8, 10, 9], "texture": "#0"},
				"west": {"uv": [0, 0, 1, 1], "texture": "#0"},
				"up": {"uv": [0, 0, 1, 1], "texture": "#0"},
				"down": {"uv": [8, 7, 9, 8], "texture": "#0"}
			}
		},
		{
			"from": [6, 3, 0],
			"to": [7, 4, 1],
			"faces": {
				"north": {"uv": [8, 7, 9, 8], "texture": "#0"},
				"east": {"uv": [0, 0, 1, 1], "texture": "#0"},
				"south": {"uv": [9, 8, 10, 9], "texture": "#0"},
				"west": {"uv": [0, 0, 1, 1], "texture": "#0"},
				"up": {"uv": [0, 0, 1, 1], "texture": "#0"},
				"down": {"uv": [8, 7, 9, 8], "texture": "#0"}
			}
		},
		{
			"from": [9, 4, 0],
			"to": [10, 5, 1],
			"faces": {
				"north": {"uv": [8, 7, 9, 8], "texture": "#0"},
				"east": {"uv": [0, 0, 1, 1], "texture": "#0"},
				"south": {"uv": [9, 8, 10, 9], "texture": "#0"},
				"west": {"uv": [0, 0, 1, 1], "texture": "#0"},
				"up": {"uv": [0, 0, 1, 1], "texture": "#0"},
				"down": {"uv": [8, 7, 9, 8], "texture": "#0"}
			}
		},
		{
			"from": [7, 4, 0],
			"to": [8, 5, 1],
			"faces": {
				"north": {"uv": [8, 7, 9, 8], "texture": "#0"},
				"east": {"uv": [0, 0, 1, 1], "texture": "#0"},
				"south": {"uv": [9, 8, 10, 9], "texture": "#0"},
				"west": {"uv": [0, 0, 1, 1], "texture": "#0"},
				"up": {"uv": [0, 0, 1, 1], "texture": "#0"},
				"down": {"uv": [8, 7, 9, 8], "texture": "#0"}
			}
		},
		{
			"from": [10, 3, 0],
			"to": [11, 4, 1],
			"faces": {
				"north": {"uv": [8, 7, 9, 8], "texture": "#0"},
				"east": {"uv": [0, 0, 1, 1], "texture": "#0"},
				"south": {"uv": [9, 8, 10, 9], "texture": "#0"},
				"west": {"uv": [0, 0, 1, 1], "texture": "#0"},
				"up": {"uv": [0, 0, 1, 1], "texture": "#0"},
				"down": {"uv": [8, 7, 9, 8], "texture": "#0"}
			}
		}
	],
	"display": {
		"thirdperson_righthand": {
			"translation": [0, -1.25, 1.25],
			"scale": [0.2, 0.2, 0.2]
		},
		"thirdperson_lefthand": {
			"translation": [0, -1.25, 1.25],
			"scale": [0.2, 0.2, 0.2]
		},
		"firstperson_righthand": {
			"scale": [0.4, 0.4, 0.4]
		},
		"firstperson_lefthand": {
			"scale": [0.4, 1.4, 0.4]
		},
		"ground": {
			"scale": [0.4, 0.4, 0.4]
		},
		"gui": {
			"rotation": [12, 129, -3],
			"translation": [0.75, 1, 0],
			"scale": [0.72, 0.61, 0.36]
		},
		"head": {
			"translation": [-0.25, 0.75, 0.75],
			"scale": [0.58, 0.67, 1]
		},
		"fixed": {
			"translation": [-0.75, 1, 2],
			"scale": [0.54, 0.52, 0.74]
		}
	},
	"groups": [
		0,
		{
			"name": "123 1",
			"origin": [0, 0, 0],
			"color": 0,
			"children": [1, 2, 3, 4, 5]
		},
		{
			"name": "123 2",
			"origin": [0, 0, 0],
			"color": 0,
			"children": [6, 7, 8, 9, 10]
		},
		11,
		12,
		13,
		14,
		15
	]
}