{
	"credit": "Made with Blockbench",
	"texture_size": [56, 28],
	"textures": {
		"0": "item/glow_squid"
	},
	"elements": [
		{
			"name": "body",
			"from": [2, 16, 4],
			"to": [14, 32, 16],
			"faces": {
				"north": {"uv": [3.42857, 6.85714, 6.85714, 16], "texture": "#0"},
				"east": {"uv": [0, 6.85714, 3.42857, 16], "texture": "#0"},
				"south": {"uv": [10.28571, 6.85714, 13.71429, 16], "texture": "#0"},
				"west": {"uv": [6.85714, 6.85714, 10.28571, 16], "texture": "#0"},
				"up": {"uv": [6.85714, 6.85714, 3.42857, 0], "texture": "#0"},
				"down": {"uv": [10.28571, 0, 6.85714, 6.85714], "texture": "#0"}
			}
		},
		{
			"name": "tentacle1",
			"from": [11.9, 0, 9],
			"to": [13.9, 18, 11],
			"faces": {
				"north": {"uv": [14.28571, 1.14286, 14.85714, 11.42857], "texture": "#0"},
				"east": {"uv": [13.71429, 1.14286, 14.28571, 11.42857], "texture": "#0"},
				"south": {"uv": [15.42857, 1.14286, 16, 11.42857], "texture": "#0"},
				"west": {"uv": [14.85714, 1.14286, 15.42857, 11.42857], "texture": "#0"},
				"up": {"uv": [14.85714, 1.14286, 14.28571, 0], "texture": "#0"},
				"down": {"uv": [15.42857, 0, 14.85714, 1.14286], "texture": "#0"}
			}
		},
		{
			"name": "tentacle2_rotation",
			"from": [10.5, 0, 5.5],
			"to": [12.5, 18, 7.5],
			"faces": {
				"north": {"uv": [14.28571, 1.14286, 14.85714, 11.42857], "texture": "#0"},
				"east": {"uv": [13.71429, 1.14286, 14.28571, 11.42857], "texture": "#0"},
				"south": {"uv": [15.42857, 1.14286, 16, 11.42857], "texture": "#0"},
				"west": {"uv": [14.85714, 1.14286, 15.42857, 11.42857], "texture": "#0"},
				"up": {"uv": [14.85714, 1.14286, 14.28571, 0], "texture": "#0"},
				"down": {"uv": [15.42857, 0, 14.85714, 1.14286], "texture": "#0"}
			}
		},
		{
			"name": "tentacle3",
			"from": [7, 0, 4.1],
			"to": [9, 18, 6.1],
			"faces": {
				"north": {"uv": [14.28571, 1.14286, 14.85714, 11.42857], "texture": "#0"},
				"east": {"uv": [13.71429, 1.14286, 14.28571, 11.42857], "texture": "#0"},
				"south": {"uv": [15.42857, 1.14286, 16, 11.42857], "texture": "#0"},
				"west": {"uv": [14.85714, 1.14286, 15.42857, 11.42857], "texture": "#0"},
				"up": {"uv": [14.85714, 1.14286, 14.28571, 0], "texture": "#0"},
				"down": {"uv": [15.42857, 0, 14.85714, 1.14286], "texture": "#0"}
			}
		},
		{
			"name": "tentacle4_rotation",
			"from": [3.5, 0, 5.5],
			"to": [5.5, 18, 7.5],
			"faces": {
				"north": {"uv": [14.28571, 1.14286, 14.85714, 11.42857], "texture": "#0"},
				"east": {"uv": [13.71429, 1.14286, 14.28571, 11.42857], "texture": "#0"},
				"south": {"uv": [15.42857, 1.14286, 16, 11.42857], "texture": "#0"},
				"west": {"uv": [14.85714, 1.14286, 15.42857, 11.42857], "texture": "#0"},
				"up": {"uv": [14.85714, 1.14286, 14.28571, 0], "texture": "#0"},
				"down": {"uv": [15.42857, 0, 14.85714, 1.14286], "texture": "#0"}
			}
		},
		{
			"name": "tentacle5",
			"from": [2.1, 0, 9],
			"to": [4.1, 18, 11],
			"faces": {
				"north": {"uv": [14.28571, 1.14286, 14.85714, 11.42857], "texture": "#0"},
				"east": {"uv": [13.71429, 1.14286, 14.28571, 11.42857], "texture": "#0"},
				"south": {"uv": [15.42857, 1.14286, 16, 11.42857], "texture": "#0"},
				"west": {"uv": [14.85714, 1.14286, 15.42857, 11.42857], "texture": "#0"},
				"up": {"uv": [14.85714, 1.14286, 14.28571, 0], "texture": "#0"},
				"down": {"uv": [15.42857, 0, 14.85714, 1.14286], "texture": "#0"}
			}
		},
		{
			"name": "tentacle6_rotation",
			"from": [3.5, 0, 12.5],
			"to": [5.5, 18, 14.5],
			"faces": {
				"north": {"uv": [14.28571, 1.14286, 14.85714, 11.42857], "texture": "#0"},
				"east": {"uv": [13.71429, 1.14286, 14.28571, 11.42857], "texture": "#0"},
				"south": {"uv": [15.42857, 1.14286, 16, 11.42857], "texture": "#0"},
				"west": {"uv": [14.85714, 1.14286, 15.42857, 11.42857], "texture": "#0"},
				"up": {"uv": [14.85714, 1.14286, 14.28571, 0], "texture": "#0"},
				"down": {"uv": [15.42857, 0, 14.85714, 1.14286], "texture": "#0"}
			}
		},
		{
			"name": "tentacle7_rotation",
			"from": [7, 0, 13.9],
			"to": [9, 18, 15.9],
			"faces": {
				"north": {"uv": [14.28571, 1.14286, 14.85714, 11.42857], "texture": "#0"},
				"east": {"uv": [13.71429, 1.14286, 14.28571, 11.42857], "texture": "#0"},
				"south": {"uv": [15.42857, 1.14286, 16, 11.42857], "texture": "#0"},
				"west": {"uv": [14.85714, 1.14286, 15.42857, 11.42857], "texture": "#0"},
				"up": {"uv": [14.85714, 1.14286, 14.28571, 0], "texture": "#0"},
				"down": {"uv": [15.42857, 0, 14.85714, 1.14286], "texture": "#0"}
			}
		},
		{
			"name": "tentacle8_rotation",
			"from": [10.5, 0, 12.5],
			"to": [12.5, 18, 14.5],
			"faces": {
				"north": {"uv": [14.28571, 1.14286, 14.85714, 11.42857], "texture": "#0"},
				"east": {"uv": [13.71429, 1.14286, 14.28571, 11.42857], "texture": "#0"},
				"south": {"uv": [15.42857, 1.14286, 16, 11.42857], "texture": "#0"},
				"west": {"uv": [14.85714, 1.14286, 15.42857, 11.42857], "texture": "#0"},
				"up": {"uv": [14.85714, 1.14286, 14.28571, 0], "texture": "#0"},
				"down": {"uv": [15.42857, 0, 14.85714, 1.14286], "texture": "#0"}
			}
		}
	],
	"display": {
		"thirdperson_righthand": {
			"translation": [0, -5.75, 0],
			"scale": [0.41, 0.41, 0.41]
		},
		"thirdperson_lefthand": {
			"translation": [0, -5.75, 0],
			"scale": [0.41, 0.41, 0.41]
		},
		"firstperson_righthand": {
			"translation": [0, -2.25, 0],
			"scale": [0.5, 0.5, 0.5]
		},
		"firstperson_lefthand": {
			"translation": [0, -2.25, 0],
			"scale": [0.5, 0.5, 0.5]
		},
		"ground": {
			"scale": [0.63, 0.63, 0.63]
		},
		"gui": {
			"rotation": [16, -160, 0],
			"translation": [0, -3.75, 0],
			"scale": [0.44, 0.44, 0.44]
		},
		"head": {
			"translation": [0.25, -5.5, -3],
			"scale": [1.5, 1.5, 1.5]
		},
		"fixed": {
			"rotation": [0, 0, -17],
			"translation": [-1, -3.5, 0],
			"scale": [0.5, 0.5, 0.5]
		}
	},
	"groups": [
		{
			"name": "body",
			"origin": [0, 25, 0],
			"color": 0,
			"children": [0]
		},
		{
			"name": "tentacle1",
			"origin": [-5, 18, 0],
			"color": 0,
			"children": [1]
		},
		{
			"name": "tentacle2",
			"origin": [-3.5, 18, -3.5],
			"color": 0,
			"children": [
				{
					"name": "tentacle2_rotation",
					"origin": [3.5, 9, -3.5],
					"color": 0,
					"children": [2]
				}
			]
		},
		{
			"name": "tentacle3",
			"origin": [0, 18, -5],
			"color": 0,
			"children": [3]
		},
		{
			"name": "tentacle4",
			"origin": [3.5, 18, -3.5],
			"color": 0,
			"children": [
				{
					"name": "tentacle4_rotation",
					"origin": [-3.5, 9, -3.5],
					"color": 0,
					"children": [4]
				}
			]
		},
		{
			"name": "tentacle5",
			"origin": [-10, 18, -5],
			"color": 0,
			"children": [5]
		},
		{
			"name": "tentacle6",
			"origin": [3.5, 18, 3.5],
			"color": 0,
			"children": [
				{
					"name": "tentacle6_rotation",
					"origin": [-3.5, 9, 3.5],
					"color": 0,
					"children": [6]
				}
			]
		},
		{
			"name": "tentacle7",
			"origin": [0, 18, 1.65],
			"color": 0,
			"children": [
				{
					"name": "tentacle7_rotation",
					"origin": [0, 9, -1.7],
					"color": 0,
					"children": [7]
				}
			]
		},
		{
			"name": "tentacle8",
			"origin": [-3.5, 18, 3.5],
			"color": 0,
			"children": [
				{
					"name": "tentacle8_rotation",
					"origin": [3.5, 9, 3.5],
					"color": 0,
					"children": [8]
				}
			]
		}
	]
}