{
	"credit": "Made with Blockbench",
	"textures": {
		"0": "item/black",
		"1": "item/stil",
		"particle": "item/black"
	},
	"elements": [
		{
			"from": [7.64844, -14.70625, 7.15625],
			"to": [8.35156, -5.57812, 8.84375],
			"rotation": {"angle": 0, "axis": "y", "origin": [8, -15.5, 8]},
			"faces": {
				"north": {"uv": [0, 0, 1.25, 9.25], "texture": "#0"},
				"east": {"uv": [0, 0, 3, 9.25], "texture": "#0"},
				"south": {"uv": [0, 0, 1.25, 9.25], "texture": "#0"},
				"west": {"uv": [0, 0, 3, 9.25], "texture": "#0"},
				"up": {"uv": [0, 0, 1.25, 3], "texture": "#0"},
				"down": {"uv": [0, 0, 1.25, 3], "texture": "#0"}
			}
		},
		{
			"from": [7.15625, -14.70625, 7.64844],
			"to": [8.84375, -5.57812, 8.35156],
			"rotation": {"angle": -45, "axis": "y", "origin": [8, -15.5, 8]},
			"faces": {
				"north": {"uv": [0, 0, 3, 9.25], "texture": "#0"},
				"east": {"uv": [0, 0, 1.25, 9.25], "texture": "#0"},
				"south": {"uv": [0, 0, 3, 9.25], "texture": "#0"},
				"west": {"uv": [0, 0, 1.25, 9.25], "texture": "#0"},
				"up": {"uv": [0, 0, 1.25, 3], "rotation": 90, "texture": "#0"},
				"down": {"uv": [0, 0, 1.25, 3], "rotation": 270, "texture": "#0"}
			}
		},
		{
			"from": [7.64844, -14.70625, 7.15625],
			"to": [8.35156, -5.57812, 8.84375],
			"rotation": {"angle": -45, "axis": "y", "origin": [8, -15.5, 8]},
			"faces": {
				"north": {"uv": [0, 0, 1.25, 9.25], "texture": "#0"},
				"east": {"uv": [0, 0, 3, 9.25], "texture": "#0"},
				"south": {"uv": [0, 0, 1.25, 9.25], "texture": "#0"},
				"west": {"uv": [0, 0, 3, 9.25], "texture": "#0"},
				"up": {"uv": [0, 0, 1.25, 3], "texture": "#0"},
				"down": {"uv": [0, 0, 1.25, 3], "texture": "#0"}
			}
		},
		{
			"from": [7.15625, -14.70625, 7.64844],
			"to": [8.84375, -5.57812, 8.35156],
			"rotation": {"angle": 0, "axis": "y", "origin": [8, -15.5, 8]},
			"faces": {
				"north": {"uv": [0, 0, 3, 9.25], "texture": "#0"},
				"east": {"uv": [0, 0, 1.25, 9.25], "texture": "#0"},
				"south": {"uv": [0, 0, 3, 9.25], "texture": "#0"},
				"west": {"uv": [0, 0, 1.25, 9.25], "texture": "#0"},
				"up": {"uv": [0, 0, 1.25, 3], "rotation": 90, "texture": "#0"},
				"down": {"uv": [0, 0, 1.25, 3], "rotation": 270, "texture": "#0"}
			}
		},
		{
			"from": [7.52891, -15.62687, 6.86938],
			"to": [8.47109, -14.48969, 9.13063],
			"rotation": {"angle": 0, "axis": "y", "origin": [8, -15.25, 8]},
			"faces": {
				"north": {"uv": [0, 0, 1.25, 9.25], "texture": "#1"},
				"east": {"uv": [0, 0, 3, 9.25], "texture": "#1"},
				"south": {"uv": [0, 0, 1.25, 9.25], "texture": "#1"},
				"west": {"uv": [0, 0, 3, 9.25], "texture": "#1"},
				"up": {"uv": [0, 0, 1.25, 3], "texture": "#1"},
				"down": {"uv": [0, 0, 1.25, 3], "texture": "#1"}
			}
		},
		{
			"from": [6.86938, -15.62687, 7.52891],
			"to": [9.13063, -14.48969, 8.47109],
			"rotation": {"angle": -45, "axis": "y", "origin": [8, -15.25, 8]},
			"faces": {
				"north": {"uv": [0, 0, 3, 9.25], "texture": "#1"},
				"east": {"uv": [0, 0, 1.25, 9.25], "texture": "#1"},
				"south": {"uv": [0, 0, 3, 9.25], "texture": "#1"},
				"west": {"uv": [0, 0, 1.25, 9.25], "texture": "#1"},
				"up": {"uv": [0, 0, 1.25, 3], "rotation": 90, "texture": "#1"},
				"down": {"uv": [0, 0, 1.25, 3], "rotation": 270, "texture": "#1"}
			}
		},
		{
			"from": [7.52891, -15.62687, 6.86938],
			"to": [8.47109, -14.48969, 9.13063],
			"rotation": {"angle": -45, "axis": "y", "origin": [8, -15.25, 8]},
			"faces": {
				"north": {"uv": [0, 0, 1.25, 9.25], "texture": "#1"},
				"east": {"uv": [0, 0, 3, 9.25], "texture": "#1"},
				"south": {"uv": [0, 0, 1.25, 9.25], "texture": "#1"},
				"west": {"uv": [0, 0, 3, 9.25], "texture": "#1"},
				"up": {"uv": [0, 0, 1.25, 3], "texture": "#1"},
				"down": {"uv": [0, 0, 1.25, 3], "texture": "#1"}
			}
		},
		{
			"from": [6.86938, -15.62687, 7.52891],
			"to": [9.13063, -14.48969, 8.47109],
			"rotation": {"angle": 0, "axis": "y", "origin": [8, -15.25, 8]},
			"faces": {
				"north": {"uv": [0, 0, 3, 9.25], "texture": "#1"},
				"east": {"uv": [0, 0, 1.25, 9.25], "texture": "#1"},
				"south": {"uv": [0, 0, 3, 9.25], "texture": "#1"},
				"west": {"uv": [0, 0, 1.25, 9.25], "texture": "#1"},
				"up": {"uv": [0, 0, 1.25, 3], "rotation": 90, "texture": "#1"},
				"down": {"uv": [0, 0, 1.25, 3], "rotation": 270, "texture": "#1"}
			}
		},
		{
			"from": [7.4818, -6.46456, 6.75631],
			"to": [8.5182, -5.51616, 9.24369],
			"rotation": {"angle": 0, "axis": "y", "origin": [8, -6.05, 8]},
			"faces": {
				"north": {"uv": [0, 0, 1.25, 9.25], "texture": "#1"},
				"east": {"uv": [0, 0, 3, 9.25], "texture": "#1"},
				"south": {"uv": [0, 0, 1.25, 9.25], "texture": "#1"},
				"west": {"uv": [0, 0, 3, 9.25], "texture": "#1"},
				"up": {"uv": [0, 0, 1.25, 3], "texture": "#1"},
				"down": {"uv": [0, 0, 1.25, 3], "texture": "#1"}
			}
		},
		{
			"from": [6.75631, -6.46456, 7.4818],
			"to": [9.24369, -5.51616, 8.5182],
			"rotation": {"angle": -45, "axis": "y", "origin": [8, -6.05, 8]},
			"faces": {
				"north": {"uv": [0, 0, 3, 9.25], "texture": "#1"},
				"east": {"uv": [0, 0, 1.25, 9.25], "texture": "#1"},
				"south": {"uv": [0, 0, 3, 9.25], "texture": "#1"},
				"west": {"uv": [0, 0, 1.25, 9.25], "texture": "#1"},
				"up": {"uv": [0, 0, 1.25, 3], "rotation": 90, "texture": "#1"},
				"down": {"uv": [0, 0, 1.25, 3], "rotation": 270, "texture": "#1"}
			}
		},
		{
			"from": [7.4818, -6.46456, 6.75631],
			"to": [8.5182, -5.51616, 9.24369],
			"rotation": {"angle": -45, "axis": "y", "origin": [8, -6.05, 8]},
			"faces": {
				"north": {"uv": [0, 0, 1.25, 9.25], "texture": "#1"},
				"east": {"uv": [0, 0, 3, 9.25], "texture": "#1"},
				"south": {"uv": [0, 0, 1.25, 9.25], "texture": "#1"},
				"west": {"uv": [0, 0, 3, 9.25], "texture": "#1"},
				"up": {"uv": [0, 0, 1.25, 3], "texture": "#1"},
				"down": {"uv": [0, 0, 1.25, 3], "texture": "#1"}
			}
		},
		{
			"from": [6.75631, -6.46456, 7.4818],
			"to": [9.24369, -5.51616, 8.5182],
			"rotation": {"angle": 0, "axis": "y", "origin": [8, -6.05, 8]},
			"faces": {
				"north": {"uv": [0, 0, 3, 9.25], "texture": "#1"},
				"east": {"uv": [0, 0, 1.25, 9.25], "texture": "#1"},
				"south": {"uv": [0, 0, 3, 9.25], "texture": "#1"},
				"west": {"uv": [0, 0, 1.25, 9.25], "texture": "#1"},
				"up": {"uv": [0, 0, 1.25, 3], "rotation": 90, "texture": "#1"},
				"down": {"uv": [0, 0, 1.25, 3], "rotation": 270, "texture": "#1"}
			}
		},
		{
			"from": [7.25, -5.75, 7.25],
			"to": [8, -4.5, 8.75],
			"rotation": {"angle": -22.5, "axis": "z", "origin": [7.75, -5.125, 8]},
			"faces": {
				"north": {"uv": [0.75, 0, 1.5, 1.25], "texture": "#0"},
				"east": {"uv": [1.5, 0, 3, 1.25], "texture": "#0"},
				"south": {"uv": [0.75, 0, 1.5, 1.25], "texture": "#0"},
				"west": {"uv": [1.5, 0, 3, 1.25], "texture": "#0"},
				"up": {"uv": [0.75, 3, 1.5, 4.5], "texture": "#0"},
				"down": {"uv": [0.75, 3, 1.5, 4.5], "texture": "#0"}
			}
		},
		{
			"from": [8, -5.75, 7.25],
			"to": [8.75, -4.5, 8.75],
			"rotation": {"angle": 22.5, "axis": "z", "origin": [8.25, -5.125, 8]},
			"faces": {
				"north": {"uv": [0, 0, 0.75, 1.25], "texture": "#0"},
				"east": {"uv": [0, 0, 1.5, 1.25], "texture": "#0"},
				"south": {"uv": [0, 0, 0.75, 1.25], "texture": "#0"},
				"west": {"uv": [0, 0, 1.5, 1.25], "texture": "#0"},
				"up": {"uv": [0, 0, 0.75, 1.5], "texture": "#0"},
				"down": {"uv": [0, 0, 0.75, 1.5], "texture": "#0"}
			}
		},
		{
			"from": [7.5, -5.7, 7.1],
			"to": [8.5, 1.25, 8.9],
			"rotation": {"angle": 0, "axis": "y", "origin": [15.5, 4, 15.5]},
			"faces": {
				"north": {"uv": [0, 0, 1, 6.95], "texture": "#0"},
				"east": {"uv": [0, 0, 1.8, 6.95], "texture": "#0"},
				"south": {"uv": [0, 0, 1, 6.95], "texture": "#0"},
				"west": {"uv": [0, 0, 1.8, 6.95], "texture": "#0"},
				"up": {"uv": [0, 0, 1, 1.8], "texture": "#0"},
				"down": {"uv": [0, 0, 1, 1.8], "texture": "#0"}
			}
		},
		{
			"from": [7.53, -5.873, 6.974],
			"to": [8.47, 1.225, 9.026],
			"rotation": {"angle": 0, "axis": "y", "origin": [16.55, 4.36, 16.55]},
			"faces": {
				"north": {"uv": [0, 0, 1, 6.95], "texture": "#1"},
				"east": {"uv": [0, 0, 1.8, 6.95], "texture": "#1"},
				"south": {"uv": [0, 0, 1, 6.95], "texture": "#1"},
				"west": {"uv": [0, 0, 1.8, 6.95], "texture": "#1"},
				"up": {"uv": [0, 0, 1, 1.8], "texture": "#1"},
				"down": {"uv": [0, 0, 1, 1.8], "texture": "#1"}
			}
		},
		{
			"from": [7.4995, 1.25, 8],
			"to": [8.499, 2.5, 8.9],
			"rotation": {"angle": -22.5, "axis": "x", "origin": [8, 1.25, 8.95]},
			"faces": {
				"north": {"uv": [0, 0, 0.9995, 1.25], "texture": "#0"},
				"east": {"uv": [0, 0, 0.9, 1.25], "texture": "#0"},
				"south": {"uv": [0, 0, 0.9995, 1.25], "texture": "#0"},
				"west": {"uv": [0, 0, 0.9, 1.25], "texture": "#0"},
				"up": {"uv": [0, 0, 0.9995, 0.9], "texture": "#0"},
				"down": {"uv": [0, 0, 0.9995, 0.9], "texture": "#0"}
			}
		},
		{
			"from": [7.52943, 1.225, 8],
			"to": [8.46886, 2.65, 9.026],
			"rotation": {"angle": -22.5, "axis": "x", "origin": [8, 1.225, 9.083]},
			"faces": {
				"north": {"uv": [0, 0, 0.9995, 1.25], "texture": "#1"},
				"east": {"uv": [0, 0, 0.9, 1.25], "texture": "#1"},
				"south": {"uv": [0, 0, 0.9995, 1.25], "texture": "#1"},
				"west": {"uv": [0, 0, 0.9, 1.25], "texture": "#1"},
				"up": {"uv": [0, 0, 0.9995, 0.9], "texture": "#1"},
				"down": {"uv": [0, 0, 0.9995, 0.9], "texture": "#1"}
			}
		},
		{
			"from": [7.4995, 1.25, 7.1],
			"to": [8.499, 2.5, 7.875],
			"rotation": {"angle": 22.5, "axis": "x", "origin": [8, 1.25, 7.05]},
			"faces": {
				"north": {"uv": [1, 0, 1.9995, 1.25], "texture": "#0"},
				"east": {"uv": [0.8, 0, 1.575, 1.25], "texture": "#0"},
				"south": {"uv": [1, 0, 1.9995, 1.25], "texture": "#0"},
				"west": {"uv": [0.8, 0, 1.575, 1.25], "texture": "#0"},
				"up": {"uv": [0, 0.8, 0.9995, 1.575], "texture": "#0"},
				"down": {"uv": [0, 0.8, 0.9995, 1.575], "texture": "#0"}
			}
		},
		{
			"from": [7.52943, 1.225, 6.974],
			"to": [8.46886, 2.65, 7.8575],
			"rotation": {"angle": 22.5, "axis": "x", "origin": [8, 1.225, 6.917]},
			"faces": {
				"north": {"uv": [1, 0, 1.9995, 1.25], "texture": "#1"},
				"east": {"uv": [0.8, 0, 1.575, 1.25], "texture": "#1"},
				"south": {"uv": [1, 0, 1.9995, 1.25], "texture": "#0"},
				"west": {"uv": [0.8, 0, 1.575, 1.25], "texture": "#1"},
				"up": {"uv": [0, 0.8, 0.9995, 1.575], "texture": "#1"},
				"down": {"uv": [0, 0.8, 0.9995, 1.575], "texture": "#1"}
			}
		},
		{
			"from": [7.4995, 1.6225, 7.575],
			"to": [8.499, 2.3825, 8.425],
			"rotation": {"angle": 0, "axis": "x", "origin": [8, 2.01, 7.79337]},
			"faces": {
				"north": {"uv": [0, 0.8, 0.9995, 1.56], "rotation": 180, "texture": "#0"},
				"east": {"uv": [0.8, 0, 1.56, 0.85], "rotation": 270, "texture": "#0"},
				"south": {"uv": [0, 0.8, 0.9995, 1.56], "texture": "#0"},
				"west": {"uv": [0.8, 0, 1.56, 0.85], "rotation": 90, "texture": "#0"},
				"up": {"uv": [1, 0, 1.9995, 0.85], "rotation": 180, "texture": "#0"},
				"down": {"uv": [1, 0, 1.9995, 0.85], "texture": "#0"}
			}
		},
		{
			"from": [7.52943, 1.64965, 7.5155],
			"to": [8.46886, 2.51605, 8.4845],
			"rotation": {"angle": 0, "axis": "x", "origin": [8, 2.0914, 7.76445]},
			"faces": {
				"north": {"uv": [0, 0.8, 0.9995, 1.56], "rotation": 180, "texture": "#1"},
				"east": {"uv": [0.8, 0, 1.56, 0.85], "rotation": 270, "texture": "#1"},
				"south": {"uv": [0, 0.8, 0.9995, 1.56], "texture": "#0"},
				"west": {"uv": [0.8, 0, 1.56, 0.85], "rotation": 90, "texture": "#1"},
				"up": {"uv": [1, 0, 1.9995, 0.85], "rotation": 180, "texture": "#1"},
				"down": {"uv": [1, 0, 1.9995, 0.85], "texture": "#1"}
			}
		},
		{
			"from": [7.525, -5.275, 6.475],
			"to": [8.475, -3.475, 11.725],
			"rotation": {"angle": 0, "axis": "x", "origin": [8, -4.375, 9.1]},
			"faces": {
				"north": {"uv": [0, 0, 0.95, 1.8], "rotation": 180, "texture": "#0"},
				"east": {"uv": [0, 0, 1.8, 5.25], "rotation": 270, "texture": "#0"},
				"south": {"uv": [0, 0, 0.95, 1.8], "texture": "#0"},
				"west": {"uv": [0, 0, 1.8, 5.25], "rotation": 90, "texture": "#0"},
				"up": {"uv": [0, 0, 0.95, 5.25], "rotation": 180, "texture": "#0"},
				"down": {"uv": [0, 0, 0.95, 5.25], "texture": "#0"}
			}
		},
		{
			"from": [7.55, -4.2814, 11.34214],
			"to": [8.45, -3.5064, 12.14214],
			"rotation": {"angle": -45, "axis": "x", "origin": [8, -3.9939, 11.89214]},
			"faces": {
				"north": {"uv": [0, 0, 0.9, 0.775], "rotation": 180, "texture": "#0"},
				"east": {"uv": [0, 0, 0.775, 0.8], "rotation": 270, "texture": "#0"},
				"south": {"uv": [0, 0, 0.9, 0.775], "texture": "#0"},
				"west": {"uv": [0, 0, 0.775, 0.8], "rotation": 90, "texture": "#0"},
				"up": {"uv": [0, 0, 0.9, 0.8], "rotation": 180, "texture": "#0"},
				"down": {"uv": [0, 0, 0.9, 0.8], "texture": "#0"}
			}
		},
		{
			"from": [7.55, -5.2436, 6.05786],
			"to": [8.45, -4.4686, 6.85786],
			"rotation": {"angle": -45, "axis": "x", "origin": [8, -4.7561, 6.30786]},
			"faces": {
				"north": {"uv": [0.9, 0.775, 1.8, 1.55], "texture": "#0"},
				"east": {"uv": [0.775, 0.8, 1.55, 1.6], "rotation": 270, "texture": "#0"},
				"south": {"uv": [0.9, 0.775, 1.8, 1.55], "rotation": 180, "texture": "#0"},
				"west": {"uv": [0.775, 0.8, 1.55, 1.6], "rotation": 90, "texture": "#0"},
				"up": {"uv": [1.8, 0, 2.7, 0.8], "texture": "#0"},
				"down": {"uv": [1.8, 0, 2.7, 0.8], "rotation": 180, "texture": "#0"}
			}
		},
		{
			"from": [7.55, -3.8689, 9.75464],
			"to": [8.45, -3.0689, 10.52964],
			"rotation": {"angle": -45, "axis": "x", "origin": [8, -3.3189, 10.24214]},
			"faces": {
				"north": {"uv": [0, 0, 0.9, 0.8], "texture": "#0"},
				"east": {"uv": [0, 0, 0.775, 0.8], "texture": "#0"},
				"south": {"uv": [0, 0, 0.9, 0.8], "texture": "#0"},
				"west": {"uv": [0, 0, 0.775, 0.8], "texture": "#0"},
				"up": {"uv": [0, 0, 0.9, 0.775], "texture": "#0"},
				"down": {"uv": [0, 0, 0.9, 0.775], "texture": "#0"}
			}
		},
		{
			"from": [7.55, -5.2436, 11.64214],
			"to": [8.45, -4.4686, 12.14214],
			"rotation": {"angle": 45, "axis": "x", "origin": [8, -4.7561, 11.89214]},
			"faces": {
				"north": {"uv": [0, 0.975, 0.9, 1.75], "rotation": 180, "texture": "#0"},
				"east": {"uv": [0.975, 0, 1.75, 0.5], "rotation": 270, "texture": "#0"},
				"south": {"uv": [0, 0.975, 0.9, 1.75], "texture": "#0"},
				"west": {"uv": [0.975, 0, 1.75, 0.5], "rotation": 90, "texture": "#0"},
				"up": {"uv": [0, 0.5, 0.9, 1], "texture": "#0"},
				"down": {"uv": [0, 0.5, 0.9, 1], "rotation": 180, "texture": "#0"}
			}
		},
		{
			"from": [7.55, -4.2814, 6.05786],
			"to": [8.45, -3.5064, 6.55786],
			"rotation": {"angle": 45, "axis": "x", "origin": [8, -3.9939, 6.30786]},
			"faces": {
				"north": {"uv": [0.9, 1.75, 1.8, 2.525], "texture": "#0"},
				"east": {"uv": [1.75, 0.5, 2.525, 1], "rotation": 270, "texture": "#0"},
				"south": {"uv": [0.9, 1.75, 1.8, 2.525], "rotation": 180, "texture": "#0"},
				"west": {"uv": [1.75, 0.5, 2.525, 1], "rotation": 90, "texture": "#0"},
				"up": {"uv": [1.8, 0.5, 2.7, 1], "rotation": 180, "texture": "#0"},
				"down": {"uv": [1.8, 0.5, 2.7, 1], "texture": "#0"}
			}
		},
		{
			"from": [7.55, -3.5689, 10.71684],
			"to": [8.45, -3.0689, 11.49184],
			"rotation": {"angle": 45, "axis": "x", "origin": [8, -3.3189, 11.00434]},
			"faces": {
				"north": {"uv": [0, 0.5, 0.9, 1], "rotation": 180, "texture": "#0"},
				"east": {"uv": [0.975, 0, 1.75, 0.5], "texture": "#0"},
				"south": {"uv": [0, 0.5, 0.9, 1], "rotation": 180, "texture": "#0"},
				"west": {"uv": [0.975, 0, 1.75, 0.5], "texture": "#0"},
				"up": {"uv": [0, 0.975, 0.9, 1.75], "texture": "#0"},
				"down": {"uv": [0, 0.975, 0.9, 1.75], "texture": "#0"}
			}
		},
		{
			"from": [7.55112, -4.7186, 11.76714],
			"to": [8.44812, -4.0186, 12.26714],
			"rotation": {"angle": 0, "axis": "x", "origin": [8, -4.3061, 12.01714]},
			"faces": {
				"north": {"uv": [0, 0.975, 0.897, 1.675], "rotation": 180, "texture": "#0"},
				"east": {"uv": [0.975, 0, 1.675, 0.5], "rotation": 270, "texture": "#0"},
				"south": {"uv": [0, 0.975, 0.897, 1.675], "texture": "#0"},
				"west": {"uv": [0.975, 0, 1.675, 0.5], "rotation": 90, "texture": "#0"},
				"up": {"uv": [0, 0.5, 0.897, 1], "texture": "#0"},
				"down": {"uv": [0, 0.5, 0.897, 1], "rotation": 180, "texture": "#0"}
			}
		},
		{
			"from": [7.55112, -4.7314, 5.93286],
			"to": [8.44812, -4.0314, 6.43286],
			"rotation": {"angle": 0, "axis": "x", "origin": [8, -4.4439, 6.18286]},
			"faces": {
				"north": {"uv": [0.897, 1.675, 1.794, 2.375], "texture": "#0"},
				"east": {"uv": [1.675, 0.5, 2.375, 1], "rotation": 270, "texture": "#0"},
				"south": {"uv": [0.897, 1.675, 1.794, 2.375], "rotation": 180, "texture": "#0"},
				"west": {"uv": [1.675, 0.5, 2.375, 1], "rotation": 90, "texture": "#0"},
				"up": {"uv": [1.794, 0.5, 2.691, 1], "rotation": 180, "texture": "#0"},
				"down": {"uv": [1.794, 0.5, 2.691, 1], "texture": "#0"}
			}
		},
		{
			"from": [7.55112, -3.4439, 10.26684],
			"to": [8.44812, -2.9439, 10.96684],
			"rotation": {"angle": 0, "axis": "x", "origin": [8, -3.1939, 10.55434]},
			"faces": {
				"north": {"uv": [0, 0.5, 0.897, 1], "rotation": 180, "texture": "#0"},
				"east": {"uv": [0.975, 0, 1.675, 0.5], "texture": "#0"},
				"south": {"uv": [0, 0.5, 0.897, 1], "rotation": 180, "texture": "#0"},
				"west": {"uv": [0.975, 0, 1.675, 0.5], "texture": "#0"},
				"up": {"uv": [0, 0.975, 0.897, 1.675], "texture": "#0"},
				"down": {"uv": [0, 0.975, 0.897, 1.675], "texture": "#0"}
			}
		},
		{
			"from": [7.65, -4.5, 10.6],
			"to": [8.35, -2.5, 11.6],
			"rotation": {"angle": 0, "axis": "x", "origin": [8, -4.5, 11.1]},
			"faces": {
				"north": {"uv": [0, 0, 0.7, 2], "rotation": 180, "texture": "#0"},
				"east": {"uv": [0, 0, 2, 1], "rotation": 270, "texture": "#0"},
				"south": {"uv": [0, 0, 0.7, 2], "texture": "#0"},
				"west": {"uv": [0, 0, 2, 1], "rotation": 90, "texture": "#0"},
				"up": {"uv": [0, 0, 0.7, 1], "rotation": 180, "texture": "#0"},
				"down": {"uv": [0, 0, 0.7, 1], "texture": "#0"}
			}
		},
		{
			"from": [7.744, -4.845, 10.741],
			"to": [8.256, -2.525, 11.901],
			"rotation": {"angle": 0, "axis": "x", "origin": [8, -4.845, 11.321]},
			"faces": {
				"north": {"uv": [0, 0, 0.7, 2], "rotation": 180, "texture": "#1"},
				"east": {"uv": [0, 0, 2, 1], "rotation": 270, "texture": "#1"},
				"south": {"uv": [0, 0, 0.7, 2], "texture": "#1"},
				"west": {"uv": [0, 0, 2, 1], "rotation": 90, "texture": "#1"},
				"up": {"uv": [0, 0, 0.7, 1], "rotation": 180, "texture": "#1"},
				"down": {"uv": [0, 0, 0.7, 1], "texture": "#1"}
			}
		},
		{
			"from": [7.86104, -4.2452, 10.92956],
			"to": [8.13896, -2.554, 12.27516],
			"rotation": {"angle": 0, "axis": "x", "origin": [8, -5.2452, 11.60236]},
			"faces": {
				"north": {"uv": [0, 0, 0.7, 2], "rotation": 180, "texture": "#1"},
				"east": {"uv": [0, 0, 2, 1], "rotation": 270, "texture": "#1"},
				"south": {"uv": [0, 0, 0.7, 2], "texture": "#1"},
				"west": {"uv": [0, 0, 2, 1], "rotation": 90, "texture": "#1"},
				"up": {"uv": [0, 0, 0.7, 1], "rotation": 180, "texture": "#1"},
				"down": {"uv": [0, 0, 0.7, 1], "texture": "#1"}
			}
		},
		{
			"from": [7.65, -4.75, 11.425],
			"to": [8.35, -4, 13.425],
			"rotation": {"angle": -22.5, "axis": "x", "origin": [8, -4.25, 12.425]},
			"faces": {
				"north": {"uv": [0, 0, 0.7, 0.75], "rotation": 180, "texture": "#0"},
				"east": {"uv": [0, 0, 2, 0.75], "rotation": 180, "texture": "#0"},
				"south": {"uv": [0, 0, 0.7, 0.75], "rotation": 180, "texture": "#0"},
				"west": {"uv": [0, 0, 2, 0.75], "rotation": 180, "texture": "#0"},
				"up": {"uv": [0, 0, 0.7, 2], "texture": "#0"},
				"down": {"uv": [0, 0, 0.7, 2], "texture": "#0"}
			}
		},
		{
			"from": [7.819, -4.867, 11.398],
			"to": [8.181, -3.997, 13.718],
			"rotation": {"angle": -22.5, "axis": "x", "origin": [8, -4.287, 12.558]},
			"faces": {
				"north": {"uv": [0, 0, 0.7, 0.75], "rotation": 180, "texture": "#1"},
				"east": {"uv": [0, 0, 2, 0.75], "rotation": 180, "texture": "#1"},
				"south": {"uv": [0, 0, 0.7, 0.75], "rotation": 180, "texture": "#1"},
				"west": {"uv": [0, 0, 2, 0.75], "rotation": 180, "texture": "#1"},
				"up": {"uv": [0, 0, 0.7, 2], "texture": "#1"},
				"down": {"uv": [0, 0, 0.7, 2], "texture": "#1"}
			}
		},
		{
			"from": [7.65, -4.8, 13.575],
			"to": [8.35, -4.375, 14],
			"rotation": {"angle": -45, "axis": "x", "origin": [8, -4.625, 13]},
			"faces": {
				"north": {"uv": [0, 0, 0.7, 0.425], "rotation": 180, "texture": "#0"},
				"east": {"uv": [0, 0, 0.425, 0.425], "rotation": 180, "texture": "#0"},
				"south": {"uv": [0, 0, 0.7, 0.425], "rotation": 180, "texture": "#0"},
				"west": {"uv": [0, 0, 0.425, 0.425], "rotation": 180, "texture": "#0"},
				"up": {"uv": [0, 0, 0.7, 0.425], "texture": "#0"},
				"down": {"uv": [0, 0, 0.7, 0.425], "texture": "#0"}
			}
		},
		{
			"from": [7.819, -4.925, 13.892],
			"to": [8.181, -4.432, 14.385],
			"rotation": {"angle": -45, "axis": "x", "origin": [8, -4.722, 13.225]},
			"faces": {
				"north": {"uv": [0, 0, 0.7, 0.425], "rotation": 180, "texture": "#1"},
				"east": {"uv": [0, 0, 0.425, 0.425], "rotation": 180, "texture": "#1"},
				"south": {"uv": [0, 0, 0.7, 0.425], "rotation": 180, "texture": "#1"},
				"west": {"uv": [0, 0, 0.425, 0.425], "rotation": 180, "texture": "#1"},
				"up": {"uv": [0, 0, 0.7, 0.425], "texture": "#1"},
				"down": {"uv": [0, 0, 0.7, 0.425], "texture": "#1"}
			}
		},
		{
			"from": [7.65, -4.075, 11.175],
			"to": [8.35, -3.325, 13.425],
			"rotation": {"angle": 22.5, "axis": "x", "origin": [8, -3.825, 12.425]},
			"faces": {
				"north": {"uv": [0, 0.75, 0.7, 1.5], "rotation": 180, "texture": "#0"},
				"east": {"uv": [0, 0.75, 2.25, 1.5], "rotation": 180, "texture": "#0"},
				"south": {"uv": [0, 0.75, 0.7, 1.5], "rotation": 180, "texture": "#0"},
				"west": {"uv": [0, 0.75, 2.25, 1.5], "rotation": 180, "texture": "#0"},
				"up": {"uv": [0, 2, 0.7, 4.25], "texture": "#0"},
				"down": {"uv": [0, 2, 0.7, 4.25], "texture": "#0"}
			}
		},
		{
			"from": [7.819, -4.084, 11.108],
			"to": [8.181, -3.214, 13.718],
			"rotation": {"angle": 22.5, "axis": "x", "origin": [8, -3.794, 12.558]},
			"faces": {
				"north": {"uv": [0, 0.75, 0.7, 1.5], "rotation": 180, "texture": "#1"},
				"east": {"uv": [0, 0.75, 2.25, 1.5], "rotation": 180, "texture": "#1"},
				"south": {"uv": [0, 0.75, 0.7, 1.5], "rotation": 180, "texture": "#1"},
				"west": {"uv": [0, 0.75, 2.25, 1.5], "rotation": 180, "texture": "#1"},
				"up": {"uv": [0, 2, 0.7, 4.25], "texture": "#1"},
				"down": {"uv": [0, 2, 0.7, 4.25], "texture": "#1"}
			}
		},
		{
			"from": [7.65, -1.75, 7.9],
			"to": [8.35, -0.75, 9.85],
			"rotation": {"angle": 0, "axis": "x", "origin": [8, -1.25, 8.15]},
			"faces": {
				"north": {"uv": [0.7, 1, 1.4, 2], "rotation": 180, "texture": "#0"},
				"east": {"uv": [2, 1, 3.95, 2], "rotation": 180, "texture": "#0"},
				"south": {"uv": [0.7, 1, 1.4, 2], "rotation": 180, "texture": "#0"},
				"west": {"uv": [2, 1, 3.95, 2], "rotation": 180, "texture": "#0"},
				"up": {"uv": [0.7, 2, 1.4, 3.95], "rotation": 180, "texture": "#0"},
				"down": {"uv": [0.7, 2, 1.4, 3.95], "rotation": 180, "texture": "#0"}
			}
		},
		{
			"from": [7.744, -1.655, 7.609],
			"to": [8.256, -0.495, 9.871],
			"rotation": {"angle": 0, "axis": "x", "origin": [8, -1.075, 7.899]},
			"faces": {
				"north": {"uv": [0.7, 1, 1.4, 2], "rotation": 180, "texture": "#1"},
				"east": {"uv": [2, 1, 3.95, 2], "rotation": 180, "texture": "#1"},
				"south": {"uv": [0.7, 1, 1.4, 2], "rotation": 180, "texture": "#1"},
				"west": {"uv": [2, 1, 3.95, 2], "rotation": 180, "texture": "#1"},
				"up": {"uv": [0.7, 2, 1.4, 3.95], "rotation": 180, "texture": "#1"},
				"down": {"uv": [0.7, 2, 1.4, 3.95], "rotation": 180, "texture": "#1"}
			}
		},
		{
			"from": [7.744, -1.655, 6.129],
			"to": [8.256, -0.495, 8.391],
			"rotation": {"angle": 0, "axis": "x", "origin": [8, -1.075, 8.101]},
			"faces": {
				"north": {"uv": [1.4, 1, 0.7, 2], "rotation": 180, "texture": "#1"},
				"east": {"uv": [3.95, 1, 2, 2], "rotation": 180, "texture": "#1"},
				"south": {"uv": [1.4, 1, 0.7, 2], "rotation": 180, "texture": "#1"},
				"west": {"uv": [3.95, 1, 2, 2], "rotation": 180, "texture": "#1"},
				"up": {"uv": [0.7, 3.95, 1.4, 2], "rotation": 180, "texture": "#1"},
				"down": {"uv": [0.7, 3.95, 1.4, 2], "rotation": 180, "texture": "#1"}
			}
		},
		{
			"from": [7.86104, -1.5448, 7.29644],
			"to": [8.13896, -0.1992, 9.92036],
			"rotation": {"angle": 0, "axis": "x", "origin": [8, -0.872, 7.63284]},
			"faces": {
				"north": {"uv": [0.7, 1, 1.4, 2], "rotation": 180, "texture": "#1"},
				"east": {"uv": [2, 1, 3.95, 2], "rotation": 180, "texture": "#1"},
				"south": {"uv": [0.7, 1, 1.4, 2], "rotation": 180, "texture": "#1"},
				"west": {"uv": [2, 1, 3.95, 2], "rotation": 180, "texture": "#1"},
				"up": {"uv": [0.7, 2, 1.4, 3.95], "rotation": 180, "texture": "#1"},
				"down": {"uv": [0.7, 2, 1.4, 3.95], "rotation": 180, "texture": "#1"}
			}
		},
		{
			"from": [7.86104, -1.5448, 6.07964],
			"to": [8.13896, -0.1992, 8.70356],
			"rotation": {"angle": 0, "axis": "x", "origin": [8, -0.872, 8.36716]},
			"faces": {
				"north": {"uv": [1.4, 1, 0.7, 2], "rotation": 180, "texture": "#1"},
				"east": {"uv": [3.95, 1, 2, 2], "rotation": 180, "texture": "#1"},
				"south": {"uv": [1.4, 1, 0.7, 2], "rotation": 180, "texture": "#1"},
				"west": {"uv": [3.95, 1, 2, 2], "rotation": 180, "texture": "#1"},
				"up": {"uv": [0.7, 3.95, 1.4, 2], "rotation": 180, "texture": "#1"},
				"down": {"uv": [0.7, 3.95, 1.4, 2], "rotation": 180, "texture": "#1"}
			}
		},
		{
			"from": [7.65, -1.75, 6.15],
			"to": [8.35, -0.75, 8.1],
			"rotation": {"angle": 0, "axis": "x", "origin": [8, -1.25, 6.4]},
			"faces": {
				"north": {"uv": [0.7, 1, 1.4, 2], "rotation": 180, "texture": "#0"},
				"east": {"uv": [2, 1, 3.95, 2], "rotation": 180, "texture": "#0"},
				"south": {"uv": [0.7, 1, 1.4, 2], "rotation": 180, "texture": "#0"},
				"west": {"uv": [2, 1, 3.95, 2], "rotation": 180, "texture": "#0"},
				"up": {"uv": [0.7, 2, 1.4, 3.95], "rotation": 180, "texture": "#0"},
				"down": {"uv": [0.7, 2, 1.4, 3.95], "rotation": 180, "texture": "#0"}
			}
		},
		{
			"from": [7.65, -1.425, 9.675],
			"to": [8.35, 0.425, 10.525],
			"rotation": {"angle": 45, "axis": "x", "origin": [8, -0.25, 10.15]},
			"faces": {
				"north": {"uv": [0.7, 2, 1.4, 3.85], "texture": "#0"},
				"east": {"uv": [2, 1, 3.85, 1.85], "rotation": 270, "texture": "#0"},
				"south": {"uv": [0.7, 2, 1.4, 3.85], "rotation": 180, "texture": "#0"},
				"west": {"uv": [2, 1, 3.85, 1.85], "rotation": 90, "texture": "#0"},
				"up": {"uv": [0.7, 1, 1.4, 1.85], "rotation": 180, "texture": "#0"},
				"down": {"uv": [0.7, 1, 1.4, 1.85], "texture": "#0"}
			}
		},
		{
			"from": [7.819, -1.478, 9.643],
			"to": [8.181, 0.668, 10.629],
			"rotation": {"angle": 45, "axis": "x", "origin": [8, -0.115, 10.194]},
			"faces": {
				"north": {"uv": [0.7, 2, 1.4, 3.85], "texture": "#1"},
				"east": {"uv": [2, 1, 3.85, 1.85], "rotation": 270, "texture": "#1"},
				"south": {"uv": [0.7, 2, 1.4, 3.85], "rotation": 180, "texture": "#1"},
				"west": {"uv": [2, 1, 3.85, 1.85], "rotation": 90, "texture": "#1"},
				"up": {"uv": [0.7, 1, 1.4, 1.85], "rotation": 180, "texture": "#1"},
				"down": {"uv": [0.7, 1, 1.4, 1.85], "texture": "#1"}
			}
		},
		{
			"from": [7.819, -1.478, 5.371],
			"to": [8.181, 0.668, 6.357],
			"rotation": {"angle": -45, "axis": "x", "origin": [8, -0.115, 5.806]},
			"faces": {
				"north": {"uv": [1.4, 2, 0.7, 3.85], "rotation": 180, "texture": "#1"},
				"east": {"uv": [2, 1.85, 3.85, 1], "rotation": 270, "texture": "#1"},
				"south": {"uv": [1.4, 2, 0.7, 3.85], "texture": "#1"},
				"west": {"uv": [2, 1.85, 3.85, 1], "rotation": 90, "texture": "#1"},
				"up": {"uv": [0.7, 1.85, 1.4, 1], "rotation": 180, "texture": "#1"},
				"down": {"uv": [0.7, 1.85, 1.4, 1], "texture": "#1"}
			}
		},
		{
			"from": [7.65, -1.425, 5.475],
			"to": [8.35, 0.425, 6.325],
			"rotation": {"angle": -45, "axis": "x", "origin": [8, -0.25, 5.85]},
			"faces": {
				"north": {"uv": [0.7, 2, 1.4, 3.85], "rotation": 180, "texture": "#0"},
				"east": {"uv": [2, 1, 3.85, 1.85], "rotation": 90, "texture": "#0"},
				"south": {"uv": [0.7, 2, 1.4, 3.85], "texture": "#0"},
				"west": {"uv": [2, 1, 3.85, 1.85], "rotation": 270, "texture": "#0"},
				"up": {"uv": [1.4, 1.85, 0.7, 1], "rotation": 180, "texture": "#0"},
				"down": {"uv": [1.4, 1.85, 0.7, 1], "texture": "#0"}
			}
		},
		{
			"from": [7.65, -1.60433, 10.04403],
			"to": [8.35, 0.29567, 10.91903],
			"rotation": {"angle": 0, "axis": "x", "origin": [8, -0.525, 11]},
			"faces": {
				"north": {"uv": [0.7, 2, 1.4, 3.9], "texture": "#0"},
				"east": {"uv": [2, 1, 3.9, 1.875], "rotation": 270, "texture": "#0"},
				"south": {"uv": [0.7, 2, 1.4, 3.9], "rotation": 180, "texture": "#0"},
				"west": {"uv": [2, 1, 3.9, 1.875], "rotation": 90, "texture": "#0"},
				"up": {"uv": [0.7, 1, 1.4, 1.875], "rotation": 180, "texture": "#0"},
				"down": {"uv": [0.7, 1, 1.4, 1.875], "texture": "#0"}
			}
		},
		{
			"from": [7.819, -1.68602, 10.07107],
			"to": [8.181, 0.51798, 11.08607],
			"rotation": {"angle": 0, "axis": "x", "origin": [8, -0.434, 11.18]},
			"faces": {
				"north": {"uv": [0.7, 2, 1.4, 3.9], "texture": "#1"},
				"east": {"uv": [2, 1, 3.9, 1.875], "rotation": 270, "texture": "#1"},
				"south": {"uv": [0.7, 2, 1.4, 3.9], "rotation": 180, "texture": "#1"},
				"west": {"uv": [2, 1, 3.9, 1.875], "rotation": 90, "texture": "#1"},
				"up": {"uv": [0.7, 1, 1.4, 1.875], "rotation": 180, "texture": "#1"},
				"down": {"uv": [0.7, 1, 1.4, 1.875], "texture": "#1"}
			}
		},
		{
			"from": [7.819, -1.68602, 4.91393],
			"to": [8.181, 0.51798, 5.92893],
			"rotation": {"angle": 0, "axis": "x", "origin": [8, -0.434, 4.82]},
			"faces": {
				"north": {"uv": [1.4, 2, 0.7, 3.9], "rotation": 180, "texture": "#1"},
				"east": {"uv": [2, 1.875, 3.9, 1], "rotation": 270, "texture": "#1"},
				"south": {"uv": [1.4, 2, 0.7, 3.9], "texture": "#1"},
				"west": {"uv": [2, 1.875, 3.9, 1], "rotation": 90, "texture": "#1"},
				"up": {"uv": [0.7, 1.875, 1.4, 1], "rotation": 180, "texture": "#1"},
				"down": {"uv": [0.7, 1.875, 1.4, 1], "texture": "#1"}
			}
		},
		{
			"from": [7.65, -1.60433, 5.08097],
			"to": [8.35, 0.29567, 5.95597],
			"rotation": {"angle": 0, "axis": "x", "origin": [8, -0.525, 5]},
			"faces": {
				"north": {"uv": [0.7, 2, 1.4, 3.9], "rotation": 180, "texture": "#0"},
				"east": {"uv": [2, 1, 3.9, 1.875], "rotation": 90, "texture": "#0"},
				"south": {"uv": [0.7, 2, 1.4, 3.9], "texture": "#0"},
				"west": {"uv": [2, 1, 3.9, 1.875], "rotation": 270, "texture": "#0"},
				"up": {"uv": [1.4, 1.875, 0.7, 1], "rotation": 180, "texture": "#0"},
				"down": {"uv": [1.4, 1.875, 0.7, 1], "texture": "#0"}
			}
		},
		{
			"from": [7.65, 0.24567, 10.01903],
			"to": [8.35, 0.72067, 10.49403],
			"rotation": {"angle": -22.5, "axis": "x", "origin": [8, 1.325, 10.575]},
			"faces": {
				"north": {"uv": [0.7, 2, 1.4, 2.475], "texture": "#0"},
				"east": {"uv": [2, 1, 2.475, 1.475], "rotation": 270, "texture": "#0"},
				"south": {"uv": [0.7, 2, 1.4, 2.475], "rotation": 180, "texture": "#0"},
				"west": {"uv": [2, 1, 2.475, 1.475], "rotation": 90, "texture": "#0"},
				"up": {"uv": [0.7, 1, 1.4, 1.475], "rotation": 180, "texture": "#0"},
				"down": {"uv": [0.7, 1, 1.4, 1.475], "texture": "#0"}
			}
		},
		{
			"from": [7.819, 0.45998, 10.04207],
			"to": [8.181, 1.01098, 10.59307],
			"rotation": {"angle": -22.5, "axis": "x", "origin": [8, 1.712, 10.687]},
			"faces": {
				"north": {"uv": [0.7, 2, 1.4, 2.475], "texture": "#1"},
				"east": {"uv": [2, 1, 2.475, 1.475], "rotation": 270, "texture": "#1"},
				"south": {"uv": [0.7, 2, 1.4, 2.475], "rotation": 180, "texture": "#1"},
				"west": {"uv": [2, 1, 2.475, 1.475], "rotation": 90, "texture": "#1"},
				"up": {"uv": [0.7, 1, 1.4, 1.475], "rotation": 180, "texture": "#1"},
				"down": {"uv": [0.7, 1, 1.4, 1.475], "texture": "#1"}
			}
		},
		{
			"from": [7.819, 0.45998, 5.40693],
			"to": [8.181, 1.01098, 5.95793],
			"rotation": {"angle": 22.5, "axis": "x", "origin": [8, 1.712, 5.313]},
			"faces": {
				"north": {"uv": [1.4, 2, 0.7, 2.475], "rotation": 180, "texture": "#1"},
				"east": {"uv": [2, 1.475, 2.475, 1], "rotation": 270, "texture": "#1"},
				"south": {"uv": [1.4, 2, 0.7, 2.475], "texture": "#1"},
				"west": {"uv": [2, 1.475, 2.475, 1], "rotation": 90, "texture": "#1"},
				"up": {"uv": [0.7, 1.475, 1.4, 1], "rotation": 180, "texture": "#1"},
				"down": {"uv": [0.7, 1.475, 1.4, 1], "texture": "#1"}
			}
		},
		{
			"from": [7.65, 0.24567, 5.50597],
			"to": [8.35, 0.72067, 5.98097],
			"rotation": {"angle": 22.5, "axis": "x", "origin": [8, 1.325, 5.425]},
			"faces": {
				"north": {"uv": [0.7, 2, 1.4, 2.475], "rotation": 180, "texture": "#0"},
				"east": {"uv": [2, 1, 2.475, 1.475], "rotation": 90, "texture": "#0"},
				"south": {"uv": [0.7, 2, 1.4, 2.475], "texture": "#0"},
				"west": {"uv": [2, 1, 2.475, 1.475], "rotation": 270, "texture": "#0"},
				"up": {"uv": [1.4, 1.475, 0.7, 1], "rotation": 180, "texture": "#0"},
				"down": {"uv": [1.4, 1.475, 0.7, 1], "texture": "#0"}
			}
		},
		{
			"from": [7.65, -0.775, 7],
			"to": [8.35, 27.7, 9],
			"rotation": {"angle": 0, "axis": "x", "origin": [8, 4.95, 8.15]},
			"faces": {
				"north": {"uv": [0.7, 0, 1.4, 16], "rotation": 180, "texture": "#0"},
				"east": {"uv": [2, 0, 4, 16], "rotation": 180, "texture": "#0"},
				"south": {"uv": [0.7, 0, 1.4, 16], "rotation": 180, "texture": "#0"},
				"west": {"uv": [2, 0, 4, 16], "rotation": 180, "texture": "#0"},
				"up": {"uv": [0.7, 2, 1.4, 4], "rotation": 180, "texture": "#0"},
				"down": {"uv": [0.7, 2, 1.4, 4], "rotation": 180, "texture": "#0"}
			}
		},
		{
			"from": [7.794, -0.895, 6.84],
			"to": [8.206, 27.625, 9.16],
			"rotation": {"angle": 0, "axis": "x", "origin": [8, 1.235, 8.174]},
			"faces": {
				"north": {"uv": [0.7, 0, 1.4, 16], "rotation": 180, "texture": "#1"},
				"east": {"uv": [2, 0, 4, 16], "rotation": 180, "texture": "#1"},
				"south": {"uv": [0.7, 0, 1.4, 16], "rotation": 180, "texture": "#1"},
				"west": {"uv": [2, 0, 4, 16], "rotation": 180, "texture": "#1"},
				"up": {"uv": [0.7, 2, 1.4, 4], "rotation": 180, "texture": "#1"},
				"down": {"uv": [0.7, 2, 1.4, 4], "rotation": 180, "texture": "#1"}
			}
		},
		{
			"from": [7.88604, -0.7922, 6.6544],
			"to": [8.11396, 27.563, 9.3456],
			"rotation": {"angle": 0, "axis": "x", "origin": [8, -3.0494, 8.20184]},
			"faces": {
				"north": {"uv": [0.7, 0, 1.4, 16], "rotation": 180, "texture": "#1"},
				"east": {"uv": [2, 0, 4, 16], "rotation": 180, "texture": "#1"},
				"south": {"uv": [0.7, 0, 1.4, 16], "rotation": 180, "texture": "#1"},
				"west": {"uv": [2, 0, 4, 16], "rotation": 180, "texture": "#1"},
				"up": {"uv": [0.7, 2, 1.4, 4], "rotation": 180, "texture": "#1"},
				"down": {"uv": [0.7, 2, 1.4, 4], "rotation": 180, "texture": "#1"}
			}
		},
		{
			"from": [7.65, 27.7, 7],
			"to": [8.35, 29.375, 7.925],
			"rotation": {"angle": 22.5, "axis": "x", "origin": [8, 27.7, 7]},
			"faces": {
				"north": {"uv": [0.7, 0, 1.4, 1.675], "rotation": 180, "texture": "#0"},
				"east": {"uv": [2, 0, 2.925, 1.675], "rotation": 180, "texture": "#0"},
				"south": {"uv": [0.7, 0, 1.4, 1.675], "rotation": 180, "texture": "#0"},
				"west": {"uv": [2, 0, 2.925, 1.675], "rotation": 180, "texture": "#0"},
				"up": {"uv": [0.7, 2, 1.4, 2.925], "rotation": 180, "texture": "#0"},
				"down": {"uv": [0.7, 2, 1.4, 2.925], "rotation": 180, "texture": "#0"}
			}
		},
		{
			"from": [7.794, 27.625, 6.84],
			"to": [8.206, 29.568, 7.913],
			"rotation": {"angle": 22.5, "axis": "x", "origin": [8, 27.625, 6.84]},
			"faces": {
				"north": {"uv": [0.7, 0, 1.4, 1.675], "rotation": 180, "texture": "#1"},
				"east": {"uv": [2, 0, 2.925, 1.675], "rotation": 180, "texture": "#1"},
				"south": {"uv": [0.7, 0, 1.4, 1.675], "rotation": 180, "texture": "#1"},
				"west": {"uv": [2, 0, 2.925, 1.675], "rotation": 180, "texture": "#1"},
				"up": {"uv": [0.7, 2, 1.4, 2.925], "rotation": 180, "texture": "#1"},
				"down": {"uv": [0.7, 2, 1.4, 2.925], "rotation": 180, "texture": "#1"}
			}
		},
		{
			"from": [7.88604, 27.563, 6.6544],
			"to": [8.11396, 29.81688, 7.89908],
			"rotation": {"angle": 22.5, "axis": "x", "origin": [8, 27.563, 6.6544]},
			"faces": {
				"north": {"uv": [0.7, 0, 1.4, 1.675], "rotation": 180, "texture": "#1"},
				"east": {"uv": [2, 0, 2.925, 1.675], "rotation": 180, "texture": "#1"},
				"south": {"uv": [0.7, 0, 1.4, 1.675], "rotation": 180, "texture": "#1"},
				"west": {"uv": [2, 0, 2.925, 1.675], "rotation": 180, "texture": "#1"},
				"up": {"uv": [0.7, 2, 1.4, 2.925], "rotation": 180, "texture": "#1"},
				"down": {"uv": [0.7, 2, 1.4, 2.925], "rotation": 180, "texture": "#1"}
			}
		},
		{
			"from": [7.65, 29.1878, 7.64179],
			"to": [8.35, 29.7078, 8.16179],
			"rotation": {"angle": 45, "axis": "x", "origin": [8, 29.2253, 7.70429]},
			"faces": {
				"north": {"uv": [0.7, 0, 1.4, 0.52], "rotation": 180, "texture": "#0"},
				"east": {"uv": [2, 0, 2.52, 0.52], "rotation": 180, "texture": "#0"},
				"south": {"uv": [0.7, 0, 1.4, 0.52], "rotation": 180, "texture": "#0"},
				"west": {"uv": [2, 0, 2.52, 0.52], "rotation": 180, "texture": "#0"},
				"up": {"uv": [0.7, 2, 1.4, 2.52], "rotation": 180, "texture": "#0"},
				"down": {"uv": [0.7, 2, 1.4, 2.52], "rotation": 180, "texture": "#0"}
			}
		},
		{
			"from": [7.794, 29.35085, 7.58447],
			"to": [8.206, 29.95405, 8.18767],
			"rotation": {"angle": 45, "axis": "x", "origin": [8, 29.39435, 7.65697]},
			"faces": {
				"north": {"uv": [0.7, 0, 1.4, 0.52], "rotation": 180, "texture": "#1"},
				"east": {"uv": [2, 0, 2.52, 0.52], "rotation": 180, "texture": "#1"},
				"south": {"uv": [0.7, 0, 1.4, 0.52], "rotation": 180, "texture": "#1"},
				"west": {"uv": [2, 0, 2.52, 0.52], "rotation": 180, "texture": "#1"},
				"up": {"uv": [0.7, 2, 1.4, 2.52], "rotation": 180, "texture": "#1"},
				"down": {"uv": [0.7, 2, 1.4, 2.52], "rotation": 180, "texture": "#1"}
			}
		},
		{
			"from": [7.88604, 29.56499, 7.51799],
			"to": [8.11396, 30.2647, 8.2177],
			"rotation": {"angle": 45, "axis": "x", "origin": [8, 29.61545, 7.60209]},
			"faces": {
				"north": {"uv": [0.7, 0, 1.4, 0.52], "rotation": 180, "texture": "#1"},
				"east": {"uv": [2, 0, 2.52, 0.52], "rotation": 180, "texture": "#1"},
				"south": {"uv": [0.7, 0, 1.4, 0.52], "rotation": 180, "texture": "#1"},
				"west": {"uv": [2, 0, 2.52, 0.52], "rotation": 180, "texture": "#1"},
				"up": {"uv": [0.7, 2, 1.4, 2.52], "rotation": 180, "texture": "#1"},
				"down": {"uv": [0.7, 2, 1.4, 2.52], "rotation": 180, "texture": "#1"}
			}
		},
		{
			"from": [7.65, 27.7, 8.075],
			"to": [8.35, 29.375, 9],
			"rotation": {"angle": -22.5, "axis": "x", "origin": [8, 27.7, 9]},
			"faces": {
				"north": {"uv": [1.4, 0, 2.1, 1.675], "rotation": 180, "texture": "#0"},
				"east": {"uv": [3, 0, 3.925, 1.675], "rotation": 180, "texture": "#0"},
				"south": {"uv": [1.4, 0, 2.1, 1.675], "rotation": 180, "texture": "#0"},
				"west": {"uv": [3, 0, 3.925, 1.675], "rotation": 180, "texture": "#0"},
				"up": {"uv": [0.7, 3, 1.4, 3.925], "rotation": 180, "texture": "#0"},
				"down": {"uv": [0.7, 3, 1.4, 3.925], "rotation": 180, "texture": "#0"}
			}
		},
		{
			"from": [7.794, 27.625, 8.087],
			"to": [8.206, 29.568, 9.16],
			"rotation": {"angle": -22.5, "axis": "x", "origin": [8, 27.625, 9.16]},
			"faces": {
				"north": {"uv": [1.4, 0, 2.1, 1.675], "rotation": 180, "texture": "#1"},
				"east": {"uv": [3, 0, 3.925, 1.675], "rotation": 180, "texture": "#1"},
				"south": {"uv": [1.4, 0, 2.1, 1.675], "rotation": 180, "texture": "#1"},
				"west": {"uv": [3, 0, 3.925, 1.675], "rotation": 180, "texture": "#1"},
				"up": {"uv": [0.7, 3, 1.4, 3.925], "rotation": 180, "texture": "#1"},
				"down": {"uv": [0.7, 3, 1.4, 3.925], "rotation": 180, "texture": "#1"}
			}
		},
		{
			"from": [7.88604, 27.563, 8.10092],
			"to": [8.11396, 29.81688, 9.3456],
			"rotation": {"angle": -22.5, "axis": "x", "origin": [8, 27.563, 9.3456]},
			"faces": {
				"north": {"uv": [1.4, 0, 2.1, 1.675], "rotation": 180, "texture": "#1"},
				"east": {"uv": [3, 0, 3.925, 1.675], "rotation": 180, "texture": "#1"},
				"south": {"uv": [1.4, 0, 2.1, 1.675], "rotation": 180, "texture": "#1"},
				"west": {"uv": [3, 0, 3.925, 1.675], "rotation": 180, "texture": "#1"},
				"up": {"uv": [0.7, 3, 1.4, 3.925], "rotation": 180, "texture": "#1"},
				"down": {"uv": [0.7, 3, 1.4, 3.925], "rotation": 180, "texture": "#1"}
			}
		},
		{
			"from": [7.65, -2.5, 10.6],
			"to": [8.35, -1.75, 11.6],
			"rotation": {"angle": -22.5, "axis": "x", "origin": [8, -2.5, 11.6]},
			"faces": {
				"north": {"uv": [0, 0, 0.7, 0.75], "rotation": 180, "texture": "#0"},
				"east": {"uv": [0, 0, 0.75, 1], "rotation": 270, "texture": "#0"},
				"south": {"uv": [0, 0, 0.7, 0.75], "texture": "#0"},
				"west": {"uv": [0, 0, 0.75, 1], "rotation": 90, "texture": "#0"},
				"up": {"uv": [0, 0, 0.7, 1], "rotation": 180, "texture": "#0"},
				"down": {"uv": [0, 0, 0.7, 1], "texture": "#0"}
			}
		},
		{
			"from": [7.744, -2.525, 10.741],
			"to": [8.256, -1.655, 11.901],
			"rotation": {"angle": -22.5, "axis": "x", "origin": [8, -2.525, 11.901]},
			"faces": {
				"north": {"uv": [0, 0, 0.7, 0.75], "rotation": 180, "texture": "#1"},
				"east": {"uv": [0, 0, 0.75, 1], "rotation": 270, "texture": "#1"},
				"south": {"uv": [0, 0, 0.7, 0.75], "texture": "#1"},
				"west": {"uv": [0, 0, 0.75, 1], "rotation": 90, "texture": "#1"},
				"up": {"uv": [0, 0, 0.7, 1], "rotation": 180, "texture": "#1"},
				"down": {"uv": [0, 0, 0.7, 1], "texture": "#1"}
			}
		},
		{
			"from": [7.86104, -2.554, 10.92956],
			"to": [8.13896, -1.5448, 12.27516],
			"rotation": {"angle": -22.5, "axis": "x", "origin": [8, -2.554, 12.27516]},
			"faces": {
				"north": {"uv": [0, 0, 0.7, 0.75], "rotation": 180, "texture": "#1"},
				"east": {"uv": [0, 0, 0.75, 1], "rotation": 270, "texture": "#1"},
				"south": {"uv": [0, 0, 0.7, 0.75], "texture": "#1"},
				"west": {"uv": [0, 0, 0.75, 1], "rotation": 90, "texture": "#1"},
				"up": {"uv": [0, 0, 0.7, 1], "rotation": 180, "texture": "#1"},
				"down": {"uv": [0, 0, 0.7, 1], "texture": "#1"}
			}
		},
		{
			"from": [7.65, -1.75, 9.85],
			"to": [8.35, -0.75, 10.6],
			"rotation": {"angle": 22.5, "axis": "x", "origin": [8, -0.75, 9.85]},
			"faces": {
				"north": {"uv": [0, 1, 0.7, 2], "rotation": 180, "texture": "#0"},
				"east": {"uv": [0, 1, 0.75, 2], "rotation": 180, "texture": "#0"},
				"south": {"uv": [0, 1, 0.7, 2], "rotation": 180, "texture": "#0"},
				"west": {"uv": [0, 1, 0.75, 2], "rotation": 180, "texture": "#0"},
				"up": {"uv": [0.7, 0, 1.4, 0.75], "rotation": 180, "texture": "#0"},
				"down": {"uv": [0.7, 0, 1.4, 0.75], "rotation": 180, "texture": "#0"}
			}
		},
		{
			"from": [7.794, -1.655, 9.871],
			"to": [8.206, -0.495, 10.741],
			"rotation": {"angle": 22.5, "axis": "x", "origin": [8, -0.495, 9.871]},
			"color": 7,
			"faces": {
				"north": {"uv": [0, 1, 0.7, 2], "rotation": 180, "texture": "#missing"},
				"east": {"uv": [0, 1, 0.75, 2], "rotation": 180, "texture": "#missing"},
				"south": {"uv": [0, 1, 0.7, 2], "rotation": 180, "texture": "#missing"},
				"west": {"uv": [0, 1, 0.75, 2], "rotation": 180, "texture": "#missing"},
				"up": {"uv": [0.7, 0, 1.4, 0.75], "rotation": 180, "texture": "#missing"},
				"down": {"uv": [0.7, 0, 1.4, 0.75], "rotation": 180, "texture": "#missing"}
			}
		},
		{
			"from": [7.86104, -1.5448, 9.92036],
			"to": [8.13896, -0.1992, 10.92956],
			"rotation": {"angle": 22.5, "axis": "x", "origin": [8, -0.1992, 9.92036]},
			"color": 7,
			"faces": {
				"north": {"uv": [0, 1, 0.7, 2], "rotation": 180, "texture": "#missing"},
				"east": {"uv": [0, 1, 0.75, 2], "rotation": 180, "texture": "#missing"},
				"south": {"uv": [0, 1, 0.7, 2], "rotation": 180, "texture": "#missing"},
				"west": {"uv": [0, 1, 0.75, 2], "rotation": 180, "texture": "#missing"},
				"up": {"uv": [0.7, 0, 1.4, 0.75], "rotation": 180, "texture": "#missing"},
				"down": {"uv": [0.7, 0, 1.4, 0.75], "rotation": 180, "texture": "#missing"}
			}
		},
		{
			"from": [7.65, -1.75, 5.4],
			"to": [8.35, -0.75, 6.15],
			"rotation": {"angle": -22.5, "axis": "x", "origin": [8, -0.75, 6.15]},
			"faces": {
				"north": {"uv": [0.7, 1, 1.4, 2], "rotation": 180, "texture": "#0"},
				"east": {"uv": [0.75, 1, 1.5, 2], "rotation": 180, "texture": "#0"},
				"south": {"uv": [0.7, 1, 1.4, 2], "rotation": 180, "texture": "#0"},
				"west": {"uv": [0.75, 1, 1.5, 2], "rotation": 180, "texture": "#0"},
				"up": {"uv": [0.7, 0.75, 1.4, 1.5], "rotation": 180, "texture": "#0"},
				"down": {"uv": [0.7, 0.75, 1.4, 1.5], "rotation": 180, "texture": "#0"}
			}
		},
		{
			"from": [7.65, -1.8, 10.325],
			"to": [8.35, -0.7, 11.305],
			"rotation": {"angle": -45, "axis": "x", "origin": [8, -1.8, 11.325]},
			"faces": {
				"north": {"uv": [0, 0, 0.7, 1.1], "rotation": 180, "texture": "#0"},
				"east": {"uv": [0, 0, 1.1, 0.98], "rotation": 270, "texture": "#0"},
				"south": {"uv": [0, 0, 0.7, 1.1], "texture": "#0"},
				"west": {"uv": [0, 0, 1.1, 0.98], "rotation": 90, "texture": "#0"},
				"up": {"uv": [0, 0, 0.7, 0.98], "rotation": 180, "texture": "#0"},
				"down": {"uv": [0, 0, 0.7, 0.98], "texture": "#0"}
			}
		},
		{
			"from": [7.744, -1.713, 10.422],
			"to": [8.256, -0.437, 11.5588],
			"rotation": {"angle": -45, "axis": "x", "origin": [8, -1.713, 11.582]},
			"faces": {
				"north": {"uv": [0, 0, 0.7, 1.1], "rotation": 180, "texture": "#1"},
				"east": {"uv": [0, 0, 1.1, 0.98], "rotation": 270, "texture": "#1"},
				"south": {"uv": [0, 0, 0.7, 1.1], "texture": "#1"},
				"west": {"uv": [0, 0, 1.1, 0.98], "rotation": 90, "texture": "#1"},
				"up": {"uv": [0, 0, 0.7, 0.98], "rotation": 180, "texture": "#1"},
				"down": {"uv": [0, 0, 0.7, 0.98], "texture": "#1"}
			}
		},
		{
			"from": [7.744, -1.713, 4.4912],
			"to": [8.256, -0.437, 5.653],
			"rotation": {"angle": 45, "axis": "x", "origin": [8, -1.713, 4.418]},
			"faces": {
				"north": {"uv": [0.7, 0, 0, 1.1], "texture": "#1"},
				"east": {"uv": [0, 0.98, 1.1, 0], "rotation": 270, "texture": "#1"},
				"south": {"uv": [0.7, 0, 0, 1.1], "rotation": 180, "texture": "#0"},
				"west": {"uv": [0, 0.98, 1.1, 0], "rotation": 90, "texture": "#1"},
				"up": {"uv": [0, 0.98, 0.7, 0], "rotation": 180, "texture": "#1"},
				"down": {"uv": [0, 0.98, 0.7, 0], "texture": "#1"}
			}
		},
		{
			"from": [7.86104, -1.61208, 10.55952],
			"to": [8.13896, -0.13192, 11.87821],
			"rotation": {"angle": -45, "axis": "x", "origin": [8, -1.61208, 11.90512]},
			"faces": {
				"north": {"uv": [0, 0, 0.7, 1.1], "rotation": 180, "texture": "#1"},
				"east": {"uv": [0, 0, 1.1, 0.98], "rotation": 270, "texture": "#1"},
				"south": {"uv": [0, 0, 0.7, 1.1], "texture": "#1"},
				"west": {"uv": [0, 0, 1.1, 0.98], "rotation": 90, "texture": "#1"},
				"up": {"uv": [0, 0, 0.7, 0.98], "rotation": 180, "texture": "#1"},
				"down": {"uv": [0, 0, 0.7, 0.98], "texture": "#1"}
			}
		},
		{
			"from": [7.86104, -1.61208, 4.27179],
			"to": [8.13896, -0.13192, 5.61548],
			"rotation": {"angle": 45, "axis": "x", "origin": [8, -1.61208, 4.09488]},
			"faces": {
				"north": {"uv": [0.7, 0, 0, 1.1], "texture": "#1"},
				"east": {"uv": [0, 0.98, 1.1, 0], "rotation": 270, "texture": "#1"},
				"south": {"uv": [0.7, 0, 0, 1.1], "rotation": 180, "texture": "#0"},
				"west": {"uv": [0, 0.98, 1.1, 0], "rotation": 90, "texture": "#1"},
				"up": {"uv": [0, 0.98, 0.7, 0], "rotation": 180, "texture": "#1"},
				"down": {"uv": [0, 0.98, 0.7, 0], "texture": "#1"}
			}
		},
		{
			"from": [7.65, -1.8, 4.695],
			"to": [8.35, -0.7, 5.675],
			"rotation": {"angle": 45, "axis": "x", "origin": [8, -1.8, 4.675]},
			"faces": {
				"north": {"uv": [0.7, 0, 1.4, 1.1], "texture": "#0"},
				"east": {"uv": [0, 0.98, 1.1, 1.96], "rotation": 270, "texture": "#0"},
				"south": {"uv": [0.7, 0, 1.4, 1.1], "rotation": 180, "texture": "#0"},
				"west": {"uv": [0, 0.98, 1.1, 1.96], "rotation": 90, "texture": "#0"},
				"up": {"uv": [0, 0.98, 0.7, 1.96], "rotation": 180, "texture": "#0"},
				"down": {"uv": [0, 0.98, 0.7, 1.96], "texture": "#0"}
			}
		},
		{
			"from": [7.5585, -5.40635, 6.35389],
			"to": [8.4415, -3.35435, 11.88889],
			"rotation": {"angle": 0, "axis": "x", "origin": [8, -4.38035, 8.89639]},
			"faces": {
				"north": {"uv": [0, 0, 0.95, 1.8], "rotation": 180, "texture": "#1"},
				"east": {"uv": [0, 0, 1.8, 5.25], "rotation": 270, "texture": "#1"},
				"south": {"uv": [0, 0, 0.95, 1.8], "texture": "#1"},
				"west": {"uv": [0, 0, 1.8, 5.25], "rotation": 90, "texture": "#1"},
				"up": {"uv": [0, 0, 0.95, 5.25], "rotation": 180, "texture": "#1"},
				"down": {"uv": [0, 0, 0.95, 5.25], "texture": "#1"}
			}
		},
		{
			"from": [7.587, -4.27365, 11.45243],
			"to": [8.413, -3.39015, 12.36443],
			"rotation": {"angle": -45, "axis": "x", "origin": [8, -3.9459, 12.07943]},
			"faces": {
				"north": {"uv": [0, 0, 0.9, 0.775], "rotation": 180, "texture": "#1"},
				"east": {"uv": [0, 0, 0.775, 0.8], "rotation": 270, "texture": "#1"},
				"south": {"uv": [0, 0, 0.9, 0.775], "texture": "#1"},
				"west": {"uv": [0, 0, 0.775, 0.8], "rotation": 90, "texture": "#1"},
				"up": {"uv": [0, 0, 0.9, 0.8], "rotation": 180, "texture": "#1"},
				"down": {"uv": [0, 0, 0.9, 0.8], "texture": "#1"}
			}
		},
		{
			"from": [7.587, -5.37056, 5.87835],
			"to": [8.413, -4.48706, 6.79035],
			"rotation": {"angle": -45, "axis": "x", "origin": [8, -4.81481, 6.16335]},
			"faces": {
				"north": {"uv": [0.9, 0.775, 1.8, 1.55], "texture": "#1"},
				"east": {"uv": [0.775, 0.8, 1.55, 1.6], "rotation": 270, "texture": "#1"},
				"south": {"uv": [0.9, 0.775, 1.8, 1.55], "rotation": 180, "texture": "#1"},
				"west": {"uv": [0.775, 0.8, 1.55, 1.6], "rotation": 90, "texture": "#1"},
				"up": {"uv": [1.8, 0, 2.7, 0.8], "texture": "#1"},
				"down": {"uv": [1.8, 0, 2.7, 0.8], "rotation": 180, "texture": "#1"}
			}
		},
		{
			"from": [7.587, -3.8034, 9.64268],
			"to": [8.413, -2.8914, 10.52618],
			"rotation": {"angle": -45, "axis": "x", "origin": [8, -3.1764, 10.19843]},
			"faces": {
				"north": {"uv": [0, 0, 0.9, 0.8], "texture": "#1"},
				"east": {"uv": [0, 0, 0.775, 0.8], "texture": "#1"},
				"south": {"uv": [0, 0, 0.9, 0.8], "texture": "#1"},
				"west": {"uv": [0, 0, 0.775, 0.8], "texture": "#1"},
				"up": {"uv": [0, 0, 0.9, 0.775], "texture": "#1"},
				"down": {"uv": [0, 0, 0.9, 0.775], "texture": "#1"}
			}
		},
		{
			"from": [7.587, -5.37056, 11.79443],
			"to": [8.413, -4.48706, 12.36443],
			"rotation": {"angle": 45, "axis": "x", "origin": [8, -4.81481, 12.07943]},
			"faces": {
				"north": {"uv": [0, 0.975, 0.9, 1.75], "rotation": 180, "texture": "#1"},
				"east": {"uv": [0.975, 0, 1.75, 0.5], "rotation": 270, "texture": "#1"},
				"south": {"uv": [0, 0.975, 0.9, 1.75], "texture": "#1"},
				"west": {"uv": [0.975, 0, 1.75, 0.5], "rotation": 90, "texture": "#1"},
				"up": {"uv": [0, 0.5, 0.9, 1], "texture": "#1"},
				"down": {"uv": [0, 0.5, 0.9, 1], "rotation": 180, "texture": "#1"}
			}
		},
		{
			"from": [7.587, -4.27365, 5.87835],
			"to": [8.413, -3.39015, 6.44835],
			"rotation": {"angle": 45, "axis": "x", "origin": [8, -3.9459, 6.16335]},
			"faces": {
				"north": {"uv": [0.9, 1.75, 1.8, 2.525], "texture": "#1"},
				"east": {"uv": [1.75, 0.5, 2.525, 1], "rotation": 270, "texture": "#1"},
				"south": {"uv": [0.9, 1.75, 1.8, 2.525], "rotation": 180, "texture": "#1"},
				"west": {"uv": [1.75, 0.5, 2.525, 1], "rotation": 90, "texture": "#1"},
				"up": {"uv": [1.8, 0.5, 2.7, 1], "rotation": 180, "texture": "#1"},
				"down": {"uv": [1.8, 0.5, 2.7, 1], "texture": "#1"}
			}
		},
		{
			"from": [7.587, -3.4614, 10.73959],
			"to": [8.413, -2.8914, 11.62309],
			"rotation": {"angle": 45, "axis": "x", "origin": [8, -3.1764, 11.06734]},
			"faces": {
				"north": {"uv": [0, 0.5, 0.9, 1], "rotation": 180, "texture": "#1"},
				"east": {"uv": [0.975, 0, 1.75, 0.5], "texture": "#1"},
				"south": {"uv": [0, 0.5, 0.9, 1], "rotation": 180, "texture": "#1"},
				"west": {"uv": [0.975, 0, 1.75, 0.5], "texture": "#1"},
				"up": {"uv": [0, 0.975, 0.9, 1.75], "texture": "#1"},
				"down": {"uv": [0, 0.975, 0.9, 1.75], "texture": "#1"}
			}
		},
		{
			"from": [7.58828, -4.77206, 11.93693],
			"to": [8.41086, -3.97406, 12.50693],
			"rotation": {"angle": 0, "axis": "x", "origin": [8, -4.30181, 12.22193]},
			"faces": {
				"north": {"uv": [0, 0.975, 0.897, 1.675], "rotation": 180, "texture": "#1"},
				"east": {"uv": [0.975, 0, 1.675, 0.5], "rotation": 270, "texture": "#1"},
				"south": {"uv": [0, 0.975, 0.897, 1.675], "texture": "#1"},
				"west": {"uv": [0.975, 0, 1.675, 0.5], "rotation": 90, "texture": "#1"},
				"up": {"uv": [0, 0.5, 0.897, 1], "texture": "#1"},
				"down": {"uv": [0, 0.5, 0.897, 1], "rotation": 180, "texture": "#1"}
			}
		},
		{
			"from": [7.58828, -4.78665, 5.73585],
			"to": [8.41086, -3.98865, 6.30585],
			"rotation": {"angle": 0, "axis": "x", "origin": [8, -4.4589, 6.02085]},
			"faces": {
				"north": {"uv": [0.897, 1.675, 1.794, 2.375], "texture": "#1"},
				"east": {"uv": [1.675, 0.5, 2.375, 1], "rotation": 270, "texture": "#1"},
				"south": {"uv": [0.897, 1.675, 1.794, 2.375], "rotation": 180, "texture": "#1"},
				"west": {"uv": [1.675, 0.5, 2.375, 1], "rotation": 90, "texture": "#1"},
				"up": {"uv": [1.794, 0.5, 2.691, 1], "rotation": 180, "texture": "#1"},
				"down": {"uv": [1.794, 0.5, 2.691, 1], "texture": "#1"}
			}
		},
		{
			"from": [7.58828, -3.3189, 10.22659],
			"to": [8.41086, -2.7489, 11.02459],
			"rotation": {"angle": 0, "axis": "x", "origin": [8, -3.0339, 10.55434]},
			"faces": {
				"north": {"uv": [0, 0.5, 0.897, 1], "rotation": 180, "texture": "#1"},
				"east": {"uv": [0.975, 0, 1.675, 0.5], "texture": "#1"},
				"south": {"uv": [0, 0.5, 0.897, 1], "rotation": 180, "texture": "#1"},
				"west": {"uv": [0.975, 0, 1.675, 0.5], "texture": "#1"},
				"up": {"uv": [0, 0.975, 0.897, 1.675], "texture": "#1"},
				"down": {"uv": [0, 0.975, 0.897, 1.675], "texture": "#1"}
			}
		},
		{
			"from": [7.64844, -15.93125, 7.15625],
			"to": [8.35156, -14.57813, 8.84375],
			"rotation": {"angle": 0, "axis": "y", "origin": [8, -16.725, 8]},
			"faces": {
				"north": {"uv": [0, 0, 0.70313, 1.35313], "texture": "#1"},
				"east": {"uv": [0, 0, 1.6875, 1.35313], "texture": "#1"},
				"south": {"uv": [0, 0, 0.70313, 1.35313], "texture": "#1"},
				"west": {"uv": [0, 0, 1.6875, 1.35313], "texture": "#1"},
				"up": {"uv": [0, 0, 0.70313, 1.6875], "texture": "#1"},
				"down": {"uv": [0, 0, 0.70313, 1.6875], "texture": "#1"}
			}
		},
		{
			"from": [7.15625, -15.93125, 7.64844],
			"to": [8.84375, -14.57813, 8.35156],
			"rotation": {"angle": -45, "axis": "y", "origin": [8, -16.725, 8]},
			"faces": {
				"north": {"uv": [0, 0, 1.6875, 1.35313], "texture": "#1"},
				"east": {"uv": [0, 0, 0.70313, 1.35313], "texture": "#1"},
				"south": {"uv": [0, 0, 1.6875, 1.35313], "texture": "#1"},
				"west": {"uv": [0, 0, 0.70313, 1.35313], "texture": "#1"},
				"up": {"uv": [0, 0, 0.70313, 1.6875], "rotation": 90, "texture": "#1"},
				"down": {"uv": [0, 0, 0.70313, 1.6875], "rotation": 270, "texture": "#1"}
			}
		},
		{
			"from": [7.64844, -15.93125, 7.15625],
			"to": [8.35156, -14.57813, 8.84375],
			"rotation": {"angle": -45, "axis": "y", "origin": [8, -16.725, 8]},
			"faces": {
				"north": {"uv": [0, 0, 0.70313, 1.35313], "texture": "#1"},
				"east": {"uv": [0, 0, 1.6875, 1.35313], "texture": "#1"},
				"south": {"uv": [0, 0, 0.70313, 1.35313], "texture": "#1"},
				"west": {"uv": [0, 0, 1.6875, 1.35313], "texture": "#1"},
				"up": {"uv": [0, 0, 0.70313, 1.6875], "texture": "#1"},
				"down": {"uv": [0, 0, 0.70313, 1.6875], "texture": "#1"}
			}
		},
		{
			"from": [7.15625, -15.93125, 7.64844],
			"to": [8.84375, -14.57813, 8.35156],
			"rotation": {"angle": 0, "axis": "y", "origin": [8, -16.725, 8]},
			"faces": {
				"north": {"uv": [0, 0, 1.6875, 1.35313], "texture": "#1"},
				"east": {"uv": [0, 0, 0.70313, 1.35313], "texture": "#1"},
				"south": {"uv": [0, 0, 1.6875, 1.35313], "texture": "#1"},
				"west": {"uv": [0, 0, 0.70313, 1.35313], "texture": "#1"},
				"up": {"uv": [0, 0, 0.70313, 1.6875], "rotation": 90, "texture": "#1"},
				"down": {"uv": [0, 0, 0.70313, 1.6875], "rotation": 270, "texture": "#1"}
			}
		}
	],
	"display": {
		"thirdperson_righthand": {
			"rotation": [0, -180, 0],
			"translation": [0, 11.75, 1],
			"scale": [0.8, 0.8, 0.8]
		},
		"thirdperson_lefthand": {
			"rotation": [0, -180, 0],
			"translation": [0, 11.75, 1],
			"scale": [0.8, 0.8, 0.8]
		},
		"firstperson_righthand": {
			"rotation": [0, -180, 0],
			"translation": [3.75, 9, 0.5],
			"scale": [0.8, 0.8, 0.8]
		},
		"firstperson_lefthand": {
			"rotation": [0, -180, 0],
			"translation": [3.75, 9, 0.5],
			"scale": [0.8, 0.8, 0.8]
		},
		"ground": {
			"rotation": [0, 0, 90]
		},
		"gui": {
			"rotation": [90, -137, 90],
			"scale": [0.5, 0.5, 0.5]
		},
		"head": {
			"rotation": [90, 44, 90],
			"translation": [3.75, -14, 4.25]
		},
		"fixed": {
			"rotation": [90, 0, 90],
			"translation": [0, 0, -1.5]
		}
	},
	"groups": [
		{
			"name": "group",
			"origin": [8, 0.5, 8],
			"children": [0, 1, 2, 3]
		},
		{
			"name": "group",
			"origin": [8, 0.5, 8],
			"children": [4, 5, 6, 7]
		},
		{
			"name": "group",
			"origin": [8, 0.5, 8],
			"children": [8, 9, 10, 11]
		},
		{
			"name": "group",
			"origin": [15.5, 18, 15.5],
			"children": [12, 13, 14, 15, 16, 17, 18, 19, 20, 21]
		},
		{
			"name": "group",
			"origin": [8, 12.8061, 10.55434],
			"children": [22, 23, 24, 25, 26, 27, 28, 29, 30, 31]
		},
		{
			"name": "group",
			"origin": [8, 14.2, 4.675],
			"children": [32, 33, 34, 35, 36, 37, 38, 39, 40, 41, 42, 43, 44, 45, 46, 47, 48, 49, 50, 51, 52, 53, 54, 55, 56, 57, 58, 59, 60, 61, 62, 63, 64, 65, 66, 67, 68, 69, 70, 71, 72, 73, 74, 75, 76, 77, 78, 79, 80, 81, 82, 83]
		},
		{
			"name": "group",
			"origin": [8, 12.8061, 10.55434],
			"children": [84, 85, 86, 87, 88, 89, 90, 91, 92, 93]
		},
		{
			"name": "group",
			"origin": [8, 0.5, 8],
			"children": [94, 95, 96, 97]
		}
	]
}