{
	"credit": "Made with Blockbench",
	"texture_size": [32, 32],
	"textures": {
		"1": "customhats:item/dripleafhat"
	},
	"elements": [
		{
			"name": "up",
			"from": [4, 8, 4],
			"to": [12, 8, 12],
			"faces": {
				"up": {"uv": [4, 0, 8, 4], "texture": "#1"},
				"down": {"uv": [4, 0, 8, 4], "texture": "#1"}
			}
		},
		{
			"name": "north",
			"from": [4, 0, 4],
			"to": [12, 8, 4],
			"faces": {
				"north": {"uv": [4, 4, 8, 8], "texture": "#1"},
				"south": {"uv": [8, 4, 4, 8], "texture": "#1"}
			}
		},
		{
			"name": "south",
			"from": [4, 0, 12],
			"to": [12, 8, 12],
			"faces": {
				"north": {"uv": [16, 4, 12, 8], "texture": "#1"},
				"south": {"uv": [12, 4, 16, 8], "texture": "#1"}
			}
		},
		{
			"name": "east",
			"from": [12, 0, 4],
			"to": [12, 8, 12],
			"faces": {
				"east": {"uv": [0, 4, 4, 8], "texture": "#1"},
				"west": {"uv": [4, 4, 0, 8], "texture": "#1"}
			}
		},
		{
			"name": "west",
			"from": [4, 0, 4],
			"to": [4, 8, 12],
			"faces": {
				"east": {"uv": [12, 4, 8, 8], "texture": "#1"},
				"west": {"uv": [8, 4, 12, 8], "texture": "#1"}
			}
		}
	],
	"display": {
		"thirdperson_righthand": {
			"translation": [0, 3, 0]
		},
		"thirdperson_lefthand": {
			"translation": [0, 3, 0]
		},
		"firstperson_righthand": {
			"translation": [0, 3, 0]
		},
		"firstperson_lefthand": {
			"translation": [0, 3, 0]
		},
		"ground": {
			"translation": [0, 6, 0],
			"scale": [1.25, 1.25, 1.25]
		},
		"gui": {
			"rotation": [30, -135, 0],
			"translation": [0, 1, 0],
			"scale": [1.25, 1.25, 1.25]
		},
		"head": {
			"translation": [0, 7.5, 0],
			"scale": [1.75, 1.75, 1.75]
		},
		"fixed": {
			"rotation": [-90, 0, 0],
			"translation": [0, 0, -9.5],
			"scale": [2, 2, 2]
		}
	}
}