{
	"credit": "Made with Blockbench",
	"texture_size": [64, 64],
	"textures": {
		"0": "customhats:item/witchhat",
		"particle": "customhats:item/witchhat"
	},
	"elements": [
		{
			"name": "brim",
			"from": [1, 0, 1],
			"to": [15, 0, 15],
			"faces": {
				"north": {"uv": [0, 0, 3.5, 0], "texture": "#0"},
				"east": {"uv": [0, 0, 3.5, 0], "texture": "#0"},
				"south": {"uv": [0, 0, 3.5, 0], "texture": "#0"},
				"west": {"uv": [0, 0, 3.5, 0], "texture": "#0"},
				"up": {"uv": [3.5, 3.5, 0, 0], "texture": "#0"},
				"down": {"uv": [3.5, 3.5, 0, 7], "texture": "#0"}
			}
		},
		{
			"name": "hat1",
			"from": [3, 0, 3],
			"to": [13, 1, 13],
			"faces": {
				"north": {"uv": [7.5, 6.75, 10, 7], "texture": "#0"},
				"east": {"uv": [8, 4.5, 10.5, 4.75], "texture": "#0"},
				"south": {"uv": [4, 8.75, 6.5, 9], "texture": "#0"},
				"west": {"uv": [6.5, 8.75, 9, 9], "texture": "#0"},
				"up": {"uv": [6, 2.5, 3.5, 0], "texture": "#0"},
				"down": {"uv": [6, 2.5, 3.5, 5], "texture": "#0"}
			}
		},
		{
			"name": "hat2",
			"from": [4, 1, 4],
			"to": [12, 4, 12],
			"faces": {
				"north": {"uv": [6, 4, 8, 4.75], "texture": "#0"},
				"east": {"uv": [3, 7, 5, 7.75], "texture": "#0"},
				"south": {"uv": [5, 7, 7, 7.75], "texture": "#0"},
				"west": {"uv": [7, 7, 9, 7.75], "texture": "#0"},
				"up": {"uv": [5.5, 7, 3.5, 5], "texture": "#0"},
				"down": {"uv": [7.5, 5, 5.5, 7], "texture": "#0"}
			}
		},
		{
			"name": "hat3",
			"from": [5, 2, 3.5],
			"to": [11, 6, 9.5],
			"rotation": {"angle": 22.5, "axis": "x", "origin": [8, 0, 8]},
			"faces": {
				"north": {"uv": [7.5, 4.75, 9, 5.75], "texture": "#0"},
				"east": {"uv": [7.5, 5.75, 9, 6.75], "texture": "#0"},
				"south": {"uv": [3, 7.75, 4.5, 8.75], "texture": "#0"},
				"west": {"uv": [4.5, 7.75, 6, 8.75], "texture": "#0"},
				"up": {"uv": [1.5, 8.5, 0, 7], "texture": "#0"},
				"down": {"uv": [3, 7, 1.5, 8.5], "texture": "#0"}
			}
		},
		{
			"name": "hat4",
			"from": [6, 4, 2.5],
			"to": [10, 8, 6.5],
			"rotation": {"angle": 45, "axis": "x", "origin": [8, 0, 8]},
			"faces": {
				"north": {"uv": [6, 7.75, 7, 8.75], "texture": "#0"},
				"east": {"uv": [7, 7.75, 8, 8.75], "texture": "#0"},
				"south": {"uv": [8, 0, 9, 1], "texture": "#0"},
				"west": {"uv": [8, 1, 9, 2], "texture": "#0"},
				"up": {"uv": [9, 3, 8, 2], "texture": "#0"},
				"down": {"uv": [9, 3, 8, 4], "texture": "#0"}
			}
		},
		{
			"name": "hat5",
			"from": [7, 5.5, 13],
			"to": [9, 7.5, 16],
			"rotation": {"angle": -22.5, "axis": "x", "origin": [8, 0, 8]},
			"faces": {
				"north": {"uv": [1.25, 9, 1.75, 9.5], "texture": "#0"},
				"east": {"uv": [0, 9, 0.75, 9.5], "texture": "#0"},
				"south": {"uv": [9, 1.25, 9.5, 1.75], "texture": "#0"},
				"west": {"uv": [9, 0, 9.75, 0.5], "texture": "#0"},
				"up": {"uv": [9.5, 1.25, 9, 0.5], "texture": "#0"},
				"down": {"uv": [1.25, 9, 0.75, 9.75], "texture": "#0"}
			}
		},
		{
			"name": "buckle",
			"from": [6, 1, 3.89],
			"to": [10, 4, 3.89],
			"faces": {
				"north": {"uv": [2, 8.5, 3, 9.25], "texture": "#0"},
				"east": {"uv": [0, 0, 0, 0.75], "texture": "#0"},
				"south": {"uv": [3, 8.75, 4, 9.5], "texture": "#0"},
				"west": {"uv": [0, 0, 0, 0.75], "texture": "#0"},
				"up": {"uv": [1, 0, 0, 0], "texture": "#0"},
				"down": {"uv": [1, 0, 0, 0], "texture": "#0"}
			}
		},
		{
			"name": "band",
			"from": [3.9, 1.5, 3.9],
			"to": [12.1, 3.5, 12.1],
			"faces": {
				"north": {"uv": [8, 4, 10, 4.5], "texture": "#0"},
				"east": {"uv": [8, 7.75, 10, 8.25], "texture": "#0"},
				"south": {"uv": [8, 8.25, 10, 8.75], "texture": "#0"},
				"west": {"uv": [0, 8.5, 2, 9], "texture": "#0"},
				"up": {"uv": [8, 2, 6, 0], "texture": "#0"},
				"down": {"uv": [8, 2, 6, 4], "texture": "#0"}
			}
		}
	],
	"display": {
		"thirdperson_righthand": {
			"translation": [0, 6, 0],
			"scale": [0.75, 0.75, 0.75]
		},
		"thirdperson_lefthand": {
			"translation": [0, 6, 0],
			"scale": [0.75, 0.75, 0.75]
		},
		"firstperson_righthand": {
			"translation": [0, 6, 0],
			"scale": [0.75, 0.75, 0.75]
		},
		"firstperson_lefthand": {
			"translation": [0, 6, 0],
			"scale": [0.75, 0.75, 0.75]
		},
		"ground": {
			"translation": [0, 6, 0]
		},
		"gui": {
			"rotation": [30, -135, 0],
			"translation": [0, 4, 0]
		},
		"head": {
			"translation": [0, 17.5, 0],
			"scale": [1.5, 1.5, 1.5]
		},
		"fixed": {
			"rotation": [-90, 0, 0],
			"translation": [0, 0, -12],
			"scale": [1.5, 1.5, 1.5]
		}
	},
	"groups": [
		{
			"name": "group",
			"origin": [0, 0, 0],
			"color": 0,
			"children": [0, 1, 2, 3, 4, 5, 6, 7]
		}
	]
}