{
	"credit": "Made with Blockbench",
	"texture_size": [64, 64],
	"textures": {
		"0": "item/bread_sandwich",
		"particle": "item/bread"
	},
	"elements": [
		{
			"from": [4.03166, -0.05, 2.37597],
			"to": [14.03166, 0.2, 12.37597],
			"rotation": {"angle": 45, "axis": "y", "origin": [8.875, 2.4375, 7.73188]},
			"faces": {
				"north": {"uv": [12.75, 7.5, 15.25, 7.5625], "texture": "#0"},
				"east": {"uv": [12.75, 8.25, 15.25, 8.3125], "texture": "#0"},
				"south": {"uv": [12.75, 8, 15.25, 8.0625], "texture": "#0"},
				"west": {"uv": [12.75, 7.75, 15.25, 7.8125], "texture": "#0"},
				"up": {"uv": [12.75, 5, 15.25, 7.5], "texture": "#0"},
				"down": {"uv": [12.75, 2.5, 15.25, 5], "texture": "#0"}
			}
		},
		{
			"from": [6.14312, 0.25, 3.35688],
			"to": [10.14312, 1.25, 11.35688],
			"rotation": {"angle": -22.5, "axis": "y", "origin": [8.875, 2.6875, 7.73188]},
			"faces": {
				"north": {"uv": [3, 3.5, 3.25, 4.5], "rotation": 270, "texture": "#0"},
				"east": {"uv": [0, 0, 2, 0.25], "texture": "#0"},
				"south": {"uv": [3, 2.5, 3.25, 3.5], "rotation": 90, "texture": "#0"},
				"west": {"uv": [2, 0, 4, 0.25], "rotation": 180, "texture": "#0"},
				"up": {"uv": [4, 0, 6, 1], "rotation": 90, "texture": "#0"},
				"down": {"uv": [4, 1, 6, 2], "rotation": 90, "texture": "#0"}
			}
		},
		{
			"from": [6.64312, 0.25, 2.85688],
			"to": [9.64312, 1.25, 3.35688],
			"rotation": {"angle": -22.5, "axis": "y", "origin": [8.875, 2.6875, 7.73188]},
			"faces": {
				"north": {"uv": [3, 2.5, 3.25, 3.25], "rotation": 270, "texture": "#0"},
				"east": {"uv": [2.75, 3.25, 2.875, 3.5], "texture": "#0"},
				"south": {"uv": [3, 2.5, 3.25, 3.25], "rotation": 90, "texture": "#0"},
				"west": {"uv": [3, 4.25, 3.125, 4.5], "rotation": 180, "texture": "#0"},
				"up": {"uv": [3, 2.5, 3.125, 3.25], "rotation": 90, "texture": "#0"},
				"down": {"uv": [3, 2.5, 3.125, 3.25], "rotation": 90, "texture": "#0"}
			}
		},
		{
			"from": [6.64312, 0.25, 11.35688],
			"to": [9.64312, 1.25, 11.85688],
			"rotation": {"angle": -22.5, "axis": "y", "origin": [8.875, 2.6875, 7.73188]},
			"faces": {
				"north": {"uv": [4.75, 2.5, 5, 3.25], "rotation": 270, "texture": "#0"},
				"east": {"uv": [4.25, 2.5, 4.375, 2.75], "texture": "#0"},
				"south": {"uv": [5.25, 2.5, 5.5, 3.25], "rotation": 90, "texture": "#0"},
				"west": {"uv": [5, 4.25, 5.125, 4.5], "rotation": 180, "texture": "#0"},
				"up": {"uv": [4.75, 2.75, 5, 3.5], "rotation": 90, "texture": "#0"},
				"down": {"uv": [5.25, 3.5, 5.5, 4.25], "rotation": 90, "texture": "#0"}
			}
		},
		{
			"from": [10.14312, 0.25, 4.35688],
			"to": [10.64312, 1.25, 10.35688],
			"rotation": {"angle": -22.5, "axis": "y", "origin": [8.875, 2.6875, 7.73188]},
			"faces": {
				"north": {"uv": [0, 0, 0.25, 0.125], "rotation": 270, "texture": "#0"},
				"east": {"uv": [0, 2.5, 1.5, 2.75], "texture": "#0"},
				"south": {"uv": [0, 0, 0.25, 0.125], "rotation": 90, "texture": "#0"},
				"west": {"uv": [3.25, 2.75, 4.75, 3], "rotation": 180, "texture": "#0"},
				"up": {"uv": [3.5, 4, 5, 4.125], "rotation": 90, "texture": "#0"},
				"down": {"uv": [3.25, 3, 4.75, 3.125], "rotation": 90, "texture": "#0"}
			}
		},
		{
			"from": [6.14312, 2.25, 3.35688],
			"to": [10.14312, 3.25, 11.35688],
			"rotation": {"angle": -22.5, "axis": "y", "origin": [8.875, 2.6875, 7.73188]},
			"faces": {
				"north": {"uv": [3, 3.5, 3.25, 4.5], "rotation": 270, "texture": "#0"},
				"east": {"uv": [0, 0, 2, 0.25], "texture": "#0"},
				"south": {"uv": [3, 2.5, 3.25, 3.5], "rotation": 90, "texture": "#0"},
				"west": {"uv": [2, 0, 4, 0.25], "rotation": 180, "texture": "#0"},
				"up": {"uv": [4, 0, 6, 1], "rotation": 90, "texture": "#0"},
				"down": {"uv": [4, 1, 6, 2], "rotation": 90, "texture": "#0"}
			}
		},
		{
			"from": [10.14312, 2.25, 4.35688],
			"to": [10.64312, 3.25, 10.35688],
			"rotation": {"angle": -22.5, "axis": "y", "origin": [8.875, 2.6875, 7.73188]},
			"faces": {
				"north": {"uv": [0, 0, 0.25, 0.125], "rotation": 270, "texture": "#0"},
				"east": {"uv": [0, 2.5, 1.5, 2.75], "texture": "#0"},
				"south": {"uv": [0, 0, 0.25, 0.125], "rotation": 90, "texture": "#0"},
				"west": {"uv": [3.25, 2.75, 4.75, 3], "rotation": 180, "texture": "#0"},
				"up": {"uv": [3.5, 4, 5, 4.125], "rotation": 90, "texture": "#0"},
				"down": {"uv": [3.25, 3, 4.75, 3.125], "rotation": 90, "texture": "#0"}
			}
		},
		{
			"from": [6.64312, 2.25, 11.35688],
			"to": [9.64312, 3.25, 11.85688],
			"rotation": {"angle": -22.5, "axis": "y", "origin": [8.875, 2.6875, 7.73188]},
			"faces": {
				"north": {"uv": [4.75, 2.5, 5, 3.25], "rotation": 270, "texture": "#0"},
				"east": {"uv": [4.25, 2.5, 4.375, 2.75], "texture": "#0"},
				"south": {"uv": [5.25, 2.5, 5.5, 3.25], "rotation": 90, "texture": "#0"},
				"west": {"uv": [5, 4.25, 5.125, 4.5], "rotation": 180, "texture": "#0"},
				"up": {"uv": [4.75, 2.75, 5, 3.5], "rotation": 90, "texture": "#0"},
				"down": {"uv": [5.25, 3.5, 5.5, 4.25], "rotation": 90, "texture": "#0"}
			}
		},
		{
			"from": [6.64312, 2.25, 2.85688],
			"to": [9.64312, 3.25, 3.35688],
			"rotation": {"angle": -22.5, "axis": "y", "origin": [8.875, 2.6875, 7.73188]},
			"faces": {
				"north": {"uv": [3, 2.5, 3.25, 3.25], "rotation": 270, "texture": "#0"},
				"east": {"uv": [2.75, 3.25, 2.875, 3.5], "texture": "#0"},
				"south": {"uv": [3, 2.5, 3.25, 3.25], "rotation": 90, "texture": "#0"},
				"west": {"uv": [3, 4.25, 3.125, 4.5], "rotation": 180, "texture": "#0"},
				"up": {"uv": [3, 2.5, 3.125, 3.25], "rotation": 90, "texture": "#0"},
				"down": {"uv": [3, 2.5, 3.125, 3.25], "rotation": 90, "texture": "#0"}
			}
		},
		{
			"from": [9, 1.25, 0],
			"to": [12, 2.25, 7],
			"rotation": {"angle": -22.5, "axis": "y", "origin": [0, 0, 0]},
			"faces": {
				"north": {"uv": [4.5, 13, 5.25, 13.25], "texture": "#0"},
				"east": {"uv": [3.5, 13.25, 5.25, 13.5], "texture": "#0"},
				"south": {"uv": [3.5, 13, 4.25, 13.25], "texture": "#0"},
				"west": {"uv": [3.5, 13.5, 5.25, 13.75], "texture": "#0"},
				"up": {"uv": [4.5, 13.75, 5.25, 15.5], "texture": "#0"},
				"down": {"uv": [3.75, 13.75, 4.5, 15.5], "texture": "#0"}
			}
		},
		{
			"from": [8.5, 1.75, -0.5],
			"to": [12.5, 1.75, 7.5],
			"rotation": {"angle": -22.5, "axis": "y", "origin": [0, 0, 0]},
			"faces": {
				"north": {"uv": [2, 12.5, 3, 12.5], "texture": "#0"},
				"east": {"uv": [0.75, 12.75, 2.75, 12.75], "texture": "#0"},
				"south": {"uv": [0.75, 12.5, 1.75, 12.5], "texture": "#0"},
				"west": {"uv": [0.75, 13, 2.75, 13], "texture": "#0"},
				"up": {"uv": [0.75, 13.25, 1.75, 15.25], "texture": "#0"},
				"down": {"uv": [1.75, 13.25, 2.75, 15.25], "texture": "#0"}
			}
		},
		{
			"from": [1.25, 0.15, 11.5],
			"to": [4.25, 3.15, 14.5],
			"rotation": {"angle": 0, "axis": "y", "origin": [-4, 0, -4]},
			"faces": {
				"north": {"uv": [8, 15.25, 8.75, 16], "texture": "#0"},
				"east": {"uv": [6.5, 15.25, 7.25, 16], "texture": "#0"},
				"south": {"uv": [7.25, 15.25, 8, 16], "texture": "#0"},
				"west": {"uv": [8.75, 15.25, 9.5, 16], "texture": "#0"},
				"up": {"uv": [9.5, 15.25, 8.75, 14.5], "texture": "#0"},
				"down": {"uv": [7.25, 14.5, 6.5, 15.25], "texture": "#0"}
			}
		},
		{
			"from": [0.5, 2.175, 12.625],
			"to": [2.375, 2.625, 13.375],
			"rotation": {"angle": 0, "axis": "y", "origin": [-3.625, 0, -4]},
			"faces": {
				"north": {"uv": [6, 14, 6.46875, 14.1125], "texture": "#0"},
				"east": {"uv": [6.25, 13.5, 6.5, 13.75], "texture": "#0"},
				"south": {"uv": [6.25, 14, 6.5, 14.25], "texture": "#0"},
				"west": {"uv": [6.5, 13.5, 6.75, 13.75], "texture": "#0"},
				"up": {"uv": [6.75, 14.25, 6.5, 14], "texture": "#0"},
				"down": {"uv": [6.25, 13.5, 6, 13.75], "texture": "#0"}
			}
		},
		{
			"from": [0.35, 1.425, 12.625],
			"to": [0.725, 2.25, 13.375],
			"rotation": {"angle": 0, "axis": "y", "origin": [-3.625, 0, -4]},
			"faces": {
				"north": {"uv": [5.5, 14.5, 5.59375, 14.70625], "texture": "#0"},
				"east": {"uv": [5.75, 14.75, 6, 15], "texture": "#0"},
				"south": {"uv": [5.75, 14.5, 6, 14.75], "texture": "#0"},
				"west": {"uv": [6, 14.75, 6.25, 15], "texture": "#0"},
				"up": {"uv": [6.25, 14.75, 6, 14.5], "texture": "#0"},
				"down": {"uv": [5.75, 14.75, 5.5, 15], "texture": "#0"}
			}
		},
		{
			"from": [0.5, 1.05, 12.625],
			"to": [2.375, 1.5, 13.375],
			"rotation": {"angle": 0, "axis": "y", "origin": [-3.625, 0, -4]},
			"faces": {
				"north": {"uv": [5.5, 15.75, 5.96875, 15.8625], "texture": "#0"},
				"east": {"uv": [5.25, 15.25, 5.5, 15.5], "texture": "#0"},
				"south": {"uv": [5.5, 15.5, 5.75, 15.75], "texture": "#0"},
				"west": {"uv": [5.25, 15.5, 5.5, 15.75], "texture": "#0"},
				"up": {"uv": [6, 15.75, 5.75, 15.5], "texture": "#0"},
				"down": {"uv": [6.25, 15.5, 6, 15.75], "texture": "#0"}
			}
		},
		{
			"from": [0.5, 0.025, 10.75],
			"to": [5, 0.525, 15.25],
			"rotation": {"angle": 0, "axis": "y", "origin": [-4, 0, -4]},
			"faces": {
				"north": {"uv": [7.5, 14.5, 8.625, 14.625], "texture": "#0"},
				"east": {"uv": [7.75, 13.75, 8.5, 14], "texture": "#0"},
				"south": {"uv": [7.75, 14, 8.5, 14.25], "texture": "#0"},
				"west": {"uv": [7.75, 14.25, 8.5, 14.5], "texture": "#0"},
				"up": {"uv": [7.75, 14.5, 7, 13.75], "texture": "#0"},
				"down": {"uv": [9.25, 13.75, 8.5, 14.5], "texture": "#0"}
			}
		}
	],
	"display": {
		"thirdperson_righthand": {
			"rotation": [75.55, -9.32, 1.25],
			"translation": [0.5, 4.75, 5.5],
			"scale": [0.7, 0.7, 0.7]
		},
		"thirdperson_lefthand": {
			"rotation": [75.55, -9.32, 1.25],
			"translation": [0.5, 4.75, 5.5],
			"scale": [0.7, 0.7, 0.7]
		},
		"firstperson_righthand": {
			"rotation": [-170, 35, 180],
			"translation": [0.5, 8, 0.75]
		},
		"firstperson_lefthand": {
			"rotation": [8.5, 65, 2.07],
			"translation": [1, 8, 0.75]
		},
		"ground": {
			"rotation": [-17.54, 0.87, -5.62],
			"translation": [0, 5.75, 0]
		},
		"gui": {
			"rotation": [-21.45, -71.7, -68.79],
			"translation": [3, 5.25, 0],
			"scale": [1.2, 1.2, 1.2]
		},
		"head": {
			"rotation": [0, -14.5, 0],
			"translation": [-1.5, 19.75, -2],
			"scale": [1.6, 1.6, 1.6]
		},
		"fixed": {
			"rotation": [-90, 8.25, 0],
			"translation": [-0.5, -1, -16],
			"scale": [2, 2, 2]
		}
	},
	"groups": [
		0,
		{
			"name": "sandwich",
			"origin": [0, 0, 0],
			"color": 0,
			"children": [1, 2, 3, 4, 5, 6, 7, 8, 9, 10]
		},
		{
			"name": "cup1",
			"origin": [0, 0, 0],
			"color": 0,
			"children": [11, 12, 13, 14, 15]
		}
	]
}