{
	"credit": "Made with Blockbench",
	"texture_size": [64, 64],
	"textures": {
		"0": "item/banner_template",
		"1": "item/dc",
		"particle": "item/dc"
	},
	"elements": [
		{
			"name": "stand",
			"from": [-2, 30, 6],
			"to": [18, 32, 8],
			"rotation": {"angle": 0, "axis": "y", "origin": [8, 18, 6.5]},
			"faces": {
				"north": {"uv": [0.5, 11, 5.5, 11.5], "texture": "#0"},
				"east": {"uv": [0, 11, 0.5, 11.5], "texture": "#0"},
				"south": {"uv": [6, 11, 11, 11.5], "texture": "#0"},
				"west": {"uv": [5.5, 11, 6, 11.5], "texture": "#0"},
				"up": {"uv": [5.5, 11, 0.5, 10.5], "texture": "#0"},
				"down": {"uv": [10.5, 10.5, 5.5, 11], "texture": "#0"}
			}
		},
		{
			"name": "stand",
			"from": [7, -10, 6],
			"to": [9, 30, 8],
			"rotation": {"angle": 0, "axis": "y", "origin": [8, 18, 6.5]},
			"faces": {
				"north": {"uv": [11.5, 1.25, 12, 11], "texture": "#0"},
				"east": {"uv": [11, 1.25, 11.5, 11], "texture": "#0"},
				"south": {"uv": [12.5, 1.25, 13, 11], "texture": "#0"},
				"west": {"uv": [12, 1.25, 12.5, 11], "texture": "#0"},
				"up": {"uv": [12, 0.5, 11.5, 0], "texture": "#0"},
				"down": {"uv": [12.5, 0, 12, 0.5], "texture": "#0"}
			}
		},
		{
			"name": "slate2",
			"from": [-2, -8, 5],
			"to": [18, 32, 6],
			"rotation": {"angle": 0, "axis": "y", "origin": [8, 18, 6.5]},
			"faces": {
				"north": {"uv": [0.09, 0.315, 5.09, 10.315], "texture": "#1"},
				"east": {"uv": [0, 0.25, 0.25, 10.25], "texture": "#1"},
				"south": {"uv": [5.405, 0.28, 10.405, 10.28], "texture": "#1"},
				"west": {"uv": [5.25, 0.25, 5.5, 10.25], "texture": "#1"},
				"up": {"uv": [5.25, 0.25, 0.25, 0], "texture": "#1"},
				"down": {"uv": [10.25, 0, 5.25, 0.25], "texture": "#1"}
			}
		}
	],
	"display": {
		"thirdperson_righthand": {
			"scale": [0.25, 0.25, 0.25]
		},
		"thirdperson_lefthand": {
			"scale": [0.25, 0.25, 0.25]
		},
		"firstperson_righthand": {
			"translation": [2.5, 0, 0],
			"scale": [0.4, 0.4, 0.4]
		},
		"firstperson_lefthand": {
			"translation": [2.5, 0, 0],
			"scale": [0.4, 0.4, 0.4]
		},
		"ground": {
			"translation": [0, 5.75, 0],
			"scale": [0.5, 0.5, 0.5]
		},
		"gui": {
			"rotation": [13, 158, 0],
			"translation": [0, -0.75, 0],
			"scale": [0.35, 0.35, 0.35]
		},
		"head": {
			"translation": [0, 24.25, 0]
		},
		"fixed": {
			"translation": [0, -2, 0],
			"scale": [0.4, 0.4, 0.4]
		}
	},
	"groups": [
		{
			"name": "stand",
			"origin": [0, 12, 0],
			"color": 0,
			"children": [
				0,
				1,
				{
					"name": "slate2",
					"origin": [0, 44, 0],
					"color": 0,
					"children": [2]
				}
			]
		},
		{
			"name": "top",
			"origin": [0, 0, 0],
			"color": 0,
			"children": []
		},
		{
			"name": "slate",
			"origin": [0, 0, 0],
			"color": 0,
			"children": []
		}
	]
}