﻿{
	"parent": "item/handheld",
	"textures": {
	"layer0": "item/diamond_sword"
	},
	
	"overrides": [
		{"predicate": {"custom_model_data":1}, "model": "item/sword/epee1"},
		{"predicate": {"custom_model_data":2}, "model": "item/sword/epee2"},
		{"predicate": {"custom_model_data":3}, "model": "item/sword/epee3"},
		{"predicate": {"custom_model_data":4}, "model": "item/sword/epee4"},
		{"predicate": {"custom_model_data":5}, "model": "item/sword/epee5"},
		{"predicate": {"custom_model_data":6}, "model": "item/sword/epee6"},
		{"predicate": {"custom_model_data":7}, "model": "item/sword/epee7"},
		{"predicate": {"custom_model_data":8}, "model": "item/sword/epee8"},
		{"predicate": {"custom_model_data":9}, "model": "item/sword/epee9"},
		{"predicate": {"custom_model_data":10}, "model": "item/sword/epee10"},
		{"predicate": {"custom_model_data":11}, "model": "item/sword/epee11"},
		{"predicate": {"custom_model_data":12}, "model": "item/sword/epee12"},
		{"predicate": {"custom_model_data":13}, "model": "item/sword/epee13"},
		{"predicate": {"custom_model_data":14}, "model": "item/sword/epee14"},
		{"predicate": {"custom_model_data":15}, "model": "item/sword/epee15"},
		{"predicate": {"custom_model_data":16}, "model": "item/sword/epee16"},
		{"predicate": {"custom_model_data":17}, "model": "item/sword/epee17"},
		{"predicate": {"custom_model_data":18}, "model": "item/sword/epee18"},
		{"predicate": {"custom_model_data":19}, "model": "item/sword/epee19"},
	    {"predicate": {"custom_model_data":21}, "model": "item/watersword"},
		{"predicate": {"custom_model_data":22}, "model": "item/icesword"},
		{"predicate": {"custom_model_data":23}, "model": "item/k1"},
		{"predicate": {"custom_model_data":24}, "model": "item/k2"},
	    {"predicate": {"custom_model_data":25}, "model": "item/meme"},
		{"predicate": {"custom_model_data":26}, "model": "item/dai1"},
		{"predicate": {"custom_model_data":27}, "model": "item/dai1"},
		{"predicate": {"custom_model_data":28}, "model": "item/dai1"},
		{"predicate": {"custom_model_data":29}, "model": "item/dai1"},
		{"predicate": {"custom_model_data":30}, "model": "item/dai1"},
		{"predicate": {"custom_model_data":31}, "model": "item/dai1"},
		{"predicate": {"custom_model_data":32}, "model": "item/dai1"},
		{"predicate": {"custom_model_data":33}, "model": "item/dai1"},
		{"predicate":{"custom_model_data": 34},"model": "mineminenomi:item/ame_no_habakiri"},
		{"predicate":{"custom_model_data": 35},"model": "mineminenomi:item/ame_no_habakiri_haki"},
		{"predicate":{"custom_model_data": 36},"model": "mineminenomi:item/ame_no_habakiri_sheathed"},
		{"predicate":{"custom_model_data": 37},"model": "mineminenomi:item/enma"},
		{"predicate":{"custom_model_data": 38},"model": "mineminenomi:item/enma_haki"},
		{"predicate":{"custom_model_data": 39},"model": "mineminenomi:item/enma_sheathed"},
		{"predicate":{"custom_model_data": 40},"model": "mineminenomi:item/jitte"},
		{"predicate":{"custom_model_data": 41},"model": "mineminenomi:item/jitte_haki"},
		{"predicate":{"custom_model_data": 42},"model": "mineminenomi:item/marine_sword"},
		{"predicate":{"custom_model_data": 43},"model": "mineminenomi:item/marine_sword_haki"},
		{"predicate":{"custom_model_data": 44},"model": "mineminenomi:item/murakumogiri"},
		{"predicate":{"custom_model_data": 45},"model": "mineminenomi:item/murakumogiri_haki"},
		{"predicate":{"custom_model_data": 46},"model": "mineminenomi:item/nidai_kitetsu"},
		{"predicate":{"custom_model_data": 47},"model": "mineminenomi:item/nidai_kitetsu_haki"},
		{"predicate":{"custom_model_data": 48},"model": "mineminenomi:item/nidai_kitetsu_sheathed"},
		{"predicate":{"custom_model_data": 49},"model": "mineminenomi:item/pipe"},
		{"predicate":{"custom_model_data": 50},"model": "mineminenomi:item/pipe_haki"},
        {"predicate":{"custom_model_data": 51},"model": "mineminenomi:item/pirate_cutlass"},
		{"predicate":{"custom_model_data": 52},"model": "mineminenomi:item/sandai_kitetsu"},
		{"predicate":{"custom_model_data": 53},"model": "mineminenomi:item/sandai_kitetsu_sheathed"},
		{"predicate":{"custom_model_data": 54},"model": "mineminenomi:item/shusui"},
		{"predicate":{"custom_model_data": 55},"model": "mineminenomi:item/shusui_haki"},
		{"predicate":{"custom_model_data": 56},"model": "mineminenomi:item/shusui_sheathed"},
		{"predicate":{"custom_model_data": 57},"model": "mineminenomi:item/soul_solid"},
		{"predicate":{"custom_model_data": 58},"model": "mineminenomi:item/soul_solid_haki"},
		{"predicate":{"custom_model_data": 59},"model": "mineminenomi:item/soul_solid_sheathed"},
		{"predicate":{"custom_model_data": 60},"model": "mineminenomi:item/wado_ichimonji"},
		{"predicate":{"custom_model_data": 61},"model": "mineminenomi:item/wado_ichimonji_haki"},
		{"predicate":{"custom_model_data": 62},"model": "mineminenomi:item/wado_ichimonji_sheathed"},
		{"predicate":{"custom_model_data": 63},"model": "mineminenomi:item/yoru"},
		{"predicate":{"custom_model_data": 64},"model": "mineminenomi:item/yoru_haki"}
	]
   }