{
	"credit": "Made with Blockbench",
	"texture_size": [64, 64],
	"textures": {
		"0": "item/pumpkin_pie",
		"particle": "item/pumpkin_pie"
	},
	
"overrides":
	[
			{
			"predicate":
			{
				"custom_model_data":201
			},
			"model":"item/pumpkin_pie_slice"
		}
	],
	
	"elements": [
		{
			"from": [3, 2, 12],
			"to": [4, 3, 13],
			"faces": {
				"north": {"uv": [2.5, 7.5, 2.75, 7.75], "texture": "#0"},
				"east": {"uv": [7.5, 2.5, 7.75, 2.75], "texture": "#0"},
				"south": {"uv": [2.75, 7.5, 3, 7.75], "texture": "#0"},
				"west": {"uv": [3, 7.5, 3.25, 7.75], "texture": "#0"},
				"up": {"uv": [3.5, 7.75, 3.25, 7.5], "texture": "#0"},
				"down": {"uv": [3.75, 7.5, 3.5, 7.75], "texture": "#0"}
			}
		},
		{
			"from": [5, 2, 14],
			"to": [11, 3, 15],
			"faces": {
				"north": {"uv": [6.75, 5.25, 8.25, 5.5], "texture": "#0"},
				"east": {"uv": [2, 7.25, 2.25, 7.5], "texture": "#0"},
				"south": {"uv": [6.75, 5.5, 8.25, 5.75], "texture": "#0"},
				"west": {"uv": [2.25, 7.25, 2.5, 7.5], "texture": "#0"},
				"up": {"uv": [1.75, 7.25, 0.25, 7], "texture": "#0"},
				"down": {"uv": [3.25, 7, 1.75, 7.25], "texture": "#0"}
			}
		},
		{
			"from": [3, 2, 13],
			"to": [13, 3, 14],
			"faces": {
				"north": {"uv": [6.25, 0, 8.75, 0.25], "texture": "#0"},
				"east": {"uv": [4.5, 6, 4.75, 6.25], "texture": "#0"},
				"south": {"uv": [6.25, 0.25, 8.75, 0.5], "texture": "#0"},
				"west": {"uv": [4.75, 6, 5, 6.25], "texture": "#0"},
				"up": {"uv": [8.75, 0.75, 6.25, 0.5], "texture": "#0"},
				"down": {"uv": [8.75, 0.75, 6.25, 1], "texture": "#0"}
			}
		},
		{
			"from": [12, 2, 12],
			"to": [13, 3, 13],
			"faces": {
				"north": {"uv": [1.75, 7.5, 2, 7.75], "texture": "#0"},
				"east": {"uv": [7.5, 1.75, 7.75, 2], "texture": "#0"},
				"south": {"uv": [2, 7.5, 2.25, 7.75], "texture": "#0"},
				"west": {"uv": [7.5, 2, 7.75, 2.25], "texture": "#0"},
				"up": {"uv": [2.5, 7.75, 2.25, 7.5], "texture": "#0"},
				"down": {"uv": [7.75, 2.25, 7.5, 2.5], "texture": "#0"}
			}
		},
		{
			"from": [13, 2, 3],
			"to": [14, 3, 13],
			"faces": {
				"north": {"uv": [5, 4.75, 5.25, 5], "texture": "#0"},
				"east": {"uv": [2.75, 5.5, 5.25, 5.75], "texture": "#0"},
				"south": {"uv": [3.75, 6, 4, 6.25], "texture": "#0"},
				"west": {"uv": [2.75, 5.75, 5.25, 6], "texture": "#0"},
				"up": {"uv": [5.5, 8.25, 5.25, 5.75], "texture": "#0"},
				"down": {"uv": [5.75, 5.75, 5.5, 8.25], "texture": "#0"}
			}
		},
		{
			"from": [14, 2, 5],
			"to": [15, 3, 11],
			"faces": {
				"north": {"uv": [0.5, 7.25, 0.75, 7.5], "texture": "#0"},
				"east": {"uv": [6.75, 3, 8.25, 3.25], "texture": "#0"},
				"south": {"uv": [0.75, 7.25, 1, 7.5], "texture": "#0"},
				"west": {"uv": [6.75, 3.25, 8.25, 3.5], "texture": "#0"},
				"up": {"uv": [4.75, 8.25, 4.5, 6.75], "texture": "#0"},
				"down": {"uv": [5, 6.75, 4.75, 8.25], "texture": "#0"}
			}
		},
		{
			"from": [12, 2, 3],
			"to": [13, 3, 4],
			"faces": {
				"north": {"uv": [0.75, 7.5, 1, 7.75], "texture": "#0"},
				"east": {"uv": [1, 7.5, 1.25, 7.75], "texture": "#0"},
				"south": {"uv": [1.25, 7.5, 1.5, 7.75], "texture": "#0"},
				"west": {"uv": [7.5, 1.25, 7.75, 1.5], "texture": "#0"},
				"up": {"uv": [1.75, 7.75, 1.5, 7.5], "texture": "#0"},
				"down": {"uv": [7.75, 1.5, 7.5, 1.75], "texture": "#0"}
			}
		},
		{
			"from": [3, 2, 2],
			"to": [13, 3, 3],
			"faces": {
				"north": {"uv": [5.75, 5.75, 8.25, 6], "texture": "#0"},
				"east": {"uv": [4, 6, 4.25, 6.25], "texture": "#0"},
				"south": {"uv": [1.25, 6, 3.75, 6.25], "texture": "#0"},
				"west": {"uv": [4.25, 6, 4.5, 6.25], "texture": "#0"},
				"up": {"uv": [8.25, 6.25, 5.75, 6], "texture": "#0"},
				"down": {"uv": [2.5, 6.25, 0, 6.5], "texture": "#0"}
			}
		},
		{
			"from": [5, 2, 1],
			"to": [11, 3, 2],
			"faces": {
				"north": {"uv": [6.75, 4, 8.25, 4.25], "texture": "#0"},
				"east": {"uv": [1.5, 7.25, 1.75, 7.5], "texture": "#0"},
				"south": {"uv": [6.75, 4.25, 8.25, 4.5], "texture": "#0"},
				"west": {"uv": [1.75, 7.25, 2, 7.5], "texture": "#0"},
				"up": {"uv": [8.25, 5, 6.75, 4.75], "texture": "#0"},
				"down": {"uv": [8.25, 5, 6.75, 5.25], "texture": "#0"}
			}
		},
		{
			"from": [3, 2, 3],
			"to": [4, 3, 4],
			"faces": {
				"north": {"uv": [3, 7.25, 3.25, 7.5], "texture": "#0"},
				"east": {"uv": [7.25, 6.5, 7.5, 6.75], "texture": "#0"},
				"south": {"uv": [7.25, 6.75, 7.5, 7], "texture": "#0"},
				"west": {"uv": [7.25, 7, 7.5, 7.25], "texture": "#0"},
				"up": {"uv": [7.5, 7.5, 7.25, 7.25], "texture": "#0"},
				"down": {"uv": [0.75, 7.5, 0.5, 7.75], "texture": "#0"}
			}
		},
		{
			"from": [2, 2, 3],
			"to": [3, 3, 13],
			"faces": {
				"north": {"uv": [2.5, 7.25, 2.75, 7.5], "texture": "#0"},
				"east": {"uv": [6.25, 1, 8.75, 1.25], "texture": "#0"},
				"south": {"uv": [2.75, 7.25, 3, 7.5], "texture": "#0"},
				"west": {"uv": [2.5, 6.25, 5, 6.5], "texture": "#0"},
				"up": {"uv": [5.25, 8.5, 5, 6], "texture": "#0"},
				"down": {"uv": [6, 6.25, 5.75, 8.75], "texture": "#0"}
			}
		},
		{
			"from": [1, 2, 5],
			"to": [2, 3, 11],
			"faces": {
				"north": {"uv": [1, 7.25, 1.25, 7.5], "texture": "#0"},
				"east": {"uv": [6.75, 3.5, 8.25, 3.75], "texture": "#0"},
				"south": {"uv": [1.25, 7.25, 1.5, 7.5], "texture": "#0"},
				"west": {"uv": [6.75, 3.75, 8.25, 4], "texture": "#0"},
				"up": {"uv": [7, 8, 6.75, 6.5], "texture": "#0"},
				"down": {"uv": [0.25, 7, 0, 8.5], "texture": "#0"}
			}
		},
		{
			"from": [5, 0, 2],
			"to": [11, 2, 3],
			"faces": {
				"north": {"uv": [5, 4.25, 6.5, 4.75], "texture": "#0"},
				"east": {"uv": [4.25, 7, 4.5, 7.5], "texture": "#0"},
				"south": {"uv": [5.25, 4.75, 6.75, 5.25], "texture": "#0"},
				"west": {"uv": [7, 6.5, 7.25, 7], "texture": "#0"},
				"up": {"uv": [8, 4.75, 6.5, 4.5], "texture": "#0"},
				"down": {"uv": [1.5, 6.75, 0, 7], "texture": "#0"}
			}
		},
		{
			"from": [3, 0, 3],
			"to": [13, 2, 13],
			"faces": {
				"north": {"uv": [1.25, 5, 3.75, 5.5], "texture": "#0"},
				"east": {"uv": [5, 1.25, 7.5, 1.75], "texture": "#0"},
				"south": {"uv": [5, 1.75, 7.5, 2.25], "texture": "#0"},
				"west": {"uv": [5, 2.25, 7.5, 2.75], "texture": "#0"},
				"up": {"uv": [2.5, 2.5, 0, 0], "texture": "#0"},
				"down": {"uv": [2.5, 2.5, 0, 5], "texture": "#0"}
			}
		},
		{
			"from": [13, 0, 5],
			"to": [14, 2, 11],
			"faces": {
				"north": {"uv": [3.25, 7, 3.5, 7.5], "texture": "#0"},
				"east": {"uv": [5, 2.75, 6.5, 3.25], "texture": "#0"},
				"south": {"uv": [3.5, 7, 3.75, 7.5], "texture": "#0"},
				"west": {"uv": [5, 3.25, 6.5, 3.75], "texture": "#0"},
				"up": {"uv": [6.75, 4.5, 6.5, 3], "texture": "#0"},
				"down": {"uv": [6.25, 6.5, 6, 8], "texture": "#0"}
			}
		},
		{
			"from": [5, 0, 13],
			"to": [11, 2, 14],
			"faces": {
				"north": {"uv": [5.25, 5.25, 6.75, 5.75], "texture": "#0"},
				"east": {"uv": [7, 7, 7.25, 7.5], "texture": "#0"},
				"south": {"uv": [1.25, 5.5, 2.75, 6], "texture": "#0"},
				"west": {"uv": [0.25, 7.25, 0.5, 7.75], "texture": "#0"},
				"up": {"uv": [3, 7, 1.5, 6.75], "texture": "#0"},
				"down": {"uv": [4.5, 6.75, 3, 7], "texture": "#0"}
			}
		},
		{
			"from": [2, 0, 5],
			"to": [3, 2, 11],
			"faces": {
				"north": {"uv": [3.75, 7, 4, 7.5], "texture": "#0"},
				"east": {"uv": [3.75, 5, 5.25, 5.5], "texture": "#0"},
				"south": {"uv": [4, 7, 4.25, 7.5], "texture": "#0"},
				"west": {"uv": [5, 3.75, 6.5, 4.25], "texture": "#0"},
				"up": {"uv": [6.5, 8, 6.25, 6.5], "texture": "#0"},
				"down": {"uv": [6.75, 6.5, 6.5, 8], "texture": "#0"}
			}
		},
		{
			"name": "filling",
			"from": [3, 2, 3],
			"to": [13, 2.5, 13],
			"faces": {
				"north": {"uv": [6, 6.25, 8.5, 6.5], "texture": "#0"},
				"east": {"uv": [0, 6.5, 2.5, 6.75], "texture": "#0"},
				"south": {"uv": [2.5, 6.5, 5, 6.75], "texture": "#0"},
				"west": {"uv": [6.5, 2.75, 9, 3], "texture": "#0"},
				"up": {"uv": [5, 2.5, 2.5, 0], "texture": "#0"},
				"down": {"uv": [5, 2.5, 2.5, 5], "texture": "#0"}
			}
		},
		{
			"from": [4, 2.75, 7],
			"to": [9, 2.75, 12],
			"rotation": {"angle": 0, "axis": "y", "origin": [5.5, 3, 10.5]},
			"faces": {
				"north": {"uv": [0, 0, 1.25, 0], "texture": "#0"},
				"east": {"uv": [0, 0, 1.25, 0], "texture": "#0"},
				"south": {"uv": [0, 0, 1.25, 0], "texture": "#0"},
				"west": {"uv": [0, 0, 1.25, 0], "texture": "#0"},
				"up": {"uv": [1.25, 6.25, 0, 5], "texture": "#0"},
				"down": {"uv": [6.25, 0, 5, 1.25], "texture": "#0"}
			}
		}
	],
	"display": {
		"thirdperson_righthand": {
			"rotation": [-116.79, -4.58, 179.64],
			"translation": [-0.5, 6.25, 3.5],
			"scale": [0.74609, 0.74609, 0.74609]
		},
		"thirdperson_lefthand": {
			"rotation": [-116.79, -4.58, 179.64],
			"translation": [-0.5, 6.25, 3.5],
			"scale": [0.74609, 0.74609, 0.74609]
		},
		"firstperson_righthand": {
			"rotation": [-164.5, -24.92, 158.78],
			"translation": [2.25, 5.25, 0]
		},
		"firstperson_lefthand": {
			"rotation": [-164.5, -24.92, 158.78],
			"translation": [2.25, 5.25, 0]
		},
		"ground": {
			"rotation": [15.69, 0.38, 8.25],
			"translation": [0, 5, 0],
			"scale": [0.8125, 0.8125, 0.8125]
		},
		"gui": {
			"rotation": [27.93, 37.45, 10.49],
			"translation": [-0.5, 4.75, 0],
			"scale": [1.09961, 1.09961, 1.09961]
		},
		"head": {
			"rotation": [0, -30.25, 0],
			"translation": [0, 16.75, 0],
			"scale": [1.27734, 1.27734, 1.27734]
		},
		"fixed": {
			"rotation": [-90, 0, 0],
			"translation": [0, 0, -13.75],
			"scale": [1.72461, 1.72461, 1.72461]
		}
	},
	"groups": [
		{
			"name": "crust",
			"origin": [0, 0, 0],
			"color": 0,
			"children": [0, 1, 2, 3, 4, 5, 6, 7, 8, 9, 10, 11]
		},
		{
			"name": "tin",
			"origin": [0, 0, 0],
			"color": 0,
			"children": [12, 13, 14, 15, 16]
		},
		17,
		18
	]
}