{
	"credit": "Made with Blockbench",
	"textures": {
		"0": "item/pumpkin_pie_slice",
		"particle": "item/pumpkin_pie"
	},
	"elements": [
		{
			"from": [7, 0.5, 7],
			"to": [10, 1, 10],
			"faces": {
				"north": {"uv": [9.75, 1, 10.5, 1.25], "texture": "#0"},
				"east": {"uv": [9.75, 0.75, 10.5, 1], "texture": "#0"},
				"south": {"uv": [9, 1, 9.75, 1.25], "texture": "#0"},
				"west": {"uv": [9, 0.75, 9.75, 1], "texture": "#0"},
				"up": {"uv": [9, 0, 9.75, 0.75], "texture": "#0"},
				"down": {"uv": [9.75, 0, 10.5, 0.75], "texture": "#0"}
			}
		},
		{
			"from": [7, 0.5, 6],
			"to": [9, 1, 7],
			"faces": {
				"north": {"uv": [10.75, 1.05, 11.25, 1.25], "texture": "#0"},
				"east": {"uv": [10.75, 0.25, 11, 0.45], "texture": "#0"},
				"south": {"uv": [10.75, 0.85, 11.25, 1.05], "texture": "#0"},
				"west": {"uv": [11, 0.25, 11.25, 0.45], "texture": "#0"},
				"up": {"uv": [10.75, 0.45, 11.25, 0.65], "texture": "#0"},
				"down": {"uv": [10.75, 0.65, 11.25, 0.85], "texture": "#0"}
			}
		},
		{
			"from": [5, 0.5, 5],
			"to": [7, 1, 6],
			"faces": {
				"north": {"uv": [10.75, 1.05, 11.25, 1.25], "texture": "#0"},
				"east": {"uv": [10.75, 0.25, 11, 0.45], "texture": "#0"},
				"south": {"uv": [10.75, 0.85, 11.25, 1.05], "texture": "#0"},
				"west": {"uv": [11, 0.25, 11.25, 0.45], "texture": "#0"},
				"up": {"uv": [10.75, 0.45, 11.25, 0.65], "texture": "#0"},
				"down": {"uv": [10.75, 0.65, 11.25, 0.85], "texture": "#0"}
			}
		},
		{
			"from": [5, 0.5, 6],
			"to": [6, 1, 7],
			"faces": {
				"north": {"uv": [10.75, 2.05, 11, 2.25], "texture": "#0"},
				"east": {"uv": [11, 1.5, 11.25, 1.7], "texture": "#0"},
				"south": {"uv": [10.75, 1.85, 11, 2.05], "texture": "#0"},
				"west": {"uv": [11, 1.75, 11.25, 1.95], "texture": "#0"},
				"up": {"uv": [10.75, 1.45, 11, 1.65], "texture": "#0"},
				"down": {"uv": [10.75, 1.65, 11, 1.85], "texture": "#0"}
			}
		},
		{
			"from": [6, 0.5, 6],
			"to": [7, 1, 9],
			"faces": {
				"north": {"uv": [9.25, 2.5, 9.5, 2.75], "texture": "#0"},
				"east": {"uv": [9.5, 2.5, 10.25, 2.75], "texture": "#0"},
				"south": {"uv": [9.25, 2.25, 9.5, 2.5], "texture": "#0"},
				"west": {"uv": [9.5, 2.25, 10.25, 2.5], "texture": "#0"},
				"up": {"uv": [9.25, 1.5, 9.75, 2.25], "texture": "#0"},
				"down": {"uv": [9.75, 1.5, 10.25, 2.25], "texture": "#0"}
			}
		},
		{
			"from": [7, 1, 7],
			"to": [10, 3, 10],
			"faces": {
				"north": {"uv": [4, 1.75, 4.75, 2.25], "texture": "#0"},
				"east": {"uv": [3.25, 1.75, 4, 2.25], "texture": "#0"},
				"south": {"uv": [4, 1.25, 4.75, 1.75], "texture": "#0"},
				"west": {"uv": [3.25, 1.25, 4, 1.75], "texture": "#0"},
				"up": {"uv": [2.5, 1.75, 3.25, 2.5], "rotation": 270, "texture": "#0"},
				"down": {"uv": [2.5, 1, 3.25, 1.75], "texture": "#0"}
			}
		},
		{
			"from": [7, 1, 6],
			"to": [9, 3, 7],
			"faces": {
				"north": {"uv": [2.75, 0, 3.25, 0.5], "texture": "#0"},
				"east": {"uv": [4.25, 0, 4.5, 0.5], "texture": "#0"},
				"south": {"uv": [2.5, 0, 2.75, 0.5], "texture": "#0"},
				"west": {"uv": [3.25, 0, 4.25, 0.25], "texture": "#0"},
				"up": {"uv": [2.5, 1.25, 3, 1.5], "texture": "#0"},
				"down": {"uv": [3, 1.25, 3.5, 1.5], "texture": "#0"}
			}
		},
		{
			"from": [5, 1, 5],
			"to": [7, 3, 6],
			"faces": {
				"north": {"uv": [2.75, 0, 3.25, 0.5], "texture": "#0"},
				"east": {"uv": [4.25, 0, 4.5, 0.5], "texture": "#0"},
				"south": {"uv": [2.5, 0, 2.75, 0.5], "texture": "#0"},
				"west": {"uv": [3.5, 0.25, 3.75, 0.75], "texture": "#0"},
				"up": {"uv": [2.5, 1.25, 3, 1.5], "texture": "#0"},
				"down": {"uv": [3, 1.25, 3.5, 1.5], "texture": "#0"}
			}
		},
		{
			"from": [6, 1, 6],
			"to": [7, 3, 9],
			"faces": {
				"north": {"uv": [4.5, 0.5, 4.75, 1], "texture": "#0"},
				"east": {"uv": [3.25, 1, 4.25, 1.25], "texture": "#0"},
				"south": {"uv": [4.25, 0.25, 4.5, 0.75], "texture": "#0"},
				"west": {"uv": [3.25, 0.5, 4.25, 1], "texture": "#0"},
				"up": {"uv": [3, 1.25, 3.25, 2], "texture": "#0"},
				"down": {"uv": [2.75, 0.25, 3, 1], "texture": "#0"}
			}
		},
		{
			"from": [5, 1, 6],
			"to": [6, 3, 7],
			"faces": {
				"north": {"uv": [3, 2, 3.25, 2.5], "texture": "#0"},
				"east": {"uv": [3.25, 2, 3.5, 2.5], "texture": "#0"},
				"south": {"uv": [3.5, 2, 3.75, 2.5], "texture": "#0"},
				"west": {"uv": [2.5, 1.5, 2.75, 2], "texture": "#0"},
				"up": {"uv": [2.75, 1.75, 3, 2], "texture": "#0"},
				"down": {"uv": [2.75, 2, 3, 2.25], "texture": "#0"}
			}
		},
		{
			"name": "crust",
			"from": [8, 0.5, 10],
			"to": [10, 3.5, 11],
			"faces": {
				"north": {"uv": [12, 0.5, 12.5, 1.25], "texture": "#0"},
				"east": {"uv": [11.25, 1.25, 11.5, 2], "texture": "#0"},
				"south": {"uv": [11.5, 0.5, 12, 1.25], "texture": "#0"},
				"west": {"uv": [11.25, 0.5, 11.5, 1.25], "texture": "#0"},
				"up": {"uv": [11.5, 1.5, 12, 1.75], "texture": "#0"},
				"down": {"uv": [11.5, 1.25, 12, 1.5], "texture": "#0"}
			}
		},
		{
			"name": "crust",
			"from": [10, 0.5, 8],
			"to": [11, 3.5, 10],
			"faces": {
				"north": {"uv": [11.25, 0.5, 11.5, 1.25], "texture": "#0"},
				"east": {"uv": [12, 0.5, 12.5, 1.25], "texture": "#0"},
				"south": {"uv": [11.25, 1.25, 11.5, 2], "texture": "#0"},
				"west": {"uv": [11.5, 0.5, 12, 1.25], "texture": "#0"},
				"up": {"uv": [11.5, 1.5, 12, 1.75], "rotation": 90, "texture": "#0"},
				"down": {"uv": [11.5, 1.25, 12, 1.5], "rotation": 270, "texture": "#0"}
			}
		},
		{
			"from": [9, 3, 9],
			"to": [10, 3.5, 10],
			"faces": {
				"north": {"uv": [10.75, 2.5, 11, 2.75], "texture": "#0"},
				"east": {"uv": [10.5, 2.5, 10.75, 2.75], "texture": "#0"},
				"south": {"uv": [10.75, 2.75, 11, 3], "texture": "#0"},
				"west": {"uv": [10.5, 2.75, 10.75, 3], "texture": "#0"},
				"up": {"uv": [10.5, 3, 10.75, 3.25], "texture": "#0"},
				"down": {"uv": [10.75, 3, 11, 3.25], "texture": "#0"}
			}
		},
		{
			"name": "plate",
			"from": [2.89429, 0, 2.97272],
			"to": [12.89429, 0.5, 12.97272],
			"rotation": {"angle": 0, "axis": "y", "origin": [6.89429, 0.25, 9.72272]},
			"faces": {
				"north": {"uv": [2.525, 9.5375, 5.025, 9.725], "texture": "#0"},
				"east": {"uv": [0, 9.8125, 2.5, 10], "texture": "#0"},
				"south": {"uv": [2.5, 10.1, 5, 10.225], "texture": "#0"},
				"west": {"uv": [0.025, 10.125, 2.525, 10.25], "texture": "#0"},
				"up": {"uv": [0, 10.25, 2.5, 12.75], "texture": "#0"},
				"down": {"uv": [2.5, 10.25, 5, 12.75], "texture": "#0"}
			}
		},
		{
			"from": [4.5, 0.5, 7.5],
			"to": [5.5, 1.5, 8.5],
			"faces": {
				"north": {"uv": [9.5, 8.5, 9.75, 8.75], "texture": "#0"},
				"east": {"uv": [9.75, 8.25, 10, 8.5], "texture": "#0"},
				"south": {"uv": [9.5, 8.25, 9.75, 8.5], "texture": "#0"},
				"west": {"uv": [9.75, 8.75, 10, 9], "texture": "#0"},
				"up": {"uv": [9.5, 8.75, 9.75, 9], "texture": "#0"},
				"down": {"uv": [9.75, 8.5, 10, 8.75], "texture": "#0"}
			}
		},
		{
			"from": [5.5, 0.5, 8.75],
			"to": [6.5, 1.5, 9.75],
			"rotation": {"angle": -22.5, "axis": "y", "origin": [5, 1, 9]},
			"faces": {
				"north": {"uv": [9.5, 8.5, 9.75, 8.75], "texture": "#0"},
				"east": {"uv": [9.75, 8.25, 10, 8.5], "texture": "#0"},
				"south": {"uv": [9.5, 8.25, 9.75, 8.5], "texture": "#0"},
				"west": {"uv": [9.75, 8.75, 10, 9], "texture": "#0"},
				"up": {"uv": [9.5, 8.75, 9.75, 9], "texture": "#0"},
				"down": {"uv": [9.75, 8.5, 10, 8.75], "texture": "#0"}
			}
		},
		{
			"from": [4.5, 0.25, 9],
			"to": [5.5, 1.25, 10],
			"rotation": {"angle": -45, "axis": "y", "origin": [5, 1, 9]},
			"faces": {
				"north": {"uv": [9.5, 8.5, 9.75, 8.75], "texture": "#0"},
				"east": {"uv": [9.75, 8.25, 10, 8.5], "texture": "#0"},
				"south": {"uv": [9.5, 8.25, 9.75, 8.5], "texture": "#0"},
				"west": {"uv": [9.75, 8.75, 10, 9], "texture": "#0"},
				"up": {"uv": [9.5, 8.75, 9.75, 9], "texture": "#0"},
				"down": {"uv": [9.75, 8.5, 10, 8.75], "texture": "#0"}
			}
		},
		{
			"from": [4.5, 0.6, 8.5],
			"to": [7.5, 0.6, 11.5],
			"rotation": {"angle": 0, "axis": "y", "origin": [5, 1, 9]},
			"faces": {
				"north": {"uv": [10.5, 9.75, 13.5, 9.75], "texture": "#0"},
				"east": {"uv": [10.5, 9, 13.5, 9], "texture": "#0"},
				"south": {"uv": [10.5, 9.25, 13.5, 9.25], "texture": "#0"},
				"west": {"uv": [10.5, 9.5, 13.5, 9.5], "texture": "#0"},
				"up": {"uv": [11.5, 7.5, 12.25, 8.25], "texture": "#0"},
				"down": {"uv": [11.5, 8.25, 12.25, 9], "texture": "#0"}
			}
		},
		{
			"from": [2.75, 0.7, 6.5],
			"to": [5.75, 0.7, 9.5],
			"rotation": {"angle": 22.5, "axis": "y", "origin": [3, 0.6, 10]},
			"faces": {
				"north": {"uv": [13.5, 9, 10.5, 9], "texture": "#0"},
				"east": {"uv": [13.5, 9.75, 10.5, 9.75], "texture": "#0"},
				"south": {"uv": [13.5, 9.5, 10.5, 9.5], "texture": "#0"},
				"west": {"uv": [13.5, 9.25, 10.5, 9.25], "texture": "#0"},
				"up": {"uv": [12.25, 7.5, 11.5, 8.25], "rotation": 90, "texture": "#0"},
				"down": {"uv": [12.25, 8.25, 11.5, 9], "rotation": 270, "texture": "#0"}
			}
		}
	],
	"display": {
		"thirdperson_righthand": {
			"rotation": [64.17, 13, 0.71],
			"translation": [0, 5, 4.5],
			"scale": [0.71875, 0.71875, 0.71875]
		},
		"thirdperson_lefthand": {
			"rotation": [64.17, 13, 0.71],
			"translation": [0, 5, 4.5],
			"scale": [0.71875, 0.71875, 0.71875]
		},
		"firstperson_righthand": {
			"rotation": [22, 11.98, 8.01],
			"translation": [1.75, 8, 0]
		},
		"firstperson_lefthand": {
			"rotation": [-156.26, 12.75, 155.04],
			"translation": [0.75, 8, 0]
		},
		"ground": {
			"rotation": [-16.66, 0.6, -19.36],
			"translation": [0, 5.75, 0]
		},
		"gui": {
			"rotation": [-62.76, 67.05, 115.12],
			"translation": [-3, 6, 0],
			"scale": [1.30469, 1.30469, 1.30469]
		},
		"head": {
			"rotation": [0, 23.75, 0],
			"translation": [0, 16.75, 0],
			"scale": [1.23242, 1.23242, 1.23242]
		},
		"fixed": {
			"rotation": [-90, 0, 0],
			"translation": [0, 0, -14.5],
			"scale": [1.81055, 1.81055, 1.81055]
		}
	},
	"groups": [
		{
			"name": "bottom crust",
			"origin": [0, 0, 0],
			"color": 0,
			"children": [0, 1, 2, 3, 4]
		},
		{
			"name": "filling",
			"origin": [0, 0, 0],
			"color": 0,
			"children": [5, 6, 7, 8, 9]
		},
		{
			"name": "crust",
			"origin": [0, 0, 0],
			"color": 0,
			"children": [10, 11, 12]
		},
		13,
		14,
		15,
		16,
		17,
		18
	]
}