{
    "credit": "Made with Blockbench", 
    "textures": {
        "main": "customhats:item/propellerhat1"
    }, 
    "elements": [
        {
            "name": "base", 
            "from": [ 4, 0, 4 ], 
            "to":   [ 12, 3, 12 ], 
            "faces": {
                "north": { "uv": [ 2, 2, 4, 2.75 ], "texture": "#main" }, 
                "east":  { "uv": [ 2, 2.75, 4, 3.5 ], "texture": "#main" }, 
                "south": { "uv": [ 2, 3.5, 4, 4.25 ], "texture": "#main" }, 
                "west":  { "uv": [ 0, 4, 2, 4.75 ], "texture": "#main" }, 
                "up":    { "uv": [ 2, 2, 0, 0 ], "texture": "#main" }, 
                "down":  { "uv": [ 2, 2, 0, 4 ], "texture": "#main" }
            }
        }, 
        {
            "name": "brim", 
            "from": [ 4, 0, 0 ], 
            "to":   [ 12, 0, 4 ], 
            "faces": {
                "up":    { "uv": [ 4, 1, 2, 0 ], "texture": "#main" }, 
                "down":  { "uv": [ 4, 1, 2, 2 ], "texture": "#main" }
            }
        }, 
        {
            "from": [ 7.5, 3, 7.5 ], 
            "to":   [ 8.5, 5, 8.5 ], 
            "faces": {
                "north": { "uv": [ 4, 0, 4.25, 0.5 ], "texture": "#main" }, 
                "east":  { "uv": [ 4, 0.5, 4.25, 1 ], "texture": "#main" }, 
                "south": { "uv": [ 4, 1, 4.25, 1.5 ], "texture": "#main" }, 
                "west":  { "uv": [ 4, 1.5, 4.25, 2 ], "texture": "#main" }, 
                "up":    { "uv": [ 4.25, 2.25, 4, 2 ], "texture": "#main" }, 
                "down":  { "uv": [ 4.25, 2.25, 4, 2.5 ], "texture": "#main" }
            }
        }, 
        {
            "name": "propeller", 
            "from": [ 4.5, 5, 7.5 ], 
            "to":   [ 11.5, 5, 8.5 ], 
            "faces": {
                "north": { "uv": [ 0, 0, 0, 0 ], "texture": "#main" }, 
                "east":  { "uv": [ 0, 0, 0, 0 ], "texture": "#main" }, 
                "south": { "uv": [ 0, 0, 0, 0 ], "texture": "#main" }, 
                "west":  { "uv": [ 0, 0, 0, 0 ], "texture": "#main" }, 
                "up":    { "uv": [ 6, 0.25, 4.25, 0 ], "texture": "#main" }, 
                "down":  { "uv": [ 6, 0, 4.25, 0.25 ], "texture": "#main" }
            }
        }, 
        {
            "name": "base", 
            "from": [ 4, 0, 4 ], 
            "to":   [ 12, 3, 12 ], 
            "faces": {
                "north": { "uv": [ 10, 2, 12, 2.75 ], "texture": "#main" }, 
                "east":  { "uv": [ 10, 2.75, 12, 3.5 ], "texture": "#main" }, 
                "south": { "uv": [ 10, 3.5, 12, 4.25 ], "texture": "#main" }, 
                "west":  { "uv": [ 8, 4, 10, 4.75 ], "texture": "#main" }, 
                "up":    { "uv": [ 10, 2, 8, 0 ], "texture": "#main" }, 
                "down":  { "uv": [ 10, 2, 8, 4 ], "texture": "#main" }
            }
        }, 
        {
            "name": "brim", 
            "from": [ 4, 0, 0 ], 
            "to":   [ 12, 0, 4 ], 
            "faces": {
                "up":    { "uv": [ 12, 1, 10, 0 ], "texture": "#main" }, 
                "down":  { "uv": [ 12, 1, 10, 2 ], "texture": "#main" }
            }
        }, 
        {
            "from": [ 7.5, 3, 7.5 ], 
            "to":   [ 8.5, 5, 8.5 ], 
            "faces": {
                "north": { "uv": [ 12, 0, 12.25, 0.5 ], "texture": "#main" }, 
                "east":  { "uv": [ 12, 0.5, 12.25, 1 ], "texture": "#main" }, 
                "south": { "uv": [ 12, 1, 12.25, 1.5 ], "texture": "#main" }, 
                "west":  { "uv": [ 12, 1.5, 12.25, 2 ], "texture": "#main" }, 
                "up":    { "uv": [ 12.25, 2.25, 12, 2 ], "texture": "#main" }, 
                "down":  { "uv": [ 12.25, 2.25, 12, 2.5 ], "texture": "#main" }
            }
        }, 
        {
            "name": "propeller", 
            "from": [ 4.5, 5, 7.5 ], 
            "to":   [ 11.5, 5, 8.5 ], 
            "rotation": { "angle": 45, "axis": "y", "origin": [8, 0, 8] }, 
            "faces": {
                "north": { "uv": [ 8, 0, 8, 0 ], "texture": "#main" }, 
                "east":  { "uv": [ 8, 0, 8, 0 ], "texture": "#main" }, 
                "south": { "uv": [ 8, 0, 8, 0 ], "texture": "#main" }, 
                "west":  { "uv": [ 8, 0, 8, 0 ], "texture": "#main" }, 
                "up":    { "uv": [ 14, 0.25, 12.25, 0 ], "texture": "#main" }, 
                "down":  { "uv": [ 14, 0, 12.25, 0.25 ], "texture": "#main" }
            }
        }, 
        {
            "name": "base", 
            "from": [ 4, 0, 4 ], 
            "to":   [ 12, 3, 12 ], 
            "faces": {
                "north": { "uv": [ 2, 10, 4, 10.75 ], "texture": "#main" }, 
                "east":  { "uv": [ 2, 10.75, 4, 11.5 ], "texture": "#main" }, 
                "south": { "uv": [ 2, 11.5, 4, 12.25 ], "texture": "#main" }, 
                "west":  { "uv": [ 0, 12, 2, 12.75 ], "texture": "#main" }, 
                "up":    { "uv": [ 2, 10, 0, 8 ], "texture": "#main" }, 
                "down":  { "uv": [ 2, 10, 0, 12 ], "texture": "#main" }
            }
        }, 
        {
            "name": "brim", 
            "from": [ 4, 0, 0 ], 
            "to":   [ 12, 0, 4 ], 
            "faces": {
                "up":    { "uv": [ 4, 9, 2, 8 ], "texture": "#main" }, 
                "down":  { "uv": [ 4, 9, 2, 10 ], "texture": "#main" }
            }
        }, 
        {
            "from": [ 7.5, 3, 7.5 ], 
            "to":   [ 8.5, 5, 8.5 ], 
            "faces": {
                "north": { "uv": [ 4, 8, 4.25, 8.5 ], "texture": "#main" }, 
                "east":  { "uv": [ 4, 8.5, 4.25, 9 ], "texture": "#main" }, 
                "south": { "uv": [ 4, 9, 4.25, 9.5 ], "texture": "#main" }, 
                "west":  { "uv": [ 4, 9.5, 4.25, 10 ], "texture": "#main" }, 
                "up":    { "uv": [ 4.25, 10.25, 4, 10 ], "texture": "#main" }, 
                "down":  { "uv": [ 4.25, 10.25, 4, 10.5 ], "texture": "#main" }
            }
        }, 
        {
            "name": "propeller", 
            "from": [ 7.5, 5, 4.5 ], 
            "to":   [ 8.5, 5, 11.5 ], 
            "rotation": { "angle": 0, "axis": "y", "origin": [8, 0, 8] }, 
            "faces": {
                "north": { "uv": [ 0, 8, 0, 8 ], "texture": "#main" }, 
                "east":  { "uv": [ 0, 8, 0, 8 ], "texture": "#main" }, 
                "south": { "uv": [ 0, 8, 0, 8 ], "texture": "#main" }, 
                "west":  { "uv": [ 0, 8, 0, 8 ], "texture": "#main" }, 
                "up":    { "uv": [ 6, 8.25, 4.25, 8 ], "rotation":270, "texture": "#main" }, 
                "down":  { "uv": [ 6, 8, 4.25, 8.25 ], "rotation":90, "texture": "#main" }
            }
        }, 
        {
            "name": "base", 
            "from": [ 4, 0, 4 ], 
            "to":   [ 12, 3, 12 ], 
            "faces": {
                "north": { "uv": [ 10, 10, 12, 10.75 ], "texture": "#main" }, 
                "east":  { "uv": [ 10, 10.75, 12, 11.5 ], "texture": "#main" }, 
                "south": { "uv": [ 10, 11.5, 12, 12.25 ], "texture": "#main" }, 
                "west":  { "uv": [ 8, 12, 10, 12.75 ], "texture": "#main" }, 
                "up":    { "uv": [ 10, 10, 8, 8 ], "texture": "#main" }, 
                "down":  { "uv": [ 10, 10, 8, 12 ], "texture": "#main" }
            }
        }, 
        {
            "name": "brim", 
            "from": [ 4, 0, 0 ], 
            "to":   [ 12, 0, 4 ], 
            "faces": {
                "up":    { "uv": [ 12, 9, 10, 8 ], "texture": "#main" }, 
                "down":  { "uv": [ 12, 9, 10, 10 ], "texture": "#main" }
            }
        }, 
        {
            "from": [ 7.5, 3, 7.5 ], 
            "to":   [ 8.5, 5, 8.5 ], 
            "faces": {
                "north": { "uv": [ 12, 8, 12.25, 8.5 ], "texture": "#main" }, 
                "east":  { "uv": [ 12, 8.5, 12.25, 9 ], "texture": "#main" }, 
                "south": { "uv": [ 12, 9, 12.25, 9.5 ], "texture": "#main" }, 
                "west":  { "uv": [ 12, 9.5, 12.25, 10 ], "texture": "#main" }, 
                "up":    { "uv": [ 12.25, 10.25, 12, 10 ], "texture": "#main" }, 
                "down":  { "uv": [ 12.25, 10.25, 12, 10.5 ], "texture": "#main" }
            }
        }, 
        {
            "name": "propeller", 
            "from": [ 7.5, 5, 4.5 ], 
            "to":   [ 8.5, 5, 11.5 ], 
            "rotation": { "angle": 45, "axis": "y", "origin": [8, 0, 8] }, 
            "faces": {
                "north": { "uv": [ 8, 8, 8, 8 ], "texture": "#main" }, 
                "east":  { "uv": [ 8, 8, 8, 8 ], "texture": "#main" }, 
                "south": { "uv": [ 8, 8, 8, 8 ], "texture": "#main" }, 
                "west":  { "uv": [ 8, 8, 8, 8 ], "texture": "#main" }, 
                "up":    { "uv": [ 14, 8.25, 12.25, 8 ], "rotation":270, "texture": "#main" }, 
                "down":  { "uv": [ 14, 8, 12.25, 8.25 ], "rotation":90, "texture": "#main" }
            }
        }
    ], 
    "display": {
        "thirdperson_righthand": {
            "translation": [ 0, 6, 0 ], 
            "scale": [ 0.75, 0.75, 0.75 ]
        }, 
        "thirdperson_lefthand": {
            "translation": [ 0, 6, 0 ], 
            "scale": [ 0.75, 0.75, 0.75 ]
        }, 
        "firstperson_righthand": {
            "translation": [ 0, 6, 0 ]
        }, 
        "firstperson_lefthand": {
            "translation": [ 0, 6, 0 ]
        }, 
        "ground": {
            "translation": [ 0, 6, 0 ]
        }, 
        "gui": {
            "rotation": [ 30, -135, 0 ], 
            "translation": [ 0, 4, 0 ]
        }, 
        "head": {
            "translation": [ 0, 19, 0 ], 
            "scale": [ 1.75, 1.75, 1.75 ]
        }, 
        "fixed": {
            "rotation": [ -90, 0, 0 ], 
            "translation": [ 0, 0, -12 ], 
            "scale": [ 1.5, 1.5, 1.5 ]
        }
    }, 
    "groups": [
        {
            "name": "hat", 
            "origin": [
                0, 
                0, 
                0
            ], 
            "color": 0, 
            "children": [
                0, 
                1, 
                2
            ]
        }, 
        3
    ], 
    "__comment": "Model animated using Fizzy's model animator - http://fizzy81.github.io/animated-models/"
}