{
	"credit": "Made with Blockbench",
	"texture_size": [64, 64],
	"textures": {
		"0": "customhats:item/pumpkinscarecrow",
		"particle": "customhats:item/pumpkinscarecrow"
	},
	"elements": [
		{
			"name": "pumpkin",
			"from": [4, 0, 4],
			"to": [12, 7, 12],
			"faces": {
				"north": {"uv": [3, 0.25, 5, 2], "texture": "#0"},
				"east": {"uv": [3, 2.25, 5, 4], "texture": "#0"},
				"south": {"uv": [3, 4.25, 5, 6], "texture": "#0"},
				"west": {"uv": [5, 0.25, 7, 2], "texture": "#0"},
				"up": {"uv": [7, 4, 5, 2], "texture": "#0"},
				"down": {"uv": [7, 4, 5, 6], "texture": "#0"}
			}
		},
		{
			"name": "brim",
			"from": [2, 7, 2],
			"to": [14, 7, 14],
			"faces": {
				"north": {"uv": [0, 0, 3, 0], "texture": "#0"},
				"east": {"uv": [0, 0, 3, 0], "texture": "#0"},
				"south": {"uv": [0, 0, 3, 0], "texture": "#0"},
				"west": {"uv": [0, 0, 3, 0], "texture": "#0"},
				"up": {"uv": [3, 3, 0, 0], "texture": "#0"},
				"down": {"uv": [3, 3, 0, 6], "texture": "#0"}
			}
		},
		{
			"name": "ring",
			"from": [3.75, 7, 3.75],
			"to": [12.25, 8, 12.25],
			"faces": {
				"north": {"uv": [7, 5, 9, 5.25], "texture": "#0"},
				"east": {"uv": [7, 5.25, 9, 5.5], "texture": "#0"},
				"south": {"uv": [7, 5.5, 9, 5.75], "texture": "#0"},
				"west": {"uv": [7, 5.75, 9, 6], "texture": "#0"}
			}
		},
		{
			"name": "hat1",
			"from": [4, 7, 4],
			"to": [12, 9, 12],
			"faces": {
				"north": {"uv": [7, 3, 9, 3.5], "texture": "#0"},
				"east": {"uv": [7, 3.5, 9, 4], "texture": "#0"},
				"south": {"uv": [7, 4, 9, 4.5], "texture": "#0"},
				"west": {"uv": [7, 4.5, 9, 5], "texture": "#0"},
				"up": {"uv": [2, 8, 0, 6], "texture": "#0"},
				"down": {"uv": [4, 6, 2, 8], "texture": "#0"}
			}
		},
		{
			"name": "hat2",
			"from": [4, 7.9, 5],
			"to": [10, 10.9, 11],
			"rotation": {"angle": 22.5, "axis": "z", "origin": [8, 11.5, 8]},
			"faces": {
				"north": {"uv": [7, 0, 8.5, 0.75], "texture": "#0"},
				"east": {"uv": [7, 0.75, 8.5, 1.5], "texture": "#0"},
				"south": {"uv": [7, 1.5, 8.5, 2.25], "texture": "#0"},
				"west": {"uv": [7, 2.25, 8.5, 3], "texture": "#0"},
				"up": {"uv": [5.5, 7.5, 4, 6], "texture": "#0"},
				"down": {"uv": [7, 6, 5.5, 7.5], "texture": "#0"}
			}
		},
		{
			"name": "hat3",
			"from": [5.4, 10, 6.5],
			"to": [8.4, 13, 9.5],
			"rotation": {"angle": 45, "axis": "z", "origin": [8, 11.5, 8]},
			"faces": {
				"north": {"uv": [7, 6, 7.75, 6.75], "texture": "#0"},
				"east": {"uv": [7, 6.75, 7.75, 7.5], "texture": "#0"},
				"south": {"uv": [4, 7.5, 4.75, 8.25], "texture": "#0"},
				"west": {"uv": [4.75, 7.5, 5.5, 8.25], "texture": "#0"},
				"up": {"uv": [6.25, 8.25, 5.5, 7.5], "texture": "#0"},
				"down": {"uv": [7, 7.5, 6.25, 8.25], "texture": "#0"}
			}
		}
	],
	"display": {
		"thirdperson_righthand": {
			"translation": [0, 6, 0],
			"scale": [0.75, 0.75, 0.75]
		},
		"thirdperson_lefthand": {
			"translation": [0, 6, 0],
			"scale": [0.75, 0.75, 0.75]
		},
		"firstperson_righthand": {
			"translation": [0, 6, 0],
			"scale": [0.75, 0.75, 0.75]
		},
		"firstperson_lefthand": {
			"translation": [0, 6, 0],
			"scale": [0.75, 0.75, 0.75]
		},
		"ground": {
			"translation": [0, 6, 0]
		},
		"gui": {
			"rotation": [30, -135, 0],
			"translation": [0, 2, 0]
		},
		"head": {
			"translation": [0, 7.5, 0],
			"scale": [1.75, 1.75, 1.75]
		},
		"fixed": {
			"rotation": [-90, 0, 0],
			"translation": [0, 0, -12],
			"scale": [1.5, 1.5, 1.5]
		}
	},
	"groups": [
		{
			"name": "group",
			"origin": [0, 0, 0],
			"color": 0,
			"children": [0, 1, 2, 3, 4, 5]
		}
	]
}