{
	"credit": "Made with Blockbench",
	"texture_size": [64, 64],
	"textures": {
		"0": "customhats:item/tophat",
		"particle": "customhats:item/tophat"
	},
	"elements": [
		{
			"name": "middle",
			"from": [4.5, 1, 4.5],
			"to": [11.5, 9, 11.5],
			"faces": {
				"north": {"uv": [2.25, 0, 4, 2], "texture": "#0"},
				"east": {"uv": [2.25, 2, 4, 4], "texture": "#0"},
				"south": {"uv": [4, 0, 5.75, 2], "texture": "#0"},
				"west": {"uv": [4, 2, 5.75, 4], "texture": "#0"},
				"up": {"uv": [4, 5.75, 2.25, 4], "texture": "#0"},
				"down": {"uv": [5.75, 4, 4, 5.75], "texture": "#0"}
			}
		},
		{
			"name": "1",
			"from": [5.5, 1, 3.5],
			"to": [10.5, 9, 4.5],
			"faces": {
				"north": {"uv": [0, 4.5, 1.25, 6.5], "texture": "#0"},
				"east": {"uv": [7, 3.5, 7.25, 5.5], "texture": "#0"},
				"south": {"uv": [5.75, 0, 7, 2], "texture": "#0"},
				"west": {"uv": [6.25, 7, 6.5, 9], "texture": "#0"},
				"up": {"uv": [8.25, 5.75, 7, 5.5], "texture": "#0"},
				"down": {"uv": [8.25, 5.75, 7, 6], "texture": "#0"}
			}
		},
		{
			"name": "2",
			"from": [3.5, 1, 5.5],
			"to": [4.5, 9, 10.5],
			"faces": {
				"north": {"uv": [6.5, 7, 6.75, 9], "texture": "#0"},
				"east": {"uv": [1.25, 5.75, 2.5, 7.75], "texture": "#0"},
				"south": {"uv": [6.75, 7, 7, 9], "texture": "#0"},
				"west": {"uv": [5.75, 2, 7, 4], "texture": "#0"},
				"up": {"uv": [7.75, 1.25, 7.5, 0], "texture": "#0"},
				"down": {"uv": [0.5, 7.5, 0.25, 8.75], "texture": "#0"}
			}
		},
		{
			"name": "3",
			"from": [5.5, 1, 11.5],
			"to": [10.5, 9, 12.5],
			"faces": {
				"north": {"uv": [2.5, 5.75, 3.75, 7.75], "texture": "#0"},
				"east": {"uv": [7, 7, 7.25, 9], "texture": "#0"},
				"south": {"uv": [3.75, 5.75, 5, 7.75], "texture": "#0"},
				"west": {"uv": [7.25, 3.5, 7.5, 5.5], "texture": "#0"},
				"up": {"uv": [8.75, 1.5, 7.5, 1.25], "texture": "#0"},
				"down": {"uv": [8.75, 1.5, 7.5, 1.75], "texture": "#0"}
			}
		},
		{
			"name": "4",
			"from": [11.5, 1, 5.5],
			"to": [12.5, 9, 10.5],
			"faces": {
				"north": {"uv": [7.25, 7, 7.5, 9], "texture": "#0"},
				"east": {"uv": [5.75, 4, 7, 6], "texture": "#0"},
				"south": {"uv": [0, 7.5, 0.25, 9.5], "texture": "#0"},
				"west": {"uv": [5, 6, 6.25, 8], "texture": "#0"},
				"up": {"uv": [0.75, 8.75, 0.5, 7.5], "texture": "#0"},
				"down": {"uv": [1, 7.5, 0.75, 8.75], "texture": "#0"}
			}
		},
		{
			"name": "brim middle",
			"from": [3.5, 0, 3.5],
			"to": [12.5, 1, 12.5],
			"faces": {
				"north": {"uv": [7, 2.5, 9.25, 2.75], "texture": "#0"},
				"east": {"uv": [7, 2.75, 9.25, 3], "texture": "#0"},
				"south": {"uv": [7, 3, 9.25, 3.25], "texture": "#0"},
				"west": {"uv": [7, 3.25, 9.25, 3.5], "texture": "#0"},
				"up": {"uv": [2.25, 2.25, 0, 0], "texture": "#0"},
				"down": {"uv": [2.25, 2.25, 0, 4.5], "texture": "#0"}
			}
		},
		{
			"name": "brim1",
			"from": [5.5, 0, 1.5],
			"to": [10.5, 1, 3.5],
			"faces": {
				"north": {"uv": [7.5, 1.75, 8.75, 2], "texture": "#0"},
				"east": {"uv": [5, 5.75, 5.5, 6], "texture": "#0"},
				"south": {"uv": [7.5, 2, 8.75, 2.25], "texture": "#0"},
				"west": {"uv": [7.5, 4.75, 8, 5], "texture": "#0"},
				"up": {"uv": [7.5, 6.5, 6.25, 6], "texture": "#0"},
				"down": {"uv": [1.25, 6.5, 0, 7], "texture": "#0"}
			}
		},
		{
			"name": "brim2",
			"from": [3.5, 0, 2.5],
			"to": [5.5, 1, 3.5],
			"faces": {
				"north": {"uv": [7.5, 5, 8, 5.25], "texture": "#0"},
				"east": {"uv": [5.5, 5.75, 5.75, 6], "texture": "#0"},
				"south": {"uv": [7.5, 5.25, 8, 5.5], "texture": "#0"},
				"west": {"uv": [5.25, 8, 5.5, 8.25], "texture": "#0"},
				"up": {"uv": [8, 6.25, 7.5, 6], "texture": "#0"},
				"down": {"uv": [8, 6.25, 7.5, 6.5], "texture": "#0"}
			}
		},
		{
			"name": "brim3",
			"from": [2.5, 0, 3.5],
			"to": [3.5, 1, 5.5],
			"faces": {
				"north": {"uv": [8, 5.25, 8.25, 5.5], "texture": "#0"},
				"east": {"uv": [7.5, 6.5, 8, 6.75], "texture": "#0"},
				"south": {"uv": [5.5, 8, 5.75, 8.25], "texture": "#0"},
				"west": {"uv": [7.5, 6.75, 8, 7], "texture": "#0"},
				"up": {"uv": [1.25, 8, 1, 7.5], "texture": "#0"},
				"down": {"uv": [7.75, 7, 7.5, 7.5], "texture": "#0"}
			}
		},
		{
			"name": "brim4",
			"from": [1.5, 0, 5.5],
			"to": [3.5, 1, 10.5],
			"faces": {
				"north": {"uv": [7.5, 7.5, 8, 7.75], "texture": "#0"},
				"east": {"uv": [7.5, 2.25, 8.75, 2.5], "texture": "#0"},
				"south": {"uv": [7.75, 0, 8.25, 0.25], "texture": "#0"},
				"west": {"uv": [7.5, 3.5, 8.75, 3.75], "texture": "#0"},
				"up": {"uv": [1.75, 5.75, 1.25, 4.5], "texture": "#0"},
				"down": {"uv": [2.25, 4.5, 1.75, 5.75], "texture": "#0"}
			}
		},
		{
			"name": "brim5",
			"from": [2.5, 0, 10.5],
			"to": [3.5, 1, 12.5],
			"faces": {
				"north": {"uv": [5.75, 8, 6, 8.25], "texture": "#0"},
				"east": {"uv": [7.75, 0.25, 8.25, 0.5], "texture": "#0"},
				"south": {"uv": [6, 8, 6.25, 8.25], "texture": "#0"},
				"west": {"uv": [7.75, 0.5, 8.25, 0.75], "texture": "#0"},
				"up": {"uv": [8, 1.25, 7.75, 0.75], "texture": "#0"},
				"down": {"uv": [1.5, 7.75, 1.25, 8.25], "texture": "#0"}
			}
		},
		{
			"name": "brim6",
			"from": [3.5, 0, 12.5],
			"to": [5.5, 1, 13.5],
			"faces": {
				"north": {"uv": [1.5, 7.75, 2, 8], "texture": "#0"},
				"east": {"uv": [8, 6, 8.25, 6.25], "texture": "#0"},
				"south": {"uv": [2, 7.75, 2.5, 8], "texture": "#0"},
				"west": {"uv": [8, 6.25, 8.25, 6.5], "texture": "#0"},
				"up": {"uv": [3, 8, 2.5, 7.75], "texture": "#0"},
				"down": {"uv": [3.5, 7.75, 3, 8], "texture": "#0"}
			}
		},
		{
			"name": "brim7",
			"from": [5.5, 0, 12.5],
			"to": [10.5, 1, 14.5],
			"faces": {
				"north": {"uv": [7.5, 3.75, 8.75, 4], "texture": "#0"},
				"east": {"uv": [3.5, 7.75, 4, 8], "texture": "#0"},
				"south": {"uv": [7.5, 4, 8.75, 4.25], "texture": "#0"},
				"west": {"uv": [4, 7.75, 4.5, 8], "texture": "#0"},
				"up": {"uv": [7.5, 7, 6.25, 6.5], "texture": "#0"},
				"down": {"uv": [1.25, 7, 0, 7.5], "texture": "#0"}
			}
		},
		{
			"name": "brim8",
			"from": [10.5, 0, 12.5],
			"to": [12.5, 1, 13.5],
			"faces": {
				"north": {"uv": [4.5, 7.75, 5, 8], "texture": "#0"},
				"east": {"uv": [8, 6.5, 8.25, 6.75], "texture": "#0"},
				"south": {"uv": [7.75, 7, 8.25, 7.25], "texture": "#0"},
				"west": {"uv": [8, 6.75, 8.25, 7], "texture": "#0"},
				"up": {"uv": [8.25, 7.5, 7.75, 7.25], "texture": "#0"},
				"down": {"uv": [8, 7.75, 7.5, 8], "texture": "#0"}
			}
		},
		{
			"name": "brim9",
			"from": [12.5, 0, 10.5],
			"to": [13.5, 1, 12.5],
			"faces": {
				"north": {"uv": [7.5, 8, 7.75, 8.25], "texture": "#0"},
				"east": {"uv": [8, 0.75, 8.5, 1], "texture": "#0"},
				"south": {"uv": [8, 7.5, 8.25, 7.75], "texture": "#0"},
				"west": {"uv": [8, 1, 8.5, 1.25], "texture": "#0"},
				"up": {"uv": [1.25, 8.5, 1, 8], "texture": "#0"},
				"down": {"uv": [1.75, 8, 1.5, 8.5], "texture": "#0"}
			}
		},
		{
			"name": "brim10",
			"from": [12.5, 0, 5.5],
			"to": [14.5, 1, 10.5],
			"faces": {
				"north": {"uv": [1.75, 8, 2.25, 8.25], "texture": "#0"},
				"east": {"uv": [7.5, 4.25, 8.75, 4.5], "texture": "#0"},
				"south": {"uv": [2.25, 8, 2.75, 8.25], "texture": "#0"},
				"west": {"uv": [7.5, 4.5, 8.75, 4.75], "texture": "#0"},
				"up": {"uv": [7.5, 1.25, 7, 0], "texture": "#0"},
				"down": {"uv": [7.5, 1.25, 7, 2.5], "texture": "#0"}
			}
		},
		{
			"name": "brim11",
			"from": [12.5, 0, 3.5],
			"to": [13.5, 1, 5.5],
			"faces": {
				"north": {"uv": [7.75, 8, 8, 8.25], "texture": "#0"},
				"east": {"uv": [2.75, 8, 3.25, 8.25], "texture": "#0"},
				"south": {"uv": [8, 7.75, 8.25, 8], "texture": "#0"},
				"west": {"uv": [3.25, 8, 3.75, 8.25], "texture": "#0"},
				"up": {"uv": [4, 8.5, 3.75, 8], "texture": "#0"},
				"down": {"uv": [4.25, 8, 4, 8.5], "texture": "#0"}
			}
		},
		{
			"name": "brim12",
			"from": [10.5, 0, 2.5],
			"to": [12.5, 1, 3.5],
			"faces": {
				"north": {"uv": [4.25, 8, 4.75, 8.25], "texture": "#0"},
				"east": {"uv": [8, 8, 8.25, 8.25], "texture": "#0"},
				"south": {"uv": [4.75, 8, 5.25, 8.25], "texture": "#0"},
				"west": {"uv": [8.25, 0, 8.5, 0.25], "texture": "#0"},
				"up": {"uv": [8.5, 5, 8, 4.75], "texture": "#0"},
				"down": {"uv": [8.5, 5, 8, 5.25], "texture": "#0"}
			}
		}
	],
	"display": {
		"thirdperson_righthand": {
			"translation": [0, 6, 0],
			"scale": [0.75, 0.75, 0.75]
		},
		"thirdperson_lefthand": {
			"translation": [0, 6, 0],
			"scale": [0.75, 0.75, 0.75]
		},
		"firstperson_righthand": {
			"translation": [0, 6, 0],
			"scale": [0.75, 0.75, 0.75]
		},
		"firstperson_lefthand": {
			"translation": [0, 6, 0],
			"scale": [0.75, 0.75, 0.75]
		},
		"ground": {
			"translation": [0, 6, 0]
		},
		"gui": {
			"rotation": [30, -135, 0],
			"translation": [0, 3.5, 0]
		},
		"head": {
			"translation": [0, 17.5, 0],
			"scale": [1.5, 1.5, 1.5]
		},
		"fixed": {
			"rotation": [-90, 0, 0],
			"translation": [0, 0, -12],
			"scale": [1.5, 1.5, 1.5]
		}
	},
	"groups": [
		{
			"name": "group",
			"origin": [0, 0, 0],
			"color": 0,
			"children": [
				{
					"name": "hat",
					"origin": [0, 0, 0],
					"color": 0,
					"children": [0, 1, 2, 3, 4]
				},
				{
					"name": "brim",
					"origin": [0, 0, 0],
					"color": 0,
					"children": [5, 6, 7, 8, 9, 10, 11, 12, 13, 14, 15, 16, 17]
				}
			]
		}
	]
}