{
	"credit": "Made with Blockbench",
	"texture_size": [128, 128],
	"textures": {
		"0": "block/crafting_table",
		"particle": "block/crafting_table"
	},
	"elements": [
		{
			"name": "middle",
			"from": [1.25, 7, 1.5],
			"to": [15.25, 8, 15.5],
			"faces": {
				"north": {"uv": [6.125, 1.75, 7.875, 1.875], "texture": "#0"},
				"east": {"uv": [6.125, 1.875, 7.875, 2], "texture": "#0"},
				"south": {"uv": [6.125, 2, 7.875, 2.125], "texture": "#0"},
				"west": {"uv": [6.125, 2.125, 7.875, 2.25], "texture": "#0"},
				"up": {"uv": [1.75, 1.75, 0, 0], "texture": "#0"},
				"down": {"uv": [1.75, 2, 0, 3.75], "texture": "#0"}
			}
		},
		{
			"name": "top",
			"from": [0, 14, 0],
			"to": [16, 16, 16],
			"faces": {
				"north": {"uv": [5.375, 3.625, 7.375, 3.875], "texture": "#0"},
				"east": {"uv": [5.75, 0.25, 7.75, 0.5], "texture": "#0"},
				"south": {"uv": [5.75, 0, 7.75, 0.25], "texture": "#0"},
				"west": {"uv": [5.375, 3.875, 7.375, 4.125], "texture": "#0"},
				"up": {"uv": [2, 2, 0, 0], "texture": "#0"},
				"down": {"uv": [2, 2, 0, 4], "texture": "#0"}
			}
		},
		{
			"name": "bottom",
			"from": [0, 0, 0],
			"to": [16, 2, 16],
			"rotation": {"angle": 0, "axis": "y", "origin": [4.125, 0.725, 2.5625]},
			"faces": {
				"north": {"uv": [5.375, 3.625, 7.375, 3.875], "texture": "#0"},
				"east": {"uv": [5.375, 3.875, 7.375, 4.125], "texture": "#0"},
				"south": {"uv": [5.75, 0, 7.75, 0.25], "texture": "#0"},
				"west": {"uv": [5.75, 0.25, 7.75, 0.5], "texture": "#0"},
				"up": {"uv": [2, 2, 0, 0], "texture": "#0"},
				"down": {"uv": [2, 2, 0, 4], "texture": "#0"}
			}
		},
		{
			"from": [0.5, 2, 0.75],
			"to": [1.5, 12, 1.75],
			"rotation": {"angle": 0, "axis": "y", "origin": [16, 2, 0]},
			"faces": {
				"north": {"uv": [3.375, 6.5, 3.25, 7.75], "texture": "#0"},
				"east": {"uv": [3.75, 6.5, 3.625, 7.75], "texture": "#0"},
				"south": {"uv": [3.625, 6.5, 3.5, 7.75], "texture": "#0"},
				"west": {"uv": [3.5, 6.5, 3.375, 7.75], "texture": "#0"},
				"up": {"uv": [3.875, 4.125, 4, 4], "texture": "#0"},
				"down": {"uv": [3.875, 4.125, 4, 4.25], "texture": "#0"}
			}
		},
		{
			"from": [0, 12, 0.25],
			"to": [2, 14, 2.25],
			"rotation": {"angle": -45, "axis": "z", "origin": [1, 13, 1]},
			"faces": {
				"north": {"uv": [1.75, 6.25, 1.5, 6.5], "texture": "#0"},
				"east": {"uv": [7.625, 3.625, 7.375, 3.875], "texture": "#0"},
				"south": {"uv": [7.625, 3.375, 7.375, 3.625], "texture": "#0"},
				"west": {"uv": [7.625, 3.125, 7.375, 3.375], "texture": "#0"},
				"up": {"uv": [7.375, 4.125, 7.625, 3.875], "texture": "#0"},
				"down": {"uv": [4.875, 7.375, 5.125, 7.625], "texture": "#0"}
			}
		},
		{
			"from": [0.5, 12.5, 0],
			"to": [1.5, 13.5, 1],
			"rotation": {"angle": -45, "axis": "z", "origin": [1, 13, 0]},
			"faces": {
				"north": {"uv": [6.75, 5.125, 6.625, 5.25], "texture": "#0"},
				"east": {"uv": [8.125, 2, 8, 2.125], "texture": "#0"},
				"south": {"uv": [6.625, 7.875, 6.5, 8], "texture": "#0"},
				"west": {"uv": [6.75, 5.25, 6.625, 5.375], "texture": "#0"},
				"up": {"uv": [8, 2.25, 8.125, 2.125], "texture": "#0"},
				"down": {"uv": [8, 2.5, 8.125, 2.625], "texture": "#0"}
			}
		},
		{
			"from": [0.5, 12.5, 1.5],
			"to": [1.5, 13.5, 2.5],
			"rotation": {"angle": -45, "axis": "z", "origin": [1, 13, 0]},
			"faces": {
				"north": {"uv": [8.125, 2.75, 8, 2.875], "texture": "#0"},
				"east": {"uv": [3.375, 8, 3.25, 8.125], "texture": "#0"},
				"south": {"uv": [8.125, 3.125, 8, 3.25], "texture": "#0"},
				"west": {"uv": [8.125, 2.875, 8, 3], "texture": "#0"},
				"up": {"uv": [8, 3.375, 8.125, 3.25], "texture": "#0"},
				"down": {"uv": [3.375, 8, 3.5, 8.125], "texture": "#0"}
			}
		},
		{
			"from": [-0.03033, 11.96967, 0.75],
			"to": [0.96967, 12.96967, 1.75],
			"rotation": {"angle": -45, "axis": "z", "origin": [0.46967, 12.46967, 1.25]},
			"faces": {
				"north": {"uv": [8.125, 3.375, 8, 3.5], "texture": "#0"},
				"east": {"uv": [8.125, 3.625, 8, 3.75], "texture": "#0"},
				"south": {"uv": [3.75, 8, 3.625, 8.125], "texture": "#0"},
				"west": {"uv": [3.625, 8, 3.5, 8.125], "texture": "#0"},
				"up": {"uv": [3.75, 8.125, 3.875, 8], "texture": "#0"},
				"down": {"uv": [8, 3.75, 8.125, 3.875], "texture": "#0"}
			}
		},
		{
			"from": [1.25, 12.5, 0.75],
			"to": [2.25, 13.5, 1.75],
			"rotation": {"angle": -45, "axis": "z", "origin": [1, 13, 0]},
			"faces": {
				"north": {"uv": [4, 8, 3.875, 8.125], "texture": "#0"},
				"east": {"uv": [8.125, 4.875, 8, 5], "texture": "#0"},
				"south": {"uv": [8.125, 4, 8, 4.125], "texture": "#0"},
				"west": {"uv": [8.125, 3.875, 8, 4], "texture": "#0"},
				"up": {"uv": [8, 5.125, 8.125, 5], "texture": "#0"},
				"down": {"uv": [8, 5.125, 8.125, 5.25], "texture": "#0"}
			}
		},
		{
			"from": [-0.25, 12.5, 0.75],
			"to": [0.75, 13.5, 1.75],
			"rotation": {"angle": -45, "axis": "z", "origin": [1, 13, 0]},
			"faces": {
				"north": {"uv": [8.125, 5.25, 8, 5.375], "texture": "#0"},
				"east": {"uv": [8.125, 5.5, 8, 5.625], "texture": "#0"},
				"south": {"uv": [5.625, 8, 5.5, 8.125], "texture": "#0"},
				"west": {"uv": [8.125, 5.375, 8, 5.5], "texture": "#0"},
				"up": {"uv": [5.625, 8.125, 5.75, 8], "texture": "#0"},
				"down": {"uv": [5.75, 8, 5.875, 8.125], "texture": "#0"}
			}
		},
		{
			"from": [0.5, 13.25, 0.75],
			"to": [1.5, 14.25, 1.75],
			"rotation": {"angle": -45, "axis": "z", "origin": [1, 13, 0]},
			"faces": {
				"north": {"uv": [6, 8, 5.875, 8.125], "texture": "#0"},
				"east": {"uv": [6.375, 8, 6.25, 8.125], "texture": "#0"},
				"south": {"uv": [6.25, 8, 6.125, 8.125], "texture": "#0"},
				"west": {"uv": [6.125, 8, 6, 8.125], "texture": "#0"},
				"up": {"uv": [6.375, 8.125, 6.5, 8], "texture": "#0"},
				"down": {"uv": [6.5, 8, 6.625, 8.125], "texture": "#0"}
			}
		},
		{
			"from": [14.5, 2, 0.75],
			"to": [15.5, 12, 1.75],
			"rotation": {"angle": 0, "axis": "y", "origin": [0, 2, 0]},
			"faces": {
				"north": {"uv": [3.25, 6.5, 3.375, 7.75], "texture": "#0"},
				"east": {"uv": [3.375, 6.5, 3.5, 7.75], "texture": "#0"},
				"south": {"uv": [3.5, 6.5, 3.625, 7.75], "texture": "#0"},
				"west": {"uv": [3.625, 6.5, 3.75, 7.75], "texture": "#0"},
				"up": {"uv": [4, 4.125, 3.875, 4], "texture": "#0"},
				"down": {"uv": [4, 4.125, 3.875, 4.25], "texture": "#0"}
			}
		},
		{
			"from": [14, 12, 0.25],
			"to": [16, 14, 2.25],
			"rotation": {"angle": 45, "axis": "z", "origin": [15, 13, 1]},
			"faces": {
				"north": {"uv": [1.5, 6.25, 1.75, 6.5], "texture": "#0"},
				"east": {"uv": [7.375, 3.125, 7.625, 3.375], "texture": "#0"},
				"south": {"uv": [7.375, 3.375, 7.625, 3.625], "texture": "#0"},
				"west": {"uv": [7.375, 3.625, 7.625, 3.875], "texture": "#0"},
				"up": {"uv": [7.625, 4.125, 7.375, 3.875], "texture": "#0"},
				"down": {"uv": [5.125, 7.375, 4.875, 7.625], "texture": "#0"}
			}
		},
		{
			"from": [14.5, 12.5, 0],
			"to": [15.5, 13.5, 1],
			"rotation": {"angle": 45, "axis": "z", "origin": [15, 13, 0]},
			"faces": {
				"north": {"uv": [6.625, 5.125, 6.75, 5.25], "texture": "#0"},
				"east": {"uv": [6.625, 5.25, 6.75, 5.375], "texture": "#0"},
				"south": {"uv": [6.5, 7.875, 6.625, 8], "texture": "#0"},
				"west": {"uv": [8, 2, 8.125, 2.125], "texture": "#0"},
				"up": {"uv": [8.125, 2.25, 8, 2.125], "texture": "#0"},
				"down": {"uv": [8.125, 2.5, 8, 2.625], "texture": "#0"}
			}
		},
		{
			"from": [14.5, 12.5, 1.5],
			"to": [15.5, 13.5, 2.5],
			"rotation": {"angle": 45, "axis": "z", "origin": [15, 13, 0]},
			"faces": {
				"north": {"uv": [8, 2.75, 8.125, 2.875], "texture": "#0"},
				"east": {"uv": [8, 2.875, 8.125, 3], "texture": "#0"},
				"south": {"uv": [8, 3.125, 8.125, 3.25], "texture": "#0"},
				"west": {"uv": [3.25, 8, 3.375, 8.125], "texture": "#0"},
				"up": {"uv": [8.125, 3.375, 8, 3.25], "texture": "#0"},
				"down": {"uv": [3.5, 8, 3.375, 8.125], "texture": "#0"}
			}
		},
		{
			"from": [15.03033, 11.96967, 0.75],
			"to": [16.03033, 12.96967, 1.75],
			"rotation": {"angle": 45, "axis": "z", "origin": [15.53033, 12.46967, 1.25]},
			"faces": {
				"north": {"uv": [8, 3.375, 8.125, 3.5], "texture": "#0"},
				"east": {"uv": [3.5, 8, 3.625, 8.125], "texture": "#0"},
				"south": {"uv": [3.625, 8, 3.75, 8.125], "texture": "#0"},
				"west": {"uv": [8, 3.625, 8.125, 3.75], "texture": "#0"},
				"up": {"uv": [3.875, 8.125, 3.75, 8], "texture": "#0"},
				"down": {"uv": [8.125, 3.75, 8, 3.875], "texture": "#0"}
			}
		},
		{
			"from": [13.75, 12.5, 0.75],
			"to": [14.75, 13.5, 1.75],
			"rotation": {"angle": 45, "axis": "z", "origin": [15, 13, 0]},
			"faces": {
				"north": {"uv": [3.875, 8, 4, 8.125], "texture": "#0"},
				"east": {"uv": [8, 3.875, 8.125, 4], "texture": "#0"},
				"south": {"uv": [8, 4, 8.125, 4.125], "texture": "#0"},
				"west": {"uv": [8, 4.875, 8.125, 5], "texture": "#0"},
				"up": {"uv": [8.125, 5.125, 8, 5], "texture": "#0"},
				"down": {"uv": [8.125, 5.125, 8, 5.25], "texture": "#0"}
			}
		},
		{
			"from": [15.25, 12.5, 0.75],
			"to": [16.25, 13.5, 1.75],
			"rotation": {"angle": 45, "axis": "z", "origin": [15, 13, 0]},
			"faces": {
				"north": {"uv": [8, 5.25, 8.125, 5.375], "texture": "#0"},
				"east": {"uv": [8, 5.375, 8.125, 5.5], "texture": "#0"},
				"south": {"uv": [5.5, 8, 5.625, 8.125], "texture": "#0"},
				"west": {"uv": [8, 5.5, 8.125, 5.625], "texture": "#0"},
				"up": {"uv": [5.75, 8.125, 5.625, 8], "texture": "#0"},
				"down": {"uv": [5.875, 8, 5.75, 8.125], "texture": "#0"}
			}
		},
		{
			"from": [14.5, 13.25, 0.75],
			"to": [15.5, 14.25, 1.75],
			"rotation": {"angle": 45, "axis": "z", "origin": [15, 13, 0]},
			"faces": {
				"north": {"uv": [5.875, 8, 6, 8.125], "texture": "#0"},
				"east": {"uv": [6, 8, 6.125, 8.125], "texture": "#0"},
				"south": {"uv": [6.125, 8, 6.25, 8.125], "texture": "#0"},
				"west": {"uv": [6.25, 8, 6.375, 8.125], "texture": "#0"},
				"up": {"uv": [6.5, 8.125, 6.375, 8], "texture": "#0"},
				"down": {"uv": [6.625, 8, 6.5, 8.125], "texture": "#0"}
			}
		},
		{
			"from": [0.5, 2, 14.25],
			"to": [1.5, 12, 15.25],
			"rotation": {"angle": 0, "axis": "y", "origin": [16, 2, 16]},
			"faces": {
				"north": {"uv": [3.5, 6.5, 3.625, 7.75], "texture": "#0"},
				"east": {"uv": [3.625, 6.5, 3.75, 7.75], "texture": "#0"},
				"south": {"uv": [3.25, 6.5, 3.375, 7.75], "texture": "#0"},
				"west": {"uv": [3.375, 6.5, 3.5, 7.75], "texture": "#0"},
				"up": {"uv": [3.875, 4, 4, 4.125], "texture": "#0"},
				"down": {"uv": [3.875, 4.25, 4, 4.125], "texture": "#0"}
			}
		},
		{
			"from": [0, 12, 13.75],
			"to": [2, 14, 15.75],
			"rotation": {"angle": -45, "axis": "z", "origin": [1, 13, 15]},
			"faces": {
				"north": {"uv": [7.375, 3.375, 7.625, 3.625], "texture": "#0"},
				"east": {"uv": [7.375, 3.625, 7.625, 3.875], "texture": "#0"},
				"south": {"uv": [1.5, 6.25, 1.75, 6.5], "texture": "#0"},
				"west": {"uv": [7.375, 3.125, 7.625, 3.375], "texture": "#0"},
				"up": {"uv": [7.375, 3.875, 7.625, 4.125], "texture": "#0"},
				"down": {"uv": [4.875, 7.625, 5.125, 7.375], "texture": "#0"}
			}
		},
		{
			"from": [0.5, 12.5, 15],
			"to": [1.5, 13.5, 16],
			"rotation": {"angle": -45, "axis": "z", "origin": [1, 13, 16]},
			"faces": {
				"north": {"uv": [6.5, 7.875, 6.625, 8], "texture": "#0"},
				"east": {"uv": [8, 2, 8.125, 2.125], "texture": "#0"},
				"south": {"uv": [6.625, 5.125, 6.75, 5.25], "texture": "#0"},
				"west": {"uv": [6.625, 5.25, 6.75, 5.375], "texture": "#0"},
				"up": {"uv": [8, 2.125, 8.125, 2.25], "texture": "#0"},
				"down": {"uv": [8, 2.625, 8.125, 2.5], "texture": "#0"}
			}
		},
		{
			"from": [0.5, 12.5, 13.5],
			"to": [1.5, 13.5, 14.5],
			"rotation": {"angle": -45, "axis": "z", "origin": [1, 13, 16]},
			"faces": {
				"north": {"uv": [8, 3.125, 8.125, 3.25], "texture": "#0"},
				"east": {"uv": [3.25, 8, 3.375, 8.125], "texture": "#0"},
				"south": {"uv": [8, 2.75, 8.125, 2.875], "texture": "#0"},
				"west": {"uv": [8, 2.875, 8.125, 3], "texture": "#0"},
				"up": {"uv": [8, 3.25, 8.125, 3.375], "texture": "#0"},
				"down": {"uv": [3.375, 8.125, 3.5, 8], "texture": "#0"}
			}
		},
		{
			"from": [-0.03033, 11.96967, 14.25],
			"to": [0.96967, 12.96967, 15.25],
			"rotation": {"angle": -45, "axis": "z", "origin": [0.46967, 12.46967, 14.75]},
			"faces": {
				"north": {"uv": [3.625, 8, 3.75, 8.125], "texture": "#0"},
				"east": {"uv": [8, 3.625, 8.125, 3.75], "texture": "#0"},
				"south": {"uv": [8, 3.375, 8.125, 3.5], "texture": "#0"},
				"west": {"uv": [3.5, 8, 3.625, 8.125], "texture": "#0"},
				"up": {"uv": [3.75, 8, 3.875, 8.125], "texture": "#0"},
				"down": {"uv": [8, 3.875, 8.125, 3.75], "texture": "#0"}
			}
		},
		{
			"from": [1.25, 12.5, 14.25],
			"to": [2.25, 13.5, 15.25],
			"rotation": {"angle": -45, "axis": "z", "origin": [1, 13, 16]},
			"faces": {
				"north": {"uv": [8, 4, 8.125, 4.125], "texture": "#0"},
				"east": {"uv": [8, 4.875, 8.125, 5], "texture": "#0"},
				"south": {"uv": [3.875, 8, 4, 8.125], "texture": "#0"},
				"west": {"uv": [8, 3.875, 8.125, 4], "texture": "#0"},
				"up": {"uv": [8, 5, 8.125, 5.125], "texture": "#0"},
				"down": {"uv": [8, 5.25, 8.125, 5.125], "texture": "#0"}
			}
		},
		{
			"from": [-0.25, 12.5, 14.25],
			"to": [0.75, 13.5, 15.25],
			"rotation": {"angle": -45, "axis": "z", "origin": [1, 13, 16]},
			"faces": {
				"north": {"uv": [5.5, 8, 5.625, 8.125], "texture": "#0"},
				"east": {"uv": [8, 5.5, 8.125, 5.625], "texture": "#0"},
				"south": {"uv": [8, 5.25, 8.125, 5.375], "texture": "#0"},
				"west": {"uv": [8, 5.375, 8.125, 5.5], "texture": "#0"},
				"up": {"uv": [5.625, 8, 5.75, 8.125], "texture": "#0"},
				"down": {"uv": [5.75, 8.125, 5.875, 8], "texture": "#0"}
			}
		},
		{
			"from": [0.5, 13.25, 14.25],
			"to": [1.5, 14.25, 15.25],
			"rotation": {"angle": -45, "axis": "z", "origin": [1, 13, 16]},
			"faces": {
				"north": {"uv": [6.125, 8, 6.25, 8.125], "texture": "#0"},
				"east": {"uv": [6.25, 8, 6.375, 8.125], "texture": "#0"},
				"south": {"uv": [5.875, 8, 6, 8.125], "texture": "#0"},
				"west": {"uv": [6, 8, 6.125, 8.125], "texture": "#0"},
				"up": {"uv": [6.375, 8, 6.5, 8.125], "texture": "#0"},
				"down": {"uv": [6.5, 8.125, 6.625, 8], "texture": "#0"}
			}
		},
		{
			"from": [14.5, 2, 14.25],
			"to": [15.5, 12, 15.25],
			"rotation": {"angle": 0, "axis": "y", "origin": [0, 2, 16]},
			"faces": {
				"north": {"uv": [3.625, 6.5, 3.5, 7.75], "texture": "#0"},
				"east": {"uv": [3.5, 6.5, 3.375, 7.75], "texture": "#0"},
				"south": {"uv": [3.375, 6.5, 3.25, 7.75], "texture": "#0"},
				"west": {"uv": [3.75, 6.5, 3.625, 7.75], "texture": "#0"},
				"up": {"uv": [4, 4, 3.875, 4.125], "texture": "#0"},
				"down": {"uv": [4, 4.25, 3.875, 4.125], "texture": "#0"}
			}
		},
		{
			"from": [14, 12, 13.75],
			"to": [16, 14, 15.75],
			"rotation": {"angle": 45, "axis": "z", "origin": [15, 13, 15]},
			"faces": {
				"north": {"uv": [7.625, 3.375, 7.375, 3.625], "texture": "#0"},
				"east": {"uv": [7.625, 3.125, 7.375, 3.375], "texture": "#0"},
				"south": {"uv": [1.75, 6.25, 1.5, 6.5], "texture": "#0"},
				"west": {"uv": [7.625, 3.625, 7.375, 3.875], "texture": "#0"},
				"up": {"uv": [7.625, 3.875, 7.375, 4.125], "texture": "#0"},
				"down": {"uv": [5.125, 7.625, 4.875, 7.375], "texture": "#0"}
			}
		},
		{
			"from": [14.5, 12.5, 15],
			"to": [15.5, 13.5, 16],
			"rotation": {"angle": 45, "axis": "z", "origin": [15, 13, 16]},
			"faces": {
				"north": {"uv": [6.625, 7.875, 6.5, 8], "texture": "#0"},
				"east": {"uv": [6.75, 5.25, 6.625, 5.375], "texture": "#0"},
				"south": {"uv": [6.75, 5.125, 6.625, 5.25], "texture": "#0"},
				"west": {"uv": [8.125, 2, 8, 2.125], "texture": "#0"},
				"up": {"uv": [8.125, 2.125, 8, 2.25], "texture": "#0"},
				"down": {"uv": [8.125, 2.625, 8, 2.5], "texture": "#0"}
			}
		},
		{
			"from": [14.5, 12.5, 13.5],
			"to": [15.5, 13.5, 14.5],
			"rotation": {"angle": 45, "axis": "z", "origin": [15, 13, 16]},
			"faces": {
				"north": {"uv": [8.125, 3.125, 8, 3.25], "texture": "#0"},
				"east": {"uv": [8.125, 2.875, 8, 3], "texture": "#0"},
				"south": {"uv": [8.125, 2.75, 8, 2.875], "texture": "#0"},
				"west": {"uv": [3.375, 8, 3.25, 8.125], "texture": "#0"},
				"up": {"uv": [8.125, 3.25, 8, 3.375], "texture": "#0"},
				"down": {"uv": [3.5, 8.125, 3.375, 8], "texture": "#0"}
			}
		},
		{
			"from": [15.03033, 11.96967, 14.25],
			"to": [16.03033, 12.96967, 15.25],
			"rotation": {"angle": 45, "axis": "z", "origin": [15.53033, 12.46967, 14.75]},
			"faces": {
				"north": {"uv": [3.75, 8, 3.625, 8.125], "texture": "#0"},
				"east": {"uv": [3.625, 8, 3.5, 8.125], "texture": "#0"},
				"south": {"uv": [8.125, 3.375, 8, 3.5], "texture": "#0"},
				"west": {"uv": [8.125, 3.625, 8, 3.75], "texture": "#0"},
				"up": {"uv": [3.875, 8, 3.75, 8.125], "texture": "#0"},
				"down": {"uv": [8.125, 3.875, 8, 3.75], "texture": "#0"}
			}
		},
		{
			"from": [13.75, 12.5, 14.25],
			"to": [14.75, 13.5, 15.25],
			"rotation": {"angle": 45, "axis": "z", "origin": [15, 13, 16]},
			"faces": {
				"north": {"uv": [8.125, 4, 8, 4.125], "texture": "#0"},
				"east": {"uv": [8.125, 3.875, 8, 4], "texture": "#0"},
				"south": {"uv": [4, 8, 3.875, 8.125], "texture": "#0"},
				"west": {"uv": [8.125, 4.875, 8, 5], "texture": "#0"},
				"up": {"uv": [8.125, 5, 8, 5.125], "texture": "#0"},
				"down": {"uv": [8.125, 5.25, 8, 5.125], "texture": "#0"}
			}
		},
		{
			"from": [15.25, 12.5, 14.25],
			"to": [16.25, 13.5, 15.25],
			"rotation": {"angle": 45, "axis": "z", "origin": [15, 13, 16]},
			"faces": {
				"north": {"uv": [5.625, 8, 5.5, 8.125], "texture": "#0"},
				"east": {"uv": [8.125, 5.375, 8, 5.5], "texture": "#0"},
				"south": {"uv": [8.125, 5.25, 8, 5.375], "texture": "#0"},
				"west": {"uv": [8.125, 5.5, 8, 5.625], "texture": "#0"},
				"up": {"uv": [5.75, 8, 5.625, 8.125], "texture": "#0"},
				"down": {"uv": [5.875, 8.125, 5.75, 8], "texture": "#0"}
			}
		},
		{
			"from": [14.5, 13.25, 14.25],
			"to": [15.5, 14.25, 15.25],
			"rotation": {"angle": 45, "axis": "z", "origin": [15, 13, 16]},
			"faces": {
				"north": {"uv": [6.25, 8, 6.125, 8.125], "texture": "#0"},
				"east": {"uv": [6.125, 8, 6, 8.125], "texture": "#0"},
				"south": {"uv": [6, 8, 5.875, 8.125], "texture": "#0"},
				"west": {"uv": [6.375, 8, 6.25, 8.125], "texture": "#0"},
				"up": {"uv": [6.5, 8, 6.375, 8.125], "texture": "#0"},
				"down": {"uv": [6.625, 8.125, 6.5, 8], "texture": "#0"}
			}
		},
		{
			"from": [16, 6.25, 2.5],
			"to": [16.5, 15.25, 13.5],
			"faces": {
				"north": {"uv": [5.5, 6.625, 5.625, 7.75], "texture": "#0"},
				"east": {"uv": [1.75, 5.375, 3.125, 6.5], "texture": "#0"},
				"south": {"uv": [5.625, 6.625, 5.75, 7.75], "texture": "#0"},
				"west": {"uv": [5.25, 4.25, 6.625, 5.375], "texture": "#0"},
				"up": {"uv": [5, 7.375, 4.875, 6], "texture": "#0"},
				"down": {"uv": [5.125, 6, 5, 7.375], "texture": "#0"}
			}
		},
		{
			"from": [-0.5, 15.25, 2.5],
			"to": [16.5, 16.25, 13.5],
			"faces": {
				"north": {"uv": [5.375, 4.125, 7.5, 4.25], "texture": "#0"},
				"east": {"uv": [6.125, 2.75, 7.5, 2.875], "texture": "#0"},
				"south": {"uv": [5.75, 1.5, 7.875, 1.625], "texture": "#0"},
				"west": {"uv": [6.125, 2.875, 7.5, 3], "texture": "#0"},
				"up": {"uv": [3.875, 5.375, 1.75, 4], "texture": "#0"},
				"down": {"uv": [6.125, 1.75, 4, 3.125], "texture": "#0"}
			}
		},
		{
			"from": [-0.5, 6.25, 2.5],
			"to": [0, 15.25, 13.5],
			"faces": {
				"north": {"uv": [5.625, 6.625, 5.75, 7.75], "texture": "#0"},
				"east": {"uv": [5.25, 4.25, 6.625, 5.375], "texture": "#0"},
				"south": {"uv": [5.5, 6.625, 5.625, 7.75], "texture": "#0"},
				"west": {"uv": [1.75, 5.375, 3.125, 6.5], "texture": "#0"},
				"up": {"uv": [5, 7.375, 4.875, 6], "texture": "#0"},
				"down": {"uv": [5.125, 6, 5, 7.375], "texture": "#0"}
			}
		},
		{
			"from": [11, 20.75, 12.1],
			"to": [14, 21.75, 13.1],
			"faces": {
				"north": {"uv": [7.5, 4.125, 7.875, 4.25], "texture": "#0"},
				"east": {"uv": [1.125, 8.25, 1.25, 8.375], "texture": "#0"},
				"south": {"uv": [7.5, 5.375, 7.875, 5.5], "texture": "#0"},
				"west": {"uv": [8.25, 1.125, 8.375, 1.25], "texture": "#0"},
				"up": {"uv": [8, 2.625, 7.625, 2.5], "texture": "#0"},
				"down": {"uv": [8.125, 1.625, 7.75, 1.75], "texture": "#0"}
			}
		},
		{
			"from": [10.25, 20.75, 12.35],
			"to": [11.25, 21.75, 15.35],
			"faces": {
				"north": {"uv": [1.5, 8.25, 1.625, 8.375], "texture": "#0"},
				"east": {"uv": [7.75, 7, 8.125, 7.125], "texture": "#0"},
				"south": {"uv": [8.25, 1.5, 8.375, 1.625], "texture": "#0"},
				"west": {"uv": [7.75, 7.125, 8.125, 7.25], "texture": "#0"},
				"up": {"uv": [7.875, 7.625, 7.75, 7.25], "texture": "#0"},
				"down": {"uv": [7.625, 7.75, 7.5, 8.125], "texture": "#0"}
			}
		},
		{
			"from": [12, 21.25, 13.35],
			"to": [13, 22.25, 14.35],
			"faces": {
				"north": {"uv": [0.75, 8.25, 0.875, 8.375], "texture": "#0"},
				"east": {"uv": [8.25, 0.75, 8.375, 0.875], "texture": "#0"},
				"south": {"uv": [0.875, 8.25, 1, 8.375], "texture": "#0"},
				"west": {"uv": [8.25, 0.875, 8.375, 1], "texture": "#0"},
				"up": {"uv": [1.125, 8.375, 1, 8.25], "texture": "#0"},
				"down": {"uv": [8.375, 1, 8.25, 1.125], "texture": "#0"}
			}
		},
		{
			"from": [10.5, 22.25, 11.85],
			"to": [14.5, 25.25, 15.85],
			"faces": {
				"north": {"uv": [8.5, 4.5, 8.875, 5], "rotation": 90, "texture": "#0"},
				"east": {"uv": [8.375, 4.5, 8.75, 5], "rotation": 90, "texture": "#0"},
				"south": {"uv": [8.375, 4.5, 8.875, 4.875], "texture": "#0"},
				"west": {"uv": [8.375, 4.625, 8.875, 5], "texture": "#0"},
				"up": {"uv": [8.875, 5, 8.375, 4.5], "texture": "#0"},
				"down": {"uv": [7.75, 4.625, 7.5, 4.875], "texture": "#0"}
			}
		},
		{
			"from": [13.75, 20.75, 12.35],
			"to": [14.75, 21.75, 15.35],
			"faces": {
				"north": {"uv": [1.375, 8.25, 1.5, 8.375], "texture": "#0"},
				"east": {"uv": [7.75, 4.75, 8.125, 4.875], "texture": "#0"},
				"south": {"uv": [8.25, 1.375, 8.375, 1.5], "texture": "#0"},
				"west": {"uv": [5.5, 7.75, 5.875, 7.875], "texture": "#0"},
				"up": {"uv": [6.75, 8.125, 6.625, 7.75], "texture": "#0"},
				"down": {"uv": [6.875, 7.75, 6.75, 8.125], "texture": "#0"}
			}
		},
		{
			"from": [11, 20.75, 14.6],
			"to": [14, 21.75, 15.6],
			"faces": {
				"north": {"uv": [7.75, 4.375, 8.125, 4.5], "texture": "#0"},
				"east": {"uv": [1.25, 8.25, 1.375, 8.375], "texture": "#0"},
				"south": {"uv": [4.5, 7.75, 4.875, 7.875], "texture": "#0"},
				"west": {"uv": [8.25, 1.25, 8.375, 1.375], "texture": "#0"},
				"up": {"uv": [8.125, 4.625, 7.75, 4.5], "texture": "#0"},
				"down": {"uv": [8.125, 4.625, 7.75, 4.75], "texture": "#0"}
			}
		},
		{
			"from": [11, 19.25, 12.35],
			"to": [14, 21.25, 15.35],
			"faces": {
				"north": {"uv": [7, 5.5, 7.375, 5.75], "texture": "#0"},
				"east": {"uv": [7, 5.75, 7.375, 6], "texture": "#0"},
				"south": {"uv": [7, 6, 7.375, 6.25], "texture": "#0"},
				"west": {"uv": [7, 6.25, 7.375, 6.5], "texture": "#0"},
				"up": {"uv": [7, 4.75, 6.625, 4.375], "texture": "#0"},
				"down": {"uv": [7, 4.75, 6.625, 5.125], "texture": "#0"}
			}
		},
		{
			"from": [13, 16, 14.5],
			"to": [15, 19, 15.5],
			"faces": {
				"north": {"uv": [7, 4.75, 7.25, 5.125], "texture": "#0"},
				"east": {"uv": [4.25, 7.75, 4.375, 8.125], "texture": "#0"},
				"south": {"uv": [7, 5.125, 7.25, 5.5], "texture": "#0"},
				"west": {"uv": [4.375, 7.75, 4.5, 8.125], "texture": "#0"},
				"up": {"uv": [8.125, 6.25, 7.875, 6.125], "texture": "#0"},
				"down": {"uv": [6.5, 7.875, 6.25, 8], "texture": "#0"}
			}
		},
		{
			"from": [1, 16, 14.5],
			"to": [3, 19, 15.5],
			"faces": {
				"north": {"uv": [2.75, 7, 3, 7.375], "texture": "#0"},
				"east": {"uv": [4, 7.75, 4.125, 8.125], "texture": "#0"},
				"south": {"uv": [7, 4.375, 7.25, 4.75], "texture": "#0"},
				"west": {"uv": [4.125, 7.75, 4.25, 8.125], "texture": "#0"},
				"up": {"uv": [8.125, 6, 7.875, 5.875], "texture": "#0"},
				"down": {"uv": [8.125, 6, 7.875, 6.125], "texture": "#0"}
			}
		},
		{
			"from": [0, 18.25, 12],
			"to": [16, 19.25, 16],
			"faces": {
				"north": {"uv": [0.5, 0, 0.625, 2], "rotation": 90, "texture": "#0"},
				"east": {"uv": [5.375, 3.625, 5.875, 3.75], "texture": "#0"},
				"south": {"uv": [0.625, 0, 0.75, 2], "rotation": 90, "texture": "#0"},
				"west": {"uv": [5.875, 3.625, 6.375, 3.75], "texture": "#0"},
				"up": {"uv": [0.5, 2, 0, 0], "rotation": 90, "texture": "#0"},
				"down": {"uv": [0, 4, 0.5, 2], "rotation": 90, "texture": "#0"}
			}
		},
		{
			"from": [4.25, 16.25, 11.75],
			"to": [7.25, 20.25, 12],
			"faces": {
				"north": {"uv": [4.125, 6, 4.5, 6.5], "texture": "#0"},
				"east": {"uv": [7.5, 4.875, 7.625, 5.375], "texture": "#0"},
				"south": {"uv": [4.5, 6, 4.875, 6.5], "texture": "#0"},
				"west": {"uv": [7.5, 6.5, 7.625, 7], "texture": "#0"},
				"up": {"uv": [8.25, 1.625, 7.875, 1.5], "texture": "#0"},
				"down": {"uv": [8.25, 1.75, 7.875, 1.875], "texture": "#0"}
			}
		},
		{
			"from": [1.25, 16.5, 11.75],
			"to": [3.25, 19.5, 12],
			"faces": {
				"north": {"uv": [7, 6.5, 7.25, 6.875], "texture": "#0"},
				"east": {"uv": [7.625, 7.75, 7.75, 8.125], "texture": "#0"},
				"south": {"uv": [7, 6.875, 7.25, 7.25], "texture": "#0"},
				"west": {"uv": [7.75, 7.625, 7.875, 8], "texture": "#0"},
				"up": {"uv": [8.125, 6.375, 7.875, 6.25], "texture": "#0"},
				"down": {"uv": [8.125, 6.375, 7.875, 6.5], "texture": "#0"}
			}
		},
		{
			"from": [8, 2, 4],
			"to": [10, 6, 8],
			"faces": {
				"north": {"uv": [6.875, 2.25, 7.125, 2.75], "texture": "#0"},
				"east": {"uv": [0.75, 5.75, 1.25, 6.25], "texture": "#0"},
				"south": {"uv": [5.875, 6.875, 6.125, 7.375], "texture": "#0"},
				"west": {"uv": [1.25, 5.75, 1.75, 6.25], "texture": "#0"},
				"up": {"uv": [6.375, 7.375, 6.125, 6.875], "texture": "#0"},
				"down": {"uv": [6.625, 6.875, 6.375, 7.375], "texture": "#0"}
			}
		},
		{
			"from": [8, 5.5, 4.5],
			"to": [10, 6.5, 7.5],
			"faces": {
				"north": {"uv": [7, 7.875, 7.25, 8], "texture": "#0"},
				"east": {"uv": [7.875, 2.25, 8.25, 2.375], "texture": "#0"},
				"south": {"uv": [7.25, 7.875, 7.5, 8], "texture": "#0"},
				"west": {"uv": [7.875, 2.375, 8.25, 2.5], "texture": "#0"},
				"up": {"uv": [7, 7.5, 6.75, 7.125], "texture": "#0"},
				"down": {"uv": [7.5, 4.375, 7.25, 4.75], "texture": "#0"}
			}
		},
		{
			"from": [9.75, 2, 4.5],
			"to": [10.75, 6, 7.5],
			"faces": {
				"north": {"uv": [6.875, 7.5, 7, 8], "texture": "#0"},
				"east": {"uv": [6.125, 2.25, 6.5, 2.75], "texture": "#0"},
				"south": {"uv": [7.625, 3.125, 7.75, 3.625], "texture": "#0"},
				"west": {"uv": [0.75, 6.25, 1.125, 6.75], "texture": "#0"},
				"up": {"uv": [8, 2.25, 7.875, 1.875], "texture": "#0"},
				"down": {"uv": [3.125, 7.875, 3, 8.25], "texture": "#0"}
			}
		},
		{
			"from": [7.25, 2, 4.5],
			"to": [8.25, 6, 7.5],
			"faces": {
				"north": {"uv": [7.625, 3.625, 7.75, 4.125], "texture": "#0"},
				"east": {"uv": [1.125, 6.25, 1.5, 6.75], "texture": "#0"},
				"south": {"uv": [4.875, 7.625, 5, 8.125], "texture": "#0"},
				"west": {"uv": [6.375, 5.375, 6.75, 5.875], "texture": "#0"},
				"up": {"uv": [3.25, 8.25, 3.125, 7.875], "texture": "#0"},
				"down": {"uv": [8, 3.125, 7.875, 3.5], "texture": "#0"}
			}
		},
		{
			"from": [3.25, 4.5, 3.25],
			"to": [4.75, 5.5, 4.75],
			"faces": {
				"north": {"uv": [8, 0.125, 8.25, 0.25], "texture": "#0"},
				"east": {"uv": [0.25, 8, 0.5, 8.125], "texture": "#0"},
				"south": {"uv": [8, 0.25, 8.25, 0.375], "texture": "#0"},
				"west": {"uv": [8, 0.375, 8.25, 0.5], "texture": "#0"},
				"up": {"uv": [8, 0.75, 7.75, 0.5], "texture": "#0"},
				"down": {"uv": [1, 7.75, 0.75, 8], "texture": "#0"}
			}
		},
		{
			"from": [3, 2, 3],
			"to": [5, 5, 5],
			"faces": {
				"north": {"uv": [0.75, 7.125, 1, 7.5], "texture": "#0"},
				"east": {"uv": [1, 7.125, 1.25, 7.5], "texture": "#0"},
				"south": {"uv": [1.25, 7.125, 1.5, 7.5], "texture": "#0"},
				"west": {"uv": [7.125, 2.25, 7.375, 2.625], "texture": "#0"},
				"up": {"uv": [6.875, 7.75, 6.625, 7.5], "texture": "#0"},
				"down": {"uv": [7.75, 7, 7.5, 7.25], "texture": "#0"}
			}
		},
		{
			"from": [2.5, 2, 5.5],
			"to": [4.5, 5, 7.5],
			"faces": {
				"north": {"uv": [7.25, 4.75, 7.5, 5.125], "texture": "#0"},
				"east": {"uv": [7.25, 5.125, 7.5, 5.5], "texture": "#0"},
				"south": {"uv": [7.25, 6.5, 7.5, 6.875], "texture": "#0"},
				"west": {"uv": [7.25, 6.875, 7.5, 7.25], "texture": "#0"},
				"up": {"uv": [7.875, 2.5, 7.625, 2.25], "texture": "#0"},
				"down": {"uv": [7.875, 4.875, 7.625, 5.125], "texture": "#0"}
			}
		},
		{
			"from": [2.75, 4.5, 5.75],
			"to": [4.25, 5.5, 7.25],
			"faces": {
				"north": {"uv": [8, 0.125, 8.25, 0.25], "texture": "#0"},
				"east": {"uv": [0.25, 8, 0.5, 8.125], "texture": "#0"},
				"south": {"uv": [8, 0.25, 8.25, 0.375], "texture": "#0"},
				"west": {"uv": [8, 0.375, 8.25, 0.5], "texture": "#0"},
				"up": {"uv": [8, 0.75, 7.75, 0.5], "texture": "#0"},
				"down": {"uv": [1, 7.75, 0.75, 8], "texture": "#0"}
			}
		},
		{
			"from": [2.75, 9.5, 5.75],
			"to": [4.25, 10.5, 7.25],
			"faces": {
				"north": {"uv": [8, 0.125, 8.25, 0.25], "texture": "#0"},
				"east": {"uv": [0.25, 8, 0.5, 8.125], "texture": "#0"},
				"south": {"uv": [8, 0.25, 8.25, 0.375], "texture": "#0"},
				"west": {"uv": [8, 0.375, 8.25, 0.5], "texture": "#0"},
				"up": {"uv": [8, 0.75, 7.75, 0.5], "texture": "#0"},
				"down": {"uv": [1, 7.75, 0.75, 8], "texture": "#0"}
			}
		},
		{
			"from": [2.5, 8, 5.5],
			"to": [4.5, 10, 7.5],
			"faces": {
				"north": {"uv": [5.875, 7.625, 6.125, 7.875], "texture": "#0"},
				"east": {"uv": [7.625, 6, 7.875, 6.25], "texture": "#0"},
				"south": {"uv": [6.125, 7.625, 6.375, 7.875], "texture": "#0"},
				"west": {"uv": [7.625, 6.25, 7.875, 6.5], "texture": "#0"},
				"up": {"uv": [6.625, 7.875, 6.375, 7.625], "texture": "#0"},
				"down": {"uv": [7.875, 6.5, 7.625, 6.75], "texture": "#0"}
			}
		},
		{
			"from": [5, 8, 4.75],
			"to": [7, 10, 6.75],
			"faces": {
				"north": {"uv": [7.25, 7.625, 7.5, 7.875], "texture": "#0"},
				"east": {"uv": [0, 7.75, 0.25, 8], "texture": "#0"},
				"south": {"uv": [7.75, 0, 8, 0.25], "texture": "#0"},
				"west": {"uv": [0.25, 7.75, 0.5, 8], "texture": "#0"},
				"up": {"uv": [8, 0.5, 7.75, 0.25], "texture": "#0"},
				"down": {"uv": [0.75, 7.75, 0.5, 8], "texture": "#0"}
			}
		},
		{
			"from": [5.25, 9.5, 5],
			"to": [6.75, 10.5, 6.5],
			"faces": {
				"north": {"uv": [8, 0.125, 8.25, 0.25], "texture": "#0"},
				"east": {"uv": [0.25, 8, 0.5, 8.125], "texture": "#0"},
				"south": {"uv": [8, 0.25, 8.25, 0.375], "texture": "#0"},
				"west": {"uv": [8, 0.375, 8.25, 0.5], "texture": "#0"},
				"up": {"uv": [8, 0.75, 7.75, 0.5], "texture": "#0"},
				"down": {"uv": [1, 7.75, 0.75, 8], "texture": "#0"}
			}
		},
		{
			"from": [4, 8, 7.75],
			"to": [6, 10, 9.75],
			"faces": {
				"north": {"uv": [7.75, 0.75, 8, 1], "texture": "#0"},
				"east": {"uv": [1, 7.75, 1.25, 8], "texture": "#0"},
				"south": {"uv": [7.75, 1, 8, 1.25], "texture": "#0"},
				"west": {"uv": [1.25, 7.75, 1.5, 8], "texture": "#0"},
				"up": {"uv": [8, 1.5, 7.75, 1.25], "texture": "#0"},
				"down": {"uv": [1.75, 7.75, 1.5, 8], "texture": "#0"}
			}
		},
		{
			"from": [4.25, 9.5, 8],
			"to": [5.75, 10.5, 9.5],
			"faces": {
				"north": {"uv": [8, 0.125, 8.25, 0.25], "texture": "#0"},
				"east": {"uv": [0.25, 8, 0.5, 8.125], "texture": "#0"},
				"south": {"uv": [8, 0.25, 8.25, 0.375], "texture": "#0"},
				"west": {"uv": [8, 0.375, 8.25, 0.5], "texture": "#0"},
				"up": {"uv": [8, 0.75, 7.75, 0.5], "texture": "#0"},
				"down": {"uv": [1, 7.75, 0.75, 8], "texture": "#0"}
			}
		},
		{
			"from": [10.75, 2, 8.5],
			"to": [12.75, 6, 12.5],
			"faces": {
				"north": {"uv": [0, 7, 0.25, 7.5], "texture": "#0"},
				"east": {"uv": [5.875, 5.375, 6.375, 5.875], "texture": "#0"},
				"south": {"uv": [0.25, 7, 0.5, 7.5], "texture": "#0"},
				"west": {"uv": [5.875, 5.875, 6.375, 6.375], "texture": "#0"},
				"up": {"uv": [0.75, 7.5, 0.5, 7], "texture": "#0"},
				"down": {"uv": [1.75, 7, 1.5, 7.5], "texture": "#0"}
			}
		},
		{
			"from": [12.5, 2, 9],
			"to": [13.5, 6, 12],
			"faces": {
				"north": {"uv": [5, 7.625, 5.125, 8.125], "texture": "#0"},
				"east": {"uv": [5.875, 6.375, 6.25, 6.875], "texture": "#0"},
				"south": {"uv": [2.25, 7.75, 2.375, 8.25], "texture": "#0"},
				"west": {"uv": [6.375, 5.875, 6.75, 6.375], "texture": "#0"},
				"up": {"uv": [4.625, 8.25, 4.5, 7.875], "texture": "#0"},
				"down": {"uv": [4.75, 7.875, 4.625, 8.25], "texture": "#0"}
			}
		},
		{
			"from": [10, 2, 9],
			"to": [11, 6, 12],
			"faces": {
				"north": {"uv": [2.375, 7.75, 2.5, 8.25], "texture": "#0"},
				"east": {"uv": [6.25, 6.375, 6.625, 6.875], "texture": "#0"},
				"south": {"uv": [2.5, 7.75, 2.625, 8.25], "texture": "#0"},
				"west": {"uv": [1.5, 6.5, 1.875, 7], "texture": "#0"},
				"up": {"uv": [4.875, 8.25, 4.75, 7.875], "texture": "#0"},
				"down": {"uv": [8, 4.875, 7.875, 5.25], "texture": "#0"}
			}
		},
		{
			"from": [10.75, 5.5, 9],
			"to": [12.75, 6.5, 12],
			"faces": {
				"north": {"uv": [7, 7.875, 7.25, 8], "texture": "#0"},
				"east": {"uv": [7.875, 2.25, 8.25, 2.375], "texture": "#0"},
				"south": {"uv": [7.25, 7.875, 7.5, 8], "texture": "#0"},
				"west": {"uv": [7.875, 2.375, 8.25, 2.5], "texture": "#0"},
				"up": {"uv": [7, 7.5, 6.75, 7.125], "texture": "#0"},
				"down": {"uv": [7.5, 4.375, 7.25, 4.75], "texture": "#0"}
			}
		},
		{
			"from": [5.5, 2, 10.25],
			"to": [7.5, 6, 14.25],
			"faces": {
				"north": {"uv": [1.75, 7, 2, 7.5], "texture": "#0"},
				"east": {"uv": [3.125, 6, 3.625, 6.5], "texture": "#0"},
				"south": {"uv": [2, 7, 2.25, 7.5], "texture": "#0"},
				"west": {"uv": [3.625, 6, 4.125, 6.5], "texture": "#0"},
				"up": {"uv": [2.5, 7.5, 2.25, 7], "texture": "#0"},
				"down": {"uv": [2.75, 7, 2.5, 7.5], "texture": "#0"}
			}
		},
		{
			"from": [7.25, 2, 10.75],
			"to": [8.25, 6, 13.75],
			"faces": {
				"north": {"uv": [2.625, 7.75, 2.75, 8.25], "texture": "#0"},
				"east": {"uv": [1.875, 6.5, 2.25, 7], "texture": "#0"},
				"south": {"uv": [2.75, 7.75, 2.875, 8.25], "texture": "#0"},
				"west": {"uv": [2.25, 6.5, 2.625, 7], "texture": "#0"},
				"up": {"uv": [5.25, 8.25, 5.125, 7.875], "texture": "#0"},
				"down": {"uv": [5.375, 7.875, 5.25, 8.25], "texture": "#0"}
			}
		},
		{
			"from": [4.75, 2, 10.75],
			"to": [5.75, 6, 13.75],
			"faces": {
				"north": {"uv": [2.875, 7.75, 3, 8.25], "texture": "#0"},
				"east": {"uv": [6.5, 2.25, 6.875, 2.75], "texture": "#0"},
				"south": {"uv": [7.75, 3.125, 7.875, 3.625], "texture": "#0"},
				"west": {"uv": [2.625, 6.5, 3, 7], "texture": "#0"},
				"up": {"uv": [8, 5.625, 7.875, 5.25], "texture": "#0"},
				"down": {"uv": [5.5, 7.875, 5.375, 8.25], "texture": "#0"}
			}
		},
		{
			"from": [5.5, 5.5, 10.75],
			"to": [7.5, 6.5, 13.75],
			"faces": {
				"north": {"uv": [7, 7.875, 7.25, 8], "texture": "#0"},
				"east": {"uv": [7.875, 2.25, 8.25, 2.375], "texture": "#0"},
				"south": {"uv": [7.25, 7.875, 7.5, 8], "texture": "#0"},
				"west": {"uv": [7.875, 2.375, 8.25, 2.5], "texture": "#0"},
				"up": {"uv": [7, 7.5, 6.75, 7.125], "texture": "#0"},
				"down": {"uv": [7.5, 4.375, 7.25, 4.75], "texture": "#0"}
			}
		},
		{
			"from": [8, 8, 4],
			"to": [14, 9, 14],
			"faces": {
				"north": {"uv": [7.125, 2.625, 7.875, 2.75], "texture": "#0"},
				"east": {"uv": [6.125, 3, 7.375, 3.125], "texture": "#0"},
				"south": {"uv": [7.375, 3, 8.125, 3.125], "texture": "#0"},
				"west": {"uv": [6.625, 4.25, 7.875, 4.375], "texture": "#0"},
				"up": {"uv": [5.875, 6.625, 5.125, 5.375], "texture": "#0"},
				"down": {"uv": [0.75, 5.75, 0, 7], "texture": "#0"}
			}
		},
		{
			"from": [10, 8.75, 3.5],
			"to": [12, 9.75, 4.5],
			"faces": {
				"north": {"uv": [8, 1.125, 8.25, 1.25], "texture": "#0"},
				"east": {"uv": [1.625, 8.25, 1.75, 8.375], "texture": "#0"},
				"south": {"uv": [1.25, 8, 1.5, 8.125], "texture": "#0"},
				"west": {"uv": [8.25, 1.625, 8.375, 1.75], "texture": "#0"},
				"up": {"uv": [8.25, 1.375, 8, 1.25], "texture": "#0"},
				"down": {"uv": [8.25, 1.375, 8, 1.5], "texture": "#0"}
			}
		},
		{
			"from": [10, 8.75, 13.5],
			"to": [12, 9.75, 14.5],
			"faces": {
				"north": {"uv": [1.5, 8, 1.75, 8.125], "texture": "#0"},
				"east": {"uv": [1.75, 8.25, 1.875, 8.375], "texture": "#0"},
				"south": {"uv": [1.75, 8, 2, 8.125], "texture": "#0"},
				"west": {"uv": [8.25, 1.75, 8.375, 1.875], "texture": "#0"},
				"up": {"uv": [8.25, 2, 8, 1.875], "texture": "#0"},
				"down": {"uv": [2.25, 8, 2, 8.125], "texture": "#0"}
			}
		},
		{
			"from": [11, 9, 6],
			"to": [13, 11, 8],
			"faces": {
				"north": {"uv": [7.75, 2.75, 8, 3], "texture": "#0"},
				"east": {"uv": [3.25, 7.75, 3.5, 8], "texture": "#0"},
				"south": {"uv": [3.5, 7.75, 3.75, 8], "texture": "#0"},
				"west": {"uv": [7.75, 3.625, 8, 3.875], "texture": "#0"},
				"up": {"uv": [4, 8, 3.75, 7.75], "texture": "#0"},
				"down": {"uv": [8, 3.875, 7.75, 4.125], "texture": "#0"}
			}
		},
		{
			"from": [10.5, 10.35, 6.75],
			"to": [11.75, 10.65, 7.25],
			"rotation": {"angle": 0, "axis": "y", "origin": [0.25, 0, 0]},
			"faces": {
				"north": {"uv": [1.875, 8.25, 2, 8.375], "texture": "#0"},
				"east": {"uv": [8.25, 1.875, 8.375, 2], "texture": "#0"},
				"south": {"uv": [2, 8.25, 2.125, 8.375], "texture": "#0"},
				"west": {"uv": [8.25, 2, 8.375, 2.125], "texture": "#0"},
				"up": {"uv": [2.25, 8.375, 2.125, 8.25], "texture": "#0"},
				"down": {"uv": [8.375, 2.125, 8.25, 2.25], "texture": "#0"}
			}
		},
		{
			"from": [10.4, 9.85, 6.75],
			"to": [10.65, 10.4, 7.25],
			"rotation": {"angle": 0, "axis": "y", "origin": [0.25, 0, 0]},
			"faces": {
				"north": {"uv": [2.625, 8.25, 2.75, 8.375], "texture": "#0"},
				"east": {"uv": [8.25, 2.625, 8.375, 2.75], "texture": "#0"},
				"south": {"uv": [2.75, 8.25, 2.875, 8.375], "texture": "#0"},
				"west": {"uv": [8.25, 2.75, 8.375, 2.875], "texture": "#0"},
				"up": {"uv": [3, 8.375, 2.875, 8.25], "texture": "#0"},
				"down": {"uv": [8.375, 2.875, 8.25, 3], "texture": "#0"}
			}
		},
		{
			"from": [10.5, 9.6, 6.75],
			"to": [11.75, 9.9, 7.25],
			"rotation": {"angle": 0, "axis": "y", "origin": [0.25, 0, 0]},
			"faces": {
				"north": {"uv": [2.25, 8.25, 2.375, 8.375], "texture": "#0"},
				"east": {"uv": [8.25, 2.25, 8.375, 2.375], "texture": "#0"},
				"south": {"uv": [2.375, 8.25, 2.5, 8.375], "texture": "#0"},
				"west": {"uv": [8.25, 2.375, 8.375, 2.5], "texture": "#0"},
				"up": {"uv": [2.625, 8.375, 2.5, 8.25], "texture": "#0"},
				"down": {"uv": [8.375, 2.5, 8.25, 2.625], "texture": "#0"}
			}
		},
		{
			"from": [10.5, 8.25, 5.5],
			"to": [13.5, 9.25, 8.5],
			"faces": {
				"north": {"uv": [5.5, 7.875, 5.875, 8], "texture": "#0"},
				"east": {"uv": [7.875, 5.625, 8.25, 5.75], "texture": "#0"},
				"south": {"uv": [7.875, 5.75, 8.25, 5.875], "texture": "#0"},
				"west": {"uv": [5.875, 7.875, 6.25, 8], "texture": "#0"},
				"up": {"uv": [1.125, 7.125, 0.75, 6.75], "texture": "#0"},
				"down": {"uv": [1.5, 6.75, 1.125, 7.125], "texture": "#0"}
			}
		},
		{
			"from": [9, 9, 10],
			"to": [11, 11, 12],
			"rotation": {"angle": 0, "axis": "y", "origin": [16, 0, 0]},
			"faces": {
				"north": {"uv": [8, 2.75, 7.75, 3], "texture": "#0"},
				"east": {"uv": [8, 3.625, 7.75, 3.875], "texture": "#0"},
				"south": {"uv": [3.75, 7.75, 3.5, 8], "texture": "#0"},
				"west": {"uv": [3.5, 7.75, 3.25, 8], "texture": "#0"},
				"up": {"uv": [3.75, 8, 4, 7.75], "texture": "#0"},
				"down": {"uv": [7.75, 3.875, 8, 4.125], "texture": "#0"}
			}
		},
		{
			"from": [10.25, 10.35, 10.75],
			"to": [11.5, 10.65, 11.25],
			"rotation": {"angle": 0, "axis": "y", "origin": [15.75, 0, 0]},
			"faces": {
				"north": {"uv": [2, 8.25, 1.875, 8.375], "texture": "#0"},
				"east": {"uv": [8.375, 2, 8.25, 2.125], "texture": "#0"},
				"south": {"uv": [2.125, 8.25, 2, 8.375], "texture": "#0"},
				"west": {"uv": [8.375, 1.875, 8.25, 2], "texture": "#0"},
				"up": {"uv": [2.125, 8.375, 2.25, 8.25], "texture": "#0"},
				"down": {"uv": [8.25, 2.125, 8.375, 2.25], "texture": "#0"}
			}
		},
		{
			"from": [11.35, 9.85, 10.75],
			"to": [11.6, 10.4, 11.25],
			"rotation": {"angle": 0, "axis": "y", "origin": [15.75, 0, 0]},
			"faces": {
				"north": {"uv": [2.75, 8.25, 2.625, 8.375], "texture": "#0"},
				"east": {"uv": [8.375, 2.75, 8.25, 2.875], "texture": "#0"},
				"south": {"uv": [2.875, 8.25, 2.75, 8.375], "texture": "#0"},
				"west": {"uv": [8.375, 2.625, 8.25, 2.75], "texture": "#0"},
				"up": {"uv": [2.875, 8.375, 3, 8.25], "texture": "#0"},
				"down": {"uv": [8.25, 2.875, 8.375, 3], "texture": "#0"}
			}
		},
		{
			"from": [10.25, 9.6, 10.75],
			"to": [11.5, 9.9, 11.25],
			"rotation": {"angle": 0, "axis": "y", "origin": [15.75, 0, 0]},
			"faces": {
				"north": {"uv": [2.375, 8.25, 2.25, 8.375], "texture": "#0"},
				"east": {"uv": [8.375, 2.375, 8.25, 2.5], "texture": "#0"},
				"south": {"uv": [2.5, 8.25, 2.375, 8.375], "texture": "#0"},
				"west": {"uv": [8.375, 2.25, 8.25, 2.375], "texture": "#0"},
				"up": {"uv": [2.5, 8.375, 2.625, 8.25], "texture": "#0"},
				"down": {"uv": [8.25, 2.5, 8.375, 2.625], "texture": "#0"}
			}
		},
		{
			"from": [8.5, 8.25, 9.5],
			"to": [11.5, 9.25, 12.5],
			"rotation": {"angle": 0, "axis": "y", "origin": [16, 0, 0]},
			"faces": {
				"north": {"uv": [5.875, 7.875, 5.5, 8], "texture": "#0"},
				"east": {"uv": [6.25, 7.875, 5.875, 8], "texture": "#0"},
				"south": {"uv": [8.25, 5.75, 7.875, 5.875], "texture": "#0"},
				"west": {"uv": [8.25, 5.625, 7.875, 5.75], "texture": "#0"},
				"up": {"uv": [0.75, 7.125, 1.125, 6.75], "texture": "#0"},
				"down": {"uv": [1.125, 6.75, 1.5, 7.125], "texture": "#0"}
			}
		}
	],
	"display": {
		"thirdperson_righthand": {
			"rotation": [29, 39, 0],
			"scale": [0.5, 0.5, 0.5]
		},
		"thirdperson_lefthand": {
			"rotation": [29, 39, 0],
			"scale": [0.5, 0.5, 0.5]
		},
		"firstperson_righthand": {
			"rotation": [22, 143, -15],
			"translation": [1, 0, 2],
			"scale": [0.5, 0.5, 0.5]
		},
		"firstperson_lefthand": {
			"rotation": [22, 143, -15],
			"translation": [1, 0, 2],
			"scale": [0.5, 0.5, 0.5]
		},
		"ground": {
			"scale": [0.5, 0.5, 0.5]
		},
		"gui": {
			"rotation": [9, -142, -11],
			"translation": [-0.5, -0.5, 0.5],
			"scale": [0.73, 0.73, 0.73]
		},
		"head": {
			"scale": [1.25, 1.25, 1.25]
		},
		"fixed": {
			"rotation": [-28, 0, 0],
			"translation": [0, -0.75, -1.25],
			"scale": [0.8, 0.8, 0.8]
		}
	},
	"groups": [
		0,
		1,
		2,
		{
			"name": "front R leg",
			"origin": [15, 11, 0],
			"color": 0,
			"children": [3, 4, 5, 6, 7, 8, 9, 10]
		},
		{
			"name": "front L leg",
			"origin": [15, 11, 0],
			"color": 0,
			"children": [11, 12, 13, 14, 15, 16, 17, 18]
		},
		{
			"name": "back R leg",
			"origin": [15, 11, 0],
			"color": 0,
			"children": [19, 20, 21, 22, 23, 24, 25, 26]
		},
		{
			"name": "back L leg",
			"origin": [15, 11, 0],
			"color": 0,
			"children": [27, 28, 29, 30, 31, 32, 33, 34]
		},
		{
			"name": "clothe",
			"origin": [0, 0, 0],
			"color": 0,
			"children": [35, 36, 37]
		},
		{
			"name": "pottedplant",
			"origin": [0, 0, 0],
			"color": 0,
			"children": [38, 39, 40, 41, 42, 43, 44]
		},
		{
			"name": "little shelf",
			"origin": [0, 0, 0],
			"color": 0,
			"children": [45, 46, 47]
		},
		{
			"name": "paper",
			"origin": [0, 0, 0],
			"color": 0,
			"children": [48, 49]
		},
		{
			"name": "jar1",
			"origin": [0, 0, 0],
			"color": 0,
			"children": [50, 51, 52, 53]
		},
		{
			"name": "jar2",
			"origin": [0, 0, 0],
			"color": 0,
			"children": [54, 55]
		},
		{
			"name": "jar3",
			"origin": [0, 0, 0],
			"color": 0,
			"children": [56, 57]
		},
		{
			"name": "jar4",
			"origin": [0, 0, 0],
			"color": 0,
			"children": [58, 59]
		},
		{
			"name": "jar5",
			"origin": [0, 0, 0],
			"color": 0,
			"children": [60, 61]
		},
		{
			"name": "jar6",
			"origin": [0, 0, 0],
			"color": 0,
			"children": [62, 63]
		},
		{
			"name": "jar7",
			"origin": [0, 0, 0],
			"color": 0,
			"children": [64, 65, 66, 67]
		},
		{
			"name": "jar8",
			"origin": [0, 0, 0],
			"color": 0,
			"children": [68, 69, 70, 71]
		},
		{
			"name": "tray",
			"origin": [0, 0, 0],
			"color": 0,
			"children": [72, 73, 74]
		},
		{
			"name": "cup1",
			"origin": [0, 0, 0],
			"color": 0,
			"children": [75, 76, 77, 78, 79]
		},
		{
			"name": "cup2",
			"origin": [0, 0, 0],
			"color": 0,
			"children": [80, 81, 82, 83, 84]
		}
	]
}