{
	"credit": "Made with Blockbench",
	"texture_size": [64, 64],
	"textures": {
		"0": "block/smoker",
		"particle": "block/smoker"
	},
	"elements": [
		{
			"name": "body",
			"from": [0, 9, 2],
			"to": [16, 16, 14],
			"rotation": {"angle": 0, "axis": "y", "origin": [0, 1, 0]},
			"faces": {
				"north": {"uv": [7.5, 0, 11.5, 1.75], "texture": "#0"},
				"east": {"uv": [3.5, 7.5, 6.5, 9.25], "texture": "#0"},
				"south": {"uv": [7.5, 1.75, 11.5, 3.5], "texture": "#0"},
				"west": {"uv": [7.5, 3.5, 10.5, 5.25], "texture": "#0"},
				"up": {"uv": [4, 3, 0, 0], "texture": "#0"},
				"down": {"uv": [4, 3, 0, 6], "texture": "#0"}
			}
		},
		{
			"name": "stovetop",
			"from": [2, 15.5, 5],
			"to": [7, 16.5, 10],
			"rotation": {"angle": 0, "axis": "y", "origin": [0, 1, 0]},
			"faces": {
				"north": {"uv": [7.5, 7.25, 8.75, 7.5], "texture": "#0"},
				"east": {"uv": [12, 7, 13.25, 7.25], "texture": "#0"},
				"south": {"uv": [12.25, 3.25, 13.5, 3.5], "texture": "#0"},
				"west": {"uv": [12.25, 6.5, 13.5, 6.75], "texture": "#0"},
				"up": {"uv": [10.25, 10, 9, 8.75], "texture": "#0"},
				"down": {"uv": [1.25, 9.25, 0, 10.5], "texture": "#0"}
			}
		},
		{
			"from": [1, 8, 3],
			"to": [15, 9, 13],
			"rotation": {"angle": 0, "axis": "y", "origin": [0, 1, 0]},
			"faces": {
				"north": {"uv": [10.25, 8.75, 13.75, 9], "texture": "#0"},
				"east": {"uv": [11.5, 0.25, 14, 0.5], "texture": "#0"},
				"south": {"uv": [10.25, 9, 13.75, 9.25], "texture": "#0"},
				"west": {"uv": [11.5, 0.5, 14, 0.75], "texture": "#0"},
				"up": {"uv": [7.5, 2.5, 4, 0], "texture": "#0"},
				"down": {"uv": [7.5, 2.5, 4, 5], "texture": "#0"}
			}
		},
		{
			"from": [1, 4, 3],
			"to": [15, 5, 13],
			"rotation": {"angle": 0, "axis": "y", "origin": [0, 1, 0]},
			"faces": {
				"north": {"uv": [10.25, 9.25, 13.75, 9.5], "texture": "#0"},
				"east": {"uv": [11.5, 0.75, 14, 1], "texture": "#0"},
				"south": {"uv": [10.25, 9.5, 13.75, 9.75], "texture": "#0"},
				"west": {"uv": [11.5, 1, 14, 1.25], "texture": "#0"},
				"up": {"uv": [7.5, 7.5, 4, 5], "texture": "#0"},
				"down": {"uv": [3.5, 6, 0, 8.5], "texture": "#0"}
			}
		},
		{
			"from": [13, 5, 3],
			"to": [15, 8, 13],
			"rotation": {"angle": 0, "axis": "y", "origin": [0, 1, 0]},
			"faces": {
				"north": {"uv": [0, 12.25, 0.5, 13], "texture": "#0"},
				"east": {"uv": [6.5, 7.5, 9, 8.25], "texture": "#0"},
				"south": {"uv": [0.5, 12.25, 1, 13], "texture": "#0"},
				"west": {"uv": [6.5, 8.25, 9, 9], "texture": "#0"},
				"up": {"uv": [3, 11, 2.5, 8.5], "texture": "#0"},
				"down": {"uv": [3.5, 8.5, 3, 11], "texture": "#0"}
			}
		},
		{
			"from": [1, 5, 3],
			"to": [3, 8, 13],
			"rotation": {"angle": 0, "axis": "y", "origin": [0, 1, 0]},
			"faces": {
				"north": {"uv": [1, 12.25, 1.5, 13], "texture": "#0"},
				"east": {"uv": [0, 8.5, 2.5, 9.25], "texture": "#0"},
				"south": {"uv": [12.25, 1.25, 12.75, 2], "texture": "#0"},
				"west": {"uv": [6.5, 9, 9, 9.75], "texture": "#0"},
				"up": {"uv": [1.75, 11.75, 1.25, 9.25], "texture": "#0"},
				"down": {"uv": [2.25, 9.25, 1.75, 11.75], "texture": "#0"}
			}
		},
		{
			"from": [3, 5, 11.25],
			"to": [13, 8, 13.25],
			"rotation": {"angle": 0, "axis": "y", "origin": [0, 1, 0]},
			"faces": {
				"north": {"uv": [9, 7.25, 11.5, 8], "texture": "#0"},
				"east": {"uv": [1.5, 12.25, 2, 13], "texture": "#0"},
				"south": {"uv": [9, 8, 11.5, 8.75], "texture": "#0"},
				"west": {"uv": [12.25, 2, 12.75, 2.75], "texture": "#0"},
				"up": {"uv": [6, 9.75, 3.5, 9.25], "texture": "#0"},
				"down": {"uv": [6, 9.75, 3.5, 10.25], "texture": "#0"}
			}
		},
		{
			"from": [13.5, 24.5, 9],
			"to": [16.5, 25.5, 12],
			"rotation": {"angle": 0, "axis": "z", "origin": [13.5, 22, 10]},
			"faces": {
				"north": {"uv": [12.75, 6.25, 13.5, 6.5], "texture": "#0"},
				"east": {"uv": [12.75, 8.25, 13.5, 8.5], "texture": "#0"},
				"south": {"uv": [12.75, 8.5, 13.5, 8.75], "texture": "#0"},
				"west": {"uv": [9.25, 12.75, 10, 13], "texture": "#0"},
				"up": {"uv": [7.25, 12, 6.5, 11.25], "texture": "#0"},
				"down": {"uv": [12.25, 1.25, 11.5, 2], "texture": "#0"}
			}
		},
		{
			"from": [14, 21, 9.5],
			"to": [16, 25, 11.5],
			"rotation": {"angle": 0, "axis": "z", "origin": [13.5, 22, 10]},
			"faces": {
				"north": {"uv": [0, 11.25, 0.5, 12.25], "texture": "#0"},
				"east": {"uv": [0.5, 11.25, 1, 12.25], "texture": "#0"},
				"south": {"uv": [10.5, 4.25, 11, 5.25], "texture": "#0"},
				"west": {"uv": [10.5, 10.5, 11, 11.5], "texture": "#0"},
				"up": {"uv": [13, 12.75, 12.5, 12.25], "texture": "#0"},
				"down": {"uv": [13.25, 1.25, 12.75, 1.75], "texture": "#0"}
			}
		},
		{
			"from": [11.25, 20, 9.25],
			"to": [15.25, 22, 11.25],
			"rotation": {"angle": 22.5, "axis": "z", "origin": [13.5, 22, 10]},
			"faces": {
				"north": {"uv": [11.75, 10.75, 12.75, 11.25], "texture": "#0"},
				"east": {"uv": [8.75, 12.5, 9.25, 13], "texture": "#0"},
				"south": {"uv": [11.75, 11.25, 12.75, 11.75], "texture": "#0"},
				"west": {"uv": [12.5, 11.75, 13, 12.25], "texture": "#0"},
				"up": {"uv": [12.5, 12.25, 11.5, 11.75], "texture": "#0"},
				"down": {"uv": [3, 12, 2, 12.5], "texture": "#0"}
			}
		},
		{
			"from": [11.5, 15, 9],
			"to": [13.5, 21, 11],
			"rotation": {"angle": 0, "axis": "y", "origin": [0, -2, 0]},
			"faces": {
				"north": {"uv": [3.5, 6, 4, 7.5], "texture": "#0"},
				"east": {"uv": [3, 11, 3.5, 12.5], "texture": "#0"},
				"south": {"uv": [3.5, 11.25, 4, 12.75], "texture": "#0"},
				"west": {"uv": [4, 11.25, 4.5, 12.75], "texture": "#0"},
				"up": {"uv": [3.5, 13, 3, 12.5], "texture": "#0"},
				"down": {"uv": [13, 5.25, 12.5, 5.75], "texture": "#0"}
			}
		},
		{
			"from": [11, 16, 8],
			"to": [14, 18, 12],
			"rotation": {"angle": 0, "axis": "y", "origin": [0, 1, 0]},
			"faces": {
				"north": {"uv": [12.25, 2.75, 13, 3.25], "texture": "#0"},
				"east": {"uv": [1, 11.75, 2, 12.25], "texture": "#0"},
				"south": {"uv": [5.5, 12.25, 6.25, 12.75], "texture": "#0"},
				"west": {"uv": [10.5, 11.75, 11.5, 12.25], "texture": "#0"},
				"up": {"uv": [3, 12, 2.25, 11], "texture": "#0"},
				"down": {"uv": [11.75, 10.75, 11, 11.75], "texture": "#0"}
			}
		},
		{
			"from": [3.5, 16.5, 5.25],
			"to": [5.5, 19.5, 9.25],
			"rotation": {"angle": 0, "axis": "y", "origin": [0, 1, 0]},
			"faces": {
				"north": {"uv": [12.25, 5.75, 12.75, 6.5], "texture": "#0"},
				"east": {"uv": [4.5, 11.25, 5.5, 12], "texture": "#0"},
				"south": {"uv": [6.25, 12.25, 6.75, 13], "texture": "#0"},
				"west": {"uv": [5.5, 11.25, 6.5, 12], "texture": "#0"},
				"up": {"uv": [5, 13, 4.5, 12], "texture": "#0"},
				"down": {"uv": [5.5, 12, 5, 13], "texture": "#0"}
			}
		},
		{
			"from": [5.5, 16.5, 5.75],
			"to": [6.5, 19.5, 8.75],
			"rotation": {"angle": 0, "axis": "y", "origin": [0, 1, 0]},
			"faces": {
				"north": {"uv": [2.25, 10.25, 2.5, 11], "texture": "#0"},
				"east": {"uv": [11.5, 2, 12.25, 2.75], "texture": "#0"},
				"south": {"uv": [7.25, 10.75, 7.5, 11.5], "texture": "#0"},
				"west": {"uv": [11.5, 2.75, 12.25, 3.5], "texture": "#0"},
				"up": {"uv": [7.5, 12.25, 7.25, 11.5], "texture": "#0"},
				"down": {"uv": [6.25, 12.75, 6, 13.5], "texture": "#0"}
			}
		},
		{
			"from": [2.5, 16.5, 5.75],
			"to": [3.5, 19.5, 8.75],
			"rotation": {"angle": 0, "axis": "y", "origin": [0, 1, 0]},
			"faces": {
				"north": {"uv": [8.25, 12.75, 8.5, 13.5], "texture": "#0"},
				"east": {"uv": [11.5, 7.25, 12.25, 8], "texture": "#0"},
				"south": {"uv": [8.5, 12.75, 8.75, 13.5], "texture": "#0"},
				"west": {"uv": [11.5, 8, 12.25, 8.75], "texture": "#0"},
				"up": {"uv": [13, 10.5, 12.75, 9.75], "texture": "#0"},
				"down": {"uv": [10.25, 12.75, 10, 13.5], "texture": "#0"}
			}
		},
		{
			"from": [6.5, 17.5, 6.25],
			"to": [7.5, 19.5, 8.25],
			"rotation": {"angle": 0, "axis": "y", "origin": [0, 1, 0]},
			"faces": {
				"north": {"uv": [11.5, 13, 11.75, 13.5], "texture": "#0"},
				"east": {"uv": [12.75, 1.75, 13.25, 2.25], "texture": "#0"},
				"south": {"uv": [11.75, 13, 12, 13.5], "texture": "#0"},
				"west": {"uv": [12.75, 2.25, 13.25, 2.75], "texture": "#0"},
				"up": {"uv": [13.25, 12.25, 13, 11.75], "texture": "#0"},
				"down": {"uv": [13.25, 12.25, 13, 12.75], "texture": "#0"}
			}
		},
		{
			"from": [7.25, 18.7, 6.75],
			"to": [8.25, 20.7, 7.75],
			"rotation": {"angle": -45, "axis": "z", "origin": [7.75, 19.5, 7.25]},
			"faces": {
				"north": {"uv": [13, 12.75, 13.25, 13.25], "texture": "#0"},
				"east": {"uv": [1, 13.25, 1.25, 13.75], "texture": "#0"},
				"south": {"uv": [1.25, 13.25, 1.5, 13.75], "texture": "#0"},
				"west": {"uv": [13.25, 1.25, 13.5, 1.75], "texture": "#0"},
				"up": {"uv": [8, 13.5, 7.75, 13.25], "texture": "#0"},
				"down": {"uv": [13.5, 7.75, 13.25, 8], "texture": "#0"}
			}
		},
		{
			"from": [8.25, 19.7, 6.9],
			"to": [9.25, 20.7, 7.65],
			"rotation": {"angle": 0, "axis": "z", "origin": [7.75, 19.5, 7.25]},
			"faces": {
				"north": {"uv": [8, 13.25, 8.25, 13.5], "texture": "#0"},
				"east": {"uv": [13.25, 8, 13.5, 8.25], "texture": "#0"},
				"south": {"uv": [8.75, 13.25, 9, 13.5], "texture": "#0"},
				"west": {"uv": [9, 13.25, 9.25, 13.5], "texture": "#0"},
				"up": {"uv": [9.5, 13.5, 9.25, 13.25], "texture": "#0"},
				"down": {"uv": [9.75, 13.25, 9.5, 13.5], "texture": "#0"}
			}
		},
		{
			"from": [1.5, 16.45, 6.75],
			"to": [2.5, 17.45, 7.75],
			"rotation": {"angle": 0, "axis": "z", "origin": [1.75, 19.7, 7.25]},
			"faces": {
				"north": {"uv": [13.25, 10, 13.5, 10.25], "texture": "#0"},
				"east": {"uv": [13.25, 10.25, 13.5, 10.5], "texture": "#0"},
				"south": {"uv": [13.25, 10.5, 13.5, 10.75], "texture": "#0"},
				"west": {"uv": [10.75, 13.25, 11, 13.5], "texture": "#0"},
				"up": {"uv": [13.5, 11, 13.25, 10.75], "texture": "#0"},
				"down": {"uv": [13.5, 11, 13.25, 11.25], "texture": "#0"}
			}
		},
		{
			"from": [0.75, 18.45, 6.75],
			"to": [2.75, 19.45, 7.75],
			"rotation": {"angle": 0, "axis": "z", "origin": [1.75, 19.7, 7.25]},
			"faces": {
				"north": {"uv": [1.5, 13.25, 2, 13.5], "texture": "#0"},
				"east": {"uv": [13.25, 11.25, 13.5, 11.5], "texture": "#0"},
				"south": {"uv": [13.25, 1.75, 13.75, 2], "texture": "#0"},
				"west": {"uv": [13.25, 11.5, 13.5, 11.75], "texture": "#0"},
				"up": {"uv": [2.5, 13.5, 2, 13.25], "texture": "#0"},
				"down": {"uv": [13.75, 2, 13.25, 2.25], "texture": "#0"}
			}
		},
		{
			"from": [0.5, 16.95, 6.75],
			"to": [1.5, 18.45, 7.75],
			"rotation": {"angle": 0, "axis": "z", "origin": [1.75, 19.7, 7.25]},
			"faces": {
				"north": {"uv": [13.25, 2.25, 13.5, 2.75], "texture": "#0"},
				"east": {"uv": [13.25, 2.75, 13.5, 3.25], "texture": "#0"},
				"south": {"uv": [3.5, 13.25, 3.75, 13.75], "texture": "#0"},
				"west": {"uv": [13.25, 3.5, 13.5, 4], "texture": "#0"},
				"up": {"uv": [13.5, 12, 13.25, 11.75], "texture": "#0"},
				"down": {"uv": [12.25, 13.25, 12, 13.5], "texture": "#0"}
			}
		},
		{
			"from": [3.5, 19.25, 6.25],
			"to": [5.5, 20.25, 8.25],
			"rotation": {"angle": 0, "axis": "y", "origin": [0, 1, 0]},
			"faces": {
				"north": {"uv": [3.75, 13.25, 4.25, 13.5], "texture": "#0"},
				"east": {"uv": [13.25, 4, 13.75, 4.25], "texture": "#0"},
				"south": {"uv": [4.25, 13.25, 4.75, 13.5], "texture": "#0"},
				"west": {"uv": [13.25, 4.25, 13.75, 4.5], "texture": "#0"},
				"up": {"uv": [4, 13.25, 3.5, 12.75], "texture": "#0"},
				"down": {"uv": [13.25, 3.5, 12.75, 4], "texture": "#0"}
			}
		},
		{
			"from": [5.5, 19.25, 6.75],
			"to": [6.5, 20.25, 7.75],
			"rotation": {"angle": 0, "axis": "y", "origin": [0, 1, 0]},
			"faces": {
				"north": {"uv": [13.25, 12, 13.5, 12.25], "texture": "#0"},
				"east": {"uv": [12.25, 13.25, 12.5, 13.5], "texture": "#0"},
				"south": {"uv": [13.25, 12.25, 13.5, 12.5], "texture": "#0"},
				"west": {"uv": [12.5, 13.25, 12.75, 13.5], "texture": "#0"},
				"up": {"uv": [13.5, 12.75, 13.25, 12.5], "texture": "#0"},
				"down": {"uv": [13, 13.25, 12.75, 13.5], "texture": "#0"}
			}
		},
		{
			"from": [2.5, 19.25, 6.75],
			"to": [3.5, 20.25, 7.75],
			"rotation": {"angle": 0, "axis": "y", "origin": [0, 1, 0]},
			"faces": {
				"north": {"uv": [13.25, 12.75, 13.5, 13], "texture": "#0"},
				"east": {"uv": [13, 13.25, 13.25, 13.5], "texture": "#0"},
				"south": {"uv": [13.25, 13, 13.5, 13.25], "texture": "#0"},
				"west": {"uv": [13.25, 13.25, 13.5, 13.5], "texture": "#0"},
				"up": {"uv": [0.25, 13.75, 0, 13.5], "texture": "#0"},
				"down": {"uv": [0.5, 13.5, 0.25, 13.75], "texture": "#0"}
			}
		},
		{
			"from": [4, 19.75, 6.75],
			"to": [5, 20.75, 7.75],
			"rotation": {"angle": 0, "axis": "y", "origin": [0, 1, 0]},
			"faces": {
				"north": {"uv": [0.5, 13.5, 0.75, 13.75], "texture": "#0"},
				"east": {"uv": [0.75, 13.5, 1, 13.75], "texture": "#0"},
				"south": {"uv": [13.5, 1.25, 13.75, 1.5], "texture": "#0"},
				"west": {"uv": [1.5, 13.5, 1.75, 13.75], "texture": "#0"},
				"up": {"uv": [13.75, 1.75, 13.5, 1.5], "texture": "#0"},
				"down": {"uv": [2, 13.5, 1.75, 13.75], "texture": "#0"}
			}
		},
		{
			"from": [16.5, 9.5, 3.5],
			"to": [16.5, 13.5, 7.5],
			"rotation": {"angle": 0, "axis": "y", "origin": [0, 1, 0]},
			"faces": {
				"north": {"uv": [0, 0, 0, 1], "texture": "#0"},
				"east": {"uv": [3.5, 10.25, 4.5, 11.25], "texture": "#0"},
				"south": {"uv": [0, 0, 0, 1], "texture": "#0"},
				"west": {"uv": [4.5, 10.25, 5.5, 11.25], "texture": "#0"},
				"up": {"uv": [0, 1, 0, 0], "texture": "#0"},
				"down": {"uv": [0, 0, 0, 1], "texture": "#0"}
			}
		},
		{
			"from": [16.5, 13.5, 4.5],
			"to": [16.5, 15.5, 6.5],
			"rotation": {"angle": 0, "axis": "y", "origin": [0, 1, 0]},
			"faces": {
				"north": {"uv": [0, 0, 0, 0.5], "texture": "#0"},
				"east": {"uv": [4, 12.75, 4.5, 13.25], "texture": "#0"},
				"south": {"uv": [0, 0, 0, 0.5], "texture": "#0"},
				"west": {"uv": [12.75, 4, 13.25, 4.5], "texture": "#0"},
				"up": {"uv": [0, 0.5, 0, 0], "texture": "#0"},
				"down": {"uv": [0, 0, 0, 0.5], "texture": "#0"}
			}
		},
		{
			"from": [15.25, 14, 5],
			"to": [17.25, 15, 6],
			"rotation": {"angle": 0, "axis": "y", "origin": [0, 1, 0]},
			"faces": {
				"north": {"uv": [13.25, 4.5, 13.75, 4.75], "texture": "#0"},
				"east": {"uv": [2, 13.5, 2.25, 13.75], "texture": "#0"},
				"south": {"uv": [4.75, 13.25, 5.25, 13.5], "texture": "#0"},
				"west": {"uv": [2.25, 13.5, 2.5, 13.75], "texture": "#0"},
				"up": {"uv": [13.75, 5, 13.25, 4.75], "texture": "#0"},
				"down": {"uv": [5.75, 13.25, 5.25, 13.5], "texture": "#0"}
			}
		},
		{
			"from": [2, 10, 2.25],
			"to": [12, 14, 3.25],
			"rotation": {"angle": 22.5, "axis": "y", "origin": [0, 1, 0]},
			"faces": {
				"north": {"uv": [7.5, 5.25, 10, 6.25], "texture": "#0"},
				"east": {"uv": [2.25, 9.25, 2.5, 10.25], "texture": "#0"},
				"south": {"uv": [7.5, 6.25, 10, 7.25], "texture": "#0"},
				"west": {"uv": [1, 10.5, 1.25, 11.5], "texture": "#0"},
				"up": {"uv": [13.5, 5.25, 11, 5], "texture": "#0"},
				"down": {"uv": [14, 0, 11.5, 0.25], "texture": "#0"}
			}
		},
		{
			"from": [1.5, 12.5, 2.5],
			"to": [2.5, 13.5, 3.5],
			"rotation": {"angle": 22.5, "axis": "y", "origin": [0, 1, 0]},
			"faces": {
				"north": {"uv": [1, 11.5, 1.25, 11.75], "texture": "#0"},
				"east": {"uv": [2, 11.75, 2.25, 12], "texture": "#0"},
				"south": {"uv": [8.75, 12.25, 9, 12.5], "texture": "#0"},
				"west": {"uv": [9.25, 12.5, 9.5, 12.75], "texture": "#0"},
				"up": {"uv": [6, 13.5, 5.75, 13.25], "texture": "#0"},
				"down": {"uv": [6.5, 13.25, 6.25, 13.5], "texture": "#0"}
			}
		},
		{
			"from": [1.5, 10.5, 2.5],
			"to": [2.5, 11.5, 3.5],
			"rotation": {"angle": 22.5, "axis": "y", "origin": [0, 1, 0]},
			"faces": {
				"north": {"uv": [6.5, 13.25, 6.75, 13.5], "texture": "#0"},
				"east": {"uv": [6.75, 13.25, 7, 13.5], "texture": "#0"},
				"south": {"uv": [7, 13.25, 7.25, 13.5], "texture": "#0"},
				"west": {"uv": [13.25, 7, 13.5, 7.25], "texture": "#0"},
				"up": {"uv": [7.5, 13.5, 7.25, 13.25], "texture": "#0"},
				"down": {"uv": [13.5, 7.25, 13.25, 7.5], "texture": "#0"}
			}
		},
		{
			"from": [10.25, 12, 0.75],
			"to": [11.25, 13, 2.75],
			"rotation": {"angle": 22.5, "axis": "y", "origin": [0, 1, 0]},
			"faces": {
				"north": {"uv": [8.75, 7.25, 9, 7.5], "texture": "#0"},
				"east": {"uv": [10.5, 11.5, 11, 11.75], "texture": "#0"},
				"south": {"uv": [10.25, 9.75, 10.5, 10], "texture": "#0"},
				"west": {"uv": [10.25, 12.75, 10.75, 13], "texture": "#0"},
				"up": {"uv": [13, 11, 12.75, 10.5], "texture": "#0"},
				"down": {"uv": [11, 12.75, 10.75, 13.25], "texture": "#0"}
			}
		},
		{
			"from": [10.25, 10, 0.75],
			"to": [11.25, 12, 1.75],
			"rotation": {"angle": 22.5, "axis": "y", "origin": [0, 1, 0]},
			"faces": {
				"north": {"uv": [10.5, 13, 10.75, 13.5], "texture": "#0"},
				"east": {"uv": [13, 10.5, 13.25, 11], "texture": "#0"},
				"south": {"uv": [11, 13, 11.25, 13.5], "texture": "#0"},
				"west": {"uv": [11.25, 13, 11.5, 13.5], "texture": "#0"},
				"up": {"uv": [7.75, 13.5, 7.5, 13.25], "texture": "#0"},
				"down": {"uv": [13.5, 7.5, 13.25, 7.75], "texture": "#0"}
			}
		},
		{
			"from": [9.5, 1, 3],
			"to": [11.5, 3, 11],
			"rotation": {"angle": 0, "axis": "y", "origin": [0, 1, 0]},
			"faces": {
				"north": {"uv": [12.75, 4.5, 13.25, 5], "texture": "#0"},
				"east": {"uv": [10, 6.75, 12, 7.25], "texture": "#0"},
				"south": {"uv": [5.5, 12.75, 6, 13.25], "texture": "#0"},
				"west": {"uv": [5.5, 10.25, 7.5, 10.75], "texture": "#0"},
				"up": {"uv": [8, 12.25, 7.5, 10.25], "texture": "#0"},
				"down": {"uv": [8.5, 10.25, 8, 12.25], "texture": "#0"}
			}
		},
		{
			"from": [6.5, 1, 2],
			"to": [8.5, 3, 10],
			"rotation": {"angle": 0, "axis": "y", "origin": [0, 1, 0]},
			"faces": {
				"north": {"uv": [12.75, 4.5, 13.25, 5], "rotation": 90, "texture": "#0"},
				"east": {"uv": [8.5, 10.25, 8, 12.25], "rotation": 270, "texture": "#0"},
				"south": {"uv": [5.5, 12.75, 6, 13.25], "rotation": 270, "texture": "#0"},
				"west": {"uv": [8, 12.25, 7.5, 10.25], "rotation": 270, "texture": "#0"},
				"up": {"uv": [10, 6.75, 12, 7.25], "rotation": 270, "texture": "#0"},
				"down": {"uv": [5.5, 10.25, 7.5, 10.75], "rotation": 270, "texture": "#0"}
			}
		},
		{
			"from": [4, 1, 3],
			"to": [6, 3, 11],
			"rotation": {"angle": 0, "axis": "z", "origin": [16, 1, 0]},
			"faces": {
				"north": {"uv": [12.75, 5, 13.25, 4.5], "rotation": 90, "texture": "#0"},
				"east": {"uv": [8, 10.25, 7.5, 12.25], "rotation": 270, "texture": "#0"},
				"south": {"uv": [5.5, 13.25, 6, 12.75], "rotation": 270, "texture": "#0"},
				"west": {"uv": [8.5, 12.25, 8, 10.25], "rotation": 270, "texture": "#0"},
				"up": {"uv": [10, 7.25, 12, 6.75], "rotation": 270, "texture": "#0"},
				"down": {"uv": [5.5, 10.75, 7.5, 10.25], "rotation": 270, "texture": "#0"}
			}
		},
		{
			"from": [6.75, 5, 2],
			"to": [13.75, 7, 4],
			"rotation": {"angle": -22.5, "axis": "y", "origin": [0, 1, 0]},
			"faces": {
				"north": {"uv": [5.5, 10.75, 7.25, 11.25], "texture": "#0"},
				"east": {"uv": [7.75, 12.75, 8.25, 13.25], "texture": "#0"},
				"south": {"uv": [11, 3.5, 12.75, 4], "texture": "#0"},
				"west": {"uv": [12.75, 7.75, 13.25, 8.25], "texture": "#0"},
				"up": {"uv": [12.75, 4.5, 11, 4], "texture": "#0"},
				"down": {"uv": [12.75, 4.5, 11, 5], "texture": "#0"}
			}
		},
		{
			"from": [-3.25, 5, 9],
			"to": [3.75, 6, 11],
			"rotation": {"angle": 45, "axis": "y", "origin": [0, 1, 0]},
			"faces": {
				"north": {"uv": [5.5, 12, 7.25, 12.25], "texture": "#0"},
				"east": {"uv": [13.25, 5.75, 13.75, 6], "texture": "#0"},
				"south": {"uv": [12, 6.75, 13.75, 7], "texture": "#0"},
				"west": {"uv": [13.25, 6, 13.75, 6.25], "texture": "#0"},
				"up": {"uv": [12.75, 10.25, 11, 9.75], "texture": "#0"},
				"down": {"uv": [12.75, 10.25, 11, 10.75], "texture": "#0"}
			}
		},
		{
			"from": [0, 1, 2.5],
			"to": [1, 3, 4.5],
			"rotation": {"angle": 0, "axis": "z", "origin": [16, 1, 16]},
			"faces": {
				"north": {"uv": [12.25, 12.75, 12.5, 13.25], "texture": "#0"},
				"east": {"uv": [12.25, 7.25, 12.75, 7.75], "texture": "#0"},
				"south": {"uv": [12, 12.75, 12.25, 13.25], "texture": "#0"},
				"west": {"uv": [7.25, 12.25, 7.75, 12.75], "texture": "#0"},
				"up": {"uv": [12.5, 12.75, 12.75, 13.25], "texture": "#0"},
				"down": {"uv": [12.75, 13.25, 13, 12.75], "texture": "#0"}
			}
		},
		{
			"from": [0, 3, 11.5],
			"to": [2, 4, 13.5],
			"rotation": {"angle": 0, "axis": "z", "origin": [16, 1, 0]},
			"faces": {
				"north": {"uv": [11.5, 12.75, 11, 13], "texture": "#0"},
				"east": {"uv": [12, 12.75, 11.5, 13], "texture": "#0"},
				"south": {"uv": [13.25, 11.25, 12.75, 11.5], "texture": "#0"},
				"west": {"uv": [13.25, 11, 12.75, 11.25], "texture": "#0"},
				"up": {"uv": [6, 9.75, 6.5, 9.25], "texture": "#0"},
				"down": {"uv": [6.75, 12.25, 7.25, 12.75], "texture": "#0"}
			}
		},
		{
			"from": [0, 1, 11.5],
			"to": [1, 3, 13.5],
			"rotation": {"angle": 0, "axis": "z", "origin": [16, 1, 0]},
			"faces": {
				"north": {"uv": [12.25, 12.75, 12, 13.25], "texture": "#0"},
				"east": {"uv": [12.75, 7.25, 12.25, 7.75], "texture": "#0"},
				"south": {"uv": [12.5, 12.75, 12.25, 13.25], "texture": "#0"},
				"west": {"uv": [7.75, 12.25, 7.25, 12.75], "texture": "#0"},
				"up": {"uv": [12.5, 13.25, 12.75, 12.75], "texture": "#0"},
				"down": {"uv": [12.75, 12.75, 13, 13.25], "texture": "#0"}
			}
		},
		{
			"from": [0, 3, 2.5],
			"to": [2, 4, 4.5],
			"rotation": {"angle": 0, "axis": "z", "origin": [16, 1, 16]},
			"faces": {
				"north": {"uv": [12.75, 11.25, 13.25, 11.5], "texture": "#0"},
				"east": {"uv": [11.5, 12.75, 12, 13], "texture": "#0"},
				"south": {"uv": [11, 12.75, 11.5, 13], "texture": "#0"},
				"west": {"uv": [12.75, 11, 13.25, 11.25], "texture": "#0"},
				"up": {"uv": [6, 9.25, 6.5, 9.75], "texture": "#0"},
				"down": {"uv": [6.75, 12.75, 7.25, 12.25], "texture": "#0"}
			}
		},
		{
			"from": [14, 3, 2.5],
			"to": [16, 4, 4.5],
			"rotation": {"angle": 0, "axis": "y", "origin": [0, 1, 0]},
			"faces": {
				"north": {"uv": [11, 12.75, 11.5, 13], "texture": "#0"},
				"east": {"uv": [12.75, 11, 13.25, 11.25], "texture": "#0"},
				"south": {"uv": [12.75, 11.25, 13.25, 11.5], "texture": "#0"},
				"west": {"uv": [11.5, 12.75, 12, 13], "texture": "#0"},
				"up": {"uv": [6.5, 9.75, 6, 9.25], "texture": "#0"},
				"down": {"uv": [7.25, 12.25, 6.75, 12.75], "texture": "#0"}
			}
		},
		{
			"from": [15, 1, 2.5],
			"to": [16, 3, 4.5],
			"rotation": {"angle": 0, "axis": "y", "origin": [0, 1, 0]},
			"faces": {
				"north": {"uv": [12, 12.75, 12.25, 13.25], "texture": "#0"},
				"east": {"uv": [7.25, 12.25, 7.75, 12.75], "texture": "#0"},
				"south": {"uv": [12.25, 12.75, 12.5, 13.25], "texture": "#0"},
				"west": {"uv": [12.25, 7.25, 12.75, 7.75], "texture": "#0"},
				"up": {"uv": [12.75, 13.25, 12.5, 12.75], "texture": "#0"},
				"down": {"uv": [13, 12.75, 12.75, 13.25], "texture": "#0"}
			}
		},
		{
			"from": [15, 1, 11.5],
			"to": [16, 3, 13.5],
			"rotation": {"angle": 0, "axis": "z", "origin": [0, 1, 16]},
			"faces": {
				"north": {"uv": [12.5, 12.75, 12.25, 13.25], "texture": "#0"},
				"east": {"uv": [7.75, 12.25, 7.25, 12.75], "texture": "#0"},
				"south": {"uv": [12.25, 12.75, 12, 13.25], "texture": "#0"},
				"west": {"uv": [12.75, 7.25, 12.25, 7.75], "texture": "#0"},
				"up": {"uv": [12.75, 12.75, 12.5, 13.25], "texture": "#0"},
				"down": {"uv": [13, 13.25, 12.75, 12.75], "texture": "#0"}
			}
		},
		{
			"from": [14, 3, 11.5],
			"to": [16, 4, 13.5],
			"rotation": {"angle": 0, "axis": "z", "origin": [0, 1, 16]},
			"faces": {
				"north": {"uv": [13.25, 11.25, 12.75, 11.5], "texture": "#0"},
				"east": {"uv": [13.25, 11, 12.75, 11.25], "texture": "#0"},
				"south": {"uv": [11.5, 12.75, 11, 13], "texture": "#0"},
				"west": {"uv": [12, 12.75, 11.5, 13], "texture": "#0"},
				"up": {"uv": [6.5, 9.25, 6, 9.75], "texture": "#0"},
				"down": {"uv": [7.25, 12.75, 6.75, 12.25], "texture": "#0"}
			}
		},
		{
			"from": [0, 0, 3],
			"to": [16, 1, 6],
			"faces": {
				"north": {"uv": [4, 15, 8, 15.25], "texture": "#0"},
				"east": {"uv": [4.75, 14.5, 5.5, 14.75], "texture": "#0"},
				"south": {"uv": [4, 14.75, 8, 15], "texture": "#0"},
				"west": {"uv": [4, 14.5, 4.75, 14.75], "texture": "#0"},
				"up": {"uv": [8, 15.25, 12, 16], "texture": "#0"},
				"down": {"uv": [8, 14.5, 12, 15.25], "texture": "#0"}
			}
		},
		{
			"from": [0, 0, 0],
			"to": [16, 1, 3],
			"faces": {
				"north": {"uv": [4, 15.5, 8, 15.75], "texture": "#0"},
				"east": {"uv": [4.75, 15.25, 5.5, 15.5], "texture": "#0"},
				"south": {"uv": [4, 15.75, 8, 16], "texture": "#0"},
				"west": {"uv": [4, 15.25, 4.75, 15.5], "texture": "#0"},
				"up": {"uv": [0, 14.5, 4, 15.25], "texture": "#0"},
				"down": {"uv": [0, 15.25, 4, 16], "texture": "#0"}
			}
		},
		{
			"from": [0, 0, 3],
			"to": [16, 1, 6],
			"faces": {
				"north": {"uv": [4, 15, 8, 15.25], "texture": "#0"},
				"east": {"uv": [4.75, 14.5, 5.5, 14.75], "texture": "#0"},
				"south": {"uv": [4, 14.75, 8, 15], "texture": "#0"},
				"west": {"uv": [4, 14.5, 4.75, 14.75], "texture": "#0"},
				"up": {"uv": [8, 15.25, 12, 16], "texture": "#0"},
				"down": {"uv": [8, 14.5, 12, 15.25], "texture": "#0"}
			}
		},
		{
			"from": [0, 0, 6],
			"to": [16, 1, 9],
			"faces": {
				"north": {"uv": [4, 15.5, 8, 15.75], "texture": "#0"},
				"east": {"uv": [4.75, 15.25, 5.5, 15.5], "texture": "#0"},
				"south": {"uv": [4, 15.75, 8, 16], "texture": "#0"},
				"west": {"uv": [4, 15.25, 4.75, 15.5], "texture": "#0"},
				"up": {"uv": [0, 14.5, 4, 15.25], "texture": "#0"},
				"down": {"uv": [0, 15.25, 4, 16], "texture": "#0"}
			}
		},
		{
			"from": [0, 0, 9],
			"to": [16, 1, 12],
			"faces": {
				"north": {"uv": [4, 15, 8, 15.25], "texture": "#0"},
				"east": {"uv": [4.75, 14.5, 5.5, 14.75], "texture": "#0"},
				"south": {"uv": [4, 14.75, 8, 15], "texture": "#0"},
				"west": {"uv": [4, 14.5, 4.75, 14.75], "texture": "#0"},
				"up": {"uv": [8, 15.25, 12, 16], "texture": "#0"},
				"down": {"uv": [8, 14.5, 12, 15.25], "texture": "#0"}
			}
		},
		{
			"from": [0, 0, 12],
			"to": [16, 1, 15],
			"faces": {
				"north": {"uv": [4, 15.5, 8, 15.75], "texture": "#0"},
				"east": {"uv": [4.75, 15.25, 5.5, 15.5], "texture": "#0"},
				"south": {"uv": [4, 15.75, 8, 16], "texture": "#0"},
				"west": {"uv": [4, 15.25, 4.75, 15.5], "texture": "#0"},
				"up": {"uv": [0, 14.5, 4, 15.25], "texture": "#0"},
				"down": {"uv": [0, 15.25, 4, 16], "texture": "#0"}
			}
		},
		{
			"from": [0, 0, 15],
			"to": [16, 1, 16],
			"faces": {
				"north": {"uv": [4, 15, 8, 15.25], "texture": "#0"},
				"east": {"uv": [4.75, 14.5, 5.5, 14.75], "texture": "#0"},
				"south": {"uv": [4, 14.75, 8, 15], "texture": "#0"},
				"west": {"uv": [4, 14.5, 4.75, 14.75], "texture": "#0"},
				"up": {"uv": [8, 15.75, 12, 16], "texture": "#0"},
				"down": {"uv": [8, 15, 12, 15.25], "texture": "#0"}
			}
		}
	],
	"display": {
		"thirdperson_righthand": {
			"rotation": [40, 40, 0],
			"scale": [0.5, 0.5, 0.5]
		},
		"thirdperson_lefthand": {
			"rotation": [40, 40, 0],
			"scale": [0.5, 0.5, 0.5]
		},
		"firstperson_righthand": {
			"rotation": [-9, 136, -6],
			"translation": [0, 2.25, 0.5],
			"scale": [0.51, 0.51, 0.52]
		},
		"firstperson_lefthand": {
			"rotation": [-9, 136, -6],
			"translation": [0, 2.25, 0.5],
			"scale": [0.51, 0.51, 0.52]
		},
		"ground": {
			"scale": [0.5, 0.5, 0.5]
		},
		"gui": {
			"rotation": [9, -142, -11],
			"translation": [-0.5, -0.5, 0.5],
			"scale": [0.73, 0.73, 0.73]
		},
		"head": {
			"translation": [0, 0, -0.75],
			"scale": [1.44672, 1.40766, 1.48383]
		},
		"fixed": {
			"translation": [0, 0, -2.75]
		}
	},
	"groups": [
		0,
		1,
		{
			"name": "group",
			"origin": [0, 0, 0],
			"color": 0,
			"children": [2, 3, 4, 5, 6]
		},
		{
			"name": "pipe",
			"origin": [0, 0, 0],
			"color": 0,
			"children": [7, 8, 9, 10, 11]
		},
		{
			"name": "kettle",
			"origin": [0, 0, 0],
			"color": 0,
			"children": [12, 13, 14, 15, 16, 17, 18, 19, 20, 21, 22, 23, 24]
		},
		{
			"name": "mitt",
			"origin": [0, 0, 0],
			"color": 0,
			"children": [25, 26, 27]
		},
		{
			"name": "door",
			"origin": [0, 0, 0],
			"color": 0,
			"children": [28, 29, 30, 31, 32]
		},
		{
			"name": "logs",
			"origin": [16, 0, 0],
			"color": 0,
			"children": [33, 34, 35]
		},
		{
			"name": "fire logs",
			"origin": [0, 0, 0],
			"color": 0,
			"children": [36, 37]
		},
		{
			"name": "legs",
			"origin": [0, 0, 16],
			"color": 0,
			"children": [38, 39, 40, 41, 42, 43, 44, 45]
		},
		{
			"name": "bricks",
			"origin": [0, 0, 0],
			"color": 0,
			"children": [46, 47, 48, 49, 50, 51, 52]
		}
	]
}