{
	"credit": "Made with Blockbench",
	"parent": "minecraft:block/template_lantern",
	"texture_size": [32, 32],
	"textures": {
		"1": "block/soul_lantern",
		"particle": "block/soul_lantern"
	},
	"elements": [
		{
			"from": [6, 9, 5],
			"to": [10, 10, 11],
			"rotation": {"angle": 0, "axis": "y", "origin": [-8, 0, -8]},
			"faces": {
				"north": {"uv": [10, 1, 12, 1.5], "texture": "#1"},
				"east": {"uv": [8, 3.5, 11, 4], "texture": "#1"},
				"south": {"uv": [10, 1.5, 12, 2], "texture": "#1"},
				"west": {"uv": [8, 4, 11, 4.5], "texture": "#1"},
				"up": {"uv": [2, 6, 0, 3], "texture": "#1"},
				"down": {"uv": [4, 3, 2, 6], "texture": "#1"}
			}
		},
		{
			"from": [7, 10, 7],
			"to": [9, 12, 9],
			"rotation": {"angle": 0, "axis": "y", "origin": [-8, 0, -8]},
			"faces": {
				"north": {"uv": [12.5, 7, 13.5, 8], "texture": "#1"},
				"east": {"uv": [12.5, 10, 13.5, 11], "texture": "#1"},
				"south": {"uv": [12.5, 11, 13.5, 12], "texture": "#1"},
				"west": {"uv": [11.5, 12.5, 12.5, 13.5], "texture": "#1"},
				"up": {"uv": [13.5, 13, 12.5, 12], "texture": "#1"},
				"down": {"uv": [1, 13, 0, 14], "texture": "#1"}
			}
		},
		{
			"from": [10, 9, 6],
			"to": [11, 10, 10],
			"rotation": {"angle": 0, "axis": "y", "origin": [-8, 0, -8]},
			"faces": {
				"north": {"uv": [12, 10, 12.5, 10.5], "texture": "#1"},
				"east": {"uv": [9, 9.5, 11, 10], "texture": "#1"},
				"south": {"uv": [13, 1.5, 13.5, 2], "texture": "#1"},
				"west": {"uv": [10, 0.5, 12, 1], "texture": "#1"},
				"up": {"uv": [10.5, 7, 10, 5], "texture": "#1"},
				"down": {"uv": [6.5, 10, 6, 12], "texture": "#1"}
			}
		},
		{
			"from": [5, 9, 6],
			"to": [6, 10, 10],
			"rotation": {"angle": 0, "axis": "y", "origin": [-8, 0, -8]},
			"faces": {
				"north": {"uv": [11.5, 8, 12, 8.5], "texture": "#1"},
				"east": {"uv": [9, 7, 11, 7.5], "texture": "#1"},
				"south": {"uv": [7, 12, 7.5, 12.5], "texture": "#1"},
				"west": {"uv": [9, 9, 11, 9.5], "texture": "#1"},
				"up": {"uv": [10, 2.5, 9.5, 0.5], "texture": "#1"},
				"down": {"uv": [10, 5, 9.5, 7], "texture": "#1"}
			}
		},
		{
			"from": [6, 0, 5],
			"to": [10, 1, 11],
			"rotation": {"angle": 0, "axis": "y", "origin": [-8, 0, -8]},
			"faces": {
				"north": {"uv": [8.5, 7.5, 10.5, 8], "texture": "#1"},
				"east": {"uv": [3, 8, 6, 8.5], "texture": "#1"},
				"south": {"uv": [8.5, 8, 10.5, 8.5], "texture": "#1"},
				"west": {"uv": [8, 3, 11, 3.5], "texture": "#1"},
				"up": {"uv": [2, 3, 0, 0], "texture": "#1"},
				"down": {"uv": [4, 0, 2, 3], "texture": "#1"}
			}
		},
		{
			"from": [5, 0, 6],
			"to": [6, 1, 10],
			"rotation": {"angle": 0, "axis": "y", "origin": [-8, 0, -8]},
			"faces": {
				"north": {"uv": [7.5, 10, 8, 10.5], "texture": "#1"},
				"east": {"uv": [8.5, 8.5, 10.5, 9], "texture": "#1"},
				"south": {"uv": [10.5, 8.5, 11, 9], "texture": "#1"},
				"west": {"uv": [9, 0, 11, 0.5], "texture": "#1"},
				"up": {"uv": [6, 10.5, 5.5, 8.5], "texture": "#1"},
				"down": {"uv": [9.5, 0.5, 9, 2.5], "texture": "#1"}
			}
		},
		{
			"from": [10, 0, 6],
			"to": [11, 1, 10],
			"rotation": {"angle": 0, "axis": "y", "origin": [-8, 0, -8]},
			"faces": {
				"north": {"uv": [11, 7, 11.5, 7.5], "texture": "#1"},
				"east": {"uv": [9, 2.5, 11, 3], "texture": "#1"},
				"south": {"uv": [11, 10.5, 11.5, 11], "texture": "#1"},
				"west": {"uv": [9, 4.5, 11, 5], "texture": "#1"},
				"up": {"uv": [9.5, 7, 9, 5], "texture": "#1"},
				"down": {"uv": [9, 9, 8.5, 11], "texture": "#1"}
			}
		},
		{
			"from": [4, 3, 6],
			"to": [4, 7, 10],
			"rotation": {"angle": 0, "axis": "y", "origin": [-8, 0, -8]},
			"faces": {
				"north": {"uv": [0, 0, 0, 2], "texture": "#1"},
				"east": {"uv": [4, 0, 6, 2], "texture": "#1"},
				"south": {"uv": [0, 0, 0, 2], "texture": "#1"},
				"west": {"uv": [4, 2, 6, 4], "texture": "#1"},
				"up": {"uv": [0, 2, 0, 0], "texture": "#1"},
				"down": {"uv": [0, 0, 0, 2], "texture": "#1"}
			}
		},
		{
			"from": [12, 3, 6],
			"to": [12, 7, 10],
			"rotation": {"angle": 0, "axis": "y", "origin": [-8, 0, -8]},
			"faces": {
				"north": {"uv": [0, 0, 0, 2], "texture": "#1"},
				"east": {"uv": [4, 4, 6, 6], "texture": "#1"},
				"south": {"uv": [0, 0, 0, 2], "texture": "#1"},
				"west": {"uv": [0, 6, 2, 8], "texture": "#1"},
				"up": {"uv": [0, 2, 0, 0], "texture": "#1"},
				"down": {"uv": [0, 0, 0, 2], "texture": "#1"}
			}
		},
		{
			"from": [6, 3, 12],
			"to": [10, 7, 12],
			"rotation": {"angle": 0, "axis": "y", "origin": [-8, 0, -8]},
			"faces": {
				"north": {"uv": [6, 0, 8, 2], "texture": "#1"},
				"east": {"uv": [0, 0, 0, 2], "texture": "#1"},
				"south": {"uv": [2, 6, 4, 8], "texture": "#1"},
				"west": {"uv": [0, 0, 0, 2], "texture": "#1"},
				"up": {"uv": [2, 0, 0, 0], "texture": "#1"},
				"down": {"uv": [2, 0, 0, 0], "texture": "#1"}
			}
		},
		{
			"from": [6, 3, 4],
			"to": [10, 7, 4],
			"rotation": {"angle": 0, "axis": "y", "origin": [-8, 0, -8]},
			"faces": {
				"north": {"uv": [6, 2, 8, 4], "texture": "#1"},
				"east": {"uv": [0, 0, 0, 2], "texture": "#1"},
				"south": {"uv": [4, 6, 6, 8], "texture": "#1"},
				"west": {"uv": [0, 0, 0, 2], "texture": "#1"},
				"up": {"uv": [2, 0, 0, 0], "texture": "#1"},
				"down": {"uv": [2, 0, 0, 0], "texture": "#1"}
			}
		},
		{
			"from": [10, 1, 4],
			"to": [12, 3, 6],
			"rotation": {"angle": 0, "axis": "y", "origin": [-8, 0, -8]},
			"faces": {
				"north": {"uv": [6.5, 10, 7.5, 11], "texture": "#1"},
				"east": {"uv": [9, 10, 10, 11], "texture": "#1"},
				"south": {"uv": [10, 10, 11, 11], "texture": "#1"},
				"west": {"uv": [10.5, 5, 11.5, 6], "texture": "#1"},
				"up": {"uv": [11.5, 7, 10.5, 6], "texture": "#1"},
				"down": {"uv": [8.5, 10.5, 7.5, 11.5], "texture": "#1"}
			}
		},
		{
			"from": [10, 7, 4],
			"to": [12, 9, 6],
			"rotation": {"angle": 0, "axis": "y", "origin": [11, 8, 5]},
			"faces": {
				"north": {"uv": [10.5, 7.5, 11.5, 8.5], "texture": "#1"},
				"east": {"uv": [0, 11, 1, 12], "texture": "#1"},
				"south": {"uv": [1, 11, 2, 12], "texture": "#1"},
				"west": {"uv": [2, 11, 3, 12], "texture": "#1"},
				"up": {"uv": [12, 3, 11, 2], "texture": "#1"},
				"down": {"uv": [12, 3, 11, 4], "texture": "#1"}
			}
		},
		{
			"from": [11, 2, 4],
			"to": [13, 8, 5],
			"rotation": {"angle": -45, "axis": "y", "origin": [12, 5, 4]},
			"faces": {
				"north": {"uv": [6, 4, 7, 7], "texture": "#1"},
				"east": {"uv": [8, 4.5, 8.5, 7.5], "texture": "#1"},
				"south": {"uv": [7, 4, 8, 7], "texture": "#1"},
				"west": {"uv": [8, 7.5, 8.5, 10.5], "texture": "#1"},
				"up": {"uv": [11, 2.5, 10, 2], "texture": "#1"},
				"down": {"uv": [12, 0, 11, 0.5], "texture": "#1"}
			}
		},
		{
			"from": [4, 1, 4],
			"to": [6, 3, 6],
			"rotation": {"angle": 0, "axis": "y", "origin": [24, 0, -8]},
			"faces": {
				"north": {"uv": [10.5, 11, 11.5, 12], "texture": "#1"},
				"east": {"uv": [3, 11.5, 4, 12.5], "texture": "#1"},
				"south": {"uv": [4, 11.5, 5, 12.5], "texture": "#1"},
				"west": {"uv": [5, 11.5, 6, 12.5], "texture": "#1"},
				"up": {"uv": [12.5, 6, 11.5, 5], "texture": "#1"},
				"down": {"uv": [12.5, 6, 11.5, 7], "texture": "#1"}
			}
		},
		{
			"from": [3, 2, 4],
			"to": [5, 8, 5],
			"rotation": {"angle": 45, "axis": "y", "origin": [4, 5, 4]},
			"faces": {
				"north": {"uv": [6, 7, 7, 10], "texture": "#1"},
				"east": {"uv": [3, 8.5, 3.5, 11.5], "texture": "#1"},
				"south": {"uv": [7, 7, 8, 10], "texture": "#1"},
				"west": {"uv": [3.5, 8.5, 4, 11.5], "texture": "#1"},
				"up": {"uv": [14, 0.5, 13, 0], "texture": "#1"},
				"down": {"uv": [14, 0.5, 13, 1], "texture": "#1"}
			}
		},
		{
			"from": [4, 7, 4],
			"to": [6, 9, 6],
			"rotation": {"angle": 0, "axis": "y", "origin": [24, 0, -8]},
			"faces": {
				"north": {"uv": [11, 4, 12, 5], "texture": "#1"},
				"east": {"uv": [6.5, 11, 7.5, 12], "texture": "#1"},
				"south": {"uv": [8.5, 11, 9.5, 12], "texture": "#1"},
				"west": {"uv": [11, 8.5, 12, 9.5], "texture": "#1"},
				"up": {"uv": [10.5, 12, 9.5, 11], "texture": "#1"},
				"down": {"uv": [12, 9.5, 11, 10.5], "texture": "#1"}
			}
		},
		{
			"from": [4, 1, 10],
			"to": [6, 3, 12],
			"rotation": {"angle": 0, "axis": "y", "origin": [24, 0, 24]},
			"faces": {
				"north": {"uv": [1, 12, 2, 13], "texture": "#1"},
				"east": {"uv": [12, 1, 13, 2], "texture": "#1"},
				"south": {"uv": [2, 12, 3, 13], "texture": "#1"},
				"west": {"uv": [12, 2, 13, 3], "texture": "#1"},
				"up": {"uv": [13, 4, 12, 3], "texture": "#1"},
				"down": {"uv": [13, 4, 12, 5], "texture": "#1"}
			}
		},
		{
			"from": [4, 2, 11],
			"to": [5, 8, 13],
			"rotation": {"angle": 45, "axis": "y", "origin": [4, 5, 12]},
			"faces": {
				"north": {"uv": [4, 8.5, 4.5, 11.5], "texture": "#1"},
				"east": {"uv": [0, 8, 1, 11], "texture": "#1"},
				"south": {"uv": [4.5, 8.5, 5, 11.5], "texture": "#1"},
				"west": {"uv": [8, 0, 9, 3], "texture": "#1"},
				"up": {"uv": [6, 11.5, 5.5, 10.5], "texture": "#1"},
				"down": {"uv": [8.5, 12.5, 8, 13.5], "texture": "#1"}
			}
		},
		{
			"from": [4, 7, 10],
			"to": [6, 9, 12],
			"rotation": {"angle": 0, "axis": "y", "origin": [24, 0, 24]},
			"faces": {
				"north": {"uv": [11.5, 7, 12.5, 8], "texture": "#1"},
				"east": {"uv": [7.5, 11.5, 8.5, 12.5], "texture": "#1"},
				"south": {"uv": [11.5, 10.5, 12.5, 11.5], "texture": "#1"},
				"west": {"uv": [11.5, 11.5, 12.5, 12.5], "texture": "#1"},
				"up": {"uv": [1, 13, 0, 12], "texture": "#1"},
				"down": {"uv": [13, 0, 12, 1], "texture": "#1"}
			}
		},
		{
			"from": [10, 7, 10],
			"to": [12, 9, 12],
			"rotation": {"angle": 0, "axis": "y", "origin": [-8, 0, 24]},
			"faces": {
				"north": {"uv": [3, 12.5, 4, 13.5], "texture": "#1"},
				"east": {"uv": [4, 12.5, 5, 13.5], "texture": "#1"},
				"south": {"uv": [5, 12.5, 6, 13.5], "texture": "#1"},
				"west": {"uv": [12.5, 5, 13.5, 6], "texture": "#1"},
				"up": {"uv": [13.5, 7, 12.5, 6], "texture": "#1"},
				"down": {"uv": [8, 12.5, 7, 13.5], "texture": "#1"}
			}
		},
		{
			"from": [11, 2, 11],
			"to": [13, 8, 12],
			"rotation": {"angle": 45, "axis": "y", "origin": [12, 5, 12]},
			"faces": {
				"north": {"uv": [1, 8, 2, 11], "texture": "#1"},
				"east": {"uv": [8.5, 4.5, 9, 7.5], "texture": "#1"},
				"south": {"uv": [2, 8, 3, 11], "texture": "#1"},
				"west": {"uv": [5, 8.5, 5.5, 11.5], "texture": "#1"},
				"up": {"uv": [2, 13.5, 1, 13], "texture": "#1"},
				"down": {"uv": [14, 1, 13, 1.5], "texture": "#1"}
			}
		},
		{
			"from": [10, 1, 10],
			"to": [12, 3, 12],
			"rotation": {"angle": 0, "axis": "y", "origin": [-8, 0, 24]},
			"faces": {
				"north": {"uv": [6, 12, 7, 13], "texture": "#1"},
				"east": {"uv": [12, 8, 13, 9], "texture": "#1"},
				"south": {"uv": [8.5, 12, 9.5, 13], "texture": "#1"},
				"west": {"uv": [12, 9, 13, 10], "texture": "#1"},
				"up": {"uv": [10.5, 13, 9.5, 12], "texture": "#1"},
				"down": {"uv": [11.5, 12, 10.5, 13], "texture": "#1"}
			}
		},
		{
			"name": "firefly",
			"from": [9, 3.7, 7.5],
			"to": [10, 3.7, 8.5],
			"rotation": {"angle": -22.5, "axis": "x", "origin": [9.5, 3.5, 8]},
			"faces": {
				"north": {"uv": [0, 0, 0.5, 0], "texture": "#1"},
				"east": {"uv": [0, 0, 0.5, 0], "texture": "#1"},
				"south": {"uv": [0, 0, 0.5, 0], "texture": "#1"},
				"west": {"uv": [0, 0, 0.5, 0], "texture": "#1"},
				"up": {"uv": [6.5, 13.5, 6, 13], "texture": "#1"},
				"down": {"uv": [7, 13, 6.5, 13.5], "texture": "#1"}
			}
		},
		{
			"name": "firefly",
			"from": [9, 3, 6.5],
			"to": [10, 4, 7.5],
			"rotation": {"angle": 0, "axis": "y", "origin": [-6, 0, 2]},
			"faces": {
				"north": {"uv": [2, 13, 2.5, 13.5], "texture": "#1"},
				"east": {"uv": [13, 2, 13.5, 2.5], "texture": "#1"},
				"south": {"uv": [2.5, 13, 3, 13.5], "texture": "#1"},
				"west": {"uv": [13, 2.5, 13.5, 3], "texture": "#1"},
				"up": {"uv": [13.5, 3.5, 13, 3], "texture": "#1"},
				"down": {"uv": [13.5, 3.5, 13, 4], "texture": "#1"}
			}
		},
		{
			"name": "firefly",
			"from": [9, 3.8, 5.5],
			"to": [10, 3.8, 6.5],
			"rotation": {"angle": 22.5, "axis": "x", "origin": [9.5, 3.5, 6]},
			"faces": {
				"north": {"uv": [0, 0, 0.5, 0], "texture": "#1"},
				"east": {"uv": [0, 0, 0.5, 0], "texture": "#1"},
				"south": {"uv": [0, 0, 0.5, 0], "texture": "#1"},
				"west": {"uv": [0, 0, 0.5, 0], "texture": "#1"},
				"up": {"uv": [13.5, 4.5, 13, 4], "texture": "#1"},
				"down": {"uv": [13.5, 4.5, 13, 5], "texture": "#1"}
			}
		},
		{
			"name": "firefly",
			"from": [9, 6.5, 9.5],
			"to": [10, 6.5, 10.5],
			"rotation": {"angle": -45, "axis": "y", "origin": [9.5, 6.5, 8.5]},
			"faces": {
				"north": {"uv": [0, 0, 0.5, 0], "texture": "#1"},
				"east": {"uv": [0, 0, 0.5, 0], "texture": "#1"},
				"south": {"uv": [0, 0, 0.5, 0], "texture": "#1"},
				"west": {"uv": [0, 0, 0.5, 0], "texture": "#1"},
				"up": {"uv": [13.5, 8.5, 13, 8], "texture": "#1"},
				"down": {"uv": [9, 13, 8.5, 13.5], "texture": "#1"}
			}
		},
		{
			"name": "firefly",
			"from": [9, 6, 8.5],
			"to": [10, 7, 9.5],
			"rotation": {"angle": -45, "axis": "y", "origin": [9.5, 6.5, 8.5]},
			"faces": {
				"north": {"uv": [13, 8.5, 13.5, 9], "texture": "#1"},
				"east": {"uv": [9, 13, 9.5, 13.5], "texture": "#1"},
				"south": {"uv": [13, 9, 13.5, 9.5], "texture": "#1"},
				"west": {"uv": [9.5, 13, 10, 13.5], "texture": "#1"},
				"up": {"uv": [13.5, 10, 13, 9.5], "texture": "#1"},
				"down": {"uv": [10.5, 13, 10, 13.5], "texture": "#1"}
			}
		},
		{
			"name": "firefly",
			"from": [9, 6.5, 7.5],
			"to": [10, 6.5, 8.5],
			"rotation": {"angle": -45, "axis": "y", "origin": [9.5, 6.5, 8.5]},
			"faces": {
				"north": {"uv": [0, 0, 0.5, 0], "texture": "#1"},
				"east": {"uv": [0, 0, 0.5, 0], "texture": "#1"},
				"south": {"uv": [0, 0, 0.5, 0], "texture": "#1"},
				"west": {"uv": [0, 0, 0.5, 0], "texture": "#1"},
				"up": {"uv": [11, 13.5, 10.5, 13], "texture": "#1"},
				"down": {"uv": [11.5, 13, 11, 13.5], "texture": "#1"}
			}
		},
		{
			"name": "firefly",
			"from": [5.5, 5, 7],
			"to": [6.5, 5, 8],
			"rotation": {"angle": -22.5, "axis": "x", "origin": [7, 5, 7.5]},
			"faces": {
				"north": {"uv": [0, 0, 0.5, 0], "texture": "#1"},
				"east": {"uv": [0, 0, 0.5, 0], "texture": "#1"},
				"south": {"uv": [0, 0, 0.5, 0], "texture": "#1"},
				"west": {"uv": [0, 0, 0.5, 0], "texture": "#1"},
				"up": {"uv": [13, 13.5, 12.5, 13], "texture": "#1"},
				"down": {"uv": [13.5, 13, 13, 13.5], "texture": "#1"}
			}
		},
		{
			"name": "firefly",
			"from": [6.5, 4.5, 7],
			"to": [7.5, 5.5, 8],
			"rotation": {"angle": -22.5, "axis": "x", "origin": [7, 5, 7.5]},
			"faces": {
				"north": {"uv": [1, 13.5, 1.5, 14], "texture": "#1"},
				"east": {"uv": [1.5, 13.5, 2, 14], "texture": "#1"},
				"south": {"uv": [13.5, 1.5, 14, 2], "texture": "#1"},
				"west": {"uv": [2, 13.5, 2.5, 14], "texture": "#1"},
				"up": {"uv": [14, 2.5, 13.5, 2], "texture": "#1"},
				"down": {"uv": [3, 13.5, 2.5, 14], "texture": "#1"}
			}
		},
		{
			"name": "firefly",
			"from": [7.5, 5, 7],
			"to": [8.5, 5, 8],
			"rotation": {"angle": -22.5, "axis": "x", "origin": [7, 5, 7.5]},
			"faces": {
				"north": {"uv": [0, 0, 0.5, 0], "texture": "#1"},
				"east": {"uv": [0, 0, 0.5, 0], "texture": "#1"},
				"south": {"uv": [0, 0, 0.5, 0], "texture": "#1"},
				"west": {"uv": [0, 0, 0.5, 0], "texture": "#1"},
				"up": {"uv": [14, 3, 13.5, 2.5], "texture": "#1"},
				"down": {"uv": [3.5, 13.5, 3, 14], "texture": "#1"}
			}
		}
	],
	"groups": [
		{
			"name": "lid",
			"origin": [0, 0, 0],
			"color": 0,
			"children": [0, 1, 2, 3]
		},
		{
			"name": "bottom",
			"origin": [0, 0, 0],
			"color": 0,
			"children": [4, 5, 6]
		},
		{
			"name": "orb",
			"origin": [0, 0, 0],
			"color": 0,
			"children": [7, 8, 9, 10]
		},
		{
			"name": "cage",
			"origin": [-8, 0, 24],
			"color": 0,
			"children": [11, 12, 13, 14, 15, 16, 17, 18, 19, 20, 21, 22]
		},
		{
			"name": "firefly",
			"origin": [0, 0, 0],
			"color": 0,
			"children": [23, 24, 25]
		},
		{
			"name": "firefly",
			"origin": [0, 0, 0],
			"color": 0,
			"children": [26, 27, 28]
		},
		{
			"name": "firefly",
			"origin": [0, 0, 0],
			"color": 0,
			"children": [29, 30, 31]
		}
	]
}