{
	"credit": "Made by MisterGriimm",
	"ambientocclusion": false,
	"texture_size": [64, 64],
	"textures": {
		"1": "block/cauldron"
	},
	"elements": [
		{
			"from": [2, 14.25, 2],
			"to": [14, 15.25, 14],
			"faces": {
				"up": {"uv": [2, 2, 14, 14], "texture": "#content", "tintindex": 0}
			}
		},
		{
			"from": [6, 0.5, 5.25],
			"to": [9, 3.5, 8.25],
			"rotation": {"angle": 0, "axis": "y", "origin": [1, 0, 0.25]},
			"faces": {
				"north": {"uv": [8.5, 4.25, 9.25, 5], "texture": "#1"},
				"east": {"uv": [7.5, 8.5, 8.25, 9.25], "texture": "#1"},
				"south": {"uv": [8.25, 8.5, 9, 9.25], "texture": "#1"},
				"west": {"uv": [0.5, 8.75, 1.25, 9.5], "texture": "#1"},
				"up": {"uv": [2, 9.5, 1.25, 8.75], "texture": "#1"},
				"down": {"uv": [2.75, 8.75, 2, 9.5], "texture": "#1"}
			}
		},
		{
			"from": [6.5, 0, 5.75],
			"to": [8.5, 1, 7.75],
			"rotation": {"angle": 0, "axis": "y", "origin": [1, 0, 0.25]},
			"faces": {
				"north": {"uv": [11.25, 10.75, 11.75, 11], "texture": "#1"},
				"east": {"uv": [11, 11.25, 11.5, 11.5], "texture": "#1"},
				"south": {"uv": [11.25, 11, 11.75, 11.25], "texture": "#1"},
				"west": {"uv": [0, 11.5, 0.5, 11.75], "texture": "#1"},
				"up": {"uv": [2.5, 11.5, 2, 11], "texture": "#1"},
				"down": {"uv": [11.5, 2, 11, 2.5], "texture": "#1"}
			}
		},
		{
			"from": [6.75, 3.5, 5.75],
			"to": [8.75, 5.5, 7.75],
			"rotation": {"angle": 0, "axis": "y", "origin": [1, 0, 0.25]},
			"faces": {
				"north": {"uv": [0.5, 11, 1, 11.5], "texture": "#1"},
				"east": {"uv": [11, 0.5, 11.5, 1], "texture": "#1"},
				"south": {"uv": [1, 11, 1.5, 11.5], "texture": "#1"},
				"west": {"uv": [11, 1, 11.5, 1.5], "texture": "#1"},
				"up": {"uv": [2, 11.5, 1.5, 11], "texture": "#1"},
				"down": {"uv": [11.5, 1.5, 11, 2], "texture": "#1"}
			}
		},
		{
			"from": [5.75, 5, 6.5],
			"to": [6.75, 5.75, 7.25],
			"rotation": {"angle": 0, "axis": "y", "origin": [1, 0, 0.25]},
			"faces": {
				"north": {"uv": [12.25, 9.5, 12.5, 9.75], "texture": "#1"},
				"east": {"uv": [9.75, 12.25, 10, 12.5], "texture": "#1"},
				"south": {"uv": [12.25, 9.75, 12.5, 10], "texture": "#1"},
				"west": {"uv": [10, 12.25, 10.25, 12.5], "texture": "#1"},
				"up": {"uv": [12.5, 10.25, 12.25, 10], "texture": "#1"},
				"down": {"uv": [10.5, 12.25, 10.25, 12.5], "texture": "#1"}
			}
		},
		{
			"from": [4.4, 1, 6.6],
			"to": [6.4, 1.75, 7.35],
			"rotation": {"angle": -22.5, "axis": "z", "origin": [5.25, 1.25, 7.125]},
			"faces": {
				"north": {"uv": [11.5, 1.5, 12, 1.75], "texture": "#1"},
				"east": {"uv": [12.25, 10.75, 12.5, 11], "texture": "#1"},
				"south": {"uv": [11.5, 1.75, 12, 2], "texture": "#1"},
				"west": {"uv": [11, 12.25, 11.25, 12.5], "texture": "#1"},
				"up": {"uv": [2.5, 11.75, 2, 11.5], "texture": "#1"},
				"down": {"uv": [12, 2, 11.5, 2.25], "texture": "#1"}
			}
		},
		{
			"from": [4.35, 1.35, 6.5],
			"to": [5.1, 4.35, 7.25],
			"rotation": {"angle": 0, "axis": "y", "origin": [1, 0, 0.25]},
			"faces": {
				"north": {"uv": [9, 10.5, 9.25, 11.25], "texture": "#1"},
				"east": {"uv": [11, 2.5, 11.25, 3.25], "texture": "#1"},
				"south": {"uv": [3.25, 11, 3.5, 11.75], "texture": "#1"},
				"west": {"uv": [11, 3.25, 11.25, 4], "texture": "#1"},
				"up": {"uv": [12.5, 10.75, 12.25, 10.5], "texture": "#1"},
				"down": {"uv": [11, 12.25, 10.75, 12.5], "texture": "#1"}
			}
		},
		{
			"from": [3.85, 4.15, 6.6],
			"to": [5.85, 4.9, 7.35],
			"rotation": {"angle": 45, "axis": "z", "origin": [4.75, 5.25, 6.75]},
			"faces": {
				"north": {"uv": [1, 11.5, 1.5, 11.75], "texture": "#1"},
				"east": {"uv": [12.25, 10.25, 12.5, 10.5], "texture": "#1"},
				"south": {"uv": [11.5, 1, 12, 1.25], "texture": "#1"},
				"west": {"uv": [10.5, 12.25, 10.75, 12.5], "texture": "#1"},
				"up": {"uv": [12, 1.5, 11.5, 1.25], "texture": "#1"},
				"down": {"uv": [2, 11.5, 1.5, 11.75], "texture": "#1"}
			}
		},
		{
			"from": [8.6, 3.25, 6.25],
			"to": [9.6, 5.25, 7.25],
			"rotation": {"angle": -22.5, "axis": "z", "origin": [9.25, 5, 6.75]},
			"faces": {
				"north": {"uv": [11.5, 0, 11.75, 0.5], "texture": "#1"},
				"east": {"uv": [0.5, 11.5, 0.75, 12], "texture": "#1"},
				"south": {"uv": [11.5, 0.5, 11.75, 1], "texture": "#1"},
				"west": {"uv": [0.75, 11.5, 1, 12], "texture": "#1"},
				"up": {"uv": [12.5, 9.5, 12.25, 9.25], "texture": "#1"},
				"down": {"uv": [9.75, 12.25, 9.5, 12.5], "texture": "#1"}
			}
		},
		{
			"from": [12.15, 9.25, 2.85],
			"to": [13.15, 10.25, 3.85],
			"faces": {
				"north": {"uv": [3, 12.5, 3.25, 12.75], "texture": "#1"},
				"east": {"uv": [3, 12.5, 3.25, 12.75], "texture": "#1"},
				"south": {"uv": [3, 12.5, 3.25, 12.75], "texture": "#1"},
				"west": {"uv": [3, 12.5, 3.25, 12.75], "texture": "#1"},
				"up": {"uv": [3.25, 12.75, 3, 12.5], "texture": "#1"},
				"down": {"uv": [3.25, 12.5, 3, 12.75], "texture": "#1"}
			}
		},
		{
			"from": [11.65, 8.25, 2.85],
			"to": [12.65, 9.25, 3.85],
			"faces": {
				"north": {"uv": [3.25, 12.75, 3.5, 13], "texture": "#1"},
				"east": {"uv": [3.25, 12.75, 3.5, 13], "texture": "#1"},
				"south": {"uv": [3.25, 12.75, 3.5, 13], "texture": "#1"},
				"west": {"uv": [3.25, 12.75, 3.5, 13], "texture": "#1"},
				"up": {"uv": [3.5, 13, 3.25, 12.75], "texture": "#1"},
				"down": {"uv": [3.5, 12.75, 3.25, 13], "texture": "#1"}
			}
		},
		{
			"from": [11.8, 7.25, 2.85],
			"to": [12.8, 8.25, 3.85],
			"faces": {
				"north": {"uv": [3, 13, 3.25, 13.25], "texture": "#1"},
				"east": {"uv": [3, 13, 3.25, 13.25], "texture": "#1"},
				"south": {"uv": [3, 13, 3.25, 13.25], "texture": "#1"},
				"west": {"uv": [3, 13, 3.25, 13.25], "texture": "#1"},
				"up": {"uv": [3.25, 13.25, 3, 13], "texture": "#1"},
				"down": {"uv": [3.25, 13, 3, 13.25], "texture": "#1"}
			}
		},
		{
			"from": [12.4, 6.25, 2.85],
			"to": [13.4, 7.25, 3.85],
			"faces": {
				"north": {"uv": [3, 13.25, 3.25, 13.5], "texture": "#1"},
				"east": {"uv": [3, 13.25, 3.25, 13.5], "texture": "#1"},
				"south": {"uv": [3, 13.25, 3.25, 13.5], "texture": "#1"},
				"west": {"uv": [3, 13.25, 3.25, 13.5], "texture": "#1"},
				"up": {"uv": [3.25, 13.5, 3, 13.25], "texture": "#1"},
				"down": {"uv": [3.25, 13.25, 3, 13.5], "texture": "#1"}
			}
		},
		{
			"from": [12.15, 5.25, 2.85],
			"to": [13.15, 6.25, 3.85],
			"faces": {
				"north": {"uv": [3, 13.25, 3.25, 13.5], "texture": "#1"},
				"east": {"uv": [3, 13.25, 3.25, 13.5], "texture": "#1"},
				"south": {"uv": [3, 13.25, 3.25, 13.5], "texture": "#1"},
				"west": {"uv": [3, 13.25, 3.25, 13.5], "texture": "#1"},
				"up": {"uv": [3.25, 13.5, 3, 13.25], "texture": "#1"},
				"down": {"uv": [3.25, 13.25, 3, 13.5], "texture": "#1"}
			}
		},
		{
			"from": [11.65, 4.25, 2.85],
			"to": [12.65, 5.25, 3.85],
			"faces": {
				"north": {"uv": [3, 13, 3.25, 13.25], "texture": "#1"},
				"east": {"uv": [3, 13, 3.25, 13.25], "texture": "#1"},
				"south": {"uv": [3, 13, 3.25, 13.25], "texture": "#1"},
				"west": {"uv": [3, 13, 3.25, 13.25], "texture": "#1"},
				"up": {"uv": [3.25, 13.25, 3, 13], "texture": "#1"},
				"down": {"uv": [3.25, 13, 3, 13.25], "texture": "#1"}
			}
		},
		{
			"from": [11.9, 3.25, 3.1],
			"to": [12.9, 4.25, 4.1],
			"faces": {
				"north": {"uv": [3.25, 12.75, 3.5, 13], "texture": "#1"},
				"east": {"uv": [3.25, 12.75, 3.5, 13], "texture": "#1"},
				"south": {"uv": [3.25, 12.75, 3.5, 13], "texture": "#1"},
				"west": {"uv": [3.25, 12.75, 3.5, 13], "texture": "#1"},
				"up": {"uv": [3.5, 13, 3.25, 12.75], "texture": "#1"},
				"down": {"uv": [3.5, 12.75, 3.25, 13], "texture": "#1"}
			}
		},
		{
			"from": [12.15, 2.25, 3.35],
			"to": [13.15, 3.25, 4.35],
			"faces": {
				"north": {"uv": [3, 13, 3.25, 13.25], "texture": "#1"},
				"east": {"uv": [3, 13, 3.25, 13.25], "texture": "#1"},
				"south": {"uv": [3, 13, 3.25, 13.25], "texture": "#1"},
				"west": {"uv": [3, 13, 3.25, 13.25], "texture": "#1"},
				"up": {"uv": [3.25, 13.25, 3, 13], "texture": "#1"},
				"down": {"uv": [3.25, 13, 3, 13.25], "texture": "#1"}
			}
		},
		{
			"from": [12.15, 1.25, 2.85],
			"to": [13.15, 2.25, 3.85],
			"faces": {
				"north": {"uv": [3, 13.25, 3.25, 13.5], "texture": "#1"},
				"east": {"uv": [3, 13.25, 3.25, 13.5], "texture": "#1"},
				"south": {"uv": [3, 13.25, 3.25, 13.5], "texture": "#1"},
				"west": {"uv": [3, 13.25, 3.25, 13.5], "texture": "#1"},
				"up": {"uv": [3.25, 13.5, 3, 13.25], "texture": "#1"},
				"down": {"uv": [3.25, 13.25, 3, 13.5], "texture": "#1"}
			}
		},
		{
			"from": [12.65, 0.25, 3.35],
			"to": [13.65, 1.25, 4.35],
			"faces": {
				"north": {"uv": [3, 13, 3.25, 13.25], "texture": "#1"},
				"east": {"uv": [3, 13, 3.25, 13.25], "texture": "#1"},
				"south": {"uv": [3, 13, 3.25, 13.25], "texture": "#1"},
				"west": {"uv": [3, 13, 3.25, 13.25], "texture": "#1"},
				"up": {"uv": [3.25, 13.25, 3, 13], "texture": "#1"},
				"down": {"uv": [3.25, 13, 3, 13.25], "texture": "#1"}
			}
		},
		{
			"from": [13.15, -0.25, 2.85],
			"to": [14.15, 0.75, 3.85],
			"faces": {
				"north": {"uv": [3, 13.25, 3.25, 13.5], "texture": "#1"},
				"east": {"uv": [3, 13.25, 3.25, 13.5], "texture": "#1"},
				"south": {"uv": [3, 13.25, 3.25, 13.5], "texture": "#1"},
				"west": {"uv": [3, 13.25, 3.25, 13.5], "texture": "#1"},
				"up": {"uv": [3.25, 13.5, 3, 13.25], "texture": "#1"},
				"down": {"uv": [3.25, 13.25, 3, 13.5], "texture": "#1"}
			}
		},
		{
			"from": [12.4, -0.5, 1.85],
			"to": [13.4, 0.5, 2.85],
			"faces": {
				"north": {"uv": [3, 13, 3.25, 13.25], "texture": "#1"},
				"east": {"uv": [3, 13, 3.25, 13.25], "texture": "#1"},
				"south": {"uv": [3, 13, 3.25, 13.25], "texture": "#1"},
				"west": {"uv": [3, 13, 3.25, 13.25], "texture": "#1"},
				"up": {"uv": [3.25, 13.25, 3, 13], "texture": "#1"},
				"down": {"uv": [3.25, 13, 3, 13.25], "texture": "#1"}
			}
		},
		{
			"from": [11.4, 3.25, 3.6],
			"to": [12.4, 4.25, 4.6],
			"faces": {
				"north": {"uv": [3.25, 12.75, 3.5, 13], "texture": "#1"},
				"east": {"uv": [3.25, 12.75, 3.5, 13], "texture": "#1"},
				"south": {"uv": [3.25, 12.75, 3.5, 13], "texture": "#1"},
				"west": {"uv": [3.25, 12.75, 3.5, 13], "texture": "#1"},
				"up": {"uv": [3.5, 13, 3.25, 12.75], "texture": "#1"},
				"down": {"uv": [3.5, 12.75, 3.25, 13], "texture": "#1"}
			}
		},
		{
			"from": [11.65, 6.5, 3.35],
			"to": [12.65, 7.5, 4.35],
			"faces": {
				"north": {"uv": [3, 12.5, 3.25, 12.75], "texture": "#1"},
				"east": {"uv": [3, 12.5, 3.25, 12.75], "texture": "#1"},
				"south": {"uv": [3, 12.5, 3.25, 12.75], "texture": "#1"},
				"west": {"uv": [3, 12.5, 3.25, 12.75], "texture": "#1"},
				"up": {"uv": [3.25, 12.75, 3, 12.5], "texture": "#1"},
				"down": {"uv": [3.25, 12.5, 3, 12.75], "texture": "#1"}
			}
		},
		{
			"from": [11.9, -0.25, 4.1],
			"to": [12.9, 0.75, 5.1],
			"faces": {
				"north": {"uv": [3.25, 12.75, 3.5, 13], "texture": "#1"},
				"east": {"uv": [3.25, 12.75, 3.5, 13], "texture": "#1"},
				"south": {"uv": [3.25, 12.75, 3.5, 13], "texture": "#1"},
				"west": {"uv": [3.25, 12.75, 3.5, 13], "texture": "#1"},
				"up": {"uv": [3.5, 13, 3.25, 12.75], "texture": "#1"},
				"down": {"uv": [3.5, 12.75, 3.25, 13], "texture": "#1"}
			}
		},
		{
			"from": [12.15, 4.25, 3.35],
			"to": [13.15, 5.25, 4.35],
			"faces": {
				"north": {"uv": [3, 13, 3.25, 13.25], "texture": "#1"},
				"east": {"uv": [3, 13, 3.25, 13.25], "texture": "#1"},
				"south": {"uv": [3, 13, 3.25, 13.25], "texture": "#1"},
				"west": {"uv": [3, 13, 3.25, 13.25], "texture": "#1"},
				"up": {"uv": [3.25, 13.25, 3, 13], "texture": "#1"},
				"down": {"uv": [3.25, 13, 3, 13.25], "texture": "#1"}
			}
		},
		{
			"from": [12.15, 7.25, 3.1],
			"to": [13.15, 8.25, 4.1],
			"faces": {
				"north": {"uv": [3, 13, 3.25, 13.25], "texture": "#1"},
				"east": {"uv": [3, 13, 3.25, 13.25], "texture": "#1"},
				"south": {"uv": [3, 13, 3.25, 13.25], "texture": "#1"},
				"west": {"uv": [3, 13, 3.25, 13.25], "texture": "#1"},
				"up": {"uv": [3.25, 13.25, 3, 13], "texture": "#1"},
				"down": {"uv": [3.25, 13, 3, 13.25], "texture": "#1"}
			}
		},
		{
			"from": [-0.25, 12.25, 2.5],
			"to": [0.75, 16.25, 3.5],
			"faces": {
				"north": {"uv": [2, 9.5, 2.25, 10.75], "texture": "#1"},
				"east": {"uv": [2.5, 1.5, 2.75, 2.5], "texture": "#1"},
				"south": {"uv": [2, 9.5, 2.25, 10.75], "texture": "#1"},
				"west": {"uv": [2.5, 1.5, 2.75, 2.5], "texture": "#1"},
				"up": {"uv": [5.75, 11, 5.5, 10.75], "texture": "#1"},
				"down": {"uv": [5.75, 10.75, 5.5, 11], "texture": "#1"}
			}
		},
		{
			"from": [-0.25, 13.25, 3.5],
			"to": [0.75, 16.25, 4.5],
			"faces": {
				"north": {"uv": [2, 9.5, 2.25, 10.5], "texture": "#1"},
				"east": {"uv": [2.75, 1.5, 3, 2.25], "texture": "#1"},
				"south": {"uv": [2, 9.5, 2.25, 10.5], "texture": "#1"},
				"west": {"uv": [2.75, 1.5, 3, 2.25], "texture": "#1"},
				"up": {"uv": [5.75, 10.25, 5.5, 10], "texture": "#1"},
				"down": {"uv": [5.75, 10.75, 5.5, 11], "texture": "#1"}
			}
		},
		{
			"from": [-0.25, 11.5, 4.5],
			"to": [0.75, 16.5, 5.5],
			"faces": {
				"north": {"uv": [5.5, 8, 5.75, 9.5], "texture": "#1"},
				"east": {"uv": [3, 1.5, 3.25, 2.75], "texture": "#1"},
				"south": {"uv": [5.5, 8.25, 5.75, 9.75], "texture": "#1"},
				"west": {"uv": [3, 1.5, 3.25, 2.75], "texture": "#1"},
				"up": {"uv": [5.75, 10.75, 5.5, 10.5], "texture": "#1"},
				"down": {"uv": [5.75, 10.75, 5.5, 11], "texture": "#1"}
			}
		},
		{
			"from": [-0.25, 12.5, 5.5],
			"to": [0.75, 16.5, 6.5],
			"faces": {
				"north": {"uv": [5.5, 8.25, 5.75, 9.5], "texture": "#1"},
				"east": {"uv": [3.25, 1.5, 3.5, 2.5], "texture": "#1"},
				"south": {"uv": [5.5, 8.25, 5.75, 9.5], "texture": "#1"},
				"west": {"uv": [3.25, 1.5, 3.5, 2.5], "texture": "#1"},
				"up": {"uv": [5.75, 10.5, 5.5, 10.25], "texture": "#1"},
				"down": {"uv": [5.75, 10.75, 5.5, 11], "texture": "#1"}
			}
		},
		{
			"from": [-0.25, 14.25, 6.5],
			"to": [0.75, 16.25, 7.5],
			"faces": {
				"north": {"uv": [5.5, 8.25, 5.75, 8.75], "texture": "#1"},
				"east": {"uv": [3.5, 1.5, 3.75, 2], "texture": "#1"},
				"south": {"uv": [5.5, 9, 5.75, 9.5], "texture": "#1"},
				"west": {"uv": [3.5, 1.5, 3.75, 2], "texture": "#1"},
				"up": {"uv": [5.75, 10.25, 5.5, 10], "texture": "#1"},
				"down": {"uv": [5.75, 10.75, 5.5, 11], "texture": "#1"}
			}
		},
		{
			"from": [0.5, 14.5, 13.75],
			"to": [1.5, 16.5, 14.75],
			"faces": {
				"north": {"uv": [5.5, 8.25, 5.75, 8.75], "texture": "#1"},
				"east": {"uv": [3.5, 1.5, 3.75, 2], "texture": "#1"},
				"south": {"uv": [5.5, 9, 5.75, 9.5], "texture": "#1"},
				"west": {"uv": [3.5, 1.5, 3.75, 2], "texture": "#1"},
				"up": {"uv": [5.75, 10.25, 5.5, 10], "texture": "#1"},
				"down": {"uv": [5.75, 10.75, 5.5, 11], "texture": "#1"}
			}
		},
		{
			"from": [1.5, 14.5, 13.75],
			"to": [2.5, 16.5, 14.75],
			"faces": {
				"north": {"uv": [5.5, 8.25, 5.75, 8.75], "texture": "#1"},
				"east": {"uv": [3.5, 1.5, 3.75, 2], "texture": "#1"},
				"south": {"uv": [5.5, 9, 5.75, 9.5], "texture": "#1"},
				"west": {"uv": [3.5, 1.5, 3.75, 2], "texture": "#1"},
				"up": {"uv": [5.75, 10.25, 5.5, 10], "texture": "#1"},
				"down": {"uv": [5.75, 10.75, 5.5, 11], "texture": "#1"}
			}
		},
		{
			"from": [-0.25, 11.25, 7.5],
			"to": [0.75, 16.25, 8.5],
			"faces": {
				"north": {"uv": [5.5, 8, 5.75, 9.25], "texture": "#1"},
				"east": {"uv": [3.75, 1.5, 4, 2.75], "texture": "#1"},
				"south": {"uv": [5.5, 8.75, 5.75, 10], "texture": "#1"},
				"west": {"uv": [3.75, 1.5, 4, 2.75], "texture": "#1"},
				"up": {"uv": [5.75, 11, 5.5, 10.75], "texture": "#1"},
				"down": {"uv": [5.75, 10.75, 5.5, 11], "texture": "#1"}
			}
		},
		{
			"from": [-0.25, 12.25, 8.5],
			"to": [0.75, 16.25, 9.5],
			"faces": {
				"north": {"uv": [5.5, 8, 5.75, 9], "texture": "#1"},
				"east": {"uv": [4, 1.5, 4.25, 2.5], "texture": "#1"},
				"south": {"uv": [5.5, 9, 5.75, 10], "texture": "#1"},
				"west": {"uv": [4, 1.5, 4.25, 2.5], "texture": "#1"},
				"up": {"uv": [5.75, 10.5, 5.5, 10.25], "texture": "#1"},
				"down": {"uv": [5.75, 10.75, 5.5, 11], "texture": "#1"}
			}
		},
		{
			"from": [2.75, 12.25, 15.25],
			"to": [3.75, 16.25, 16.25],
			"faces": {
				"north": {"uv": [5.5, 8, 5.75, 9], "texture": "#1"},
				"east": {"uv": [4, 1.5, 4.25, 2.5], "texture": "#1"},
				"south": {"uv": [5.5, 9, 5.75, 10], "texture": "#1"},
				"west": {"uv": [4, 1.5, 4.25, 2.5], "texture": "#1"},
				"up": {"uv": [5.75, 10.5, 5.5, 10.25], "texture": "#1"},
				"down": {"uv": [5.75, 10.75, 5.5, 11], "texture": "#1"}
			}
		},
		{
			"from": [-0.25, 13.5, 9.5],
			"to": [0.75, 16.5, 10.5],
			"faces": {
				"north": {"uv": [2, 9.5, 2.25, 10.5], "texture": "#1"},
				"east": {"uv": [2.75, 1.5, 3, 2.25], "texture": "#1"},
				"south": {"uv": [2, 9.5, 2.25, 10.5], "texture": "#1"},
				"west": {"uv": [2.75, 1.5, 3, 2.25], "texture": "#1"},
				"up": {"uv": [5.75, 10.25, 5.5, 10], "texture": "#1"},
				"down": {"uv": [5.75, 10.75, 5.5, 11], "texture": "#1"}
			}
		},
		{
			"from": [1.25, 13.25, 14.5],
			"to": [2.25, 16.25, 15.5],
			"faces": {
				"north": {"uv": [2, 9.5, 2.25, 10.5], "texture": "#1"},
				"east": {"uv": [2.75, 1.5, 3, 2.25], "texture": "#1"},
				"south": {"uv": [2, 9.5, 2.25, 10.5], "texture": "#1"},
				"west": {"uv": [2.75, 1.5, 3, 2.25], "texture": "#1"},
				"up": {"uv": [5.75, 10.25, 5.5, 10], "texture": "#1"},
				"down": {"uv": [5.75, 10.75, 5.5, 11], "texture": "#1"}
			}
		},
		{
			"from": [-0.25, 14.25, 10.5],
			"to": [0.75, 16.25, 11.5],
			"faces": {
				"north": {"uv": [5.5, 8.25, 5.75, 8.75], "texture": "#1"},
				"east": {"uv": [3.5, 1.5, 3.75, 2], "texture": "#1"},
				"south": {"uv": [5.5, 9, 5.75, 9.5], "texture": "#1"},
				"west": {"uv": [3.5, 1.5, 3.75, 2], "texture": "#1"},
				"up": {"uv": [5.75, 10.25, 5.5, 10], "texture": "#1"},
				"down": {"uv": [5.75, 10.75, 5.5, 11], "texture": "#1"}
			}
		},
		{
			"from": [-0.25, 11.25, 11.5],
			"to": [0.75, 16.25, 12.5],
			"faces": {
				"north": {"uv": [5.5, 8, 5.75, 9.5], "texture": "#1"},
				"east": {"uv": [3, 1.5, 3.25, 2.75], "texture": "#1"},
				"south": {"uv": [5.5, 8.25, 5.75, 9.75], "texture": "#1"},
				"west": {"uv": [3, 1.5, 3.25, 2.75], "texture": "#1"},
				"up": {"uv": [5.75, 10.75, 5.5, 10.5], "texture": "#1"},
				"down": {"uv": [5.75, 10.75, 5.5, 11], "texture": "#1"}
			}
		},
		{
			"from": [1.75, 11.25, 15.25],
			"to": [2.75, 16.25, 16.25],
			"faces": {
				"north": {"uv": [2, 9.5, 2.25, 11], "texture": "#1"},
				"east": {"uv": [3, 1.5, 3.25, 2.75], "texture": "#1"},
				"south": {"uv": [2, 9.5, 2.25, 11], "texture": "#1"},
				"west": {"uv": [3, 1.5, 3.25, 2.75], "texture": "#1"},
				"up": {"uv": [5.75, 10.75, 5.5, 10.5], "texture": "#1"},
				"down": {"uv": [5.75, 10.75, 5.5, 11], "texture": "#1"}
			}
		},
		{
			"from": [-0.25, 13.25, 12.5],
			"to": [0.75, 16.25, 13.5],
			"faces": {
				"north": {"uv": [2, 9.5, 2.25, 10.5], "texture": "#1"},
				"east": {"uv": [2.75, 1.5, 3, 2.25], "texture": "#1"},
				"south": {"uv": [2, 9.5, 2.25, 10.5], "texture": "#1"},
				"west": {"uv": [2.75, 1.5, 3, 2.25], "texture": "#1"},
				"up": {"uv": [5.75, 10.25, 5.5, 10], "texture": "#1"},
				"down": {"uv": [5.75, 10.75, 5.5, 11], "texture": "#1"}
			}
		},
		{
			"from": [-0.25, 12.25, 13.5],
			"to": [0.75, 16.25, 14.5],
			"faces": {
				"north": {"uv": [2, 9.5, 2.25, 10.75], "texture": "#1"},
				"east": {"uv": [2.5, 1.5, 2.75, 2.5], "texture": "#1"},
				"south": {"uv": [2, 9.5, 2.25, 10.75], "texture": "#1"},
				"west": {"uv": [2.5, 1.5, 2.75, 2.5], "texture": "#1"},
				"up": {"uv": [5.75, 11, 5.5, 10.75], "texture": "#1"},
				"down": {"uv": [5.75, 10.75, 5.5, 11], "texture": "#1"}
			}
		},
		{
			"from": [12, 5, 3],
			"to": [13, 11, 4],
			"faces": {
				"north": {"uv": [4, 9.25, 4.25, 10.75], "texture": "#1"},
				"east": {"uv": [4.25, 9.25, 4.5, 10.75], "texture": "#1"},
				"south": {"uv": [4.5, 9.25, 4.75, 10.75], "texture": "#1"},
				"west": {"uv": [4.75, 9.25, 5, 10.75], "texture": "#1"},
				"up": {"uv": [11.75, 7.5, 11.5, 7.25], "texture": "#1"},
				"down": {"uv": [7.75, 11.5, 7.5, 11.75], "texture": "#1"}
			}
		},
		{
			"from": [4, 10, 2.5],
			"to": [5, 11, 3.5],
			"faces": {
				"north": {"uv": [11.5, 7.5, 11.75, 7.75], "texture": "#1"},
				"east": {"uv": [7.75, 11.5, 8, 11.75], "texture": "#1"},
				"south": {"uv": [11.5, 7.75, 11.75, 8], "texture": "#1"},
				"west": {"uv": [8, 11.5, 8.25, 11.75], "texture": "#1"},
				"up": {"uv": [11.75, 8.25, 11.5, 8], "texture": "#1"},
				"down": {"uv": [8.5, 11.5, 8.25, 11.75], "texture": "#1"}
			}
		},
		{
			"from": [11, 10, 2.5],
			"to": [12, 11, 3.5],
			"faces": {
				"north": {"uv": [11.5, 8.25, 11.75, 8.5], "texture": "#1"},
				"east": {"uv": [8.5, 11.5, 8.75, 11.75], "texture": "#1"},
				"south": {"uv": [11.5, 8.5, 11.75, 8.75], "texture": "#1"},
				"west": {"uv": [8.75, 11.5, 9, 11.75], "texture": "#1"},
				"up": {"uv": [11.75, 9, 11.5, 8.75], "texture": "#1"},
				"down": {"uv": [9.25, 11.5, 9, 11.75], "texture": "#1"}
			}
		},
		{
			"from": [10, 9.5, 2.5],
			"to": [11, 10.5, 3.5],
			"faces": {
				"north": {"uv": [11.5, 9, 11.75, 9.25], "texture": "#1"},
				"east": {"uv": [9.25, 11.5, 9.5, 11.75], "texture": "#1"},
				"south": {"uv": [11.5, 9.25, 11.75, 9.5], "texture": "#1"},
				"west": {"uv": [9.5, 11.5, 9.75, 11.75], "texture": "#1"},
				"up": {"uv": [10, 11.75, 9.75, 11.5], "texture": "#1"},
				"down": {"uv": [10.25, 11.5, 10, 11.75], "texture": "#1"}
			}
		},
		{
			"from": [5, 9.5, 2.5],
			"to": [6, 10.5, 3.5],
			"faces": {
				"north": {"uv": [11.5, 10, 11.75, 10.25], "texture": "#1"},
				"east": {"uv": [11.5, 10.25, 11.75, 10.5], "texture": "#1"},
				"south": {"uv": [10.5, 11.5, 10.75, 11.75], "texture": "#1"},
				"west": {"uv": [10.75, 11.5, 11, 11.75], "texture": "#1"},
				"up": {"uv": [11.25, 11.75, 11, 11.5], "texture": "#1"},
				"down": {"uv": [11.5, 11.5, 11.25, 11.75], "texture": "#1"}
			}
		},
		{
			"from": [6, 9, 2.25],
			"to": [7, 10, 3.25],
			"faces": {
				"north": {"uv": [11.5, 11.25, 11.75, 11.5], "texture": "#1"},
				"east": {"uv": [11.5, 11.5, 11.75, 11.75], "texture": "#1"},
				"south": {"uv": [0, 11.75, 0.25, 12], "texture": "#1"},
				"west": {"uv": [11.75, 0, 12, 0.25], "texture": "#1"},
				"up": {"uv": [0.5, 12, 0.25, 11.75], "texture": "#1"},
				"down": {"uv": [12, 0.25, 11.75, 0.5], "texture": "#1"}
			}
		},
		{
			"from": [9, 9, 2.25],
			"to": [10, 10, 3.25],
			"faces": {
				"north": {"uv": [11.75, 0.5, 12, 0.75], "texture": "#1"},
				"east": {"uv": [11.75, 0.75, 12, 1], "texture": "#1"},
				"south": {"uv": [1, 11.75, 1.25, 12], "texture": "#1"},
				"west": {"uv": [1.25, 11.75, 1.5, 12], "texture": "#1"},
				"up": {"uv": [1.75, 12, 1.5, 11.75], "texture": "#1"},
				"down": {"uv": [2, 11.75, 1.75, 12], "texture": "#1"}
			}
		},
		{
			"from": [7, 8.75, 2],
			"to": [9, 9.75, 3],
			"faces": {
				"north": {"uv": [5, 11.25, 5.5, 11.5], "texture": "#1"},
				"east": {"uv": [2, 11.75, 2.25, 12], "texture": "#1"},
				"south": {"uv": [5.5, 11.25, 6, 11.5], "texture": "#1"},
				"west": {"uv": [2.25, 11.75, 2.5, 12], "texture": "#1"},
				"up": {"uv": [6.5, 11.5, 6, 11.25], "texture": "#1"},
				"down": {"uv": [7, 11.25, 6.5, 11.5], "texture": "#1"}
			}
		},
		{
			"from": [8.5, 10, 2.5],
			"to": [9.5, 11, 3.5],
			"faces": {
				"north": {"uv": [11.75, 2.25, 12, 2.5], "texture": "#1"},
				"east": {"uv": [2.5, 11.75, 2.75, 12], "texture": "#1"},
				"south": {"uv": [11.75, 2.5, 12, 2.75], "texture": "#1"},
				"west": {"uv": [2.75, 11.75, 3, 12], "texture": "#1"},
				"up": {"uv": [12, 3, 11.75, 2.75], "texture": "#1"},
				"down": {"uv": [3.25, 11.75, 3, 12], "texture": "#1"}
			}
		},
		{
			"from": [6.5, 10, 2.5],
			"to": [7.5, 11, 3.5],
			"faces": {
				"north": {"uv": [11.75, 3, 12, 3.25], "texture": "#1"},
				"east": {"uv": [3.25, 11.75, 3.5, 12], "texture": "#1"},
				"south": {"uv": [11.75, 3.25, 12, 3.5], "texture": "#1"},
				"west": {"uv": [3.5, 11.75, 3.75, 12], "texture": "#1"},
				"up": {"uv": [12, 3.75, 11.75, 3.5], "texture": "#1"},
				"down": {"uv": [4, 11.75, 3.75, 12], "texture": "#1"}
			}
		},
		{
			"from": [8.75, 10.5, 1.75],
			"to": [9.75, 11.5, 2.75],
			"faces": {
				"north": {"uv": [11.75, 3.75, 12, 4], "texture": "#1"},
				"east": {"uv": [4, 11.75, 4.25, 12], "texture": "#1"},
				"south": {"uv": [11.75, 4, 12, 4.25], "texture": "#1"},
				"west": {"uv": [4.25, 11.75, 4.5, 12], "texture": "#1"},
				"up": {"uv": [12, 4.5, 11.75, 4.25], "texture": "#1"},
				"down": {"uv": [4.75, 11.75, 4.5, 12], "texture": "#1"}
			}
		},
		{
			"from": [6.25, 10.5, 1.75],
			"to": [7.25, 11.5, 2.75],
			"faces": {
				"north": {"uv": [11.75, 4.5, 12, 4.75], "texture": "#1"},
				"east": {"uv": [4.75, 11.75, 5, 12], "texture": "#1"},
				"south": {"uv": [11.75, 4.75, 12, 5], "texture": "#1"},
				"west": {"uv": [5, 11.75, 5.25, 12], "texture": "#1"},
				"up": {"uv": [12, 5.25, 11.75, 5], "texture": "#1"},
				"down": {"uv": [5.5, 11.75, 5.25, 12], "texture": "#1"}
			}
		},
		{
			"from": [4, 10, 12.5],
			"to": [5, 11, 13.5],
			"rotation": {"angle": 0, "axis": "y", "origin": [16, 0, 16]},
			"faces": {
				"north": {"uv": [11.5, 8.5, 11.75, 8.75], "texture": "#1"},
				"east": {"uv": [8.75, 11.5, 9, 11.75], "texture": "#1"},
				"south": {"uv": [11.5, 8.25, 11.75, 8.5], "texture": "#1"},
				"west": {"uv": [8.5, 11.5, 8.75, 11.75], "texture": "#1"},
				"up": {"uv": [11.5, 8.75, 11.75, 9], "texture": "#1"},
				"down": {"uv": [9, 11.75, 9.25, 11.5], "texture": "#1"}
			}
		},
		{
			"from": [5, 9.5, 12.5],
			"to": [6, 10.5, 13.5],
			"rotation": {"angle": 0, "axis": "y", "origin": [16, 0, 16]},
			"faces": {
				"north": {"uv": [11.5, 9.25, 11.75, 9.5], "texture": "#1"},
				"east": {"uv": [9.5, 11.5, 9.75, 11.75], "texture": "#1"},
				"south": {"uv": [11.5, 9, 11.75, 9.25], "texture": "#1"},
				"west": {"uv": [9.25, 11.5, 9.5, 11.75], "texture": "#1"},
				"up": {"uv": [9.75, 11.5, 10, 11.75], "texture": "#1"},
				"down": {"uv": [10, 11.75, 10.25, 11.5], "texture": "#1"}
			}
		},
		{
			"from": [10, 9.5, 12.5],
			"to": [11, 10.5, 13.5],
			"rotation": {"angle": 0, "axis": "y", "origin": [16, 0, 16]},
			"faces": {
				"north": {"uv": [10.5, 11.5, 10.75, 11.75], "texture": "#1"},
				"east": {"uv": [10.75, 11.5, 11, 11.75], "texture": "#1"},
				"south": {"uv": [11.5, 10, 11.75, 10.25], "texture": "#1"},
				"west": {"uv": [11.5, 10.25, 11.75, 10.5], "texture": "#1"},
				"up": {"uv": [11, 11.5, 11.25, 11.75], "texture": "#1"},
				"down": {"uv": [11.25, 11.75, 11.5, 11.5], "texture": "#1"}
			}
		},
		{
			"from": [9, 9, 12.75],
			"to": [10, 10, 13.75],
			"rotation": {"angle": 0, "axis": "y", "origin": [16, 0, 16]},
			"faces": {
				"north": {"uv": [0, 11.75, 0.25, 12], "texture": "#1"},
				"east": {"uv": [11.75, 0, 12, 0.25], "texture": "#1"},
				"south": {"uv": [11.5, 11.25, 11.75, 11.5], "texture": "#1"},
				"west": {"uv": [11.5, 11.5, 11.75, 11.75], "texture": "#1"},
				"up": {"uv": [0.25, 11.75, 0.5, 12], "texture": "#1"},
				"down": {"uv": [11.75, 0.5, 12, 0.25], "texture": "#1"}
			}
		},
		{
			"from": [6, 9, 12.75],
			"to": [7, 10, 13.75],
			"rotation": {"angle": 0, "axis": "y", "origin": [16, 0, 16]},
			"faces": {
				"north": {"uv": [1, 11.75, 1.25, 12], "texture": "#1"},
				"east": {"uv": [1.25, 11.75, 1.5, 12], "texture": "#1"},
				"south": {"uv": [11.75, 0.5, 12, 0.75], "texture": "#1"},
				"west": {"uv": [11.75, 0.75, 12, 1], "texture": "#1"},
				"up": {"uv": [1.5, 11.75, 1.75, 12], "texture": "#1"},
				"down": {"uv": [1.75, 12, 2, 11.75], "texture": "#1"}
			}
		},
		{
			"from": [7, 8.75, 13],
			"to": [9, 9.75, 14],
			"rotation": {"angle": 0, "axis": "y", "origin": [16, 0, 16]},
			"faces": {
				"north": {"uv": [5.5, 11.25, 6, 11.5], "texture": "#1"},
				"east": {"uv": [2.25, 11.75, 2.5, 12], "texture": "#1"},
				"south": {"uv": [5, 11.25, 5.5, 11.5], "texture": "#1"},
				"west": {"uv": [2, 11.75, 2.25, 12], "texture": "#1"},
				"up": {"uv": [6, 11.25, 6.5, 11.5], "texture": "#1"},
				"down": {"uv": [6.5, 11.5, 7, 11.25], "texture": "#1"}
			}
		},
		{
			"from": [6.5, 10, 12.5],
			"to": [7.5, 11, 13.5],
			"rotation": {"angle": 0, "axis": "y", "origin": [16, 0, 16]},
			"faces": {
				"north": {"uv": [11.75, 2.5, 12, 2.75], "texture": "#1"},
				"east": {"uv": [2.75, 11.75, 3, 12], "texture": "#1"},
				"south": {"uv": [11.75, 2.25, 12, 2.5], "texture": "#1"},
				"west": {"uv": [2.5, 11.75, 2.75, 12], "texture": "#1"},
				"up": {"uv": [11.75, 2.75, 12, 3], "texture": "#1"},
				"down": {"uv": [3, 12, 3.25, 11.75], "texture": "#1"}
			}
		},
		{
			"from": [8.5, 10, 12.5],
			"to": [9.5, 11, 13.5],
			"rotation": {"angle": 0, "axis": "y", "origin": [16, 0, 16]},
			"faces": {
				"north": {"uv": [11.75, 3.25, 12, 3.5], "texture": "#1"},
				"east": {"uv": [3.5, 11.75, 3.75, 12], "texture": "#1"},
				"south": {"uv": [11.75, 3, 12, 3.25], "texture": "#1"},
				"west": {"uv": [3.25, 11.75, 3.5, 12], "texture": "#1"},
				"up": {"uv": [11.75, 3.5, 12, 3.75], "texture": "#1"},
				"down": {"uv": [3.75, 12, 4, 11.75], "texture": "#1"}
			}
		},
		{
			"from": [6.25, 10.5, 13.25],
			"to": [7.25, 11.5, 14.25],
			"rotation": {"angle": 0, "axis": "y", "origin": [16, 0, 16]},
			"faces": {
				"north": {"uv": [11.75, 4, 12, 4.25], "texture": "#1"},
				"east": {"uv": [4.25, 11.75, 4.5, 12], "texture": "#1"},
				"south": {"uv": [11.75, 3.75, 12, 4], "texture": "#1"},
				"west": {"uv": [4, 11.75, 4.25, 12], "texture": "#1"},
				"up": {"uv": [11.75, 4.25, 12, 4.5], "texture": "#1"},
				"down": {"uv": [4.5, 12, 4.75, 11.75], "texture": "#1"}
			}
		},
		{
			"from": [8.75, 10.5, 13.25],
			"to": [9.75, 11.5, 14.25],
			"rotation": {"angle": 0, "axis": "y", "origin": [16, 0, 16]},
			"faces": {
				"north": {"uv": [11.75, 4.75, 12, 5], "texture": "#1"},
				"east": {"uv": [5, 11.75, 5.25, 12], "texture": "#1"},
				"south": {"uv": [11.75, 4.5, 12, 4.75], "texture": "#1"},
				"west": {"uv": [4.75, 11.75, 5, 12], "texture": "#1"},
				"up": {"uv": [11.75, 5, 12, 5.25], "texture": "#1"},
				"down": {"uv": [5.25, 12, 5.5, 11.75], "texture": "#1"}
			}
		},
		{
			"from": [11, 10, 12.5],
			"to": [12, 11, 13.5],
			"rotation": {"angle": 0, "axis": "y", "origin": [16, 0, 16]},
			"faces": {
				"north": {"uv": [11.5, 7.75, 11.75, 8], "texture": "#1"},
				"east": {"uv": [8, 11.5, 8.25, 11.75], "texture": "#1"},
				"south": {"uv": [11.5, 7.5, 11.75, 7.75], "texture": "#1"},
				"west": {"uv": [7.75, 11.5, 8, 11.75], "texture": "#1"},
				"up": {"uv": [11.5, 8, 11.75, 8.25], "texture": "#1"},
				"down": {"uv": [8.25, 11.75, 8.5, 11.5], "texture": "#1"}
			}
		},
		{
			"from": [2.5, 10, 11],
			"to": [3.5, 11, 12],
			"rotation": {"angle": 0, "axis": "y", "origin": [16, 0, 16]},
			"faces": {
				"north": {"uv": [7.75, 11.5, 8, 11.75], "texture": "#1"},
				"east": {"uv": [11.5, 7.75, 11.75, 8], "texture": "#1"},
				"south": {"uv": [8, 11.5, 8.25, 11.75], "texture": "#1"},
				"west": {"uv": [11.5, 7.5, 11.75, 7.75], "texture": "#1"},
				"up": {"uv": [11.5, 8, 11.75, 8.25], "rotation": 90, "texture": "#1"},
				"down": {"uv": [8.25, 11.75, 8.5, 11.5], "rotation": 270, "texture": "#1"}
			}
		},
		{
			"from": [1.75, 10.5, 8.75],
			"to": [2.75, 11.5, 9.75],
			"rotation": {"angle": 0, "axis": "y", "origin": [16, 0, 16]},
			"faces": {
				"north": {"uv": [4.75, 11.75, 5, 12], "texture": "#1"},
				"east": {"uv": [11.75, 4.75, 12, 5], "texture": "#1"},
				"south": {"uv": [5, 11.75, 5.25, 12], "texture": "#1"},
				"west": {"uv": [11.75, 4.5, 12, 4.75], "texture": "#1"},
				"up": {"uv": [11.75, 5, 12, 5.25], "rotation": 90, "texture": "#1"},
				"down": {"uv": [5.25, 12, 5.5, 11.75], "rotation": 270, "texture": "#1"}
			}
		},
		{
			"from": [1.75, 10.5, 6.25],
			"to": [2.75, 11.5, 7.25],
			"rotation": {"angle": 0, "axis": "y", "origin": [16, 0, 16]},
			"faces": {
				"north": {"uv": [4, 11.75, 4.25, 12], "texture": "#1"},
				"east": {"uv": [11.75, 4, 12, 4.25], "texture": "#1"},
				"south": {"uv": [4.25, 11.75, 4.5, 12], "texture": "#1"},
				"west": {"uv": [11.75, 3.75, 12, 4], "texture": "#1"},
				"up": {"uv": [11.75, 4.25, 12, 4.5], "rotation": 90, "texture": "#1"},
				"down": {"uv": [4.5, 12, 4.75, 11.75], "rotation": 270, "texture": "#1"}
			}
		},
		{
			"from": [2.5, 10, 8.5],
			"to": [3.5, 11, 9.5],
			"rotation": {"angle": 0, "axis": "y", "origin": [16, 0, 16]},
			"faces": {
				"north": {"uv": [3.25, 11.75, 3.5, 12], "texture": "#1"},
				"east": {"uv": [11.75, 3.25, 12, 3.5], "texture": "#1"},
				"south": {"uv": [3.5, 11.75, 3.75, 12], "texture": "#1"},
				"west": {"uv": [11.75, 3, 12, 3.25], "texture": "#1"},
				"up": {"uv": [11.75, 3.5, 12, 3.75], "rotation": 90, "texture": "#1"},
				"down": {"uv": [3.75, 12, 4, 11.75], "rotation": 270, "texture": "#1"}
			}
		},
		{
			"from": [2.5, 10, 6.5],
			"to": [3.5, 11, 7.5],
			"rotation": {"angle": 0, "axis": "y", "origin": [16, 0, 16]},
			"faces": {
				"north": {"uv": [2.5, 11.75, 2.75, 12], "texture": "#1"},
				"east": {"uv": [11.75, 2.5, 12, 2.75], "texture": "#1"},
				"south": {"uv": [2.75, 11.75, 3, 12], "texture": "#1"},
				"west": {"uv": [11.75, 2.25, 12, 2.5], "texture": "#1"},
				"up": {"uv": [11.75, 2.75, 12, 3], "rotation": 90, "texture": "#1"},
				"down": {"uv": [3, 12, 3.25, 11.75], "rotation": 270, "texture": "#1"}
			}
		},
		{
			"from": [2, 8.75, 7],
			"to": [3, 9.75, 9],
			"rotation": {"angle": 0, "axis": "y", "origin": [16, 0, 16]},
			"faces": {
				"north": {"uv": [2, 11.75, 2.25, 12], "texture": "#1"},
				"east": {"uv": [5.5, 11.25, 6, 11.5], "texture": "#1"},
				"south": {"uv": [2.25, 11.75, 2.5, 12], "texture": "#1"},
				"west": {"uv": [5, 11.25, 5.5, 11.5], "texture": "#1"},
				"up": {"uv": [6, 11.25, 6.5, 11.5], "rotation": 90, "texture": "#1"},
				"down": {"uv": [6.5, 11.5, 7, 11.25], "rotation": 270, "texture": "#1"}
			}
		},
		{
			"from": [2.25, 9, 6],
			"to": [3.25, 10, 7],
			"rotation": {"angle": 0, "axis": "y", "origin": [16, 0, 16]},
			"faces": {
				"north": {"uv": [11.75, 0.75, 12, 1], "texture": "#1"},
				"east": {"uv": [1, 11.75, 1.25, 12], "texture": "#1"},
				"south": {"uv": [1.25, 11.75, 1.5, 12], "texture": "#1"},
				"west": {"uv": [11.75, 0.5, 12, 0.75], "texture": "#1"},
				"up": {"uv": [1.5, 11.75, 1.75, 12], "rotation": 90, "texture": "#1"},
				"down": {"uv": [1.75, 12, 2, 11.75], "rotation": 270, "texture": "#1"}
			}
		},
		{
			"from": [2.25, 9, 9],
			"to": [3.25, 10, 10],
			"rotation": {"angle": 0, "axis": "y", "origin": [16, 0, 16]},
			"faces": {
				"north": {"uv": [11.5, 11.5, 11.75, 11.75], "texture": "#1"},
				"east": {"uv": [0, 11.75, 0.25, 12], "texture": "#1"},
				"south": {"uv": [11.75, 0, 12, 0.25], "texture": "#1"},
				"west": {"uv": [11.5, 11.25, 11.75, 11.5], "texture": "#1"},
				"up": {"uv": [0.25, 11.75, 0.5, 12], "rotation": 90, "texture": "#1"},
				"down": {"uv": [11.75, 0.5, 12, 0.25], "rotation": 270, "texture": "#1"}
			}
		},
		{
			"from": [2.5, 9.5, 10],
			"to": [3.5, 10.5, 11],
			"rotation": {"angle": 0, "axis": "y", "origin": [16, 0, 16]},
			"faces": {
				"north": {"uv": [11.5, 10.25, 11.75, 10.5], "texture": "#1"},
				"east": {"uv": [10.5, 11.5, 10.75, 11.75], "texture": "#1"},
				"south": {"uv": [10.75, 11.5, 11, 11.75], "texture": "#1"},
				"west": {"uv": [11.5, 10, 11.75, 10.25], "texture": "#1"},
				"up": {"uv": [11, 11.5, 11.25, 11.75], "rotation": 90, "texture": "#1"},
				"down": {"uv": [11.25, 11.75, 11.5, 11.5], "rotation": 270, "texture": "#1"}
			}
		},
		{
			"from": [2.5, 9.5, 5],
			"to": [3.5, 10.5, 6],
			"rotation": {"angle": 0, "axis": "y", "origin": [16, 0, 16]},
			"faces": {
				"north": {"uv": [9.25, 11.5, 9.5, 11.75], "texture": "#1"},
				"east": {"uv": [11.5, 9.25, 11.75, 9.5], "texture": "#1"},
				"south": {"uv": [9.5, 11.5, 9.75, 11.75], "texture": "#1"},
				"west": {"uv": [11.5, 9, 11.75, 9.25], "texture": "#1"},
				"up": {"uv": [9.75, 11.5, 10, 11.75], "rotation": 90, "texture": "#1"},
				"down": {"uv": [10, 11.75, 10.25, 11.5], "rotation": 270, "texture": "#1"}
			}
		},
		{
			"from": [2.5, 10, 4],
			"to": [3.5, 11, 5],
			"rotation": {"angle": 0, "axis": "y", "origin": [16, 0, 16]},
			"faces": {
				"north": {"uv": [8.5, 11.5, 8.75, 11.75], "texture": "#1"},
				"east": {"uv": [11.5, 8.5, 11.75, 8.75], "texture": "#1"},
				"south": {"uv": [8.75, 11.5, 9, 11.75], "texture": "#1"},
				"west": {"uv": [11.5, 8.25, 11.75, 8.5], "texture": "#1"},
				"up": {"uv": [11.5, 8.75, 11.75, 9], "rotation": 90, "texture": "#1"},
				"down": {"uv": [9, 11.75, 9.25, 11.5], "rotation": 270, "texture": "#1"}
			}
		},
		{
			"from": [12.5, 10, 4],
			"to": [13.5, 11, 5],
			"rotation": {"angle": 0, "axis": "y", "origin": [16, 0, 16]},
			"faces": {
				"north": {"uv": [8, 11.5, 8.25, 11.75], "texture": "#1"},
				"east": {"uv": [11.5, 7.5, 11.75, 7.75], "texture": "#1"},
				"south": {"uv": [7.75, 11.5, 8, 11.75], "texture": "#1"},
				"west": {"uv": [11.5, 7.75, 11.75, 8], "texture": "#1"},
				"up": {"uv": [11.5, 8, 11.75, 8.25], "rotation": 270, "texture": "#1"},
				"down": {"uv": [8.25, 11.75, 8.5, 11.5], "rotation": 90, "texture": "#1"}
			}
		},
		{
			"from": [13.25, 10.5, 6.25],
			"to": [14.25, 11.5, 7.25],
			"rotation": {"angle": 0, "axis": "y", "origin": [16, 0, 16]},
			"faces": {
				"north": {"uv": [5, 11.75, 5.25, 12], "texture": "#1"},
				"east": {"uv": [11.75, 4.5, 12, 4.75], "texture": "#1"},
				"south": {"uv": [4.75, 11.75, 5, 12], "texture": "#1"},
				"west": {"uv": [11.75, 4.75, 12, 5], "texture": "#1"},
				"up": {"uv": [11.75, 5, 12, 5.25], "rotation": 270, "texture": "#1"},
				"down": {"uv": [5.25, 12, 5.5, 11.75], "rotation": 90, "texture": "#1"}
			}
		},
		{
			"from": [13.25, 10.5, 8.75],
			"to": [14.25, 11.5, 9.75],
			"rotation": {"angle": 0, "axis": "y", "origin": [16, 0, 16]},
			"faces": {
				"north": {"uv": [4.25, 11.75, 4.5, 12], "texture": "#1"},
				"east": {"uv": [11.75, 3.75, 12, 4], "texture": "#1"},
				"south": {"uv": [4, 11.75, 4.25, 12], "texture": "#1"},
				"west": {"uv": [11.75, 4, 12, 4.25], "texture": "#1"},
				"up": {"uv": [11.75, 4.25, 12, 4.5], "rotation": 270, "texture": "#1"},
				"down": {"uv": [4.5, 12, 4.75, 11.75], "rotation": 90, "texture": "#1"}
			}
		},
		{
			"from": [12.5, 10, 6.5],
			"to": [13.5, 11, 7.5],
			"rotation": {"angle": 0, "axis": "y", "origin": [16, 0, 16]},
			"faces": {
				"north": {"uv": [3.5, 11.75, 3.75, 12], "texture": "#1"},
				"east": {"uv": [11.75, 3, 12, 3.25], "texture": "#1"},
				"south": {"uv": [3.25, 11.75, 3.5, 12], "texture": "#1"},
				"west": {"uv": [11.75, 3.25, 12, 3.5], "texture": "#1"},
				"up": {"uv": [11.75, 3.5, 12, 3.75], "rotation": 270, "texture": "#1"},
				"down": {"uv": [3.75, 12, 4, 11.75], "rotation": 90, "texture": "#1"}
			}
		},
		{
			"from": [12.5, 10, 8.5],
			"to": [13.5, 11, 9.5],
			"rotation": {"angle": 0, "axis": "y", "origin": [16, 0, 16]},
			"faces": {
				"north": {"uv": [2.75, 11.75, 3, 12], "texture": "#1"},
				"east": {"uv": [11.75, 2.25, 12, 2.5], "texture": "#1"},
				"south": {"uv": [2.5, 11.75, 2.75, 12], "texture": "#1"},
				"west": {"uv": [11.75, 2.5, 12, 2.75], "texture": "#1"},
				"up": {"uv": [11.75, 2.75, 12, 3], "rotation": 270, "texture": "#1"},
				"down": {"uv": [3, 12, 3.25, 11.75], "rotation": 90, "texture": "#1"}
			}
		},
		{
			"from": [13, 8.75, 7],
			"to": [14, 9.75, 9],
			"rotation": {"angle": 0, "axis": "y", "origin": [16, 0, 16]},
			"faces": {
				"north": {"uv": [2.25, 11.75, 2.5, 12], "texture": "#1"},
				"east": {"uv": [5, 11.25, 5.5, 11.5], "texture": "#1"},
				"south": {"uv": [2, 11.75, 2.25, 12], "texture": "#1"},
				"west": {"uv": [5.5, 11.25, 6, 11.5], "texture": "#1"},
				"up": {"uv": [6, 11.25, 6.5, 11.5], "rotation": 270, "texture": "#1"},
				"down": {"uv": [6.5, 11.5, 7, 11.25], "rotation": 90, "texture": "#1"}
			}
		},
		{
			"from": [12.75, 9, 9],
			"to": [13.75, 10, 10],
			"rotation": {"angle": 0, "axis": "y", "origin": [16, 0, 16]},
			"faces": {
				"north": {"uv": [1.25, 11.75, 1.5, 12], "texture": "#1"},
				"east": {"uv": [11.75, 0.5, 12, 0.75], "texture": "#1"},
				"south": {"uv": [11.75, 0.75, 12, 1], "texture": "#1"},
				"west": {"uv": [1, 11.75, 1.25, 12], "texture": "#1"},
				"up": {"uv": [1.5, 11.75, 1.75, 12], "rotation": 270, "texture": "#1"},
				"down": {"uv": [1.75, 12, 2, 11.75], "rotation": 90, "texture": "#1"}
			}
		},
		{
			"from": [12.75, 9, 6],
			"to": [13.75, 10, 7],
			"rotation": {"angle": 0, "axis": "y", "origin": [16, 0, 16]},
			"faces": {
				"north": {"uv": [11.75, 0, 12, 0.25], "texture": "#1"},
				"east": {"uv": [11.5, 11.25, 11.75, 11.5], "texture": "#1"},
				"south": {"uv": [11.5, 11.5, 11.75, 11.75], "texture": "#1"},
				"west": {"uv": [0, 11.75, 0.25, 12], "texture": "#1"},
				"up": {"uv": [0.25, 11.75, 0.5, 12], "rotation": 270, "texture": "#1"},
				"down": {"uv": [11.75, 0.5, 12, 0.25], "rotation": 90, "texture": "#1"}
			}
		},
		{
			"from": [12.5, 9.5, 5],
			"to": [13.5, 10.5, 6],
			"rotation": {"angle": 0, "axis": "y", "origin": [16, 0, 16]},
			"faces": {
				"north": {"uv": [10.75, 11.5, 11, 11.75], "texture": "#1"},
				"east": {"uv": [11.5, 10, 11.75, 10.25], "texture": "#1"},
				"south": {"uv": [11.5, 10.25, 11.75, 10.5], "texture": "#1"},
				"west": {"uv": [10.5, 11.5, 10.75, 11.75], "texture": "#1"},
				"up": {"uv": [11, 11.5, 11.25, 11.75], "rotation": 270, "texture": "#1"},
				"down": {"uv": [11.25, 11.75, 11.5, 11.5], "rotation": 90, "texture": "#1"}
			}
		},
		{
			"from": [12.5, 9.5, 10],
			"to": [13.5, 10.5, 11],
			"rotation": {"angle": 0, "axis": "y", "origin": [16, 0, 16]},
			"faces": {
				"north": {"uv": [9.5, 11.5, 9.75, 11.75], "texture": "#1"},
				"east": {"uv": [11.5, 9, 11.75, 9.25], "texture": "#1"},
				"south": {"uv": [9.25, 11.5, 9.5, 11.75], "texture": "#1"},
				"west": {"uv": [11.5, 9.25, 11.75, 9.5], "texture": "#1"},
				"up": {"uv": [9.75, 11.5, 10, 11.75], "rotation": 270, "texture": "#1"},
				"down": {"uv": [10, 11.75, 10.25, 11.5], "rotation": 90, "texture": "#1"}
			}
		},
		{
			"from": [12.5, 10, 11],
			"to": [13.5, 11, 12],
			"rotation": {"angle": 0, "axis": "y", "origin": [16, 0, 16]},
			"faces": {
				"north": {"uv": [8.75, 11.5, 9, 11.75], "texture": "#1"},
				"east": {"uv": [11.5, 8.25, 11.75, 8.5], "texture": "#1"},
				"south": {"uv": [8.5, 11.5, 8.75, 11.75], "texture": "#1"},
				"west": {"uv": [11.5, 8.5, 11.75, 8.75], "texture": "#1"},
				"up": {"uv": [11.5, 8.75, 11.75, 9], "rotation": 270, "texture": "#1"},
				"down": {"uv": [9, 11.75, 9.25, 11.5], "rotation": 90, "texture": "#1"}
			}
		},
		{
			"from": [11.75, 0, 3.25],
			"to": [12.75, 5, 4.25],
			"faces": {
				"north": {"uv": [6, 9.5, 6.25, 10.75], "texture": "#1"},
				"east": {"uv": [6.25, 9.5, 6.5, 10.75], "texture": "#1"},
				"south": {"uv": [6.5, 9.5, 6.75, 10.75], "texture": "#1"},
				"west": {"uv": [6.75, 9.5, 7, 10.75], "texture": "#1"},
				"up": {"uv": [12, 5.5, 11.75, 5.25], "texture": "#1"},
				"down": {"uv": [5.75, 11.75, 5.5, 12], "texture": "#1"}
			}
		},
		{
			"from": [3.25, 0, 3.25],
			"to": [4.25, 5, 4.25],
			"faces": {
				"north": {"uv": [7, 9.5, 7.25, 10.75], "texture": "#1"},
				"east": {"uv": [7.25, 9.5, 7.5, 10.75], "texture": "#1"},
				"south": {"uv": [9.5, 8.5, 9.75, 9.75], "texture": "#1"},
				"west": {"uv": [9.75, 8.5, 10, 9.75], "texture": "#1"},
				"up": {"uv": [12, 5.75, 11.75, 5.5], "texture": "#1"},
				"down": {"uv": [6, 11.75, 5.75, 12], "texture": "#1"}
			}
		},
		{
			"from": [3, 5, 3],
			"to": [4, 11, 4],
			"faces": {
				"north": {"uv": [7.5, 9.25, 7.75, 10.75], "texture": "#1"},
				"east": {"uv": [7.75, 9.25, 8, 10.75], "texture": "#1"},
				"south": {"uv": [8, 9.25, 8.25, 10.75], "texture": "#1"},
				"west": {"uv": [8.25, 9.25, 8.5, 10.75], "texture": "#1"},
				"up": {"uv": [12, 6, 11.75, 5.75], "texture": "#1"},
				"down": {"uv": [6.25, 11.75, 6, 12], "texture": "#1"}
			}
		},
		{
			"from": [12.5, 10.25, 2.5],
			"to": [13.5, 11.25, 3.5],
			"faces": {
				"north": {"uv": [11.75, 6, 12, 6.25], "texture": "#1"},
				"east": {"uv": [6.25, 11.75, 6.5, 12], "texture": "#1"},
				"south": {"uv": [11.75, 6.25, 12, 6.5], "texture": "#1"},
				"west": {"uv": [6.5, 11.75, 6.75, 12], "texture": "#1"},
				"up": {"uv": [12, 6.75, 11.75, 6.5], "texture": "#1"},
				"down": {"uv": [7, 11.75, 6.75, 12], "texture": "#1"}
			}
		},
		{
			"from": [2.5, 10.25, 2.5],
			"to": [3.5, 11.25, 3.5],
			"faces": {
				"north": {"uv": [11.75, 6.75, 12, 7], "texture": "#1"},
				"east": {"uv": [7, 11.75, 7.25, 12], "texture": "#1"},
				"south": {"uv": [11.75, 7, 12, 7.25], "texture": "#1"},
				"west": {"uv": [7.25, 11.75, 7.5, 12], "texture": "#1"},
				"up": {"uv": [12, 7.5, 11.75, 7.25], "texture": "#1"},
				"down": {"uv": [7.75, 11.75, 7.5, 12], "texture": "#1"}
			}
		},
		{
			"from": [12.5, 10.25, 12.5],
			"to": [13.5, 11.25, 13.5],
			"rotation": {"angle": 0, "axis": "y", "origin": [8, 6.75, 13]},
			"faces": {
				"north": {"uv": [11.75, 7.5, 12, 7.75], "texture": "#1"},
				"east": {"uv": [7.75, 11.75, 8, 12], "texture": "#1"},
				"south": {"uv": [11.75, 7.75, 12, 8], "texture": "#1"},
				"west": {"uv": [8, 11.75, 8.25, 12], "texture": "#1"},
				"up": {"uv": [12, 8.25, 11.75, 8], "texture": "#1"},
				"down": {"uv": [8.5, 11.75, 8.25, 12], "texture": "#1"}
			}
		},
		{
			"from": [2.5, 10.25, 12.5],
			"to": [3.5, 11.25, 13.5],
			"rotation": {"angle": 0, "axis": "y", "origin": [8, 6.75, 13]},
			"faces": {
				"north": {"uv": [11.75, 8.25, 12, 8.5], "texture": "#1"},
				"east": {"uv": [8.5, 11.75, 8.75, 12], "texture": "#1"},
				"south": {"uv": [11.75, 8.5, 12, 8.75], "texture": "#1"},
				"west": {"uv": [8.75, 11.75, 9, 12], "texture": "#1"},
				"up": {"uv": [12, 9, 11.75, 8.75], "texture": "#1"},
				"down": {"uv": [9.25, 11.75, 9, 12], "texture": "#1"}
			}
		},
		{
			"from": [12, 5, 12],
			"to": [13, 11, 13],
			"rotation": {"angle": 0, "axis": "y", "origin": [8, 6.75, 13]},
			"faces": {
				"north": {"uv": [8.5, 9.25, 8.75, 10.75], "texture": "#1"},
				"east": {"uv": [9.25, 8.5, 9.5, 10], "texture": "#1"},
				"south": {"uv": [8.75, 9.25, 9, 10.75], "texture": "#1"},
				"west": {"uv": [0.5, 9.5, 0.75, 11], "texture": "#1"},
				"up": {"uv": [12, 9.25, 11.75, 9], "texture": "#1"},
				"down": {"uv": [9.5, 11.75, 9.25, 12], "texture": "#1"}
			}
		},
		{
			"from": [11.75, 0, 11.75],
			"to": [12.75, 5, 12.75],
			"rotation": {"angle": 0, "axis": "y", "origin": [8, 6.75, 13]},
			"faces": {
				"north": {"uv": [9.5, 9.75, 9.75, 11], "texture": "#1"},
				"east": {"uv": [9.75, 9.75, 10, 11], "texture": "#1"},
				"south": {"uv": [0, 10, 0.25, 11.25], "texture": "#1"},
				"west": {"uv": [0.25, 10, 0.5, 11.25], "texture": "#1"},
				"up": {"uv": [12, 9.5, 11.75, 9.25], "texture": "#1"},
				"down": {"uv": [9.75, 11.75, 9.5, 12], "texture": "#1"}
			}
		},
		{
			"from": [3.25, 0, 11.75],
			"to": [4.25, 5, 12.75],
			"rotation": {"angle": 0, "axis": "y", "origin": [8, 6.75, 13]},
			"faces": {
				"north": {"uv": [10, 8.5, 10.25, 9.75], "texture": "#1"},
				"east": {"uv": [9.25, 10, 9.5, 11.25], "texture": "#1"},
				"south": {"uv": [10, 9.75, 10.25, 11], "texture": "#1"},
				"west": {"uv": [10.25, 8.5, 10.5, 9.75], "texture": "#1"},
				"up": {"uv": [12, 9.75, 11.75, 9.5], "texture": "#1"},
				"down": {"uv": [10, 11.75, 9.75, 12], "texture": "#1"}
			}
		},
		{
			"from": [3, 5, 12],
			"to": [4, 11, 13],
			"rotation": {"angle": 0, "axis": "y", "origin": [8, 6.75, 13]},
			"faces": {
				"north": {"uv": [0.75, 9.5, 1, 11], "texture": "#1"},
				"east": {"uv": [1, 9.5, 1.25, 11], "texture": "#1"},
				"south": {"uv": [1.25, 9.5, 1.5, 11], "texture": "#1"},
				"west": {"uv": [1.5, 9.5, 1.75, 11], "texture": "#1"},
				"up": {"uv": [6, 12.25, 5.75, 12], "texture": "#1"},
				"down": {"uv": [12.25, 5.75, 12, 6], "texture": "#1"}
			}
		},
		{
			"from": [0, 15, 2],
			"to": [2, 16, 14],
			"faces": {
				"north": {"uv": [11, 4, 11.5, 4.25], "texture": "#1"},
				"east": {"uv": [8, 6.5, 11, 6.75], "texture": "#1"},
				"south": {"uv": [5, 11, 5.5, 11.25], "texture": "#1"},
				"west": {"uv": [8, 6.75, 11, 7], "texture": "#1"},
				"up": {"uv": [6, 3, 5.5, 0], "texture": "#1"},
				"down": {"uv": [4, 5.5, 3.5, 8.5], "texture": "#1"}
			}
		},
		{
			"from": [14, 15, 2],
			"to": [16, 16, 14],
			"faces": {
				"north": {"uv": [11, 5, 11.5, 5.25], "texture": "#1"},
				"east": {"uv": [8, 7, 11, 7.25], "texture": "#1"},
				"south": {"uv": [11, 5.25, 11.5, 5.5], "texture": "#1"},
				"west": {"uv": [8, 7.25, 11, 7.5], "texture": "#1"},
				"up": {"uv": [4.5, 8.5, 4, 5.5], "texture": "#1"},
				"down": {"uv": [5, 5.5, 4.5, 8.5], "texture": "#1"}
			}
		},
		{
			"from": [2, 15, 14],
			"to": [14, 16, 16],
			"faces": {
				"north": {"uv": [8, 7.5, 11, 7.75], "texture": "#1"},
				"east": {"uv": [5.5, 11, 6, 11.25], "texture": "#1"},
				"south": {"uv": [8, 7.75, 11, 8], "texture": "#1"},
				"west": {"uv": [11, 6.5, 11.5, 6.75], "texture": "#1"},
				"up": {"uv": [8.5, 3.5, 5.5, 3], "texture": "#1"},
				"down": {"uv": [8.5, 3.5, 5.5, 4], "texture": "#1"}
			}
		},
		{
			"from": [2, 15, 0],
			"to": [14, 16, 2],
			"faces": {
				"north": {"uv": [8, 8, 11, 8.25], "texture": "#1"},
				"east": {"uv": [11, 6.75, 11.5, 7], "texture": "#1"},
				"south": {"uv": [8, 8.25, 11, 8.5], "texture": "#1"},
				"west": {"uv": [11, 7, 11.5, 7.25], "texture": "#1"},
				"up": {"uv": [8.5, 4.5, 5.5, 4], "texture": "#1"},
				"down": {"uv": [8, 5.5, 5, 6], "texture": "#1"}
			}
		},
		{
			"from": [1, 14, 1],
			"to": [15, 15, 3],
			"faces": {
				"north": {"uv": [8, 5.5, 11.5, 5.75], "texture": "#1"},
				"east": {"uv": [11, 7.25, 11.5, 7.5], "texture": "#1"},
				"south": {"uv": [8, 5.75, 11.5, 6], "texture": "#1"},
				"west": {"uv": [11, 7.5, 11.5, 7.75], "texture": "#1"},
				"up": {"uv": [6, 5, 2.5, 4.5], "texture": "#1"},
				"down": {"uv": [3.5, 5, 0, 5.5], "texture": "#1"}
			}
		},
		{
			"from": [1, 14, 13],
			"to": [15, 15, 15],
			"faces": {
				"north": {"uv": [8, 6, 11.5, 6.25], "texture": "#1"},
				"east": {"uv": [11, 7.75, 11.5, 8], "texture": "#1"},
				"south": {"uv": [8, 6.25, 11.5, 6.5], "texture": "#1"},
				"west": {"uv": [11, 8, 11.5, 8.25], "texture": "#1"},
				"up": {"uv": [7, 5.5, 3.5, 5], "texture": "#1"},
				"down": {"uv": [3.5, 5.5, 0, 6], "texture": "#1"}
			}
		},
		{
			"from": [13, 14, 3],
			"to": [15, 15, 13],
			"faces": {
				"north": {"uv": [11, 8.25, 11.5, 8.5], "texture": "#1"},
				"east": {"uv": [0.5, 8.5, 3, 8.75], "texture": "#1"},
				"south": {"uv": [11, 8.5, 11.5, 8.75], "texture": "#1"},
				"west": {"uv": [8.5, 2.5, 11, 2.75], "texture": "#1"},
				"up": {"uv": [0.5, 8.5, 0, 6], "texture": "#1"},
				"down": {"uv": [6.5, 0, 6, 2.5], "texture": "#1"}
			}
		},
		{
			"from": [1, 14, 3],
			"to": [3, 15, 13],
			"faces": {
				"north": {"uv": [11, 8.75, 11.5, 9], "texture": "#1"},
				"east": {"uv": [8.5, 2.75, 11, 3], "texture": "#1"},
				"south": {"uv": [11, 9, 11.5, 9.25], "texture": "#1"},
				"west": {"uv": [8.5, 3, 11, 3.25], "texture": "#1"},
				"up": {"uv": [1, 8.5, 0.5, 6], "texture": "#1"},
				"down": {"uv": [1.5, 6, 1, 8.5], "texture": "#1"}
			}
		},
		{
			"from": [2, 12, 3],
			"to": [4, 14, 13],
			"faces": {
				"north": {"uv": [10.25, 9.75, 10.75, 10.25], "texture": "#1"},
				"east": {"uv": [6, 2.5, 8.5, 3], "texture": "#1"},
				"south": {"uv": [10.25, 10.25, 10.75, 10.75], "texture": "#1"},
				"west": {"uv": [6, 4.5, 8.5, 5], "texture": "#1"},
				"up": {"uv": [2, 8.5, 1.5, 6], "texture": "#1"},
				"down": {"uv": [2.5, 6, 2, 8.5], "texture": "#1"}
			}
		},
		{
			"from": [12, 12, 3],
			"to": [14, 14, 13],
			"faces": {
				"north": {"uv": [5, 10.5, 5.5, 11], "texture": "#1"},
				"east": {"uv": [5, 6, 7.5, 6.5], "texture": "#1"},
				"south": {"uv": [10.5, 8.5, 11, 9], "texture": "#1"},
				"west": {"uv": [6.5, 0, 9, 0.5], "texture": "#1"},
				"up": {"uv": [3, 8.5, 2.5, 6], "texture": "#1"},
				"down": {"uv": [3.5, 6, 3, 8.5], "texture": "#1"}
			}
		},
		{
			"from": [3, 12, 12],
			"to": [13, 14, 14],
			"faces": {
				"north": {"uv": [6.5, 0.5, 9, 1], "texture": "#1"},
				"east": {"uv": [10.5, 9, 11, 9.5], "texture": "#1"},
				"south": {"uv": [6.5, 1, 9, 1.5], "texture": "#1"},
				"west": {"uv": [4, 10.75, 4.5, 11.25], "texture": "#1"},
				"up": {"uv": [9, 2, 6.5, 1.5], "texture": "#1"},
				"down": {"uv": [9, 2, 6.5, 2.5], "texture": "#1"}
			}
		},
		{
			"from": [3, 12, 2],
			"to": [13, 14, 4],
			"faces": {
				"north": {"uv": [5, 6.5, 7.5, 7], "texture": "#1"},
				"east": {"uv": [4.5, 10.75, 5, 11.25], "texture": "#1"},
				"south": {"uv": [5, 7, 7.5, 7.5], "texture": "#1"},
				"west": {"uv": [6, 10.75, 6.5, 11.25], "texture": "#1"},
				"up": {"uv": [9.5, 5.5, 7, 5], "texture": "#1"},
				"down": {"uv": [7.5, 7.5, 5, 8], "texture": "#1"}
			}
		},
		{
			"from": [3, 11, 3],
			"to": [13, 12, 13],
			"faces": {
				"north": {"uv": [8.5, 3.25, 11, 3.5], "texture": "#1"},
				"east": {"uv": [8.5, 3.5, 11, 3.75], "texture": "#1"},
				"south": {"uv": [8.5, 3.75, 11, 4], "texture": "#1"},
				"west": {"uv": [8.5, 4, 11, 4.25], "texture": "#1"},
				"up": {"uv": [2.5, 2.5, 0, 0], "texture": "#1"},
				"down": {"uv": [2.5, 2.5, 0, 5], "texture": "#1"}
			}
		},
		{
			"from": [4, 12, 10],
			"to": [6, 13, 12],
			"faces": {
				"north": {"uv": [11, 9.25, 11.5, 9.5], "texture": "#1"},
				"east": {"uv": [9.5, 11, 10, 11.25], "texture": "#1"},
				"south": {"uv": [10.75, 11, 11.25, 11.25], "texture": "#1"},
				"west": {"uv": [0, 11.25, 0.5, 11.5], "texture": "#1"},
				"up": {"uv": [7, 11.25, 6.5, 10.75], "texture": "#1"},
				"down": {"uv": [7.5, 10.75, 7, 11.25], "texture": "#1"}
			}
		},
		{
			"from": [4, 12, 4],
			"to": [6, 13, 6],
			"faces": {
				"north": {"uv": [2.5, 11.25, 3, 11.5], "texture": "#1"},
				"east": {"uv": [11.25, 2.5, 11.75, 2.75], "texture": "#1"},
				"south": {"uv": [11.25, 2.75, 11.75, 3], "texture": "#1"},
				"west": {"uv": [11.25, 3, 11.75, 3.25], "texture": "#1"},
				"up": {"uv": [8, 11.25, 7.5, 10.75], "texture": "#1"},
				"down": {"uv": [8.5, 10.75, 8, 11.25], "texture": "#1"}
			}
		},
		{
			"from": [10, 12, 4],
			"to": [12, 13, 6],
			"faces": {
				"north": {"uv": [11.25, 3.25, 11.75, 3.5], "texture": "#1"},
				"east": {"uv": [3.5, 11.25, 4, 11.5], "texture": "#1"},
				"south": {"uv": [11.25, 3.5, 11.75, 3.75], "texture": "#1"},
				"west": {"uv": [11.25, 3.75, 11.75, 4], "texture": "#1"},
				"up": {"uv": [9, 11.25, 8.5, 10.75], "texture": "#1"},
				"down": {"uv": [11.25, 9.5, 10.75, 10], "texture": "#1"}
			}
		},
		{
			"from": [10, 12, 10],
			"to": [12, 13, 12],
			"faces": {
				"north": {"uv": [4, 11.25, 4.5, 11.5], "texture": "#1"},
				"east": {"uv": [11.25, 4.25, 11.75, 4.5], "texture": "#1"},
				"south": {"uv": [4.5, 11.25, 5, 11.5], "texture": "#1"},
				"west": {"uv": [11.25, 4.5, 11.75, 4.75], "texture": "#1"},
				"up": {"uv": [11.25, 10.5, 10.75, 10], "texture": "#1"},
				"down": {"uv": [10.75, 10.75, 10.25, 11.25], "texture": "#1"}
			}
		},
		{
			"from": [3, 14, 12],
			"to": [4, 15, 13],
			"faces": {
				"north": {"uv": [10.5, 9.5, 10.75, 9.75], "texture": "#1"},
				"east": {"uv": [2.75, 10.75, 3, 11], "texture": "#1"},
				"south": {"uv": [11.5, 2.25, 11.75, 2.5], "texture": "#1"},
				"west": {"uv": [2.5, 11.5, 2.75, 11.75], "texture": "#1"},
				"up": {"uv": [3, 11.75, 2.75, 11.5], "texture": "#1"},
				"down": {"uv": [3.75, 11.5, 3.5, 11.75], "texture": "#1"}
			}
		},
		{
			"from": [3, 14, 3],
			"to": [4, 15, 4],
			"faces": {
				"north": {"uv": [3.75, 11.5, 4, 11.75], "texture": "#1"},
				"east": {"uv": [4, 11.5, 4.25, 11.75], "texture": "#1"},
				"south": {"uv": [11.5, 4, 11.75, 4.25], "texture": "#1"},
				"west": {"uv": [4.25, 11.5, 4.5, 11.75], "texture": "#1"},
				"up": {"uv": [4.75, 11.75, 4.5, 11.5], "texture": "#1"},
				"down": {"uv": [5, 11.5, 4.75, 11.75], "texture": "#1"}
			}
		},
		{
			"from": [12, 14, 3],
			"to": [13, 15, 4],
			"faces": {
				"north": {"uv": [11.5, 4.75, 11.75, 5], "texture": "#1"},
				"east": {"uv": [5, 11.5, 5.25, 11.75], "texture": "#1"},
				"south": {"uv": [11.5, 5, 11.75, 5.25], "texture": "#1"},
				"west": {"uv": [5.25, 11.5, 5.5, 11.75], "texture": "#1"},
				"up": {"uv": [11.75, 5.5, 11.5, 5.25], "texture": "#1"},
				"down": {"uv": [5.75, 11.5, 5.5, 11.75], "texture": "#1"}
			}
		},
		{
			"from": [12, 14, 12],
			"to": [13, 15, 13],
			"faces": {
				"north": {"uv": [11.5, 5.5, 11.75, 5.75], "texture": "#1"},
				"east": {"uv": [5.75, 11.5, 6, 11.75], "texture": "#1"},
				"south": {"uv": [11.5, 5.75, 11.75, 6], "texture": "#1"},
				"west": {"uv": [6, 11.5, 6.25, 11.75], "texture": "#1"},
				"up": {"uv": [11.75, 6.25, 11.5, 6], "texture": "#1"},
				"down": {"uv": [6.5, 11.5, 6.25, 11.75], "texture": "#1"}
			}
		},
		{
			"from": [4, 13, 14],
			"to": [12, 14, 15],
			"faces": {
				"north": {"uv": [9, 0, 11, 0.25], "texture": "#1"},
				"east": {"uv": [11.5, 6.25, 11.75, 6.5], "texture": "#1"},
				"south": {"uv": [9, 0.25, 11, 0.5], "texture": "#1"},
				"west": {"uv": [6.5, 11.5, 6.75, 11.75], "texture": "#1"},
				"up": {"uv": [11, 0.75, 9, 0.5], "texture": "#1"},
				"down": {"uv": [11, 0.75, 9, 1], "texture": "#1"}
			}
		},
		{
			"from": [4, 13, 1],
			"to": [12, 14, 2],
			"faces": {
				"north": {"uv": [9, 1, 11, 1.25], "texture": "#1"},
				"east": {"uv": [11.5, 6.5, 11.75, 6.75], "texture": "#1"},
				"south": {"uv": [9, 1.25, 11, 1.5], "texture": "#1"},
				"west": {"uv": [6.75, 11.5, 7, 11.75], "texture": "#1"},
				"up": {"uv": [11, 1.75, 9, 1.5], "texture": "#1"},
				"down": {"uv": [11, 1.75, 9, 2], "texture": "#1"}
			}
		},
		{
			"from": [14, 13, 4],
			"to": [15, 14, 12],
			"faces": {
				"north": {"uv": [11.5, 6.75, 11.75, 7], "texture": "#1"},
				"east": {"uv": [9, 2, 11, 2.25], "texture": "#1"},
				"south": {"uv": [7, 11.5, 7.25, 11.75], "texture": "#1"},
				"west": {"uv": [9, 2.25, 11, 2.5], "texture": "#1"},
				"up": {"uv": [3, 10.75, 2.75, 8.75], "texture": "#1"},
				"down": {"uv": [9.25, 8.5, 9, 10.5], "texture": "#1"}
			}
		},
		{
			"from": [1, 13, 4],
			"to": [2, 14, 12],
			"faces": {
				"north": {"uv": [11.5, 7, 11.75, 7.25], "texture": "#1"},
				"east": {"uv": [9.25, 4.25, 11.25, 4.5], "texture": "#1"},
				"south": {"uv": [7.25, 11.5, 7.5, 11.75], "texture": "#1"},
				"west": {"uv": [9.25, 4.5, 11.25, 4.75], "texture": "#1"},
				"up": {"uv": [3.75, 11.25, 3.5, 9.25], "texture": "#1"},
				"down": {"uv": [4, 9.25, 3.75, 11.25], "texture": "#1"}
			}
		}
	],
	"display": {
		"thirdperson_righthand": {
			"rotation": [0, 59, 0],
			"translation": [-1.75, 1, 0],
			"scale": [0.3, 0.3, 0.3]
		},
		"thirdperson_lefthand": {
			"rotation": [0, 59, 0],
			"translation": [-1.75, 1, 0],
			"scale": [0.3, 0.3, 0.3]
		},
		"firstperson_righthand": {
			"rotation": [-180, 63.5, -180],
			"translation": [-1.75, 1, 0],
			"scale": [0.3, 0.3, 0.3]
		},
		"firstperson_lefthand": {
			"rotation": [-180, 63.5, -180],
			"translation": [-1.75, 1, 0],
			"scale": [0.3, 0.3, 0.3]
		},
		"ground": {
			"rotation": [140, 63.5, -180],
			"translation": [0, 1, 0],
			"scale": [0.3, 0.3, 0.3]
		},
		"gui": {
			"rotation": [30, -130, 0],
			"scale": [0.5, 0.5, 0.5]
		},
		"fixed": {
			"rotation": [-90, 0, 0],
			"translation": [0, 0, -15],
			"scale": [2, 2, 2]
		}
	},
	"groups": [
		0,
		{
			"name": "whole cauldron",
			"origin": [8, 8, 8],
			"color": 0,
			"children": [
				{
					"name": "pitcher",
					"origin": [8.75, 5, 7.75],
					"color": 0,
					"children": [1, 2, 3, 4, 5, 6, 7, 8]
				},
				{
					"name": "plants",
					"origin": [0, 0, 0],
					"color": 0,
					"children": [
						{
							"name": "vine",
							"origin": [0, 0, 0],
							"color": 0,
							"children": [9, 10, 11, 12, 13, 14, 15, 16, 17, 18, 19, 20, 21, 22, 23, 24, 25]
						},
						{
							"name": "group",
							"origin": [0, 0, 0],
							"color": 0,
							"children": [26, 27, 28, 29, 30, 31, 32, 33, 34, 35, 36, 37, 38, 39, 40, 41, 42]
						}
					]
				},
				{
					"name": "holder",
					"origin": [16, 0, 0],
					"color": 0,
					"children": [
						43,
						44,
						45,
						46,
						47,
						48,
						49,
						50,
						51,
						52,
						53,
						54,
						55,
						56,
						57,
						58,
						59,
						60,
						61,
						62,
						63,
						64,
						65,
						66,
						67,
						68,
						69,
						70,
						71,
						72,
						73,
						74,
						75,
						76,
						77,
						78,
						79,
						80,
						81,
						82,
						83,
						84,
						85,
						86,
						87,
						88,
						89,
						90,
						91,
						92,
						93,
						94,
						95,
						96,
						97,
						98
					]
				},
				{
					"name": "bowl",
					"origin": [0, 0, 0],
					"color": 0,
					"children": [99, 100, 101, 102, 103, 104, 105, 106, 107, 108, 109, 110, 111, 112, 113, 114, 115, 116, 117, 118, 119, 120, 121, 122, 123]
				}
			]
		}
	]
}