{
	"credit": "Made with Blockbench",
	"parent": "enchant",
	"texture_size": [128, 128],
	"textures": {
		"1": "block/enchanting_table"
	},
	"elements": [
		{
			"from": [0, 16, 15],
			"to": [16, 17, 16],
			"rotation": {"angle": 0, "axis": "y", "origin": [0, -4, 0]},
			"faces": {
				"north": {"uv": [6.875, 4.25, 8.875, 4.375], "texture": "#1"},
				"east": {"uv": [10.625, 1.875, 10.75, 2], "texture": "#1"},
				"south": {"uv": [6.875, 4.375, 8.875, 4.5], "texture": "#1"},
				"west": {"uv": [2, 10.625, 2.125, 10.75], "texture": "#1"},
				"up": {"uv": [8.875, 4.625, 6.875, 4.5], "texture": "#1"},
				"down": {"uv": [8.875, 4.625, 6.875, 4.75], "texture": "#1"}
			}
		},
		{
			"from": [14, 17, 15],
			"to": [15, 18, 16],
			"rotation": {"angle": 0, "axis": "y", "origin": [0, -4, 0]},
			"faces": {
				"north": {"uv": [3.625, 10.625, 3.75, 10.75], "texture": "#1"},
				"east": {"uv": [3.75, 10.625, 3.875, 10.75], "texture": "#1"},
				"south": {"uv": [3.875, 10.625, 4, 10.75], "texture": "#1"},
				"west": {"uv": [4, 10.625, 4.125, 10.75], "texture": "#1"},
				"up": {"uv": [4.25, 10.75, 4.125, 10.625], "texture": "#1"},
				"down": {"uv": [4.375, 10.625, 4.25, 10.75], "texture": "#1"}
			}
		},
		{
			"from": [4, 17, 15],
			"to": [12, 18, 16],
			"rotation": {"angle": 0, "axis": "y", "origin": [0, -4, 0]},
			"faces": {
				"north": {"uv": [4, 2.875, 5, 3], "texture": "#1"},
				"east": {"uv": [10.625, 2, 10.75, 2.125], "texture": "#1"},
				"south": {"uv": [8.5, 8, 9.5, 8.125], "texture": "#1"},
				"west": {"uv": [2.125, 10.625, 2.25, 10.75], "texture": "#1"},
				"up": {"uv": [9.5, 8.25, 8.5, 8.125], "texture": "#1"},
				"down": {"uv": [9.625, 0.375, 8.625, 0.5], "texture": "#1"}
			}
		},
		{
			"from": [11, 18, 15],
			"to": [12, 19, 16],
			"rotation": {"angle": 0, "axis": "y", "origin": [0, -4, 0]},
			"faces": {
				"north": {"uv": [2.875, 10.625, 3, 10.75], "texture": "#1"},
				"east": {"uv": [3, 10.625, 3.125, 10.75], "texture": "#1"},
				"south": {"uv": [3.125, 10.625, 3.25, 10.75], "texture": "#1"},
				"west": {"uv": [3.25, 10.625, 3.375, 10.75], "texture": "#1"},
				"up": {"uv": [3.5, 10.75, 3.375, 10.625], "texture": "#1"},
				"down": {"uv": [3.625, 10.625, 3.5, 10.75], "texture": "#1"}
			}
		},
		{
			"from": [6, 18, 15],
			"to": [10, 19, 16],
			"rotation": {"angle": 0, "axis": "y", "origin": [0, -4, 0]},
			"faces": {
				"north": {"uv": [9.125, 7.125, 9.625, 7.25], "texture": "#1"},
				"east": {"uv": [10.625, 2.125, 10.75, 2.25], "texture": "#1"},
				"south": {"uv": [9.125, 8.625, 9.625, 8.75], "texture": "#1"},
				"west": {"uv": [2.25, 10.625, 2.375, 10.75], "texture": "#1"},
				"up": {"uv": [9.875, 6.125, 9.375, 6], "texture": "#1"},
				"down": {"uv": [9.875, 6.125, 9.375, 6.25], "texture": "#1"}
			}
		},
		{
			"from": [4, 18, 15],
			"to": [5, 19, 16],
			"rotation": {"angle": 0, "axis": "y", "origin": [0, -4, 0]},
			"faces": {
				"north": {"uv": [10.625, 2.25, 10.75, 2.375], "texture": "#1"},
				"east": {"uv": [2.375, 10.625, 2.5, 10.75], "texture": "#1"},
				"south": {"uv": [10.625, 2.375, 10.75, 2.5], "texture": "#1"},
				"west": {"uv": [2.5, 10.625, 2.625, 10.75], "texture": "#1"},
				"up": {"uv": [2.75, 10.75, 2.625, 10.625], "texture": "#1"},
				"down": {"uv": [2.875, 10.625, 2.75, 10.75], "texture": "#1"}
			}
		},
		{
			"from": [1, 17, 15],
			"to": [2, 18, 16],
			"rotation": {"angle": 0, "axis": "y", "origin": [0, -4, 0]},
			"faces": {
				"north": {"uv": [4.375, 10.625, 4.5, 10.75], "texture": "#1"},
				"east": {"uv": [4.5, 10.625, 4.625, 10.75], "texture": "#1"},
				"south": {"uv": [4.625, 10.625, 4.75, 10.75], "texture": "#1"},
				"west": {"uv": [4.75, 10.625, 4.875, 10.75], "texture": "#1"},
				"up": {"uv": [5, 10.75, 4.875, 10.625], "texture": "#1"},
				"down": {"uv": [5.125, 10.625, 5, 10.75], "texture": "#1"}
			}
		},
		{
			"from": [0, 0, 12],
			"to": [16, 1, 16],
			"rotation": {"angle": 0, "axis": "y", "origin": [0, -4, 0]},
			"faces": {
				"north": {"uv": [6.875, 4, 8.875, 4.125], "texture": "#1"},
				"east": {"uv": [5.75, 4.75, 6.25, 4.875], "texture": "#1"},
				"south": {"uv": [6.875, 4.125, 8.875, 4.25], "texture": "#1"},
				"west": {"uv": [7.625, 0.875, 8.125, 1], "texture": "#1"},
				"up": {"uv": [3.75, 4.875, 1.75, 4.375], "texture": "#1"},
				"down": {"uv": [5.75, 4.375, 3.75, 4.875], "texture": "#1"}
			}
		},
		{
			"from": [15, 1, 13.5],
			"to": [16, 11, 14.5],
			"rotation": {"angle": 0, "axis": "y", "origin": [0, -4, 0]},
			"faces": {
				"north": {"uv": [6.875, 8.25, 7, 9.5], "texture": "#1"},
				"east": {"uv": [8.125, 8.25, 8.25, 9.5], "texture": "#1"},
				"south": {"uv": [8.25, 8.25, 8.375, 9.5], "texture": "#1"},
				"west": {"uv": [0.375, 8.375, 0.5, 9.625], "texture": "#1"},
				"up": {"uv": [10.75, 5.875, 10.625, 5.75], "texture": "#1"},
				"down": {"uv": [6, 10.625, 5.875, 10.75], "texture": "#1"}
			}
		},
		{
			"from": [14, 1, 12],
			"to": [15, 11, 16],
			"rotation": {"angle": 0, "axis": "y", "origin": [0, -4, 0]},
			"faces": {
				"north": {"uv": [6.625, 8.25, 6.75, 9.5], "texture": "#1"},
				"east": {"uv": [4, 4.875, 4.5, 6.125], "texture": "#1"},
				"south": {"uv": [6.75, 8.25, 6.875, 9.5], "texture": "#1"},
				"west": {"uv": [4.5, 4.875, 5, 6.125], "texture": "#1"},
				"up": {"uv": [3.875, 9.875, 3.75, 9.375], "texture": "#1"},
				"down": {"uv": [4, 9.375, 3.875, 9.875], "texture": "#1"}
			}
		},
		{
			"from": [1, 1, 12],
			"to": [2, 11, 16],
			"rotation": {"angle": 0, "axis": "y", "origin": [0, -4, 0]},
			"faces": {
				"north": {"uv": [4.125, 8.25, 4.25, 9.5], "texture": "#1"},
				"east": {"uv": [3, 4.875, 3.5, 6.125], "texture": "#1"},
				"south": {"uv": [6.5, 8.25, 6.625, 9.5], "texture": "#1"},
				"west": {"uv": [3.5, 4.875, 4, 6.125], "texture": "#1"},
				"up": {"uv": [9.25, 9.625, 9.125, 9.125], "texture": "#1"},
				"down": {"uv": [9.375, 9.125, 9.25, 9.625], "texture": "#1"}
			}
		},
		{
			"from": [0, 1, 13.5],
			"to": [1, 11, 14.5],
			"rotation": {"angle": 0, "axis": "y", "origin": [0, -4, 0]},
			"faces": {
				"north": {"uv": [0.5, 8.375, 0.625, 9.625], "texture": "#1"},
				"east": {"uv": [0.625, 8.375, 0.75, 9.625], "texture": "#1"},
				"south": {"uv": [0.75, 8.375, 0.875, 9.625], "texture": "#1"},
				"west": {"uv": [0.875, 8.375, 1, 9.625], "texture": "#1"},
				"up": {"uv": [10.75, 6, 10.625, 5.875], "texture": "#1"},
				"down": {"uv": [6.125, 10.625, 6, 10.75], "texture": "#1"}
			}
		},
		{
			"from": [2, 0.1, 11],
			"to": [14, 11.1, 12],
			"rotation": {"angle": 0, "axis": "y", "origin": [0, -4, 0]},
			"faces": {
				"north": {"uv": [2, 3, 3.5, 4.375], "texture": "#1"},
				"east": {"uv": [6.25, 8, 6.375, 9.375], "texture": "#1"},
				"south": {"uv": [3.5, 3, 5, 4.375], "texture": "#1"},
				"west": {"uv": [6.375, 8, 6.5, 9.375], "texture": "#1"},
				"up": {"uv": [9, 1.625, 7.5, 1.5], "texture": "#1"},
				"down": {"uv": [9, 1.625, 7.5, 1.75], "texture": "#1"}
			}
		},
		{
			"from": [2, 5.5, 14.75],
			"to": [4, 6.5, 15.75],
			"rotation": {"angle": 0, "axis": "y", "origin": [0, -4, 0]},
			"faces": {
				"north": {"uv": [10.5, 0.625, 10.75, 0.75], "texture": "#1"},
				"east": {"uv": [10.625, 5.625, 10.75, 5.75], "texture": "#1"},
				"south": {"uv": [0.75, 10.5, 1, 10.625], "texture": "#1"},
				"west": {"uv": [5.75, 10.625, 5.875, 10.75], "texture": "#1"},
				"up": {"uv": [10.75, 0.875, 10.5, 0.75], "texture": "#1"},
				"down": {"uv": [10.75, 0.875, 10.5, 1], "texture": "#1"}
			}
		},
		{
			"from": [2, 6, 12],
			"to": [14, 7, 16],
			"rotation": {"angle": 0, "axis": "y", "origin": [0, -4, 0]},
			"faces": {
				"north": {"uv": [7.5, 1.75, 9, 1.875], "texture": "#1"},
				"east": {"uv": [9.125, 2, 9.625, 2.125], "texture": "#1"},
				"south": {"uv": [7.5, 1.875, 9, 2], "texture": "#1"},
				"west": {"uv": [9.125, 7, 9.625, 7.125], "texture": "#1"},
				"up": {"uv": [1.5, 5.375, 0, 4.875], "texture": "#1"},
				"down": {"uv": [3, 4.875, 1.5, 5.375], "texture": "#1"}
			}
		},
		{
			"from": [5, 5, 15],
			"to": [11, 6, 16],
			"rotation": {"angle": 0, "axis": "y", "origin": [0, -4, 0]},
			"faces": {
				"north": {"uv": [8.75, 5.5, 9.5, 5.625], "texture": "#1"},
				"east": {"uv": [10.625, 5.5, 10.75, 5.625], "texture": "#1"},
				"south": {"uv": [8.75, 5.625, 9.5, 5.75], "texture": "#1"},
				"west": {"uv": [5.625, 10.625, 5.75, 10.75], "texture": "#1"},
				"up": {"uv": [9.5, 5.875, 8.75, 5.75], "texture": "#1"},
				"down": {"uv": [9.5, 5.875, 8.75, 6], "texture": "#1"}
			}
		},
		{
			"from": [7, 4.5, 14.75],
			"to": [9, 5.5, 15.75],
			"rotation": {"angle": 0, "axis": "y", "origin": [0, -4, 0]},
			"faces": {
				"north": {"uv": [10.5, 0.25, 10.75, 0.375], "texture": "#1"},
				"east": {"uv": [5.375, 10.625, 5.5, 10.75], "texture": "#1"},
				"south": {"uv": [10.5, 0.375, 10.75, 0.5], "texture": "#1"},
				"west": {"uv": [5.5, 10.625, 5.625, 10.75], "texture": "#1"},
				"up": {"uv": [0.75, 10.625, 0.5, 10.5], "texture": "#1"},
				"down": {"uv": [10.75, 0.5, 10.5, 0.625], "texture": "#1"}
			}
		},
		{
			"from": [12, 5.5, 14.75],
			"to": [14, 6.5, 15.75],
			"rotation": {"angle": 0, "axis": "y", "origin": [0, -4, 0]},
			"faces": {
				"north": {"uv": [10.375, 10.25, 10.625, 10.375], "texture": "#1"},
				"east": {"uv": [5.125, 10.625, 5.25, 10.75], "texture": "#1"},
				"south": {"uv": [10.375, 10.375, 10.625, 10.5], "texture": "#1"},
				"west": {"uv": [5.25, 10.625, 5.375, 10.75], "texture": "#1"},
				"up": {"uv": [10.75, 0.125, 10.5, 0], "texture": "#1"},
				"down": {"uv": [10.75, 0.125, 10.5, 0.25], "texture": "#1"}
			}
		},
		{
			"from": [12, 10.5, 14.75],
			"to": [14, 11.5, 15.75],
			"rotation": {"angle": 0, "axis": "y", "origin": [0, -4, 0]},
			"faces": {
				"north": {"uv": [10.375, 8.5, 10.625, 8.625], "texture": "#1"},
				"east": {"uv": [10.625, 1.625, 10.75, 1.75], "texture": "#1"},
				"south": {"uv": [10.375, 8.625, 10.625, 8.75], "texture": "#1"},
				"west": {"uv": [1.75, 10.625, 1.875, 10.75], "texture": "#1"},
				"up": {"uv": [10.625, 8.875, 10.375, 8.75], "texture": "#1"},
				"down": {"uv": [10.625, 8.875, 10.375, 9], "texture": "#1"}
			}
		},
		{
			"from": [5, 10, 15],
			"to": [11, 11, 16],
			"rotation": {"angle": 0, "axis": "y", "origin": [0, -4, 0]},
			"faces": {
				"north": {"uv": [8.75, 3.625, 9.5, 3.75], "texture": "#1"},
				"east": {"uv": [1.375, 10.625, 1.5, 10.75], "texture": "#1"},
				"south": {"uv": [8.75, 3.75, 9.5, 3.875], "texture": "#1"},
				"west": {"uv": [1.5, 10.625, 1.625, 10.75], "texture": "#1"},
				"up": {"uv": [9.5, 4, 8.75, 3.875], "texture": "#1"},
				"down": {"uv": [5.875, 8.75, 5.125, 8.875], "texture": "#1"}
			}
		},
		{
			"from": [7, 9.5, 14.75],
			"to": [9, 10.5, 15.75],
			"rotation": {"angle": 0, "axis": "y", "origin": [0, -4, 0]},
			"faces": {
				"north": {"uv": [10.375, 6.125, 10.625, 6.25], "texture": "#1"},
				"east": {"uv": [10.625, 1.5, 10.75, 1.625], "texture": "#1"},
				"south": {"uv": [10.375, 6.625, 10.625, 6.75], "texture": "#1"},
				"west": {"uv": [1.625, 10.625, 1.75, 10.75], "texture": "#1"},
				"up": {"uv": [10.625, 6.875, 10.375, 6.75], "texture": "#1"},
				"down": {"uv": [10.625, 6.875, 10.375, 7], "texture": "#1"}
			}
		},
		{
			"from": [2, 10.5, 14.75],
			"to": [4, 11.5, 15.75],
			"rotation": {"angle": 0, "axis": "y", "origin": [0, -4, 0]},
			"faces": {
				"north": {"uv": [10.375, 9.375, 10.625, 9.5], "texture": "#1"},
				"east": {"uv": [10.625, 1.75, 10.75, 1.875], "texture": "#1"},
				"south": {"uv": [10.375, 9.5, 10.625, 9.625], "texture": "#1"},
				"west": {"uv": [1.875, 10.625, 2, 10.75], "texture": "#1"},
				"up": {"uv": [10.625, 9.75, 10.375, 9.625], "texture": "#1"},
				"down": {"uv": [10, 10.375, 9.75, 10.5], "texture": "#1"}
			}
		},
		{
			"from": [0, 12, 12],
			"to": [16, 16, 16],
			"rotation": {"angle": 0, "axis": "y", "origin": [0, -4, 0]},
			"faces": {
				"north": {"uv": [4, 0.875, 6, 1.375], "texture": "#1"},
				"east": {"uv": [6.875, 0, 7.375, 0.5], "texture": "#1"},
				"south": {"uv": [4, 1.375, 6, 1.875], "texture": "#1"},
				"west": {"uv": [6.875, 3.5, 7.375, 4], "texture": "#1"},
				"up": {"uv": [6, 2.375, 4, 1.875], "texture": "#1"},
				"down": {"uv": [6, 2.375, 4, 2.875], "texture": "#1"}
			}
		},
		{
			"name": "floor",
			"from": [0, 0, 0],
			"to": [16, 0.25, 12],
			"rotation": {"angle": 0, "axis": "y", "origin": [0, -4, 0]},
			"faces": {
				"north": {"uv": [6.875, 4.75, 8.875, 4.875], "texture": "#1"},
				"east": {"uv": [7.5, 2, 9, 2.125], "texture": "#1"},
				"south": {"uv": [6.875, 4.875, 8.875, 5], "texture": "#1"},
				"west": {"uv": [7.5, 2.125, 9, 2.25], "texture": "#1"},
				"up": {"uv": [4, 1.5, 2, 0], "texture": "#1"},
				"down": {"uv": [4, 1.5, 2, 3], "texture": "#1"}
			}
		},
		{
			"from": [13, 0.1, 2],
			"to": [14, 9.1, 3],
			"rotation": {"angle": 0, "axis": "y", "origin": [-1.5, -0.9, 1.25]},
			"faces": {
				"north": {"uv": [1, 8.375, 1.125, 9.5], "texture": "#1"},
				"east": {"uv": [1.125, 8.375, 1.25, 9.5], "texture": "#1"},
				"south": {"uv": [1.25, 8.375, 1.375, 9.5], "texture": "#1"},
				"west": {"uv": [1.375, 8.375, 1.5, 9.5], "texture": "#1"},
				"up": {"uv": [10.625, 7.625, 10.5, 7.5], "texture": "#1"},
				"down": {"uv": [10.625, 7.625, 10.5, 7.75], "texture": "#1"}
			}
		},
		{
			"from": [12.5, 9.1, 1.5],
			"to": [14.5, 11.1, 3.5],
			"rotation": {"angle": 45, "axis": "z", "origin": [13.5, 10.1, 2.25]},
			"faces": {
				"north": {"uv": [1.75, 4, 2, 4.25], "texture": "#1"},
				"east": {"uv": [5.75, 0.625, 6, 0.875], "texture": "#1"},
				"south": {"uv": [6, 3.75, 6.25, 4], "texture": "#1"},
				"west": {"uv": [6.5, 3.5, 6.75, 3.75], "texture": "#1"},
				"up": {"uv": [4.875, 6.875, 4.625, 6.625], "texture": "#1"},
				"down": {"uv": [4.875, 6.875, 4.625, 7.125], "texture": "#1"}
			}
		},
		{
			"from": [13, 9.6, 1.25],
			"to": [14, 10.6, 2.25],
			"rotation": {"angle": 45, "axis": "z", "origin": [13.5, 10.1, 1.25]},
			"faces": {
				"north": {"uv": [10.5, 7.75, 10.625, 7.875], "texture": "#1"},
				"east": {"uv": [10.5, 7.875, 10.625, 8], "texture": "#1"},
				"south": {"uv": [8, 10.5, 8.125, 10.625], "texture": "#1"},
				"west": {"uv": [10.5, 8, 10.625, 8.125], "texture": "#1"},
				"up": {"uv": [8.25, 10.625, 8.125, 10.5], "texture": "#1"},
				"down": {"uv": [10.625, 8.125, 10.5, 8.25], "texture": "#1"}
			}
		},
		{
			"from": [13, 9.6, 2.75],
			"to": [14, 10.6, 3.75],
			"rotation": {"angle": 45, "axis": "z", "origin": [13.5, 10.1, 1.25]},
			"faces": {
				"north": {"uv": [8.25, 10.5, 8.375, 10.625], "texture": "#1"},
				"east": {"uv": [10.5, 8.25, 10.625, 8.375], "texture": "#1"},
				"south": {"uv": [8.375, 10.5, 8.5, 10.625], "texture": "#1"},
				"west": {"uv": [10.5, 8.375, 10.625, 8.5], "texture": "#1"},
				"up": {"uv": [8.625, 10.625, 8.5, 10.5], "texture": "#1"},
				"down": {"uv": [8.75, 10.5, 8.625, 10.625], "texture": "#1"}
			}
		},
		{
			"from": [13.53033, 9.06967, 2],
			"to": [14.53033, 10.06967, 3],
			"rotation": {"angle": 45, "axis": "z", "origin": [14.03033, 9.56967, 2.5]},
			"faces": {
				"north": {"uv": [8.75, 10.5, 8.875, 10.625], "texture": "#1"},
				"east": {"uv": [10.5, 9, 10.625, 9.125], "texture": "#1"},
				"south": {"uv": [10.5, 9.125, 10.625, 9.25], "texture": "#1"},
				"west": {"uv": [10.5, 9.25, 10.625, 9.375], "texture": "#1"},
				"up": {"uv": [9.625, 10.625, 9.5, 10.5], "texture": "#1"},
				"down": {"uv": [9.75, 10.5, 9.625, 10.625], "texture": "#1"}
			}
		},
		{
			"from": [12.25, 9.6, 2],
			"to": [13.25, 10.6, 3],
			"rotation": {"angle": 45, "axis": "z", "origin": [13.5, 10.1, 1.25]},
			"faces": {
				"north": {"uv": [9.75, 10.5, 9.875, 10.625], "texture": "#1"},
				"east": {"uv": [10.5, 9.75, 10.625, 9.875], "texture": "#1"},
				"south": {"uv": [9.875, 10.5, 10, 10.625], "texture": "#1"},
				"west": {"uv": [10.5, 9.875, 10.625, 10], "texture": "#1"},
				"up": {"uv": [10.625, 10.125, 10.5, 10], "texture": "#1"},
				"down": {"uv": [10.625, 10.125, 10.5, 10.25], "texture": "#1"}
			}
		},
		{
			"from": [13.75, 9.6, 2],
			"to": [14.75, 10.6, 3],
			"rotation": {"angle": 45, "axis": "z", "origin": [13.5, 10.1, 1.25]},
			"faces": {
				"north": {"uv": [10.375, 10.5, 10.5, 10.625], "texture": "#1"},
				"east": {"uv": [10.5, 10.5, 10.625, 10.625], "texture": "#1"},
				"south": {"uv": [0.375, 10.625, 0.5, 10.75], "texture": "#1"},
				"west": {"uv": [0.5, 10.625, 0.625, 10.75], "texture": "#1"},
				"up": {"uv": [0.75, 10.75, 0.625, 10.625], "texture": "#1"},
				"down": {"uv": [0.875, 10.625, 0.75, 10.75], "texture": "#1"}
			}
		},
		{
			"from": [13, 10.35, 2],
			"to": [14, 11.35, 3],
			"rotation": {"angle": 45, "axis": "z", "origin": [13.5, 10.1, 1.25]},
			"faces": {
				"north": {"uv": [0.875, 10.625, 1, 10.75], "texture": "#1"},
				"east": {"uv": [1, 10.625, 1.125, 10.75], "texture": "#1"},
				"south": {"uv": [1.125, 10.625, 1.25, 10.75], "texture": "#1"},
				"west": {"uv": [10.625, 1.125, 10.75, 1.25], "texture": "#1"},
				"up": {"uv": [1.375, 10.75, 1.25, 10.625], "texture": "#1"},
				"down": {"uv": [10.75, 1.25, 10.625, 1.375], "texture": "#1"}
			}
		},
		{
			"from": [2, 0.1, 2],
			"to": [3, 9.1, 3],
			"rotation": {"angle": 0, "axis": "y", "origin": [17.5, -0.9, 1.25]},
			"faces": {
				"north": {"uv": [1.5, 8.375, 1.625, 9.5], "texture": "#1"},
				"east": {"uv": [1.625, 8.375, 1.75, 9.5], "texture": "#1"},
				"south": {"uv": [1.75, 8.375, 1.875, 9.5], "texture": "#1"},
				"west": {"uv": [4.25, 8.375, 4.375, 9.5], "texture": "#1"},
				"up": {"uv": [10.75, 6.25, 10.625, 6.125], "texture": "#1"},
				"down": {"uv": [6.375, 10.625, 6.25, 10.75], "texture": "#1"}
			}
		},
		{
			"from": [1.5, 9.1, 1.5],
			"to": [3.5, 11.1, 3.5],
			"rotation": {"angle": -45, "axis": "z", "origin": [2.5, 10.1, 2.25]},
			"faces": {
				"north": {"uv": [6.875, 5.5, 7.125, 5.75], "texture": "#1"},
				"east": {"uv": [5.625, 7.125, 5.875, 7.375], "texture": "#1"},
				"south": {"uv": [7.5, 3.25, 7.75, 3.5], "texture": "#1"},
				"west": {"uv": [5.375, 7.625, 5.625, 7.875], "texture": "#1"},
				"up": {"uv": [4.5, 8, 4.25, 7.75], "texture": "#1"},
				"down": {"uv": [4.625, 9.375, 4.375, 9.625], "texture": "#1"}
			}
		},
		{
			"from": [2, 9.6, 1.25],
			"to": [3, 10.6, 2.25],
			"rotation": {"angle": -45, "axis": "z", "origin": [2.5, 10.1, 1.25]},
			"faces": {
				"north": {"uv": [10.625, 6.25, 10.75, 6.375], "texture": "#1"},
				"east": {"uv": [6.375, 10.625, 6.5, 10.75], "texture": "#1"},
				"south": {"uv": [10.625, 6.375, 10.75, 6.5], "texture": "#1"},
				"west": {"uv": [6.5, 10.625, 6.625, 10.75], "texture": "#1"},
				"up": {"uv": [10.75, 6.625, 10.625, 6.5], "texture": "#1"},
				"down": {"uv": [6.75, 10.625, 6.625, 10.75], "texture": "#1"}
			}
		},
		{
			"from": [2, 9.6, 2.75],
			"to": [3, 10.6, 3.75],
			"rotation": {"angle": -45, "axis": "z", "origin": [2.5, 10.1, 1.25]},
			"faces": {
				"north": {"uv": [10.625, 6.625, 10.75, 6.75], "texture": "#1"},
				"east": {"uv": [6.75, 10.625, 6.875, 10.75], "texture": "#1"},
				"south": {"uv": [10.625, 6.75, 10.75, 6.875], "texture": "#1"},
				"west": {"uv": [6.875, 10.625, 7, 10.75], "texture": "#1"},
				"up": {"uv": [10.75, 7, 10.625, 6.875], "texture": "#1"},
				"down": {"uv": [7.125, 10.625, 7, 10.75], "texture": "#1"}
			}
		},
		{
			"from": [1.46967, 9.06967, 2],
			"to": [2.46967, 10.06967, 3],
			"rotation": {"angle": -45, "axis": "z", "origin": [1.96967, 9.56967, 2.5]},
			"faces": {
				"north": {"uv": [10.625, 7, 10.75, 7.125], "texture": "#1"},
				"east": {"uv": [7.125, 10.625, 7.25, 10.75], "texture": "#1"},
				"south": {"uv": [10.625, 7.125, 10.75, 7.25], "texture": "#1"},
				"west": {"uv": [7.25, 10.625, 7.375, 10.75], "texture": "#1"},
				"up": {"uv": [10.75, 7.375, 10.625, 7.25], "texture": "#1"},
				"down": {"uv": [7.5, 10.625, 7.375, 10.75], "texture": "#1"}
			}
		},
		{
			"from": [2.75, 9.6, 2],
			"to": [3.75, 10.6, 3],
			"rotation": {"angle": -45, "axis": "z", "origin": [2.5, 10.1, 1.25]},
			"faces": {
				"north": {"uv": [10.625, 7.375, 10.75, 7.5], "texture": "#1"},
				"east": {"uv": [7.5, 10.625, 7.625, 10.75], "texture": "#1"},
				"south": {"uv": [10.625, 7.5, 10.75, 7.625], "texture": "#1"},
				"west": {"uv": [7.625, 10.625, 7.75, 10.75], "texture": "#1"},
				"up": {"uv": [10.75, 7.75, 10.625, 7.625], "texture": "#1"},
				"down": {"uv": [7.875, 10.625, 7.75, 10.75], "texture": "#1"}
			}
		},
		{
			"from": [1.25, 9.6, 2],
			"to": [2.25, 10.6, 3],
			"rotation": {"angle": -45, "axis": "z", "origin": [2.5, 10.1, 1.25]},
			"faces": {
				"north": {"uv": [10.625, 7.75, 10.75, 7.875], "texture": "#1"},
				"east": {"uv": [7.875, 10.625, 8, 10.75], "texture": "#1"},
				"south": {"uv": [10.625, 7.875, 10.75, 8], "texture": "#1"},
				"west": {"uv": [8, 10.625, 8.125, 10.75], "texture": "#1"},
				"up": {"uv": [10.75, 8.125, 10.625, 8], "texture": "#1"},
				"down": {"uv": [8.25, 10.625, 8.125, 10.75], "texture": "#1"}
			}
		},
		{
			"from": [2, 10.35, 2],
			"to": [3, 11.35, 3],
			"rotation": {"angle": -45, "axis": "z", "origin": [2.5, 10.1, 1.25]},
			"faces": {
				"north": {"uv": [10.625, 8.125, 10.75, 8.25], "texture": "#1"},
				"east": {"uv": [8.25, 10.625, 8.375, 10.75], "texture": "#1"},
				"south": {"uv": [10.625, 8.25, 10.75, 8.375], "texture": "#1"},
				"west": {"uv": [8.375, 10.625, 8.5, 10.75], "texture": "#1"},
				"up": {"uv": [10.75, 8.5, 10.625, 8.375], "texture": "#1"},
				"down": {"uv": [8.625, 10.625, 8.5, 10.75], "texture": "#1"}
			}
		},
		{
			"from": [1.5, 12.75, 10],
			"to": [7.5, 13.25, 12],
			"faces": {
				"north": {"uv": [8.75, 3.375, 9.5, 3.5], "texture": "#1"},
				"east": {"uv": [1.75, 4.25, 2, 4.375], "texture": "#1"},
				"south": {"uv": [8.75, 3.5, 9.5, 3.625], "texture": "#1"},
				"west": {"uv": [6, 4, 6.25, 4.125], "texture": "#1"},
				"up": {"uv": [8.25, 1.25, 7.5, 1], "texture": "#1"},
				"down": {"uv": [8.25, 1.25, 7.5, 1.5], "texture": "#1"}
			}
		},
		{
			"from": [1.5, 12.75, 9.5],
			"to": [7.5, 14.75, 10],
			"faces": {
				"north": {"uv": [5, 4.125, 5.75, 4.375], "texture": "#1"},
				"east": {"uv": [6.75, 3.5, 6.875, 3.75], "texture": "#1"},
				"south": {"uv": [7.375, 7.25, 8.125, 7.5], "texture": "#1"},
				"west": {"uv": [7.75, 3.25, 7.875, 3.5], "texture": "#1"},
				"up": {"uv": [9.125, 8.75, 8.375, 8.625], "texture": "#1"},
				"down": {"uv": [9.5, 3.25, 8.75, 3.375], "texture": "#1"}
			}
		},
		{
			"from": [3.5, 13.25, 8.9],
			"to": [5.5, 13.75, 9.9],
			"faces": {
				"north": {"uv": [6.125, 7.375, 6.375, 7.5], "texture": "#1"},
				"east": {"uv": [10.5, 5.5, 10.625, 5.625], "texture": "#1"},
				"south": {"uv": [5.875, 7.875, 6.125, 8], "texture": "#1"},
				"west": {"uv": [10.5, 5.625, 10.625, 5.75], "texture": "#1"},
				"up": {"uv": [5, 8.125, 4.75, 8], "texture": "#1"},
				"down": {"uv": [5.375, 8.125, 5.125, 8.25], "texture": "#1"}
			}
		},
		{
			"from": [4.25, 13.25, 10],
			"to": [4.75, 14.25, 12],
			"faces": {
				"north": {"uv": [7.375, 10.5, 7.5, 10.625], "texture": "#1"},
				"east": {"uv": [10.25, 7, 10.5, 7.125], "texture": "#1"},
				"south": {"uv": [10.5, 7.375, 10.625, 7.5], "texture": "#1"},
				"west": {"uv": [10.25, 9, 10.5, 9.125], "texture": "#1"},
				"up": {"uv": [4.125, 10.625, 4, 10.375], "texture": "#1"},
				"down": {"uv": [5.75, 10.375, 5.625, 10.625], "texture": "#1"}
			}
		},
		{
			"from": [7, 13.25, 10],
			"to": [7.5, 14.25, 12],
			"faces": {
				"north": {"uv": [10.625, 6, 10.75, 6.125], "texture": "#1"},
				"east": {"uv": [1, 10.5, 1.25, 10.625], "texture": "#1"},
				"south": {"uv": [6.125, 10.625, 6.25, 10.75], "texture": "#1"},
				"west": {"uv": [10.5, 1, 10.75, 1.125], "texture": "#1"},
				"up": {"uv": [10.125, 10.625, 10, 10.375], "texture": "#1"},
				"down": {"uv": [10.625, 1.125, 10.5, 1.375], "texture": "#1"}
			}
		},
		{
			"from": [1.5, 13.25, 10],
			"to": [2, 14.25, 12],
			"faces": {
				"north": {"uv": [3.75, 8.125, 3.875, 8.25], "texture": "#1"},
				"east": {"uv": [6.25, 0.5, 6.5, 0.625], "texture": "#1"},
				"south": {"uv": [8.5, 0.875, 8.625, 1], "texture": "#1"},
				"west": {"uv": [6.375, 6.875, 6.625, 7], "texture": "#1"},
				"up": {"uv": [3.875, 10.625, 3.75, 10.375], "texture": "#1"},
				"down": {"uv": [4, 10.375, 3.875, 10.625], "texture": "#1"}
			}
		},
		{
			"from": [10, 14.25, 11.5],
			"to": [15, 15.25, 12.5],
			"faces": {
				"north": {"uv": [8.75, 6.5, 9.375, 6.625], "texture": "#1"},
				"east": {"uv": [0.375, 7.5, 0.5, 7.625], "texture": "#1"},
				"south": {"uv": [8.75, 6.625, 9.375, 6.75], "texture": "#1"},
				"west": {"uv": [1.875, 7.625, 2, 7.75], "texture": "#1"},
				"up": {"uv": [9.375, 6.875, 8.75, 6.75], "texture": "#1"},
				"down": {"uv": [9.375, 6.875, 8.75, 7], "texture": "#1"}
			}
		},
		{
			"from": [12, 14.5, 11.15],
			"to": [13, 15, 12.15],
			"faces": {
				"north": {"uv": [7, 10.5, 7.125, 10.625], "texture": "#1"},
				"east": {"uv": [10.5, 7, 10.625, 7.125], "texture": "#1"},
				"south": {"uv": [7.125, 10.5, 7.25, 10.625], "texture": "#1"},
				"west": {"uv": [10.5, 7.125, 10.625, 7.25], "texture": "#1"},
				"up": {"uv": [7.375, 10.625, 7.25, 10.5], "texture": "#1"},
				"down": {"uv": [10.625, 7.25, 10.5, 7.375], "texture": "#1"}
			}
		},
		{
			"from": [10, 12.75, 11.5],
			"to": [15, 13.75, 12.5],
			"faces": {
				"north": {"uv": [8.75, 6, 9.375, 6.125], "texture": "#1"},
				"east": {"uv": [0.5, 7, 0.625, 7.125], "texture": "#1"},
				"south": {"uv": [8.75, 6.125, 9.375, 6.25], "texture": "#1"},
				"west": {"uv": [2, 7.125, 2.125, 7.25], "texture": "#1"},
				"up": {"uv": [9.375, 6.375, 8.75, 6.25], "texture": "#1"},
				"down": {"uv": [9.375, 6.375, 8.75, 6.5], "texture": "#1"}
			}
		},
		{
			"from": [12, 13, 11.15],
			"to": [13, 13.5, 12.15],
			"faces": {
				"north": {"uv": [10.5, 5.75, 10.625, 5.875], "texture": "#1"},
				"east": {"uv": [10.5, 5.875, 10.625, 6], "texture": "#1"},
				"south": {"uv": [10.5, 6.25, 10.625, 6.375], "texture": "#1"},
				"west": {"uv": [10.5, 6.375, 10.625, 6.5], "texture": "#1"},
				"up": {"uv": [10.625, 6.625, 10.5, 6.5], "texture": "#1"},
				"down": {"uv": [7, 10.5, 6.875, 10.625], "texture": "#1"}
			}
		},
		{
			"from": [4.75, 13.25, 10.5],
			"to": [7, 14.5, 10.5],
			"faces": {
				"north": {"uv": [10.25, 9.75, 10.5, 9.875], "texture": "#1"},
				"east": {"uv": [0, 0, 0, 0.125], "texture": "#1"},
				"south": {"uv": [10.375, 6, 10.625, 6.125], "texture": "#1"},
				"west": {"uv": [0, 0, 0, 0.125], "texture": "#1"},
				"up": {"uv": [0.25, 0, 0, 0], "texture": "#1"},
				"down": {"uv": [0.25, 0, 0, 0], "texture": "#1"}
			}
		},
		{
			"from": [4.75, 13.25, 10.75],
			"to": [7, 14.5, 10.75],
			"faces": {
				"north": {"uv": [10.5, 3.5, 10.75, 3.625], "texture": "#1"},
				"east": {"uv": [0, 0, 0, 0.125], "texture": "#1"},
				"south": {"uv": [10.5, 3.625, 10.75, 3.75], "texture": "#1"},
				"west": {"uv": [0, 0, 0, 0.125], "texture": "#1"},
				"up": {"uv": [0.25, 0, 0, 0], "texture": "#1"},
				"down": {"uv": [0.25, 0, 0, 0], "texture": "#1"}
			}
		},
		{
			"from": [4.75, 13.25, 11],
			"to": [7, 14.5, 11],
			"faces": {
				"north": {"uv": [10.5, 3.75, 10.75, 3.875], "texture": "#1"},
				"east": {"uv": [0, 0, 0, 0.125], "texture": "#1"},
				"south": {"uv": [10.5, 3.875, 10.75, 4], "texture": "#1"},
				"west": {"uv": [0, 0, 0, 0.125], "texture": "#1"},
				"up": {"uv": [0.25, 0, 0, 0], "texture": "#1"},
				"down": {"uv": [0.25, 0, 0, 0], "texture": "#1"}
			}
		},
		{
			"from": [4.75, 13.25, 11.25],
			"to": [7, 14.5, 11.25],
			"faces": {
				"north": {"uv": [10.5, 4, 10.75, 4.125], "texture": "#1"},
				"east": {"uv": [0, 0, 0, 0.125], "texture": "#1"},
				"south": {"uv": [4.125, 10.5, 4.375, 10.625], "texture": "#1"},
				"west": {"uv": [0, 0, 0, 0.125], "texture": "#1"},
				"up": {"uv": [0.25, 0, 0, 0], "texture": "#1"},
				"down": {"uv": [0.25, 0, 0, 0], "texture": "#1"}
			}
		},
		{
			"from": [4.75, 13.5, 11.5],
			"to": [7, 14.75, 11.5],
			"faces": {
				"north": {"uv": [10.5, 4.125, 10.75, 4.25], "texture": "#1"},
				"east": {"uv": [0, 0, 0, 0.125], "texture": "#1"},
				"south": {"uv": [10.5, 4.25, 10.75, 4.375], "texture": "#1"},
				"west": {"uv": [0, 0, 0, 0.125], "texture": "#1"},
				"up": {"uv": [0.25, 0, 0, 0], "texture": "#1"},
				"down": {"uv": [0.25, 0, 0, 0], "texture": "#1"}
			}
		},
		{
			"from": [4.75, 13.25, 11.75],
			"to": [7, 14.5, 11.75],
			"faces": {
				"north": {"uv": [4.375, 10.5, 4.625, 10.625], "texture": "#1"},
				"east": {"uv": [0, 0, 0, 0.125], "texture": "#1"},
				"south": {"uv": [10.5, 4.375, 10.75, 4.5], "texture": "#1"},
				"west": {"uv": [0, 0, 0, 0.125], "texture": "#1"},
				"up": {"uv": [0.25, 0, 0, 0], "texture": "#1"},
				"down": {"uv": [0.25, 0, 0, 0], "texture": "#1"}
			}
		},
		{
			"from": [2, 13.25, 11.75],
			"to": [4.25, 14.5, 11.75],
			"faces": {
				"north": {"uv": [10.5, 4.5, 10.75, 4.625], "texture": "#1"},
				"east": {"uv": [0, 0, 0, 0.125], "texture": "#1"},
				"south": {"uv": [4.625, 10.5, 4.875, 10.625], "texture": "#1"},
				"west": {"uv": [0, 0, 0, 0.125], "texture": "#1"},
				"up": {"uv": [0.25, 0, 0, 0], "texture": "#1"},
				"down": {"uv": [0.25, 0, 0, 0], "texture": "#1"}
			}
		},
		{
			"from": [2, 13.25, 11.5],
			"to": [4.25, 14.5, 11.5],
			"faces": {
				"north": {"uv": [10.5, 4.625, 10.75, 4.75], "texture": "#1"},
				"east": {"uv": [0, 0, 0, 0.125], "texture": "#1"},
				"south": {"uv": [10.5, 4.75, 10.75, 4.875], "texture": "#1"},
				"west": {"uv": [0, 0, 0, 0.125], "texture": "#1"},
				"up": {"uv": [0.25, 0, 0, 0], "texture": "#1"},
				"down": {"uv": [0.25, 0, 0, 0], "texture": "#1"}
			}
		},
		{
			"from": [2, 13.25, 11.25],
			"to": [4.25, 14.5, 11.25],
			"faces": {
				"north": {"uv": [4.875, 10.5, 5.125, 10.625], "texture": "#1"},
				"east": {"uv": [0, 0, 0, 0.125], "texture": "#1"},
				"south": {"uv": [10.5, 4.875, 10.75, 5], "texture": "#1"},
				"west": {"uv": [0, 0, 0, 0.125], "texture": "#1"},
				"up": {"uv": [0.25, 0, 0, 0], "texture": "#1"},
				"down": {"uv": [0.25, 0, 0, 0], "texture": "#1"}
			}
		},
		{
			"from": [2, 13.5, 11],
			"to": [4.25, 14.75, 11],
			"faces": {
				"north": {"uv": [10.5, 5, 10.75, 5.125], "texture": "#1"},
				"east": {"uv": [0, 0, 0, 0.125], "texture": "#1"},
				"south": {"uv": [5.125, 10.5, 5.375, 10.625], "texture": "#1"},
				"west": {"uv": [0, 0, 0, 0.125], "texture": "#1"},
				"up": {"uv": [0.25, 0, 0, 0], "texture": "#1"},
				"down": {"uv": [0.25, 0, 0, 0], "texture": "#1"}
			}
		},
		{
			"from": [2, 13.25, 10.75],
			"to": [4.25, 14.5, 10.75],
			"faces": {
				"north": {"uv": [10.5, 5.125, 10.75, 5.25], "texture": "#1"},
				"east": {"uv": [0, 0, 0, 0.125], "texture": "#1"},
				"south": {"uv": [10.5, 5.25, 10.75, 5.375], "texture": "#1"},
				"west": {"uv": [0, 0, 0, 0.125], "texture": "#1"},
				"up": {"uv": [0.25, 0, 0, 0], "texture": "#1"},
				"down": {"uv": [0.25, 0, 0, 0], "texture": "#1"}
			}
		},
		{
			"from": [2, 13.25, 10.5],
			"to": [4.25, 14.5, 10.5],
			"faces": {
				"north": {"uv": [5.375, 10.5, 5.625, 10.625], "texture": "#1"},
				"east": {"uv": [0, 0, 0, 0.125], "texture": "#1"},
				"south": {"uv": [10.5, 5.375, 10.75, 5.5], "texture": "#1"},
				"west": {"uv": [0, 0, 0, 0.125], "texture": "#1"},
				"up": {"uv": [0.25, 0, 0, 0], "texture": "#1"},
				"down": {"uv": [0.25, 0, 0, 0], "texture": "#1"}
			}
		},
		{
			"from": [0, 11, 0],
			"to": [16, 12, 16],
			"faces": {
				"north": {"uv": [6.875, 5, 8.875, 5.125], "texture": "#1"},
				"east": {"uv": [6.875, 5.125, 8.875, 5.25], "texture": "#1"},
				"south": {"uv": [6.875, 5.25, 8.875, 5.375], "texture": "#1"},
				"west": {"uv": [6.875, 5.375, 8.875, 5.5], "texture": "#1"},
				"up": {"uv": [2, 2, 0, 0], "texture": "#1"},
				"down": {"uv": [2, 2, 0, 4], "texture": "#1"}
			}
		},
		{
			"from": [1, 11.5, 2],
			"to": [15, 12.5, 9],
			"faces": {
				"north": {"uv": [7.375, 7, 9.125, 7.125], "texture": "#1"},
				"east": {"uv": [8.625, 3, 9.5, 3.125], "texture": "#1"},
				"south": {"uv": [7.375, 7.125, 9.125, 7.25], "texture": "#1"},
				"west": {"uv": [8.625, 3.125, 9.5, 3.25], "texture": "#1"},
				"up": {"uv": [1.75, 4.875, 0, 4], "texture": "#1"},
				"down": {"uv": [5.75, 0, 4, 0.875], "texture": "#1"}
			}
		},
		{
			"from": [-1.1, 12.5, 3.4],
			"to": [0.9, 13.5, 5.4],
			"rotation": {"angle": -45, "axis": "y", "origin": [3, 16, 8]},
			"faces": {
				"north": {"uv": [1.25, 10.5, 1.5, 10.625], "texture": "#1"},
				"east": {"uv": [10.5, 1.375, 10.75, 1.5], "texture": "#1"},
				"south": {"uv": [1.5, 10.5, 1.75, 10.625], "texture": "#1"},
				"west": {"uv": [1.75, 10.5, 2, 10.625], "texture": "#1"},
				"up": {"uv": [6.5, 9.625, 6.25, 9.375], "texture": "#1"},
				"down": {"uv": [9.625, 6.25, 9.375, 6.5], "texture": "#1"}
			}
		},
		{
			"from": [-0.85, 12.75, 3.65],
			"to": [0.65, 13.75, 5.15],
			"rotation": {"angle": -45, "axis": "y", "origin": [3, 16, 8]},
			"faces": {
				"north": {"uv": [2.125, 10.5, 2.375, 10.625], "texture": "#1"},
				"east": {"uv": [2.375, 10.5, 2.625, 10.625], "texture": "#1"},
				"south": {"uv": [10.5, 2.5, 10.75, 2.625], "texture": "#1"},
				"west": {"uv": [2.625, 10.5, 2.875, 10.625], "texture": "#1"},
				"up": {"uv": [9.625, 6.75, 9.375, 6.5], "texture": "#1"},
				"down": {"uv": [9.625, 6.75, 9.375, 7], "texture": "#1"}
			}
		},
		{
			"from": [-1.35, 12.25, 3.9],
			"to": [-0.35, 13.25, 4.9],
			"rotation": {"angle": -45, "axis": "y", "origin": [3, 16, 8]},
			"faces": {
				"north": {"uv": [10.625, 8.5, 10.75, 8.625], "texture": "#1"},
				"east": {"uv": [8.625, 10.625, 8.75, 10.75], "texture": "#1"},
				"south": {"uv": [10.625, 8.625, 10.75, 8.75], "texture": "#1"},
				"west": {"uv": [8.75, 10.625, 8.875, 10.75], "texture": "#1"},
				"up": {"uv": [10.75, 8.875, 10.625, 8.75], "texture": "#1"},
				"down": {"uv": [9, 10.625, 8.875, 10.75], "texture": "#1"}
			}
		},
		{
			"from": [0.15, 12.25, 3.9],
			"to": [1.15, 13.25, 4.9],
			"rotation": {"angle": -45, "axis": "y", "origin": [3, 16, 8]},
			"faces": {
				"north": {"uv": [10.625, 8.875, 10.75, 9], "texture": "#1"},
				"east": {"uv": [9, 10.625, 9.125, 10.75], "texture": "#1"},
				"south": {"uv": [10.625, 9, 10.75, 9.125], "texture": "#1"},
				"west": {"uv": [9.125, 10.625, 9.25, 10.75], "texture": "#1"},
				"up": {"uv": [10.75, 9.25, 10.625, 9.125], "texture": "#1"},
				"down": {"uv": [9.375, 10.625, 9.25, 10.75], "texture": "#1"}
			}
		},
		{
			"from": [-0.6, 12.25, 4.65],
			"to": [0.4, 13.25, 5.65],
			"rotation": {"angle": -45, "axis": "y", "origin": [3, 16, 8]},
			"faces": {
				"north": {"uv": [10.625, 9.25, 10.75, 9.375], "texture": "#1"},
				"east": {"uv": [9.375, 10.625, 9.5, 10.75], "texture": "#1"},
				"south": {"uv": [10.625, 9.375, 10.75, 9.5], "texture": "#1"},
				"west": {"uv": [9.5, 10.625, 9.625, 10.75], "texture": "#1"},
				"up": {"uv": [10.75, 9.625, 10.625, 9.5], "texture": "#1"},
				"down": {"uv": [9.75, 10.625, 9.625, 10.75], "texture": "#1"}
			}
		},
		{
			"from": [-0.6, 12.25, 3.15],
			"to": [0.4, 13.25, 4.15],
			"rotation": {"angle": -45, "axis": "y", "origin": [3, 16, 8]},
			"faces": {
				"north": {"uv": [10.625, 9.625, 10.75, 9.75], "texture": "#1"},
				"east": {"uv": [9.75, 10.625, 9.875, 10.75], "texture": "#1"},
				"south": {"uv": [10.625, 9.75, 10.75, 9.875], "texture": "#1"},
				"west": {"uv": [9.875, 10.625, 10, 10.75], "texture": "#1"},
				"up": {"uv": [10.75, 10, 10.625, 9.875], "texture": "#1"},
				"down": {"uv": [10.125, 10.625, 10, 10.75], "texture": "#1"}
			}
		},
		{
			"from": [12.1, 12.45, 5.5],
			"to": [14.1, 13.7, 7.5],
			"rotation": {"angle": -45, "axis": "y", "origin": [11.5, 16, 6.75]},
			"faces": {
				"north": {"uv": [10.5, 2.625, 10.75, 2.75], "texture": "#1"},
				"east": {"uv": [10.5, 2.75, 10.75, 2.875], "texture": "#1"},
				"south": {"uv": [2.875, 10.5, 3.125, 10.625], "texture": "#1"},
				"west": {"uv": [10.5, 2.875, 10.75, 3], "texture": "#1"},
				"up": {"uv": [7.875, 9.625, 7.625, 9.375], "texture": "#1"},
				"down": {"uv": [8.125, 9.375, 7.875, 9.625], "texture": "#1"}
			}
		},
		{
			"from": [12.35, 12.95, 5.75],
			"to": [13.85, 13.95, 7.25],
			"rotation": {"angle": -45, "axis": "y", "origin": [11.5, 16, 6.75]},
			"faces": {
				"north": {"uv": [10.5, 3, 10.75, 3.125], "texture": "#1"},
				"east": {"uv": [10.5, 3.125, 10.75, 3.25], "texture": "#1"},
				"south": {"uv": [10.5, 3.25, 10.75, 3.375], "texture": "#1"},
				"west": {"uv": [10.5, 3.375, 10.75, 3.5], "texture": "#1"},
				"up": {"uv": [9.625, 8.5, 9.375, 8.25], "texture": "#1"},
				"down": {"uv": [9.625, 9.125, 9.375, 9.375], "texture": "#1"}
			}
		},
		{
			"from": [12.6, 12.45, 5.25],
			"to": [13.6, 13.45, 6.25],
			"rotation": {"angle": -45, "axis": "y", "origin": [11.5, 16, 6.75]},
			"faces": {
				"north": {"uv": [10.625, 10, 10.75, 10.125], "texture": "#1"},
				"east": {"uv": [10.125, 10.625, 10.25, 10.75], "texture": "#1"},
				"south": {"uv": [10.625, 10.125, 10.75, 10.25], "texture": "#1"},
				"west": {"uv": [10.25, 10.625, 10.375, 10.75], "texture": "#1"},
				"up": {"uv": [10.75, 10.375, 10.625, 10.25], "texture": "#1"},
				"down": {"uv": [10.5, 10.625, 10.375, 10.75], "texture": "#1"}
			}
		},
		{
			"from": [12.6, 12.45, 6.75],
			"to": [13.6, 13.45, 7.75],
			"rotation": {"angle": -45, "axis": "y", "origin": [11.5, 16, 6.75]},
			"faces": {
				"north": {"uv": [10.625, 10.375, 10.75, 10.5], "texture": "#1"},
				"east": {"uv": [10.5, 10.625, 10.625, 10.75], "texture": "#1"},
				"south": {"uv": [10.625, 10.5, 10.75, 10.625], "texture": "#1"},
				"west": {"uv": [10.625, 10.625, 10.75, 10.75], "texture": "#1"},
				"up": {"uv": [0.125, 10.875, 0, 10.75], "texture": "#1"},
				"down": {"uv": [10.875, 0, 10.75, 0.125], "texture": "#1"}
			}
		},
		{
			"from": [11.85, 12.45, 6],
			"to": [12.85, 13.45, 7],
			"rotation": {"angle": -45, "axis": "y", "origin": [11.5, 16, 6.75]},
			"faces": {
				"north": {"uv": [0.125, 10.75, 0.25, 10.875], "texture": "#1"},
				"east": {"uv": [10.75, 0.125, 10.875, 0.25], "texture": "#1"},
				"south": {"uv": [0.25, 10.75, 0.375, 10.875], "texture": "#1"},
				"west": {"uv": [10.75, 0.25, 10.875, 0.375], "texture": "#1"},
				"up": {"uv": [0.5, 10.875, 0.375, 10.75], "texture": "#1"},
				"down": {"uv": [10.875, 0.375, 10.75, 0.5], "texture": "#1"}
			}
		},
		{
			"from": [13.35, 12.45, 6],
			"to": [14.35, 13.45, 7],
			"rotation": {"angle": -45, "axis": "y", "origin": [11.5, 16, 6.75]},
			"faces": {
				"north": {"uv": [0.5, 10.75, 0.625, 10.875], "texture": "#1"},
				"east": {"uv": [10.75, 0.5, 10.875, 0.625], "texture": "#1"},
				"south": {"uv": [0.625, 10.75, 0.75, 10.875], "texture": "#1"},
				"west": {"uv": [10.75, 0.625, 10.875, 0.75], "texture": "#1"},
				"up": {"uv": [0.875, 10.875, 0.75, 10.75], "texture": "#1"},
				"down": {"uv": [10.875, 0.75, 10.75, 0.875], "texture": "#1"}
			}
		},
		{
			"from": [1.6875, 1.75, 5.9375],
			"to": [6.6875, 2, 9.9375],
			"rotation": {"angle": -22.5, "axis": "y", "origin": [4.1875, 2.25, 7]},
			"faces": {
				"north": {"uv": [8.375, 8.75, 9, 8.875], "texture": "#1"},
				"east": {"uv": [9.5, 3, 10, 3.125], "texture": "#1"},
				"south": {"uv": [8.75, 8.375, 9.375, 8.5], "texture": "#1"},
				"west": {"uv": [9.5, 3.125, 10, 3.25], "texture": "#1"},
				"up": {"uv": [5.625, 5.375, 5, 4.875], "texture": "#1"},
				"down": {"uv": [0.625, 5.375, 0, 5.875], "texture": "#1"}
			}
		},
		{
			"from": [1.6875, 2.5, 5.9375],
			"to": [6.6875, 2.75, 9.9375],
			"rotation": {"angle": -22.5, "axis": "y", "origin": [4.1875, 2.25, 7]},
			"faces": {
				"north": {"uv": [8.75, 8.5, 9.375, 8.625], "texture": "#1"},
				"east": {"uv": [9.5, 3.75, 10, 3.875], "texture": "#1"},
				"south": {"uv": [8.875, 0.5, 9.5, 0.625], "texture": "#1"},
				"west": {"uv": [9.5, 3.875, 10, 4], "texture": "#1"},
				"up": {"uv": [1.25, 5.875, 0.625, 5.375], "texture": "#1"},
				"down": {"uv": [1.875, 5.375, 1.25, 5.875], "texture": "#1"}
			}
		},
		{
			"from": [2.1875, 2, 6.1875],
			"to": [6.1875, 2.5, 9.6875],
			"rotation": {"angle": -22.5, "axis": "y", "origin": [4.1875, 2.25, 7]},
			"faces": {
				"north": {"uv": [9.5, 3.25, 10, 3.375], "texture": "#1"},
				"east": {"uv": [9.5, 3.375, 10, 3.5], "texture": "#1"},
				"south": {"uv": [9.5, 3.5, 10, 3.625], "texture": "#1"},
				"west": {"uv": [9.5, 3.625, 10, 3.75], "texture": "#1"},
				"up": {"uv": [6.375, 7.375, 5.875, 6.875], "texture": "#1"},
				"down": {"uv": [0.5, 7, 0, 7.5], "texture": "#1"}
			}
		},
		{
			"from": [1.6875, 2, 5.9375],
			"to": [6.6875, 2.5, 6.1875],
			"rotation": {"angle": -22.5, "axis": "y", "origin": [4.1875, 2.25, 7]},
			"faces": {
				"north": {"uv": [8.875, 0.625, 9.5, 0.75], "texture": "#1"},
				"east": {"uv": [1, 10.75, 1.125, 10.875], "texture": "#1"},
				"south": {"uv": [8.875, 0.75, 9.5, 0.875], "texture": "#1"},
				"west": {"uv": [10.75, 1, 10.875, 1.125], "texture": "#1"},
				"up": {"uv": [9.5, 4.125, 8.875, 4], "texture": "#1"},
				"down": {"uv": [9.5, 4.125, 8.875, 4.25], "texture": "#1"}
			}
		},
		{
			"from": [8.4375, 2.25, 11.5625],
			"to": [13.4375, 2.5, 15.5625],
			"rotation": {"angle": 0, "axis": "y", "origin": [10.9375, 0.5, 20.5]},
			"faces": {
				"north": {"uv": [8.375, 9, 9, 9.125], "texture": "#1"},
				"east": {"uv": [9.75, 8.875, 10.25, 9], "texture": "#1"},
				"south": {"uv": [9, 8.75, 9.625, 8.875], "texture": "#1"},
				"west": {"uv": [9.75, 9, 10.25, 9.125], "texture": "#1"},
				"up": {"uv": [6.875, 5.75, 6.25, 5.25], "texture": "#1"},
				"down": {"uv": [6.625, 6.375, 6, 6.875], "texture": "#1"}
			}
		},
		{
			"from": [8.4375, 3, 11.5625],
			"to": [13.4375, 3.25, 15.5625],
			"rotation": {"angle": 0, "axis": "y", "origin": [10.9375, 0.5, 20.5]},
			"faces": {
				"north": {"uv": [9, 8.875, 9.625, 9], "texture": "#1"},
				"east": {"uv": [9.75, 9.625, 10.25, 9.75], "texture": "#1"},
				"south": {"uv": [9, 9, 9.625, 9.125], "texture": "#1"},
				"west": {"uv": [9.75, 9.75, 10.25, 9.875], "texture": "#1"},
				"up": {"uv": [0.625, 7, 0, 6.5], "texture": "#1"},
				"down": {"uv": [7.125, 0.5, 6.5, 1], "texture": "#1"}
			}
		},
		{
			"from": [8.9375, 2.5, 11.8125],
			"to": [12.9375, 3, 15.3125],
			"rotation": {"angle": 0, "axis": "y", "origin": [10.9375, 0.5, 20.5]},
			"faces": {
				"north": {"uv": [0.5, 9.875, 1, 10], "texture": "#1"},
				"east": {"uv": [1, 9.875, 1.5, 10], "texture": "#1"},
				"south": {"uv": [1.5, 9.875, 2, 10], "texture": "#1"},
				"west": {"uv": [2.125, 9.875, 2.625, 10], "texture": "#1"},
				"up": {"uv": [7.625, 6.5, 7.125, 6], "texture": "#1"},
				"down": {"uv": [7.625, 6.5, 7.125, 7], "texture": "#1"}
			}
		},
		{
			"from": [8.4375, 2.5, 15.3125],
			"to": [13.4375, 3, 15.5625],
			"rotation": {"angle": 0, "axis": "y", "origin": [10.9375, 0.5, 20.5]},
			"faces": {
				"north": {"uv": [9.125, 1.5, 9.75, 1.625], "texture": "#1"},
				"east": {"uv": [2.875, 10.75, 3, 10.875], "texture": "#1"},
				"south": {"uv": [9.125, 1.625, 9.75, 1.75], "texture": "#1"},
				"west": {"uv": [10.75, 2.875, 10.875, 3], "texture": "#1"},
				"up": {"uv": [9.75, 1.875, 9.125, 1.75], "texture": "#1"},
				"down": {"uv": [9.75, 1.875, 9.125, 2], "texture": "#1"}
			}
		},
		{
			"from": [5.4, 0.75, 11.5],
			"to": [5.65, 5.75, 15.5],
			"rotation": {"angle": 0, "axis": "x", "origin": [0, 0, 16]},
			"faces": {
				"north": {"uv": [0.25, 8.875, 0.375, 9.5], "texture": "#1"},
				"east": {"uv": [6, 1.875, 6.5, 2.5], "texture": "#1"},
				"south": {"uv": [5.75, 8.875, 5.875, 9.5], "texture": "#1"},
				"west": {"uv": [2.5, 6, 3, 6.625], "texture": "#1"},
				"up": {"uv": [9.75, 7.125, 9.625, 6.625], "texture": "#1"},
				"down": {"uv": [7, 9.625, 6.875, 10.125], "texture": "#1"}
			}
		},
		{
			"from": [4.65, 0.75, 11.5],
			"to": [4.9, 5.75, 15.5],
			"rotation": {"angle": 0, "axis": "x", "origin": [0, 0, 16]},
			"faces": {
				"north": {"uv": [5.875, 8.875, 6, 9.5], "texture": "#1"},
				"east": {"uv": [6, 2.5, 6.5, 3.125], "texture": "#1"},
				"south": {"uv": [6, 8.875, 6.125, 9.5], "texture": "#1"},
				"west": {"uv": [6, 3.125, 6.5, 3.75], "texture": "#1"},
				"up": {"uv": [7.75, 10.125, 7.625, 9.625], "texture": "#1"},
				"down": {"uv": [7.875, 9.625, 7.75, 10.125], "texture": "#1"}
			}
		},
		{
			"from": [4.9, 1.25, 11.75],
			"to": [5.4, 5.25, 15.25],
			"rotation": {"angle": 0, "axis": "x", "origin": [0, 0, 16]},
			"faces": {
				"north": {"uv": [7.875, 9.625, 8, 10.125], "texture": "#1"},
				"east": {"uv": [7.125, 0.5, 7.625, 1], "texture": "#1"},
				"south": {"uv": [8, 9.625, 8.125, 10.125], "texture": "#1"},
				"west": {"uv": [1, 7.125, 1.5, 7.625], "texture": "#1"},
				"up": {"uv": [9.75, 9.125, 9.625, 8.625], "texture": "#1"},
				"down": {"uv": [9.25, 9.625, 9.125, 10.125], "texture": "#1"}
			}
		},
		{
			"from": [4.9, 0.75, 15.25],
			"to": [5.4, 5.75, 15.5],
			"rotation": {"angle": 0, "axis": "x", "origin": [0, 0, 16]},
			"faces": {
				"north": {"uv": [6.125, 8.875, 6.25, 9.5], "texture": "#1"},
				"east": {"uv": [9, 1.5, 9.125, 2.125], "texture": "#1"},
				"south": {"uv": [1.875, 9, 2, 9.625], "texture": "#1"},
				"west": {"uv": [2, 9, 2.125, 9.625], "texture": "#1"},
				"up": {"uv": [2.25, 10.875, 2.125, 10.75], "texture": "#1"},
				"down": {"uv": [10.875, 2.125, 10.75, 2.25], "texture": "#1"}
			}
		},
		{
			"from": [12.65, 6.75, 11.5],
			"to": [12.9, 11.75, 15.5],
			"rotation": {"angle": 0, "axis": "x", "origin": [0, 0, 16]},
			"faces": {
				"north": {"uv": [3.375, 9, 3.5, 9.625], "texture": "#1"},
				"east": {"uv": [0.625, 6.5, 1.125, 7.125], "texture": "#1"},
				"south": {"uv": [3.5, 9, 3.625, 9.625], "texture": "#1"},
				"west": {"uv": [6.5, 1, 7, 1.625], "texture": "#1"},
				"up": {"uv": [6.625, 10.25, 6.5, 9.75], "texture": "#1"},
				"down": {"uv": [6.75, 9.75, 6.625, 10.25], "texture": "#1"}
			}
		},
		{
			"from": [11.9, 6.75, 11.5],
			"to": [12.15, 11.75, 15.5],
			"rotation": {"angle": 0, "axis": "x", "origin": [0, 0, 16]},
			"faces": {
				"north": {"uv": [3.625, 9, 3.75, 9.625], "texture": "#1"},
				"east": {"uv": [1.125, 6.5, 1.625, 7.125], "texture": "#1"},
				"south": {"uv": [5.375, 9, 5.5, 9.625], "texture": "#1"},
				"west": {"uv": [1.625, 6.5, 2.125, 7.125], "texture": "#1"},
				"up": {"uv": [6.875, 10.25, 6.75, 9.75], "texture": "#1"},
				"down": {"uv": [7.625, 9.75, 7.5, 10.25], "texture": "#1"}
			}
		},
		{
			"from": [12.15, 7.25, 11.75],
			"to": [12.65, 11.25, 15.25],
			"rotation": {"angle": 0, "axis": "x", "origin": [0, 0, 16]},
			"faces": {
				"north": {"uv": [8.875, 9.75, 9, 10.25], "texture": "#1"},
				"east": {"uv": [2, 7.25, 2.5, 7.75], "texture": "#1"},
				"south": {"uv": [9, 9.75, 9.125, 10.25], "texture": "#1"},
				"west": {"uv": [2.5, 7.25, 3, 7.75], "texture": "#1"},
				"up": {"uv": [3.875, 10.375, 3.75, 9.875], "texture": "#1"},
				"down": {"uv": [4, 9.875, 3.875, 10.375], "texture": "#1"}
			}
		},
		{
			"from": [12.15, 6.75, 15.25],
			"to": [12.65, 11.75, 15.5],
			"rotation": {"angle": 0, "axis": "x", "origin": [0, 0, 16]},
			"faces": {
				"north": {"uv": [5.5, 9, 5.625, 9.625], "texture": "#1"},
				"east": {"uv": [5.625, 9, 5.75, 9.625], "texture": "#1"},
				"south": {"uv": [2.125, 9.125, 2.25, 9.75], "texture": "#1"},
				"west": {"uv": [2.25, 9.125, 2.375, 9.75], "texture": "#1"},
				"up": {"uv": [3.25, 10.875, 3.125, 10.75], "texture": "#1"},
				"down": {"uv": [10.875, 3.125, 10.75, 3.25], "texture": "#1"}
			}
		},
		{
			"from": [5.85, 6, 11.5],
			"to": [6.1, 11, 15.5],
			"rotation": {"angle": -22.5, "axis": "z", "origin": [9.6, 6.75, 14.4375]},
			"faces": {
				"north": {"uv": [7.375, 9.125, 7.5, 9.75], "texture": "#1"},
				"east": {"uv": [3.625, 6.625, 4.125, 7.25], "texture": "#1"},
				"south": {"uv": [7.5, 9.125, 7.625, 9.75], "texture": "#1"},
				"west": {"uv": [4.125, 6.625, 4.625, 7.25], "texture": "#1"},
				"up": {"uv": [7.125, 10.5, 7, 10], "texture": "#1"},
				"down": {"uv": [7.25, 10, 7.125, 10.5], "texture": "#1"}
			}
		},
		{
			"from": [6.6, 6, 11.5],
			"to": [6.85, 11, 15.5],
			"rotation": {"angle": -22.5, "axis": "z", "origin": [9.6, 6.75, 14.4375]},
			"faces": {
				"north": {"uv": [8.375, 9.125, 8.5, 9.75], "texture": "#1"},
				"east": {"uv": [6.625, 5.75, 7.125, 6.375], "texture": "#1"},
				"south": {"uv": [8.5, 9.125, 8.625, 9.75], "texture": "#1"},
				"west": {"uv": [6.625, 6.375, 7.125, 7], "texture": "#1"},
				"up": {"uv": [7.375, 10.5, 7.25, 10], "texture": "#1"},
				"down": {"uv": [10.125, 7.25, 10, 7.75], "texture": "#1"}
			}
		},
		{
			"from": [6.1, 6.5, 11.75],
			"to": [6.6, 10.5, 15.25],
			"rotation": {"angle": -22.5, "axis": "z", "origin": [9.6, 6.75, 14.4375]},
			"faces": {
				"north": {"uv": [7.375, 10, 7.5, 10.5], "texture": "#1"},
				"east": {"uv": [7.375, 3.5, 7.875, 4], "texture": "#1"},
				"south": {"uv": [10, 7.75, 10.125, 8.25], "texture": "#1"},
				"west": {"uv": [5.625, 7.375, 6.125, 7.875], "texture": "#1"},
				"up": {"uv": [8.25, 10.5, 8.125, 10], "texture": "#1"},
				"down": {"uv": [8.375, 10, 8.25, 10.5], "texture": "#1"}
			}
		},
		{
			"from": [6.1, 6, 15.25],
			"to": [6.6, 11, 15.5],
			"rotation": {"angle": -22.5, "axis": "z", "origin": [9.6, 6.75, 14.4375]},
			"faces": {
				"north": {"uv": [8.625, 9.125, 8.75, 9.75], "texture": "#1"},
				"east": {"uv": [8.75, 9.125, 8.875, 9.75], "texture": "#1"},
				"south": {"uv": [8.875, 9.125, 9, 9.75], "texture": "#1"},
				"west": {"uv": [9, 9.125, 9.125, 9.75], "texture": "#1"},
				"up": {"uv": [4, 10.875, 3.875, 10.75], "texture": "#1"},
				"down": {"uv": [10.875, 3.875, 10.75, 4], "texture": "#1"}
			}
		},
		{
			"from": [9, 0.25, 5],
			"to": [13, 0.5, 10],
			"rotation": {"angle": 22.5, "axis": "y", "origin": [11.9375, 0.5, 7.5]},
			"faces": {
				"north": {"uv": [9.5, 8, 10, 8.125], "texture": "#1"},
				"east": {"uv": [8.875, 5.125, 9.5, 5.25], "texture": "#1"},
				"south": {"uv": [9.5, 8.125, 10, 8.25], "texture": "#1"},
				"west": {"uv": [8.875, 5.25, 9.5, 5.375], "texture": "#1"},
				"up": {"uv": [3, 6, 2.5, 5.375], "texture": "#1"},
				"down": {"uv": [6.25, 0, 5.75, 0.625], "texture": "#1"}
			}
		},
		{
			"from": [9, 1, 5],
			"to": [13, 1.25, 10],
			"rotation": {"angle": 22.5, "axis": "y", "origin": [11.9375, 0.5, 7.5]},
			"faces": {
				"north": {"uv": [9.375, 9.5, 9.875, 9.625], "texture": "#1"},
				"east": {"uv": [8.875, 5.375, 9.5, 5.5], "texture": "#1"},
				"south": {"uv": [0, 9.625, 0.5, 9.75], "texture": "#1"},
				"west": {"uv": [7, 8.875, 7.625, 9], "texture": "#1"},
				"up": {"uv": [6.25, 4.75, 5.75, 4.125], "texture": "#1"},
				"down": {"uv": [0.5, 5.875, 0, 6.5], "texture": "#1"}
			}
		},
		{
			"from": [9.25, 0.5, 5.5],
			"to": [12.75, 1, 9.5],
			"rotation": {"angle": 22.5, "axis": "y", "origin": [11.9375, 0.5, 7.5]},
			"faces": {
				"north": {"uv": [9.625, 0, 10.125, 0.125], "texture": "#1"},
				"east": {"uv": [9.625, 0.125, 10.125, 0.25], "texture": "#1"},
				"south": {"uv": [9.625, 0.25, 10.125, 0.375], "texture": "#1"},
				"west": {"uv": [9.625, 0.375, 10.125, 0.5], "texture": "#1"},
				"up": {"uv": [7.5, 2.5, 7, 2], "texture": "#1"},
				"down": {"uv": [7.5, 2.5, 7, 3], "texture": "#1"}
			}
		},
		{
			"from": [12.75, 0.5, 5],
			"to": [13, 1, 10],
			"rotation": {"angle": 22.5, "axis": "y", "origin": [11.9375, 0.5, 7.5]},
			"faces": {
				"north": {"uv": [1.5, 10.75, 1.625, 10.875], "texture": "#1"},
				"east": {"uv": [8.875, 7.25, 9.5, 7.375], "texture": "#1"},
				"south": {"uv": [10.75, 1.5, 10.875, 1.625], "texture": "#1"},
				"west": {"uv": [8.875, 7.375, 9.5, 7.5], "texture": "#1"},
				"up": {"uv": [3.875, 9.375, 3.75, 8.75], "texture": "#1"},
				"down": {"uv": [4, 8.75, 3.875, 9.375], "texture": "#1"}
			}
		},
		{
			"from": [0.4375, 4, 5.6875],
			"to": [4.4375, 4.25, 8.6875],
			"rotation": {"angle": 45, "axis": "y", "origin": [2.4375, 4.5, 6.5]},
			"faces": {
				"north": {"uv": [9.5, 4, 10, 4.125], "texture": "#1"},
				"east": {"uv": [9.875, 9.375, 10.25, 9.5], "texture": "#1"},
				"south": {"uv": [9.5, 4.125, 10, 4.25], "texture": "#1"},
				"west": {"uv": [9.875, 9.5, 10.25, 9.625], "texture": "#1"},
				"up": {"uv": [7, 7.875, 6.5, 7.5], "texture": "#1"},
				"down": {"uv": [7.5, 7.5, 7, 7.875], "texture": "#1"}
			}
		},
		{
			"from": [0.4375, 4.75, 5.6875],
			"to": [4.4375, 5, 8.6875],
			"rotation": {"angle": 45, "axis": "y", "origin": [2.4375, 4.5, 6.5]},
			"faces": {
				"north": {"uv": [9.5, 4.25, 10, 4.375], "texture": "#1"},
				"east": {"uv": [10.125, 4, 10.5, 4.125], "texture": "#1"},
				"south": {"uv": [9.5, 4.375, 10, 4.5], "texture": "#1"},
				"west": {"uv": [10.125, 4.125, 10.5, 4.25], "texture": "#1"},
				"up": {"uv": [8, 7.875, 7.5, 7.5], "texture": "#1"},
				"down": {"uv": [0.875, 7.625, 0.375, 8], "texture": "#1"}
			}
		},
		{
			"from": [0.9375, 4.25, 5.9375],
			"to": [3.9375, 4.75, 8.4375],
			"rotation": {"angle": 45, "axis": "y", "origin": [2.4375, 4.5, 6.5]},
			"faces": {
				"north": {"uv": [10.125, 4.25, 10.5, 4.375], "texture": "#1"},
				"east": {"uv": [10.125, 4.375, 10.5, 4.5], "texture": "#1"},
				"south": {"uv": [10.125, 4.5, 10.5, 4.625], "texture": "#1"},
				"west": {"uv": [10.125, 4.625, 10.5, 4.75], "texture": "#1"},
				"up": {"uv": [8.75, 3.625, 8.375, 3.25], "texture": "#1"},
				"down": {"uv": [8.75, 3.625, 8.375, 4], "texture": "#1"}
			}
		},
		{
			"from": [0.4375, 4.25, 5.6875],
			"to": [4.4375, 4.75, 5.9375],
			"rotation": {"angle": 45, "axis": "y", "origin": [2.4375, 4.5, 6.5]},
			"faces": {
				"north": {"uv": [9.5, 4.5, 10, 4.625], "texture": "#1"},
				"east": {"uv": [1.125, 10.75, 1.25, 10.875], "texture": "#1"},
				"south": {"uv": [9.5, 4.625, 10, 4.75], "texture": "#1"},
				"west": {"uv": [10.75, 1.125, 10.875, 1.25], "texture": "#1"},
				"up": {"uv": [10, 4.875, 9.5, 4.75], "texture": "#1"},
				"down": {"uv": [10, 4.875, 9.5, 5], "texture": "#1"}
			}
		},
		{
			"from": [9.1875, 3.25, 12.8125],
			"to": [13.1875, 3.5, 15.8125],
			"rotation": {"angle": -22.5, "axis": "y", "origin": [11.1875, 3.75, 14]},
			"faces": {
				"north": {"uv": [2.625, 9.875, 3.125, 10], "texture": "#1"},
				"east": {"uv": [10.25, 1.5, 10.625, 1.625], "texture": "#1"},
				"south": {"uv": [4.625, 9.875, 5.125, 10], "texture": "#1"},
				"west": {"uv": [10.25, 1.625, 10.625, 1.75], "texture": "#1"},
				"up": {"uv": [0.875, 8.375, 0.375, 8], "texture": "#1"},
				"down": {"uv": [1.375, 8, 0.875, 8.375], "texture": "#1"}
			}
		},
		{
			"from": [9.1875, 4, 12.8125],
			"to": [13.1875, 4.25, 15.8125],
			"rotation": {"angle": -22.5, "axis": "y", "origin": [11.1875, 3.75, 14]},
			"faces": {
				"north": {"uv": [5.125, 9.875, 5.625, 10], "texture": "#1"},
				"east": {"uv": [10.25, 1.75, 10.625, 1.875], "texture": "#1"},
				"south": {"uv": [9.875, 6, 10.375, 6.125], "texture": "#1"},
				"west": {"uv": [10.25, 1.875, 10.625, 2], "texture": "#1"},
				"up": {"uv": [1.875, 8.375, 1.375, 8], "texture": "#1"},
				"down": {"uv": [4.75, 8, 4.25, 8.375], "texture": "#1"}
			}
		},
		{
			"from": [9.6875, 3.5, 13.0625],
			"to": [12.6875, 4, 15.5625],
			"rotation": {"angle": -22.5, "axis": "y", "origin": [11.1875, 3.75, 14]},
			"faces": {
				"north": {"uv": [10.25, 2, 10.625, 2.125], "texture": "#1"},
				"east": {"uv": [10.25, 2.125, 10.625, 2.25], "texture": "#1"},
				"south": {"uv": [10.25, 2.25, 10.625, 2.375], "texture": "#1"},
				"west": {"uv": [10.25, 2.375, 10.625, 2.5], "texture": "#1"},
				"up": {"uv": [8.875, 7.625, 8.5, 7.25], "texture": "#1"},
				"down": {"uv": [8.875, 7.625, 8.5, 8], "texture": "#1"}
			}
		},
		{
			"from": [9.1875, 3.5, 15.5625],
			"to": [13.1875, 4, 15.8125],
			"rotation": {"angle": -22.5, "axis": "y", "origin": [11.1875, 3.75, 14]},
			"faces": {
				"north": {"uv": [9.875, 6.125, 10.375, 6.25], "texture": "#1"},
				"east": {"uv": [3, 10.75, 3.125, 10.875], "texture": "#1"},
				"south": {"uv": [7, 9.875, 7.5, 10], "texture": "#1"},
				"west": {"uv": [10.75, 3, 10.875, 3.125], "texture": "#1"},
				"up": {"uv": [8.875, 10, 8.375, 9.875], "texture": "#1"},
				"down": {"uv": [10.375, 8.5, 9.875, 8.625], "texture": "#1"}
			}
		},
		{
			"from": [3.6, 0.75, 12.5],
			"to": [3.85, 4.75, 15.5],
			"faces": {
				"north": {"uv": [9.25, 9.625, 9.375, 10.125], "texture": "#1"},
				"east": {"uv": [3.875, 7.75, 4.25, 8.25], "texture": "#1"},
				"south": {"uv": [9.375, 9.625, 9.5, 10.125], "texture": "#1"},
				"west": {"uv": [7.875, 0, 8.25, 0.5], "texture": "#1"},
				"up": {"uv": [5, 6.5, 4.875, 6.125], "texture": "#1"},
				"down": {"uv": [6, 6.5, 5.875, 6.875], "texture": "#1"}
			}
		},
		{
			"from": [4.35, 0.75, 12.5],
			"to": [4.6, 4.75, 15.5],
			"faces": {
				"north": {"uv": [9.5, 9.625, 9.625, 10.125], "texture": "#1"},
				"east": {"uv": [7.875, 2.25, 8.25, 2.75], "texture": "#1"},
				"south": {"uv": [9.625, 9.625, 9.75, 10.125], "texture": "#1"},
				"west": {"uv": [7.875, 2.75, 8.25, 3.25], "texture": "#1"},
				"up": {"uv": [4.625, 7.625, 4.5, 7.25], "texture": "#1"},
				"down": {"uv": [8.125, 7.5, 8, 7.875], "texture": "#1"}
			}
		},
		{
			"from": [3.85, 1.25, 12.75],
			"to": [4.35, 4.25, 15.25],
			"faces": {
				"north": {"uv": [10, 0.5, 10.125, 0.875], "texture": "#1"},
				"east": {"uv": [7.375, 8.375, 7.75, 8.75], "texture": "#1"},
				"south": {"uv": [4.375, 10.125, 4.5, 10.5], "texture": "#1"},
				"west": {"uv": [7.75, 8.375, 8.125, 8.75], "texture": "#1"},
				"up": {"uv": [4.625, 10.5, 4.5, 10.125], "texture": "#1"},
				"down": {"uv": [7, 10.125, 6.875, 10.5], "texture": "#1"}
			}
		},
		{
			"from": [3.85, 0.75, 15.25],
			"to": [4.35, 4.75, 15.5],
			"faces": {
				"north": {"uv": [0, 9.75, 0.125, 10.25], "texture": "#1"},
				"east": {"uv": [0.125, 9.75, 0.25, 10.25], "texture": "#1"},
				"south": {"uv": [0.25, 9.75, 0.375, 10.25], "texture": "#1"},
				"west": {"uv": [0.375, 9.75, 0.5, 10.25], "texture": "#1"},
				"up": {"uv": [2.375, 10.875, 2.25, 10.75], "texture": "#1"},
				"down": {"uv": [10.875, 2.25, 10.75, 2.375], "texture": "#1"}
			}
		},
		{
			"from": [12.85, 6.75, 12.25],
			"to": [13.1, 10.75, 15.25],
			"faces": {
				"north": {"uv": [4, 9.875, 4.125, 10.375], "texture": "#1"},
				"east": {"uv": [8, 5.5, 8.375, 6], "texture": "#1"},
				"south": {"uv": [5.625, 9.875, 5.75, 10.375], "texture": "#1"},
				"west": {"uv": [5.875, 8, 6.25, 8.5], "texture": "#1"},
				"up": {"uv": [10.375, 2.875, 10.25, 2.5], "texture": "#1"},
				"down": {"uv": [10.375, 2.875, 10.25, 3.25], "texture": "#1"}
			}
		},
		{
			"from": [13.6, 6.75, 12.25],
			"to": [13.85, 10.75, 15.25],
			"faces": {
				"north": {"uv": [9.75, 9.875, 9.875, 10.375], "texture": "#1"},
				"east": {"uv": [8, 6, 8.375, 6.5], "texture": "#1"},
				"south": {"uv": [9.875, 9.875, 10, 10.375], "texture": "#1"},
				"west": {"uv": [8, 6.5, 8.375, 7], "texture": "#1"},
				"up": {"uv": [3.25, 10.625, 3.125, 10.25], "texture": "#1"},
				"down": {"uv": [3.375, 10.25, 3.25, 10.625], "texture": "#1"}
			}
		},
		{
			"from": [13.1, 7.25, 12.5],
			"to": [13.6, 10.25, 15],
			"faces": {
				"north": {"uv": [10.25, 3.25, 10.375, 3.625], "texture": "#1"},
				"east": {"uv": [8.625, 0, 9, 0.375], "texture": "#1"},
				"south": {"uv": [10.25, 3.625, 10.375, 4], "texture": "#1"},
				"west": {"uv": [8.625, 0.875, 9, 1.25], "texture": "#1"},
				"up": {"uv": [5.875, 10.625, 5.75, 10.25], "texture": "#1"},
				"down": {"uv": [6, 10.25, 5.875, 10.625], "texture": "#1"}
			}
		},
		{
			"from": [13.1, 6.75, 15],
			"to": [13.6, 10.75, 15.25],
			"faces": {
				"north": {"uv": [0.5, 10, 0.625, 10.5], "texture": "#1"},
				"east": {"uv": [0.625, 10, 0.75, 10.5], "texture": "#1"},
				"south": {"uv": [0.75, 10, 0.875, 10.5], "texture": "#1"},
				"west": {"uv": [0.875, 10, 1, 10.5], "texture": "#1"},
				"up": {"uv": [3.375, 10.875, 3.25, 10.75], "texture": "#1"},
				"down": {"uv": [10.875, 3.25, 10.75, 3.375], "texture": "#1"}
			}
		},
		{
			"from": [7.95, 6.75, 12.25],
			"to": [8.2, 10.75, 15.25],
			"faces": {
				"north": {"uv": [8.375, 10, 8.5, 10.5], "texture": "#1"},
				"east": {"uv": [8.125, 7.75, 8.5, 8.25], "texture": "#1"},
				"south": {"uv": [8.5, 10, 8.625, 10.5], "texture": "#1"},
				"west": {"uv": [8.25, 0, 8.625, 0.5], "texture": "#1"},
				"up": {"uv": [9.375, 10.625, 9.25, 10.25], "texture": "#1"},
				"down": {"uv": [9.5, 10.25, 9.375, 10.625], "texture": "#1"}
			}
		},
		{
			"from": [8.7, 6.75, 12.25],
			"to": [8.95, 10.75, 15.25],
			"faces": {
				"north": {"uv": [8.625, 10, 8.75, 10.5], "texture": "#1"},
				"east": {"uv": [8.25, 1, 8.625, 1.5], "texture": "#1"},
				"south": {"uv": [8.75, 10, 8.875, 10.5], "texture": "#1"},
				"west": {"uv": [8.25, 2.25, 8.625, 2.75], "texture": "#1"},
				"up": {"uv": [10.375, 9.75, 10.25, 9.375], "texture": "#1"},
				"down": {"uv": [10.25, 10.25, 10.125, 10.625], "texture": "#1"}
			}
		},
		{
			"from": [8.2, 7.25, 12.5],
			"to": [8.7, 10.25, 15],
			"faces": {
				"north": {"uv": [10.25, 10.25, 10.375, 10.625], "texture": "#1"},
				"east": {"uv": [8.625, 2.625, 9, 3], "texture": "#1"},
				"south": {"uv": [0, 10.375, 0.125, 10.75], "texture": "#1"},
				"west": {"uv": [3, 8.625, 3.375, 9], "texture": "#1"},
				"up": {"uv": [10.5, 0.375, 10.375, 0], "texture": "#1"},
				"down": {"uv": [0.25, 10.375, 0.125, 10.75], "texture": "#1"}
			}
		},
		{
			"from": [8.2, 6.75, 15],
			"to": [8.7, 10.75, 15.25],
			"faces": {
				"north": {"uv": [10, 9.875, 10.125, 10.375], "texture": "#1"},
				"east": {"uv": [10.125, 0, 10.25, 0.5], "texture": "#1"},
				"south": {"uv": [10.125, 0.5, 10.25, 1], "texture": "#1"},
				"west": {"uv": [10.125, 1, 10.25, 1.5], "texture": "#1"},
				"up": {"uv": [4.125, 10.875, 4, 10.75], "texture": "#1"},
				"down": {"uv": [10.875, 4, 10.75, 4.125], "texture": "#1"}
			}
		},
		{
			"from": [3.85, 6.05, 12.25],
			"to": [4.1, 10.05, 15.25],
			"faces": {
				"north": {"uv": [10, 3, 10.125, 3.5], "texture": "#1"},
				"east": {"uv": [3, 8.125, 3.375, 8.625], "texture": "#1"},
				"south": {"uv": [10, 3.5, 10.125, 4], "texture": "#1"},
				"west": {"uv": [3.375, 8.125, 3.75, 8.625], "texture": "#1"},
				"up": {"uv": [7.625, 10.625, 7.5, 10.25], "texture": "#1"},
				"down": {"uv": [7.75, 10.25, 7.625, 10.625], "texture": "#1"}
			}
		},
		{
			"from": [4.6, 6.05, 12.25],
			"to": [4.85, 10.05, 15.25],
			"faces": {
				"north": {"uv": [10, 4, 10.125, 4.5], "texture": "#1"},
				"east": {"uv": [4.75, 8.125, 5.125, 8.625], "texture": "#1"},
				"south": {"uv": [4.125, 10, 4.25, 10.5], "texture": "#1"},
				"west": {"uv": [8.125, 7.25, 8.5, 7.75], "texture": "#1"},
				"up": {"uv": [7.875, 10.625, 7.75, 10.25], "texture": "#1"},
				"down": {"uv": [8, 10.25, 7.875, 10.625], "texture": "#1"}
			}
		},
		{
			"from": [4.1, 6.55, 12.5],
			"to": [4.6, 9.55, 15],
			"faces": {
				"north": {"uv": [10.25, 8.625, 10.375, 9], "texture": "#1"},
				"east": {"uv": [8.625, 2.25, 9, 2.625], "texture": "#1"},
				"south": {"uv": [8.875, 10.25, 9, 10.625], "texture": "#1"},
				"west": {"uv": [2.625, 8.625, 3, 9], "texture": "#1"},
				"up": {"uv": [9.125, 10.625, 9, 10.25], "texture": "#1"},
				"down": {"uv": [9.25, 10.25, 9.125, 10.625], "texture": "#1"}
			}
		},
		{
			"from": [4.1, 6.05, 15],
			"to": [4.6, 10.05, 15.25],
			"faces": {
				"north": {"uv": [4.25, 10, 4.375, 10.5], "texture": "#1"},
				"east": {"uv": [10, 4.5, 10.125, 5], "texture": "#1"},
				"south": {"uv": [4.625, 10, 4.75, 10.5], "texture": "#1"},
				"west": {"uv": [4.75, 10, 4.875, 10.5], "texture": "#1"},
				"up": {"uv": [3.75, 10.875, 3.625, 10.75], "texture": "#1"},
				"down": {"uv": [10.875, 3.625, 10.75, 3.75], "texture": "#1"}
			}
		},
		{
			"from": [5, 0.25, 2.75],
			"to": [9, 0.5, 5.75],
			"rotation": {"angle": 22.5, "axis": "y", "origin": [5, 0.75, 6.1875]},
			"faces": {
				"north": {"uv": [9.625, 2.75, 10.125, 2.875], "texture": "#1"},
				"east": {"uv": [10.125, 7.5, 10.5, 7.625], "texture": "#1"},
				"south": {"uv": [9.625, 2.875, 10.125, 3], "texture": "#1"},
				"west": {"uv": [7.625, 10.125, 8, 10.25], "texture": "#1"},
				"up": {"uv": [2.375, 8.125, 1.875, 7.75], "texture": "#1"},
				"down": {"uv": [2.875, 7.75, 2.375, 8.125], "texture": "#1"}
			}
		},
		{
			"from": [5, 1, 2.75],
			"to": [9, 1.25, 5.75],
			"rotation": {"angle": 22.5, "axis": "y", "origin": [5, 0.75, 6.1875]},
			"faces": {
				"north": {"uv": [5.375, 9.625, 5.875, 9.75], "texture": "#1"},
				"east": {"uv": [10.125, 7.625, 10.5, 7.75], "texture": "#1"},
				"south": {"uv": [5.875, 9.625, 6.375, 9.75], "texture": "#1"},
				"west": {"uv": [10.125, 7.75, 10.5, 7.875], "texture": "#1"},
				"up": {"uv": [3.375, 8.125, 2.875, 7.75], "texture": "#1"},
				"down": {"uv": [3.875, 7.75, 3.375, 8.125], "texture": "#1"}
			}
		},
		{
			"from": [5.5, 0.5, 3],
			"to": [8.5, 1, 5.5],
			"rotation": {"angle": 22.5, "axis": "y", "origin": [5, 0.75, 6.1875]},
			"faces": {
				"north": {"uv": [10.125, 7.875, 10.5, 8], "texture": "#1"},
				"east": {"uv": [10.125, 8, 10.5, 8.125], "texture": "#1"},
				"south": {"uv": [10.125, 8.125, 10.5, 8.25], "texture": "#1"},
				"west": {"uv": [10.125, 8.25, 10.5, 8.375], "texture": "#1"},
				"up": {"uv": [8.75, 7, 8.375, 6.625], "texture": "#1"},
				"down": {"uv": [7.375, 8.375, 7, 8.75], "texture": "#1"}
			}
		},
		{
			"from": [5, 0.5, 5.5],
			"to": [9, 1, 5.75],
			"rotation": {"angle": 22.5, "axis": "y", "origin": [5, 0.75, 6.1875]},
			"faces": {
				"north": {"uv": [9.625, 6.25, 10.125, 6.375], "texture": "#1"},
				"east": {"uv": [1.875, 10.75, 2, 10.875], "texture": "#1"},
				"south": {"uv": [6.375, 9.625, 6.875, 9.75], "texture": "#1"},
				"west": {"uv": [10.75, 1.875, 10.875, 2], "texture": "#1"},
				"up": {"uv": [10.125, 6.5, 9.625, 6.375], "texture": "#1"},
				"down": {"uv": [10.125, 6.5, 9.625, 6.625], "texture": "#1"}
			}
		},
		{
			"from": [2.4375, 0.25, 6.6875],
			"to": [6.4375, 0.5, 9.6875],
			"rotation": {"angle": 0, "axis": "y", "origin": [-0.5625, 1, 12.5]},
			"faces": {
				"north": {"uv": [9.5, 5, 10, 5.125], "texture": "#1"},
				"east": {"uv": [10.125, 4.75, 10.5, 4.875], "texture": "#1"},
				"south": {"uv": [9.5, 5.125, 10, 5.25], "texture": "#1"},
				"west": {"uv": [10.125, 4.875, 10.5, 5], "texture": "#1"},
				"up": {"uv": [8.125, 0.875, 7.625, 0.5], "texture": "#1"},
				"down": {"uv": [1.375, 7.625, 0.875, 8], "texture": "#1"}
			}
		},
		{
			"from": [2.4375, 1.5, 6.6875],
			"to": [6.4375, 1.75, 9.6875],
			"rotation": {"angle": 0, "axis": "y", "origin": [-0.5625, 1, 12.5]},
			"faces": {
				"north": {"uv": [9.5, 5.25, 10, 5.375], "texture": "#1"},
				"east": {"uv": [10.125, 5, 10.5, 5.125], "texture": "#1"},
				"south": {"uv": [9.5, 5.375, 10, 5.5], "texture": "#1"},
				"west": {"uv": [10.125, 5.125, 10.5, 5.25], "texture": "#1"},
				"up": {"uv": [1.875, 8, 1.375, 7.625], "texture": "#1"},
				"down": {"uv": [5, 7.625, 4.5, 8], "texture": "#1"}
			}
		},
		{
			"from": [2.9375, 0.5, 6.9375],
			"to": [5.9375, 1.5, 9.4375],
			"rotation": {"angle": 0, "axis": "y", "origin": [-0.5625, 1, 12.5]},
			"faces": {
				"north": {"uv": [10.125, 5.25, 10.5, 5.375], "texture": "#1"},
				"east": {"uv": [10.125, 5.375, 10.5, 5.5], "texture": "#1"},
				"south": {"uv": [10.125, 5.5, 10.5, 5.625], "texture": "#1"},
				"west": {"uv": [10.125, 5.625, 10.5, 5.75], "texture": "#1"},
				"up": {"uv": [4.75, 8.75, 4.375, 8.375], "texture": "#1"},
				"down": {"uv": [8.75, 5.5, 8.375, 5.875], "texture": "#1"}
			}
		},
		{
			"from": [2.4375, 0.5, 6.6875],
			"to": [6.4375, 1.5, 6.9375],
			"rotation": {"angle": 0, "axis": "y", "origin": [-0.5625, 1, 12.5]},
			"faces": {
				"north": {"uv": [9.5, 5.5, 10, 5.625], "texture": "#1"},
				"east": {"uv": [1.25, 10.75, 1.375, 10.875], "texture": "#1"},
				"south": {"uv": [9.5, 5.625, 10, 5.75], "texture": "#1"},
				"west": {"uv": [10.75, 1.25, 10.875, 1.375], "texture": "#1"},
				"up": {"uv": [6.25, 9.625, 5.75, 9.5], "texture": "#1"},
				"down": {"uv": [10, 5.75, 9.5, 5.875], "texture": "#1"}
			}
		},
		{
			"from": [7.6875, 1.25, 12.3125],
			"to": [7.9375, 5.25, 15.3125],
			"rotation": {"angle": 22.5, "axis": "z", "origin": [7.4375, 3, 14.5]},
			"faces": {
				"north": {"uv": [3.125, 9.75, 3.25, 10.25], "texture": "#1"},
				"east": {"uv": [7, 7.875, 7.375, 8.375], "texture": "#1"},
				"south": {"uv": [3.25, 9.75, 3.375, 10.25], "texture": "#1"},
				"west": {"uv": [7.375, 7.875, 7.75, 8.375], "texture": "#1"},
				"up": {"uv": [8.125, 10.5, 8, 10.125], "texture": "#1"},
				"down": {"uv": [9.625, 10.125, 9.5, 10.5], "texture": "#1"}
			}
		},
		{
			"from": [6.4375, 1.25, 12.3125],
			"to": [6.6875, 5.25, 15.3125],
			"rotation": {"angle": 22.5, "axis": "z", "origin": [7.4375, 3, 14.5]},
			"faces": {
				"north": {"uv": [5.75, 9.75, 5.875, 10.25], "texture": "#1"},
				"east": {"uv": [7.75, 7.875, 8.125, 8.375], "texture": "#1"},
				"south": {"uv": [5.875, 9.75, 6, 10.25], "texture": "#1"},
				"west": {"uv": [0, 8, 0.375, 8.5], "texture": "#1"},
				"up": {"uv": [9.75, 10.5, 9.625, 10.125], "texture": "#1"},
				"down": {"uv": [10.375, 0, 10.25, 0.375], "texture": "#1"}
			}
		},
		{
			"from": [6.6875, 1.75, 12.5625],
			"to": [7.6875, 4.75, 15.0625],
			"rotation": {"angle": 22.5, "axis": "z", "origin": [7.4375, 3, 14.5]},
			"faces": {
				"north": {"uv": [0.375, 10.25, 0.5, 10.625], "texture": "#1"},
				"east": {"uv": [8.5, 0.5, 8.875, 0.875], "texture": "#1"},
				"south": {"uv": [10.25, 0.375, 10.375, 0.75], "texture": "#1"},
				"west": {"uv": [5.875, 8.5, 6.25, 8.875], "texture": "#1"},
				"up": {"uv": [10.375, 1.125, 10.25, 0.75], "texture": "#1"},
				"down": {"uv": [10.375, 1.125, 10.25, 1.5], "texture": "#1"}
			}
		},
		{
			"from": [6.6875, 1.25, 15.0625],
			"to": [7.6875, 5.25, 15.3125],
			"rotation": {"angle": 22.5, "axis": "z", "origin": [7.4375, 3, 14.5]},
			"faces": {
				"north": {"uv": [6, 9.75, 6.125, 10.25], "texture": "#1"},
				"east": {"uv": [6.125, 9.75, 6.25, 10.25], "texture": "#1"},
				"south": {"uv": [6.25, 9.75, 6.375, 10.25], "texture": "#1"},
				"west": {"uv": [6.375, 9.75, 6.5, 10.25], "texture": "#1"},
				"up": {"uv": [2.75, 10.875, 2.625, 10.75], "texture": "#1"},
				"down": {"uv": [10.875, 2.625, 10.75, 2.75], "texture": "#1"}
			}
		},
		{
			"from": [10.1875, 6.25, 12.3125],
			"to": [10.4375, 10.25, 15.3125],
			"rotation": {"angle": 0, "axis": "z", "origin": [7.4375, 3, 14.5]},
			"faces": {
				"north": {"uv": [2.125, 10, 2.25, 10.5], "texture": "#1"},
				"east": {"uv": [8.125, 0.5, 8.5, 1], "texture": "#1"},
				"south": {"uv": [2.25, 10, 2.375, 10.5], "texture": "#1"},
				"west": {"uv": [1.875, 8.125, 2.25, 8.625], "texture": "#1"},
				"up": {"uv": [6.125, 10.625, 6, 10.25], "texture": "#1"},
				"down": {"uv": [6.25, 10.25, 6.125, 10.625], "texture": "#1"}
			}
		},
		{
			"from": [8.9375, 6.25, 12.3125],
			"to": [9.1875, 10.25, 15.3125],
			"rotation": {"angle": 0, "axis": "z", "origin": [7.4375, 3, 14.5]},
			"faces": {
				"north": {"uv": [2.375, 10, 2.5, 10.5], "texture": "#1"},
				"east": {"uv": [2.25, 8.125, 2.625, 8.625], "texture": "#1"},
				"south": {"uv": [2.5, 10, 2.625, 10.5], "texture": "#1"},
				"west": {"uv": [2.625, 8.125, 3, 8.625], "texture": "#1"},
				"up": {"uv": [6.375, 10.625, 6.25, 10.25], "texture": "#1"},
				"down": {"uv": [6.5, 10.25, 6.375, 10.625], "texture": "#1"}
			}
		},
		{
			"from": [9.1875, 6.75, 12.5625],
			"to": [10.1875, 9.75, 15.0625],
			"rotation": {"angle": 0, "axis": "z", "origin": [7.4375, 3, 14.5]},
			"faces": {
				"north": {"uv": [6.5, 10.25, 6.625, 10.625], "texture": "#1"},
				"east": {"uv": [1.875, 8.625, 2.25, 9], "texture": "#1"},
				"south": {"uv": [6.625, 10.25, 6.75, 10.625], "texture": "#1"},
				"west": {"uv": [2.25, 8.625, 2.625, 9], "texture": "#1"},
				"up": {"uv": [10.375, 7, 10.25, 6.625], "texture": "#1"},
				"down": {"uv": [6.875, 10.25, 6.75, 10.625], "texture": "#1"}
			}
		},
		{
			"from": [9.1875, 6.25, 15.0625],
			"to": [10.1875, 10.25, 15.3125],
			"rotation": {"angle": 0, "axis": "z", "origin": [7.4375, 3, 14.5]},
			"faces": {
				"north": {"uv": [2.625, 10, 2.75, 10.5], "texture": "#1"},
				"east": {"uv": [2.75, 10, 2.875, 10.5], "texture": "#1"},
				"south": {"uv": [2.875, 10, 3, 10.5], "texture": "#1"},
				"west": {"uv": [3, 10, 3.125, 10.5], "texture": "#1"},
				"up": {"uv": [3.625, 10.875, 3.5, 10.75], "texture": "#1"},
				"down": {"uv": [10.875, 3.5, 10.75, 3.625], "texture": "#1"}
			}
		},
		{
			"from": [3.4375, 6.25, 12.3125],
			"to": [3.6875, 10.25, 15.3125],
			"rotation": {"angle": 0, "axis": "z", "origin": [7.4375, 3, 14.5]},
			"faces": {
				"north": {"uv": [2, 10.125, 2.125, 10.625], "texture": "#1"},
				"east": {"uv": [8.25, 2.75, 8.625, 3.25], "texture": "#1"},
				"south": {"uv": [10.125, 2, 10.25, 2.5], "texture": "#1"},
				"west": {"uv": [3.75, 8.25, 4.125, 8.75], "texture": "#1"},
				"up": {"uv": [0.375, 10.75, 0.25, 10.375], "texture": "#1"},
				"down": {"uv": [10.5, 0.375, 10.375, 0.75], "texture": "#1"}
			}
		},
		{
			"from": [2.1875, 6.25, 12.3125],
			"to": [2.4375, 10.25, 15.3125],
			"rotation": {"angle": 0, "axis": "z", "origin": [7.4375, 3, 14.5]},
			"faces": {
				"north": {"uv": [10.125, 2.5, 10.25, 3], "texture": "#1"},
				"east": {"uv": [5.125, 8.25, 5.5, 8.75], "texture": "#1"},
				"south": {"uv": [10.125, 3, 10.25, 3.5], "texture": "#1"},
				"west": {"uv": [5.5, 8.25, 5.875, 8.75], "texture": "#1"},
				"up": {"uv": [10.5, 1.125, 10.375, 0.75], "texture": "#1"},
				"down": {"uv": [10.5, 1.125, 10.375, 1.5], "texture": "#1"}
			}
		},
		{
			"from": [2.4375, 6.75, 12.5625],
			"to": [3.4375, 9.75, 15.0625],
			"rotation": {"angle": 0, "axis": "z", "origin": [7.4375, 3, 14.5]},
			"faces": {
				"north": {"uv": [10.375, 2.5, 10.5, 2.875], "texture": "#1"},
				"east": {"uv": [3.375, 8.625, 3.75, 9], "texture": "#1"},
				"south": {"uv": [10.375, 2.875, 10.5, 3.25], "texture": "#1"},
				"west": {"uv": [4.75, 8.625, 5.125, 9], "texture": "#1"},
				"up": {"uv": [10.5, 3.625, 10.375, 3.25], "texture": "#1"},
				"down": {"uv": [10.5, 3.625, 10.375, 4], "texture": "#1"}
			}
		},
		{
			"from": [2.4375, 6.25, 15.0625],
			"to": [3.4375, 10.25, 15.3125],
			"rotation": {"angle": 0, "axis": "z", "origin": [7.4375, 3, 14.5]},
			"faces": {
				"north": {"uv": [3.375, 10.125, 3.5, 10.625], "texture": "#1"},
				"east": {"uv": [3.5, 10.125, 3.625, 10.625], "texture": "#1"},
				"south": {"uv": [10.125, 3.5, 10.25, 4], "texture": "#1"},
				"west": {"uv": [3.625, 10.125, 3.75, 10.625], "texture": "#1"},
				"up": {"uv": [4.25, 10.875, 4.125, 10.75], "texture": "#1"},
				"down": {"uv": [10.875, 4.125, 10.75, 4.25], "texture": "#1"}
			}
		},
		{
			"from": [10.1875, 16, 11.9375],
			"to": [14.1875, 16.25, 14.9375],
			"rotation": {"angle": 0, "axis": "y", "origin": [12.1875, 17.75, 12]},
			"faces": {
				"north": {"uv": [9.625, 7.125, 10.125, 7.25], "texture": "#1"},
				"east": {"uv": [10.125, 8.375, 10.5, 8.5], "texture": "#1"},
				"south": {"uv": [9.625, 8.25, 10.125, 8.375], "texture": "#1"},
				"west": {"uv": [9.125, 10.125, 9.5, 10.25], "texture": "#1"},
				"up": {"uv": [8.375, 3.625, 7.875, 3.25], "texture": "#1"},
				"down": {"uv": [8.375, 3.625, 7.875, 4], "texture": "#1"}
			}
		},
		{
			"from": [10.1875, 17.25, 11.9375],
			"to": [14.1875, 17.5, 14.9375],
			"rotation": {"angle": 0, "axis": "y", "origin": [12.1875, 17.75, 12]},
			"faces": {
				"north": {"uv": [9.625, 8.375, 10.125, 8.5], "texture": "#1"},
				"east": {"uv": [10.125, 9.125, 10.5, 9.25], "texture": "#1"},
				"south": {"uv": [9.625, 9.125, 10.125, 9.25], "texture": "#1"},
				"west": {"uv": [10.125, 9.25, 10.5, 9.375], "texture": "#1"},
				"up": {"uv": [5.875, 8.25, 5.375, 7.875], "texture": "#1"},
				"down": {"uv": [7, 7.875, 6.5, 8.25], "texture": "#1"}
			}
		},
		{
			"from": [10.6875, 16.25, 12.1875],
			"to": [13.6875, 17.25, 14.6875],
			"rotation": {"angle": 0, "axis": "y", "origin": [12.1875, 17.75, 12]},
			"faces": {
				"north": {"uv": [10.125, 9.875, 10.5, 10], "texture": "#1"},
				"east": {"uv": [10.125, 10, 10.5, 10.125], "texture": "#1"},
				"south": {"uv": [10.125, 10.125, 10.5, 10.25], "texture": "#1"},
				"west": {"uv": [0, 10.25, 0.375, 10.375], "texture": "#1"},
				"up": {"uv": [8.75, 8.625, 8.375, 8.25], "texture": "#1"},
				"down": {"uv": [0.375, 8.5, 0, 8.875], "texture": "#1"}
			}
		},
		{
			"from": [10.1875, 16.25, 11.9375],
			"to": [14.1875, 17.25, 12.1875],
			"rotation": {"angle": 0, "axis": "y", "origin": [12.1875, 17.75, 12]},
			"faces": {
				"north": {"uv": [9.625, 9.25, 10.125, 9.375], "texture": "#1"},
				"east": {"uv": [2.375, 10.75, 2.5, 10.875], "texture": "#1"},
				"south": {"uv": [0.5, 9.75, 1, 9.875], "texture": "#1"},
				"west": {"uv": [10.75, 2.375, 10.875, 2.5], "texture": "#1"},
				"up": {"uv": [1.5, 9.875, 1, 9.75], "texture": "#1"},
				"down": {"uv": [2, 9.75, 1.5, 9.875], "texture": "#1"}
			}
		},
		{
			"from": [9, 2.75, 7.25],
			"to": [12, 3, 11.25],
			"rotation": {"angle": -45, "axis": "x", "origin": [11.1875, 3.75, 8]},
			"faces": {
				"north": {"uv": [10.125, 5.75, 10.5, 5.875], "texture": "#1"},
				"east": {"uv": [9.625, 2, 10.125, 2.125], "texture": "#1"},
				"south": {"uv": [10.125, 5.875, 10.5, 6], "texture": "#1"},
				"west": {"uv": [9.625, 2.125, 10.125, 2.25], "texture": "#1"},
				"up": {"uv": [5.375, 8.125, 5, 7.625], "texture": "#1"},
				"down": {"uv": [8, 5.5, 7.625, 6], "texture": "#1"}
			}
		},
		{
			"from": [9, 4, 7.25],
			"to": [12, 4.25, 11.25],
			"rotation": {"angle": -45, "axis": "x", "origin": [11.1875, 3.75, 8]},
			"faces": {
				"north": {"uv": [10.125, 6.25, 10.5, 6.375], "texture": "#1"},
				"east": {"uv": [9.625, 2.25, 10.125, 2.375], "texture": "#1"},
				"south": {"uv": [10.125, 6.375, 10.5, 6.5], "texture": "#1"},
				"west": {"uv": [9.625, 2.375, 10.125, 2.5], "texture": "#1"},
				"up": {"uv": [8, 6.5, 7.625, 6], "texture": "#1"},
				"down": {"uv": [8, 6.5, 7.625, 7], "texture": "#1"}
			}
		},
		{
			"from": [9.25, 3, 7.75],
			"to": [11.75, 4, 10.75],
			"rotation": {"angle": -45, "axis": "x", "origin": [11.1875, 3.75, 8]},
			"faces": {
				"north": {"uv": [10.125, 6.5, 10.5, 6.625], "texture": "#1"},
				"east": {"uv": [10.125, 7.125, 10.5, 7.25], "texture": "#1"},
				"south": {"uv": [10.125, 7.25, 10.5, 7.375], "texture": "#1"},
				"west": {"uv": [10.125, 7.375, 10.5, 7.5], "texture": "#1"},
				"up": {"uv": [8.75, 6.25, 8.375, 5.875], "texture": "#1"},
				"down": {"uv": [8.75, 6.25, 8.375, 6.625], "texture": "#1"}
			}
		},
		{
			"from": [11.75, 3, 7.25],
			"to": [12, 4, 11.25],
			"rotation": {"angle": -45, "axis": "x", "origin": [11.1875, 3.75, 8]},
			"faces": {
				"north": {"uv": [1.75, 10.75, 1.875, 10.875], "texture": "#1"},
				"east": {"uv": [9.625, 2.5, 10.125, 2.625], "texture": "#1"},
				"south": {"uv": [10.75, 1.75, 10.875, 1.875], "texture": "#1"},
				"west": {"uv": [9.625, 2.625, 10.125, 2.75], "texture": "#1"},
				"up": {"uv": [4.25, 10, 4.125, 9.5], "texture": "#1"},
				"down": {"uv": [4.375, 9.5, 4.25, 10], "texture": "#1"}
			}
		},
		{
			"from": [1.1875, 2.75, 5.4375],
			"to": [6.1875, 3, 9.4375],
			"rotation": {"angle": 0, "axis": "y", "origin": [4.1875, 0.875, 13]},
			"faces": {
				"north": {"uv": [8.875, 4.25, 9.5, 4.375], "texture": "#1"},
				"east": {"uv": [9.5, 5.875, 10, 6], "texture": "#1"},
				"south": {"uv": [8.875, 4.375, 9.5, 4.5], "texture": "#1"},
				"west": {"uv": [6.5, 9.5, 7, 9.625], "texture": "#1"},
				"up": {"uv": [2.5, 5.875, 1.875, 5.375], "texture": "#1"},
				"down": {"uv": [5.625, 5.375, 5, 5.875], "texture": "#1"}
			}
		},
		{
			"from": [1.1875, 3.75, 5.4375],
			"to": [6.1875, 4, 9.4375],
			"rotation": {"angle": 0, "axis": "y", "origin": [4.1875, 0.875, 13]},
			"faces": {
				"north": {"uv": [8.875, 4.5, 9.5, 4.625], "texture": "#1"},
				"east": {"uv": [9.5, 7.25, 10, 7.375], "texture": "#1"},
				"south": {"uv": [8.875, 4.625, 9.5, 4.75], "texture": "#1"},
				"west": {"uv": [9.5, 7.375, 10, 7.5], "texture": "#1"},
				"up": {"uv": [6.25, 5.375, 5.625, 4.875], "texture": "#1"},
				"down": {"uv": [6.25, 5.375, 5.625, 5.875], "texture": "#1"}
			}
		},
		{
			"from": [1.6875, 3, 5.6875],
			"to": [5.6875, 3.75, 9.1875],
			"rotation": {"angle": 0, "axis": "y", "origin": [4.1875, 0.875, 13]},
			"faces": {
				"north": {"uv": [9.5, 7.5, 10, 7.625], "texture": "#1"},
				"east": {"uv": [9.5, 7.625, 10, 7.75], "texture": "#1"},
				"south": {"uv": [9.5, 7.75, 10, 7.875], "texture": "#1"},
				"west": {"uv": [9.5, 7.875, 10, 8], "texture": "#1"},
				"up": {"uv": [7.5, 1.5, 7, 1], "texture": "#1"},
				"down": {"uv": [7.5, 1.5, 7, 2], "texture": "#1"}
			}
		},
		{
			"from": [1.1875, 3, 5.4375],
			"to": [6.1875, 3.75, 5.6875],
			"rotation": {"angle": 0, "axis": "y", "origin": [4.1875, 0.875, 13]},
			"faces": {
				"north": {"uv": [8.875, 4.75, 9.5, 4.875], "texture": "#1"},
				"east": {"uv": [1.375, 10.75, 1.5, 10.875], "texture": "#1"},
				"south": {"uv": [8.875, 4.875, 9.5, 5], "texture": "#1"},
				"west": {"uv": [10.75, 1.375, 10.875, 1.5], "texture": "#1"},
				"up": {"uv": [9.5, 5.125, 8.875, 5], "texture": "#1"},
				"down": {"uv": [5.75, 8.875, 5.125, 9], "texture": "#1"}
			}
		},
		{
			"from": [8.6875, 1, 11.5625],
			"to": [13.6875, 1.25, 15.5625],
			"rotation": {"angle": 0, "axis": "y", "origin": [11.1875, 1.625, 14.5]},
			"faces": {
				"north": {"uv": [9, 2.375, 9.625, 2.5], "texture": "#1"},
				"east": {"uv": [9.75, 6.625, 10.25, 6.75], "texture": "#1"},
				"south": {"uv": [9, 2.5, 9.625, 2.625], "texture": "#1"},
				"west": {"uv": [9.75, 6.75, 10.25, 6.875], "texture": "#1"},
				"up": {"uv": [6.875, 0.5, 6.25, 0], "texture": "#1"},
				"down": {"uv": [6.875, 3.75, 6.25, 4.25], "texture": "#1"}
			}
		},
		{
			"from": [8.6875, 2, 11.5625],
			"to": [13.6875, 2.25, 15.5625],
			"rotation": {"angle": 0, "axis": "y", "origin": [11.1875, 1.625, 14.5]},
			"faces": {
				"north": {"uv": [9, 2.625, 9.625, 2.75], "texture": "#1"},
				"east": {"uv": [9.75, 6.875, 10.25, 7], "texture": "#1"},
				"south": {"uv": [2.75, 9, 3.375, 9.125], "texture": "#1"},
				"west": {"uv": [7, 9.75, 7.5, 9.875], "texture": "#1"},
				"up": {"uv": [6.875, 4.75, 6.25, 4.25], "texture": "#1"},
				"down": {"uv": [6.875, 4.75, 6.25, 5.25], "texture": "#1"}
			}
		},
		{
			"from": [9.1875, 1.25, 11.8125],
			"to": [13.1875, 2, 15.3125],
			"rotation": {"angle": 0, "axis": "y", "origin": [11.1875, 1.625, 14.5]},
			"faces": {
				"north": {"uv": [9.75, 7, 10.25, 7.125], "texture": "#1"},
				"east": {"uv": [8.375, 9.75, 8.875, 9.875], "texture": "#1"},
				"south": {"uv": [9.75, 8.625, 10.25, 8.75], "texture": "#1"},
				"west": {"uv": [9.75, 8.75, 10.25, 8.875], "texture": "#1"},
				"up": {"uv": [5.625, 7.625, 5.125, 7.125], "texture": "#1"},
				"down": {"uv": [7.625, 5.5, 7.125, 6], "texture": "#1"}
			}
		},
		{
			"from": [8.6875, 1.25, 15.3125],
			"to": [13.6875, 2, 15.5625],
			"rotation": {"angle": 0, "axis": "y", "origin": [11.1875, 1.625, 14.5]},
			"faces": {
				"north": {"uv": [9, 2.75, 9.625, 2.875], "texture": "#1"},
				"east": {"uv": [2.75, 10.75, 2.875, 10.875], "texture": "#1"},
				"south": {"uv": [9, 2.875, 9.625, 3], "texture": "#1"},
				"west": {"uv": [10.75, 2.75, 10.875, 2.875], "texture": "#1"},
				"up": {"uv": [5.375, 9.125, 4.75, 9], "texture": "#1"},
				"down": {"uv": [7.625, 9, 7, 9.125], "texture": "#1"}
			}
		},
		{
			"from": [9.1375, 17.5, 10.5625],
			"to": [14.1375, 17.75, 14.5625],
			"rotation": {"angle": 0, "axis": "x", "origin": [8.9375, 15.625, 11.5]},
			"faces": {
				"north": {"uv": [9, 0.125, 9.625, 0.25], "texture": "#1"},
				"east": {"uv": [9.75, 1.5, 10.25, 1.625], "texture": "#1"},
				"south": {"uv": [9, 0.25, 9.625, 0.375], "texture": "#1"},
				"west": {"uv": [9.75, 1.625, 10.25, 1.75], "texture": "#1"},
				"up": {"uv": [6.625, 6.375, 6, 5.875], "texture": "#1"},
				"down": {"uv": [3.625, 6.125, 3, 6.625], "texture": "#1"}
			}
		},
		{
			"from": [9.1375, 18.5, 10.5625],
			"to": [14.1375, 18.75, 14.5625],
			"rotation": {"angle": 0, "axis": "x", "origin": [8.9375, 15.625, 11.5]},
			"faces": {
				"north": {"uv": [9, 0.875, 9.625, 1], "texture": "#1"},
				"east": {"uv": [9.75, 1.75, 10.25, 1.875], "texture": "#1"},
				"south": {"uv": [9, 1, 9.625, 1.125], "texture": "#1"},
				"west": {"uv": [9.75, 1.875, 10.25, 2], "texture": "#1"},
				"up": {"uv": [4.25, 6.625, 3.625, 6.125], "texture": "#1"},
				"down": {"uv": [4.875, 6.125, 4.25, 6.625], "texture": "#1"}
			}
		},
		{
			"from": [9.6375, 17.75, 10.8125],
			"to": [13.6375, 18.5, 14.3125],
			"rotation": {"angle": 0, "axis": "x", "origin": [8.9375, 15.625, 11.5]},
			"faces": {
				"north": {"uv": [2.125, 9.75, 2.625, 9.875], "texture": "#1"},
				"east": {"uv": [2.625, 9.75, 3.125, 9.875], "texture": "#1"},
				"south": {"uv": [4.75, 9.75, 5.25, 9.875], "texture": "#1"},
				"west": {"uv": [5.25, 9.75, 5.75, 9.875], "texture": "#1"},
				"up": {"uv": [2, 7.625, 1.5, 7.125], "texture": "#1"},
				"down": {"uv": [5.125, 7.125, 4.625, 7.625], "texture": "#1"}
			}
		},
		{
			"from": [9.1375, 17.75, 14.3125],
			"to": [14.1375, 18.5, 14.5625],
			"rotation": {"angle": 0, "axis": "x", "origin": [8.9375, 15.625, 11.5]},
			"faces": {
				"north": {"uv": [9, 1.125, 9.625, 1.25], "texture": "#1"},
				"east": {"uv": [2.5, 10.75, 2.625, 10.875], "texture": "#1"},
				"south": {"uv": [2.125, 9, 2.75, 9.125], "texture": "#1"},
				"west": {"uv": [10.75, 2.5, 10.875, 2.625], "texture": "#1"},
				"up": {"uv": [9.625, 2.25, 9, 2.125], "texture": "#1"},
				"down": {"uv": [9.625, 2.25, 9, 2.375], "texture": "#1"}
			}
		},
		{
			"from": [3.3125, 0.25, 11.6875],
			"to": [3.5625, 5.25, 15.6875],
			"rotation": {"angle": 0, "axis": "y", "origin": [-3.0625, 1.5, 20.625]},
			"faces": {
				"north": {"uv": [4.5, 8.75, 4.625, 9.375], "texture": "#1"},
				"east": {"uv": [5, 5.875, 5.5, 6.5], "texture": "#1"},
				"south": {"uv": [4.625, 8.75, 4.75, 9.375], "texture": "#1"},
				"west": {"uv": [5.5, 5.875, 6, 6.5], "texture": "#1"},
				"up": {"uv": [8.25, 10, 8.125, 9.5], "texture": "#1"},
				"down": {"uv": [8.375, 9.5, 8.25, 10], "texture": "#1"}
			}
		},
		{
			"from": [2.3125, 0.25, 11.6875],
			"to": [2.5625, 5.25, 15.6875],
			"rotation": {"angle": 0, "axis": "y", "origin": [-3.0625, 1.5, 20.625]},
			"faces": {
				"north": {"uv": [7.625, 8.75, 7.75, 9.375], "texture": "#1"},
				"east": {"uv": [6, 0.625, 6.5, 1.25], "texture": "#1"},
				"south": {"uv": [7.75, 8.75, 7.875, 9.375], "texture": "#1"},
				"west": {"uv": [6, 1.25, 6.5, 1.875], "texture": "#1"},
				"up": {"uv": [2.125, 10.125, 2, 9.625], "texture": "#1"},
				"down": {"uv": [3.5, 9.625, 3.375, 10.125], "texture": "#1"}
			}
		},
		{
			"from": [2.5625, 0.75, 11.9375],
			"to": [3.3125, 4.75, 15.4375],
			"rotation": {"angle": 0, "axis": "y", "origin": [-3.0625, 1.5, 20.625]},
			"faces": {
				"north": {"uv": [3.5, 9.625, 3.625, 10.125], "texture": "#1"},
				"east": {"uv": [6.875, 7, 7.375, 7.5], "texture": "#1"},
				"south": {"uv": [3.625, 9.625, 3.75, 10.125], "texture": "#1"},
				"west": {"uv": [0.5, 7.125, 1, 7.625], "texture": "#1"},
				"up": {"uv": [4.5, 10.125, 4.375, 9.625], "texture": "#1"},
				"down": {"uv": [4.625, 9.625, 4.5, 10.125], "texture": "#1"}
			}
		},
		{
			"from": [2.5625, 0.25, 15.4375],
			"to": [3.3125, 5.25, 15.6875],
			"rotation": {"angle": 0, "axis": "y", "origin": [-3.0625, 1.5, 20.625]},
			"faces": {
				"north": {"uv": [7.875, 8.75, 8, 9.375], "texture": "#1"},
				"east": {"uv": [8, 8.75, 8.125, 9.375], "texture": "#1"},
				"south": {"uv": [0, 8.875, 0.125, 9.5], "texture": "#1"},
				"west": {"uv": [0.125, 8.875, 0.25, 9.5], "texture": "#1"},
				"up": {"uv": [2.125, 10.875, 2, 10.75], "texture": "#1"},
				"down": {"uv": [10.875, 2, 10.75, 2.125], "texture": "#1"}
			}
		},
		{
			"from": [11.5625, 6.25, 11.6875],
			"to": [11.8125, 11.25, 15.6875],
			"rotation": {"angle": 0, "axis": "y", "origin": [-3.0625, 1.5, 20.625]},
			"faces": {
				"north": {"uv": [2.375, 9.125, 2.5, 9.75], "texture": "#1"},
				"east": {"uv": [6.5, 1.625, 7, 2.25], "texture": "#1"},
				"south": {"uv": [2.5, 9.125, 2.625, 9.75], "texture": "#1"},
				"west": {"uv": [6.5, 2.25, 7, 2.875], "texture": "#1"},
				"up": {"uv": [1.125, 10.5, 1, 10], "texture": "#1"},
				"down": {"uv": [1.25, 10, 1.125, 10.5], "texture": "#1"}
			}
		},
		{
			"from": [10.5625, 6.25, 11.6875],
			"to": [10.8125, 11.25, 15.6875],
			"rotation": {"angle": 0, "axis": "y", "origin": [-3.0625, 1.5, 20.625]},
			"faces": {
				"north": {"uv": [2.625, 9.125, 2.75, 9.75], "texture": "#1"},
				"east": {"uv": [6.5, 2.875, 7, 3.5], "texture": "#1"},
				"south": {"uv": [2.75, 9.125, 2.875, 9.75], "texture": "#1"},
				"west": {"uv": [4.875, 6.5, 5.375, 7.125], "texture": "#1"},
				"up": {"uv": [1.375, 10.5, 1.25, 10], "texture": "#1"},
				"down": {"uv": [1.5, 10, 1.375, 10.5], "texture": "#1"}
			}
		},
		{
			"from": [10.8125, 6.75, 11.9375],
			"to": [11.5625, 10.75, 15.4375],
			"rotation": {"angle": 0, "axis": "y", "origin": [-3.0625, 1.5, 20.625]},
			"faces": {
				"north": {"uv": [1.5, 10, 1.625, 10.5], "texture": "#1"},
				"east": {"uv": [3, 7.25, 3.5, 7.75], "texture": "#1"},
				"south": {"uv": [1.625, 10, 1.75, 10.5], "texture": "#1"},
				"west": {"uv": [3.5, 7.25, 4, 7.75], "texture": "#1"},
				"up": {"uv": [1.875, 10.5, 1.75, 10], "texture": "#1"},
				"down": {"uv": [2, 10, 1.875, 10.5], "texture": "#1"}
			}
		},
		{
			"from": [10.8125, 6.25, 15.4375],
			"to": [11.5625, 11.25, 15.6875],
			"rotation": {"angle": 0, "axis": "y", "origin": [-3.0625, 1.5, 20.625]},
			"faces": {
				"north": {"uv": [2.875, 9.125, 3, 9.75], "texture": "#1"},
				"east": {"uv": [3, 9.125, 3.125, 9.75], "texture": "#1"},
				"south": {"uv": [3.125, 9.125, 3.25, 9.75], "texture": "#1"},
				"west": {"uv": [3.25, 9.125, 3.375, 9.75], "texture": "#1"},
				"up": {"uv": [3.5, 10.875, 3.375, 10.75], "texture": "#1"},
				"down": {"uv": [10.875, 3.375, 10.75, 3.5], "texture": "#1"}
			}
		},
		{
			"from": [5.5625, 6.05, 11.6875],
			"to": [5.8125, 11.05, 15.6875],
			"rotation": {"angle": 0, "axis": "y", "origin": [-3.0625, 1.5, 20.625]},
			"faces": {
				"north": {"uv": [4.75, 9.125, 4.875, 9.75], "texture": "#1"},
				"east": {"uv": [5.375, 6.5, 5.875, 7.125], "texture": "#1"},
				"south": {"uv": [4.875, 9.125, 5, 9.75], "texture": "#1"},
				"west": {"uv": [2.125, 6.625, 2.625, 7.25], "texture": "#1"},
				"up": {"uv": [5, 10.5, 4.875, 10], "texture": "#1"},
				"down": {"uv": [5.125, 10, 5, 10.5], "texture": "#1"}
			}
		},
		{
			"from": [4.5625, 6.05, 11.6875],
			"to": [4.8125, 11.05, 15.6875],
			"rotation": {"angle": 0, "axis": "y", "origin": [-3.0625, 1.5, 20.625]},
			"faces": {
				"north": {"uv": [5, 9.125, 5.125, 9.75], "texture": "#1"},
				"east": {"uv": [2.625, 6.625, 3.125, 7.25], "texture": "#1"},
				"south": {"uv": [5.125, 9.125, 5.25, 9.75], "texture": "#1"},
				"west": {"uv": [3.125, 6.625, 3.625, 7.25], "texture": "#1"},
				"up": {"uv": [10.125, 5.5, 10, 5], "texture": "#1"},
				"down": {"uv": [5.25, 10, 5.125, 10.5], "texture": "#1"}
			}
		},
		{
			"from": [4.8125, 6.55, 11.9375],
			"to": [5.5625, 10.55, 15.4375],
			"rotation": {"angle": 0, "axis": "y", "origin": [-3.0625, 1.5, 20.625]},
			"faces": {
				"north": {"uv": [5.25, 10, 5.375, 10.5], "texture": "#1"},
				"east": {"uv": [4, 7.25, 4.5, 7.75], "texture": "#1"},
				"south": {"uv": [5.375, 10, 5.5, 10.5], "texture": "#1"},
				"west": {"uv": [7.375, 0, 7.875, 0.5], "texture": "#1"},
				"up": {"uv": [5.625, 10.5, 5.5, 10], "texture": "#1"},
				"down": {"uv": [10.125, 5.5, 10, 6], "texture": "#1"}
			}
		},
		{
			"from": [4.8125, 6.05, 15.4375],
			"to": [5.5625, 11.05, 15.6875],
			"rotation": {"angle": 0, "axis": "y", "origin": [-3.0625, 1.5, 20.625]},
			"faces": {
				"north": {"uv": [5.25, 9.125, 5.375, 9.75], "texture": "#1"},
				"east": {"uv": [7, 9.125, 7.125, 9.75], "texture": "#1"},
				"south": {"uv": [7.125, 9.125, 7.25, 9.75], "texture": "#1"},
				"west": {"uv": [7.25, 9.125, 7.375, 9.75], "texture": "#1"},
				"up": {"uv": [3.875, 10.875, 3.75, 10.75], "texture": "#1"},
				"down": {"uv": [10.875, 3.75, 10.75, 3.875], "texture": "#1"}
			}
		},
		{
			"from": [9, 1.25, 5],
			"to": [13, 1.5, 10],
			"faces": {
				"north": {"uv": [0.5, 9.625, 1, 9.75], "texture": "#1"},
				"east": {"uv": [8.875, 7.5, 9.5, 7.625], "texture": "#1"},
				"south": {"uv": [9.625, 0.875, 10.125, 1], "texture": "#1"},
				"west": {"uv": [8.875, 7.625, 9.5, 7.75], "texture": "#1"},
				"up": {"uv": [1, 6.5, 0.5, 5.875], "texture": "#1"},
				"down": {"uv": [1.5, 5.875, 1, 6.5], "texture": "#1"}
			}
		},
		{
			"from": [9, 2.25, 5],
			"to": [13, 2.5, 10],
			"faces": {
				"north": {"uv": [1, 9.625, 1.5, 9.75], "texture": "#1"},
				"east": {"uv": [8.875, 7.75, 9.5, 7.875], "texture": "#1"},
				"south": {"uv": [9.625, 1, 10.125, 1.125], "texture": "#1"},
				"west": {"uv": [8.875, 7.875, 9.5, 8], "texture": "#1"},
				"up": {"uv": [2, 6.5, 1.5, 5.875], "texture": "#1"},
				"down": {"uv": [2.5, 5.875, 2, 6.5], "texture": "#1"}
			}
		},
		{
			"from": [9.25, 1.5, 5.5],
			"to": [12.75, 2.25, 9.5],
			"faces": {
				"north": {"uv": [9.625, 1.125, 10.125, 1.25], "texture": "#1"},
				"east": {"uv": [9.625, 1.25, 10.125, 1.375], "texture": "#1"},
				"south": {"uv": [9.625, 1.375, 10.125, 1.5], "texture": "#1"},
				"west": {"uv": [1.5, 9.625, 2, 9.75], "texture": "#1"},
				"up": {"uv": [7.5, 3.5, 7, 3], "texture": "#1"},
				"down": {"uv": [6.875, 7, 6.375, 7.5], "texture": "#1"}
			}
		},
		{
			"from": [12.75, 1.5, 5],
			"to": [13, 2.25, 10],
			"faces": {
				"north": {"uv": [1.625, 10.75, 1.75, 10.875], "texture": "#1"},
				"east": {"uv": [8.375, 8.875, 9, 9], "texture": "#1"},
				"south": {"uv": [10.75, 1.625, 10.875, 1.75], "texture": "#1"},
				"west": {"uv": [9, 0, 9.625, 0.125], "texture": "#1"},
				"up": {"uv": [4.125, 9.375, 4, 8.75], "texture": "#1"},
				"down": {"uv": [4.5, 8.75, 4.375, 9.375], "texture": "#1"}
			}
		}
	],
	"display": {
		"thirdperson_righthand": {
			"rotation": [29, 39, 0],
			"scale": [0.5, 0.5, 0.5]
		},
		"thirdperson_lefthand": {
			"rotation": [29, 39, 0],
			"scale": [0.5, 0.5, 0.5]
		},
		"firstperson_righthand": {
			"rotation": [22, 143, -15],
			"translation": [0.5, 1.25, 2],
			"scale": [0.5, 0.5, 0.5]
		},
		"firstperson_lefthand": {
			"rotation": [22, 143, -15],
			"translation": [0.5, 1.25, 2],
			"scale": [0.5, 0.5, 0.5]
		},
		"ground": {
			"scale": [0.5, 0.5, 0.5]
		},
		"gui": {
			"rotation": [-164.5, -38, 169],
			"translation": [0.25, -0.5, 0.5],
			"scale": [0.73, 0.73, 0.73]
		},
		"head": {
			"translation": [0, 2.25, 0],
			"scale": [1.25, 1.25, 1.25]
		},
		"fixed": {
			"rotation": [-28, 0, 0],
			"translation": [0, -0.75, -2.25],
			"scale": [0.8, 0.8, 0.8]
		}
	},
	"groups": [
		{
			"name": "group",
			"origin": [0, 0, 0],
			"color": 0,
			"children": [
				{
					"name": "top border",
					"origin": [0, -4, 0],
					"color": 0,
					"children": [0, 1, 2, 3, 4, 5, 6]
				},
				{
					"name": "shelves",
					"origin": [0, -4, 0],
					"color": 0,
					"children": [7, 8, 9, 10, 11, 12, 13, 14, 15, 16, 17, 18, 19, 20, 21]
				},
				22,
				23,
				{
					"name": "front L leg",
					"origin": [15, 11, 0],
					"color": 0,
					"children": [24, 25, 26, 27, 28, 29, 30, 31]
				},
				{
					"name": "front R leg",
					"origin": [15, 11, 0],
					"color": 0,
					"children": [32, 33, 34, 35, 36, 37, 38, 39]
				},
				{
					"name": "big drawer",
					"origin": [0, 0, 0],
					"color": 0,
					"children": [40, 41, 42, 43, 44, 45]
				},
				{
					"name": "little drawers",
					"origin": [0, 0, 0],
					"color": 0,
					"children": [46, 47, 48, 49]
				},
				{
					"name": "paper",
					"origin": [0, 0, 0],
					"color": 0,
					"children": [50, 51, 52, 53, 54, 55, 56, 57, 58, 59, 60, 61]
				},
				62,
				63,
				{
					"name": "group",
					"origin": [8, 8, 8],
					"color": 0,
					"children": [
						{
							"name": "diamond",
							"origin": [3, 14, 8],
							"color": 0,
							"children": [64, 65, 66, 67, 68, 69]
						}
					]
				},
				{
					"name": "group",
					"origin": [8, 8, 8],
					"color": 0,
					"children": [
						{
							"name": "diamond",
							"origin": [3, 14, 8],
							"color": 0,
							"children": [70, 71, 72, 73, 74, 75]
						}
					]
				},
				{
					"name": "open book",
					"origin": [0, 0, 0],
					"color": 0,
					"children": []
				},
				{
					"name": "green book",
					"origin": [0, 0, 0],
					"color": 0,
					"children": [76, 77, 78, 79]
				},
				{
					"name": "green book",
					"origin": [0, 0, 0],
					"color": 0,
					"children": [80, 81, 82, 83]
				},
				{
					"name": "green book",
					"origin": [0, 0, 0],
					"color": 0,
					"children": [84, 85, 86, 87]
				},
				{
					"name": "green book",
					"origin": [0, 0, 0],
					"color": 0,
					"children": [88, 89, 90, 91]
				},
				{
					"name": "green book",
					"origin": [0, 0, 0],
					"color": 0,
					"children": [92, 93, 94, 95]
				},
				{
					"name": "green book",
					"origin": [0, 0, 0],
					"color": 0,
					"children": [96, 97, 98, 99]
				},
				{
					"name": "blue book",
					"origin": [0, 0, 0],
					"color": 0,
					"children": [100, 101, 102, 103]
				},
				{
					"name": "blue book",
					"origin": [0, 0, 0],
					"color": 0,
					"children": [104, 105, 106, 107]
				},
				{
					"name": "blue book",
					"origin": [0, 0, 0],
					"color": 0,
					"children": [108, 109, 110, 111]
				},
				{
					"name": "blue book",
					"origin": [0, 0, 0],
					"color": 0,
					"children": [112, 113, 114, 115]
				},
				{
					"name": "blue book",
					"origin": [0, 0, 0],
					"color": 0,
					"children": [116, 117, 118, 119]
				},
				{
					"name": "blue book",
					"origin": [0, 0, 0],
					"color": 0,
					"children": [120, 121, 122, 123]
				},
				{
					"name": "blue book",
					"origin": [0, 0, 0],
					"color": 0,
					"children": [124, 125, 126, 127]
				},
				{
					"name": "teal book",
					"origin": [0, 0, 0],
					"color": 0,
					"children": [128, 129, 130, 131]
				},
				{
					"name": "teal book",
					"origin": [0, 0, 0],
					"color": 0,
					"children": [132, 133, 134, 135]
				},
				{
					"name": "teal book",
					"origin": [0, 0, 0],
					"color": 0,
					"children": [136, 137, 138, 139]
				},
				{
					"name": "teal book",
					"origin": [0, 0, 0],
					"color": 0,
					"children": [140, 141, 142, 143]
				},
				{
					"name": "teal book",
					"origin": [0, 0, 0],
					"color": 0,
					"children": [144, 145, 146, 147]
				},
				{
					"name": "teal book",
					"origin": [0, 0, 0],
					"color": 0,
					"children": [148, 149, 150, 151]
				},
				{
					"name": "red book",
					"origin": [0, 0, 0],
					"color": 0,
					"children": [152, 153, 154, 155]
				},
				{
					"name": "red book",
					"origin": [0, 0, 0],
					"color": 0,
					"children": [156, 157, 158, 159]
				},
				{
					"name": "red book",
					"origin": [0, 0, 0],
					"color": 0,
					"children": [160, 161, 162, 163]
				},
				{
					"name": "red book",
					"origin": [0, 0, 0],
					"color": 0,
					"children": [164, 165, 166, 167]
				},
				{
					"name": "red book",
					"origin": [0, 0, 0],
					"color": 0,
					"children": [168, 169, 170, 171]
				},
				{
					"name": "red book",
					"origin": [0, 0, 0],
					"color": 0,
					"children": [172, 173, 174, 175]
				},
				{
					"name": "red book",
					"origin": [0, 0, 0],
					"color": 0,
					"children": [176, 177, 178, 179]
				}
			]
		}
	]
}