{
	"parent": "item/handheld",
	"textures": {
		"layer0": "customitem/item_20"
	},
	"display": {
		"thirdperson_righthand": {
			"rotation": [ 0, -90, 35 ],
			"translation": [ -0.5, 6.6, 0.5 ],
			"scale": [ 1.1, 1.25, 1.2 ]
		},
		"thirdperson_lefthand": {
			"rotation": [ 0, 90, -35 ],
			"translation": [ -0.5, 6.6, 0.5 ],
			"scale": [ 1.1, 1.25, 1.2 ]
		},
		"firstperson_righthand": {
			"rotation": [ 0, -90, 20 ],
			"translation": [ 1.13, 4.2, 1.13 ],
			"scale": [ 0.75, 0.75, 0.75 ]
		},
		"firstperson_lefthand": {
			"rotation": [ 0, 90, -20 ],
			"translation": [ 1.13, 4.2, 1.13 ],
			"scale": [ 0.75, 0.75, 0.75 ]
		},
		"gui": {
			"scale": [ 1.2, 1.2, 1.2 ]
		},
		"ground": {
			"scale": [ 1.1, 1.1, 1.1 ]
		},
        "fixed": {
            "scale": [ 1.2, 1.2, 1.2 ]
        }
	}
}

