{
	"credit": "Made with Blockbench",
	"parent": "item/bow",
	"textures": {
		"layer0": "item/arc03"
	},
	"display": {
		"thirdperson_righthand": {
			"rotation": [-57.62, 88.51, 103.61],
			"translation": [0, -2, 3.25]
		},
		"thirdperson_lefthand": {
			"rotation": [65.8, 1.86, 177.96],
			"translation": [-8.25, -6.75, 6.75]
		},
		"firstperson_righthand": {
			"rotation": [-83.92, 86.89, 153.24],
			"translation": [4, 5, -1]
		},
		"firstperson_lefthand": {
			"rotation": [-129.5, -86.25, 180],
			"translation": [3.75, 7, 0],
			"scale": [0, 0, 0]
		},
		"ground": {
			"rotation": [85.81, -2.23, 4.52],
			"translation": [0, -2.25, -0.75],
			"scale": [0.6, 0.6, 0.6]
		},
		"head": {
			"translation": [0, 0, 3.25]
		}
	}
}