{
	"credit": "Made with Blockbench",
	"textures": {
		"0": "item/batman",
		"particle": "item/batman"
	},
	"elements": [
		{
			"from": [4, 1, 2],
			"to": [5, 4.5, 3],
			"faces": {
				"north": {"uv": [0, 0, 1, 3.5], "texture": "#0"},
				"east": {"uv": [0, 0, 1, 3.5], "texture": "#0"},
				"south": {"uv": [0, 0, 1, 3.5], "texture": "#0"},
				"west": {"uv": [0, 0, 1, 3.5], "texture": "#0"},
				"up": {"uv": [0, 0, 1, 3.5], "texture": "#0"},
				"down": {"uv": [0, 0, 1, 3.5], "texture": "#0"}
			}
		},
		{
			"from": [4, 4.5, 2],
			"to": [4.5, 7, 3],
			"faces": {
				"north": {"uv": [0, 0, 0.5, 2.5], "texture": "#0"},
				"east": {"uv": [0, 0, 0.5, 2.5], "texture": "#0"},
				"south": {"uv": [0, 0, 0.5, 2.5], "texture": "#0"},
				"west": {"uv": [0, 0, 0.5, 2.5], "texture": "#0"},
				"up": {"uv": [0, 0, 0.5, 2.5], "texture": "#0"},
				"down": {"uv": [0, 0, 0.5, 2.5], "texture": "#0"}
			}
		},
		{
			"from": [11.5, 4.5, 2],
			"to": [12, 7, 3],
			"faces": {
				"north": {"uv": [0, 0, 0.5, 2.5], "texture": "#0"},
				"east": {"uv": [0, 0, 0.5, 2.5], "texture": "#0"},
				"south": {"uv": [0, 0, 0.5, 2.5], "texture": "#0"},
				"west": {"uv": [0, 0, 0.5, 2.5], "texture": "#0"},
				"up": {"uv": [0, 0, 0.5, 2.5], "texture": "#0"},
				"down": {"uv": [0, 0, 0.5, 2.5], "texture": "#0"}
			}
		},
		{
			"from": [4, 7, 2],
			"to": [5, 9, 3],
			"faces": {
				"north": {"uv": [0, 0, 1, 2], "texture": "#0"},
				"east": {"uv": [0, 0, 1, 2], "texture": "#0"},
				"south": {"uv": [0, 0, 1, 2], "texture": "#0"},
				"west": {"uv": [0, 0, 1, 2], "texture": "#0"},
				"up": {"uv": [0, 0, 1, 2], "texture": "#0"},
				"down": {"uv": [0, 0, 1, 2], "texture": "#0"}
			}
		},
		{
			"from": [4, 9, 2],
			"to": [4.5, 11.25, 3],
			"faces": {
				"north": {"uv": [0, 0, 0.5, 2.25], "texture": "#0"},
				"east": {"uv": [0, 0, 0.5, 2.25], "texture": "#0"},
				"south": {"uv": [0, 0, 0.5, 2.25], "texture": "#0"},
				"west": {"uv": [0, 0, 0.5, 2.25], "texture": "#0"},
				"up": {"uv": [0, 0, 0.5, 2.25], "texture": "#0"},
				"down": {"uv": [0, 0, 0.5, 2.25], "texture": "#0"}
			}
		},
		{
			"from": [10, 6.75, 2],
			"to": [11, 9.25, 3],
			"faces": {
				"north": {"uv": [0, 0, 1, 2.5], "texture": "#0"},
				"east": {"uv": [0, 0, 1, 2.5], "texture": "#0"},
				"south": {"uv": [0, 0, 1, 2.5], "texture": "#0"},
				"west": {"uv": [0, 0, 1, 2.5], "texture": "#0"},
				"up": {"uv": [0, 0, 1, 2.5], "texture": "#0"},
				"down": {"uv": [0, 0, 1, 2.5], "texture": "#0"}
			}
		},
		{
			"from": [10.75, 9.25, 2],
			"to": [11, 10, 3],
			"faces": {
				"north": {"uv": [0, 0, 0.25, 0.75], "texture": "#0"},
				"east": {"uv": [0, 0, 0.25, 0.75], "texture": "#0"},
				"south": {"uv": [0, 0, 0.25, 0.75], "texture": "#0"},
				"west": {"uv": [0, 0, 0.25, 0.75], "texture": "#0"},
				"up": {"uv": [0, 0, 0.25, 0.75], "texture": "#0"},
				"down": {"uv": [0, 0, 0.25, 0.75], "texture": "#0"}
			}
		},
		{
			"from": [11, 9, 2],
			"to": [11.25, 10.5, 3],
			"faces": {
				"north": {"uv": [0, 0, 0.25, 1.5], "texture": "#0"},
				"east": {"uv": [0, 0, 0.25, 1.5], "texture": "#0"},
				"south": {"uv": [0, 0, 0.25, 1.5], "texture": "#0"},
				"west": {"uv": [0, 0, 0.25, 1.5], "texture": "#0"},
				"up": {"uv": [0, 0, 0.25, 1.5], "texture": "#0"},
				"down": {"uv": [0, 0, 0.25, 1.5], "texture": "#0"}
			}
		},
		{
			"from": [11.25, 9, 2],
			"to": [11.5, 11, 3],
			"faces": {
				"north": {"uv": [0, 0, 0.25, 2], "texture": "#0"},
				"east": {"uv": [0, 0, 0.25, 2], "texture": "#0"},
				"south": {"uv": [0, 0, 0.25, 2], "texture": "#0"},
				"west": {"uv": [0, 0, 0.25, 2], "texture": "#0"},
				"up": {"uv": [0, 0, 0.25, 2], "texture": "#0"},
				"down": {"uv": [0, 0, 0.25, 2], "texture": "#0"}
			}
		},
		{
			"from": [12.5, 12, 2.25],
			"to": [13, 12.5, 3.25],
			"faces": {
				"north": {"uv": [0, 0, 0.5, 0.5], "texture": "#0"},
				"east": {"uv": [0, 0, 0.5, 0.5], "texture": "#0"},
				"south": {"uv": [0, 0, 0.5, 0.5], "texture": "#0"},
				"west": {"uv": [0, 0, 0.5, 0.5], "texture": "#0"},
				"up": {"uv": [0, 0, 0.5, 0.5], "texture": "#0"},
				"down": {"uv": [0, 0, 0.5, 0.5], "texture": "#0"}
			}
		},
		{
			"from": [3, 12, 2.25],
			"to": [3.5, 12.5, 3.25],
			"faces": {
				"north": {"uv": [0, 0, 0.5, 0.5], "texture": "#0"},
				"east": {"uv": [0, 0, 0.5, 0.5], "texture": "#0"},
				"south": {"uv": [0, 0, 0.5, 0.5], "texture": "#0"},
				"west": {"uv": [0, 0, 0.5, 0.5], "texture": "#0"},
				"up": {"uv": [0, 0, 0.5, 0.5], "texture": "#0"},
				"down": {"uv": [0, 0, 0.5, 0.5], "texture": "#0"}
			}
		},
		{
			"from": [5, 6.75, 2],
			"to": [6, 9.25, 3],
			"faces": {
				"north": {"uv": [0, 0, 1, 2.5], "texture": "#0"},
				"east": {"uv": [0, 0, 1, 2.5], "texture": "#0"},
				"south": {"uv": [0, 0, 1, 2.5], "texture": "#0"},
				"west": {"uv": [0, 0, 1, 2.5], "texture": "#0"},
				"up": {"uv": [0, 0, 1, 2.5], "texture": "#0"},
				"down": {"uv": [0, 0, 1, 2.5], "texture": "#0"}
			}
		},
		{
			"from": [5, 2, 2],
			"to": [5.5, 3, 3],
			"faces": {
				"north": {"uv": [0, 0, 0.5, 1], "texture": "#0"},
				"east": {"uv": [0, 0, 0.5, 1], "texture": "#0"},
				"south": {"uv": [0, 0, 0.5, 1], "texture": "#0"},
				"west": {"uv": [0, 0, 0.5, 1], "texture": "#0"},
				"up": {"uv": [0, 0, 0.5, 1], "texture": "#0"},
				"down": {"uv": [0, 0, 0.5, 1], "texture": "#0"}
			}
		},
		{
			"from": [10.5, 2, 2],
			"to": [11, 3, 3],
			"faces": {
				"north": {"uv": [0, 0, 0.5, 1], "texture": "#0"},
				"east": {"uv": [0, 0, 0.5, 1], "texture": "#0"},
				"south": {"uv": [0, 0, 0.5, 1], "texture": "#0"},
				"west": {"uv": [0, 0, 0.5, 1], "texture": "#0"},
				"up": {"uv": [0, 0, 0.5, 1], "texture": "#0"},
				"down": {"uv": [0, 0, 0.5, 1], "texture": "#0"}
			}
		},
		{
			"from": [5.5, 2.5, 2],
			"to": [10.5, 3, 3],
			"faces": {
				"north": {"uv": [0, 0, 5, 0.5], "texture": "#0"},
				"east": {"uv": [0, 0, 5, 0.5], "texture": "#0"},
				"south": {"uv": [0, 0, 5, 0.5], "texture": "#0"},
				"west": {"uv": [0, 0, 5, 0.5], "texture": "#0"},
				"up": {"uv": [0, 0, 5, 0.5], "texture": "#0"},
				"down": {"uv": [0, 0, 5, 0.5], "texture": "#0"}
			}
		},
		{
			"from": [7.3, 4.2, 2],
			"to": [8.8, 6.5, 3],
			"faces": {
				"north": {"uv": [0, 0, 1.5, 2.3], "texture": "#0"},
				"east": {"uv": [0, 0, 1.5, 2.3], "texture": "#0"},
				"south": {"uv": [0, 0, 1.5, 2.3], "texture": "#0"},
				"west": {"uv": [0, 0, 1.5, 2.3], "texture": "#0"},
				"up": {"uv": [0, 0, 1.5, 2.3], "texture": "#0"},
				"down": {"uv": [0, 0, 1.5, 2.3], "texture": "#0"}
			}
		},
		{
			"from": [5, 2.8, 2],
			"to": [11, 4.2, 3],
			"faces": {
				"north": {"uv": [0, 0, 6, 1.4], "texture": "#0"},
				"east": {"uv": [0, 0, 6, 1.4], "texture": "#0"},
				"south": {"uv": [0, 0, 6, 1.4], "texture": "#0"},
				"west": {"uv": [0, 0, 6, 1.4], "texture": "#0"},
				"up": {"uv": [0, 0, 6, 1.4], "texture": "#0"},
				"down": {"uv": [0, 0, 6, 1.4], "texture": "#0"}
			}
		},
		{
			"from": [5, 9.25, 2],
			"to": [5.25, 10, 3],
			"faces": {
				"north": {"uv": [0, 0, 0.25, 0.75], "texture": "#0"},
				"east": {"uv": [0, 0, 0.25, 0.75], "texture": "#0"},
				"south": {"uv": [0, 0, 0.25, 0.75], "texture": "#0"},
				"west": {"uv": [0, 0, 0.25, 0.75], "texture": "#0"},
				"up": {"uv": [0, 0, 0.25, 0.75], "texture": "#0"},
				"down": {"uv": [0, 0, 0.25, 0.75], "texture": "#0"}
			}
		},
		{
			"from": [4.5, 9, 2],
			"to": [4.75, 11, 3],
			"faces": {
				"north": {"uv": [0, 0, 0.25, 2], "texture": "#0"},
				"east": {"uv": [0, 0, 0.25, 2], "texture": "#0"},
				"south": {"uv": [0, 0, 0.25, 2], "texture": "#0"},
				"west": {"uv": [0, 0, 0.25, 2], "texture": "#0"},
				"up": {"uv": [0, 0, 0.25, 2], "texture": "#0"},
				"down": {"uv": [0, 0, 0.25, 2], "texture": "#0"}
			}
		},
		{
			"from": [4.75, 9, 2],
			"to": [5, 10.5, 3],
			"faces": {
				"north": {"uv": [0, 0, 0.25, 1.5], "texture": "#0"},
				"east": {"uv": [0, 0, 0.25, 1.5], "texture": "#0"},
				"south": {"uv": [0, 0, 0.25, 1.5], "texture": "#0"},
				"west": {"uv": [0, 0, 0.25, 1.5], "texture": "#0"},
				"up": {"uv": [0, 0, 0.25, 1.5], "texture": "#0"},
				"down": {"uv": [0, 0, 0.25, 1.5], "texture": "#0"}
			}
		},
		{
			"from": [6, 6.5, 2],
			"to": [10, 9.25, 3],
			"faces": {
				"north": {"uv": [12, 0, 16, 2.75], "texture": "#0"},
				"east": {"uv": [12, 0, 16, 2.75], "texture": "#0"},
				"south": {"uv": [12, 0, 16, 2.75], "texture": "#0"},
				"west": {"uv": [12, 0, 16, 2.75], "texture": "#0"},
				"up": {"uv": [12, 0, 16, 2.75], "texture": "#0"},
				"down": {"uv": [12, 0, 16, 2.75], "texture": "#0"}
			}
		},
		{
			"from": [11, 7, 2],
			"to": [12, 9, 3],
			"faces": {
				"north": {"uv": [0, 0, 1, 2], "texture": "#0"},
				"east": {"uv": [0, 0, 1, 2], "texture": "#0"},
				"south": {"uv": [0, 0, 1, 2], "texture": "#0"},
				"west": {"uv": [0, 0, 1, 2], "texture": "#0"},
				"up": {"uv": [0, 0, 1, 2], "texture": "#0"},
				"down": {"uv": [0, 0, 1, 2], "texture": "#0"}
			}
		},
		{
			"from": [11.5, 9, 2],
			"to": [12, 11.25, 3],
			"faces": {
				"north": {"uv": [0, 0, 0.5, 2.25], "texture": "#0"},
				"east": {"uv": [0, 0, 0.5, 2.25], "texture": "#0"},
				"south": {"uv": [0, 0, 0.5, 2.25], "texture": "#0"},
				"west": {"uv": [0, 0, 0.5, 2.25], "texture": "#0"},
				"up": {"uv": [0, 0, 0.5, 2.25], "texture": "#0"},
				"down": {"uv": [0, 0, 0.5, 2.25], "texture": "#0"}
			}
		},
		{
			"from": [11, 1, 2],
			"to": [12, 4.5, 3],
			"faces": {
				"north": {"uv": [0, 0, 1, 3.5], "texture": "#0"},
				"east": {"uv": [0, 0, 1, 3.5], "texture": "#0"},
				"south": {"uv": [0, 0, 1, 3.5], "texture": "#0"},
				"west": {"uv": [0, 0, 1, 3.5], "texture": "#0"},
				"up": {"uv": [0, 0, 1, 3.5], "texture": "#0"},
				"down": {"uv": [0, 0, 1, 3.5], "texture": "#0"}
			}
		},
		{
			"from": [12, 3, 2.25],
			"to": [13, 12, 3.25],
			"faces": {
				"north": {"uv": [0, 0, 1, 9], "texture": "#0"},
				"east": {"uv": [0, 0, 1, 9], "texture": "#0"},
				"south": {"uv": [0, 0, 1, 9], "texture": "#0"},
				"west": {"uv": [0, 0, 1, 9], "texture": "#0"},
				"up": {"uv": [0, 0, 1, 9], "texture": "#0"},
				"down": {"uv": [0, 0, 1, 9], "texture": "#0"}
			}
		},
		{
			"from": [3, 3, 2.25],
			"to": [4, 12, 3.25],
			"faces": {
				"north": {"uv": [0, 0, 1, 9], "texture": "#0"},
				"east": {"uv": [0, 0, 1, 9], "texture": "#0"},
				"south": {"uv": [0, 0, 1, 9], "texture": "#0"},
				"west": {"uv": [0, 0, 1, 9], "texture": "#0"},
				"up": {"uv": [0, 0, 1, 9], "texture": "#0"},
				"down": {"uv": [0, 0, 1, 9], "texture": "#0"}
			}
		},
		{
			"from": [3.25, 1.25, 2.25],
			"to": [4, 3, 3.25],
			"faces": {
				"north": {"uv": [0, 0, 0.75, 1.75], "texture": "#0"},
				"east": {"uv": [0, 0, 0.75, 1.75], "texture": "#0"},
				"south": {"uv": [0, 0, 0.75, 1.75], "texture": "#0"},
				"west": {"uv": [0, 0, 0.75, 1.75], "texture": "#0"},
				"up": {"uv": [0, 0, 0.75, 1.75], "texture": "#0"},
				"down": {"uv": [0, 0, 0.75, 1.75], "texture": "#0"}
			}
		},
		{
			"from": [12, 1.25, 2.25],
			"to": [12.75, 3, 3.25],
			"faces": {
				"north": {"uv": [0, 0, 0.75, 1.75], "texture": "#0"},
				"east": {"uv": [0, 0, 0.75, 1.75], "texture": "#0"},
				"south": {"uv": [0, 0, 0.75, 1.75], "texture": "#0"},
				"west": {"uv": [0, 0, 0.75, 1.75], "texture": "#0"},
				"up": {"uv": [0, 0, 0.75, 1.75], "texture": "#0"},
				"down": {"uv": [0, 0, 0.75, 1.75], "texture": "#0"}
			}
		},
		{
			"from": [3.4, 5.25, 3.2],
			"to": [3.8, 6.25, 11.9],
			"faces": {
				"north": {"uv": [7.3, 15, 16, 16], "texture": "#0"},
				"east": {"uv": [7.3, 15, 16, 16], "texture": "#0"},
				"south": {"uv": [7.3, 15, 16, 16], "texture": "#0"},
				"west": {"uv": [7.3, 15, 16, 16], "texture": "#0"},
				"up": {"uv": [7.3, 15, 16, 16], "texture": "#0"},
				"down": {"uv": [7.3, 15, 16, 16], "texture": "#0"}
			}
		},
		{
			"from": [12.25, 5.25, 3.2],
			"to": [12.65, 6.25, 11.9],
			"faces": {
				"north": {"uv": [7.3, 15, 16, 16], "texture": "#0"},
				"east": {"uv": [7.3, 15, 16, 16], "texture": "#0"},
				"south": {"uv": [7.3, 15, 16, 16], "texture": "#0"},
				"west": {"uv": [7.3, 15, 16, 16], "texture": "#0"},
				"up": {"uv": [7.3, 15, 16, 16], "texture": "#0"},
				"down": {"uv": [7.3, 15, 16, 16], "texture": "#0"}
			}
		},
		{
			"from": [3.8, 5.25, 11.5],
			"to": [12.25, 6.25, 11.9],
			"rotation": {"angle": 0, "axis": "y", "origin": [3.5, 5.75, 16.25]},
			"faces": {
				"north": {"uv": [7.55, 15, 16, 16], "texture": "#0"},
				"east": {"uv": [7.55, 15, 16, 16], "texture": "#0"},
				"south": {"uv": [7.55, 15, 16, 16], "texture": "#0"},
				"west": {"uv": [7.55, 15, 16, 16], "texture": "#0"},
				"up": {"uv": [7.55, 15, 16, 16], "texture": "#0"},
				"down": {"uv": [7.55, 15, 16, 16], "texture": "#0"}
			}
		}
	],
	"display": {
		"thirdperson_righthand": {
			"rotation": [0, -36, -90],
			"translation": [3.5, -2, 10]
		},
		"thirdperson_lefthand": {
			"rotation": [0, -36, -90],
			"translation": [3.5, -2, 10]
		},
		"firstperson_righthand": {
			"translation": [5, 3.25, 2.5],
			"scale": [1.2, 1.2, 1.2]
		},
		"firstperson_lefthand": {
			"translation": [5, 3.25, 2.5],
			"scale": [1.2, 1.2, 1.2]
		},
		"ground": {
			"rotation": [90, 0, 0],
			"translation": [0, 0.75, 2.25]
		},
		"gui": {
			"rotation": [13, 155, 0],
			"translation": [1.5, 3.25, 0],
			"scale": [1.5, 1.5, 1.5]
		},
		"head": {
			"translation": [0, 3.75, 1],
			"scale": [1.52, 1.52, 1.52]
		},
		"fixed": {
			"translation": [0, 4, 6.25],
			"scale": [2, 2, 2]
		}
	}
}