{
	"credit": "Made with Blockbench",
	"ambientocclusion": false,
	"texture_size": [128, 128],
	"textures": {
		"0": "item/bmo",
		"particle": "item/bmo"
	},
	"elements": [
		{
			"from": [7.35, 1.65, 6.2],
			"to": [7.6, 1.9, 6.3],
			"rotation": {"angle": 45, "axis": "z", "origin": [7.25, 0.25, 0.25]},
			"faces": {
				"north": {"uv": [12.25, 2.25, 12.5, 2.5], "texture": "#0"},
				"east": {"uv": [12.25, 2.25, 12.5, 2.5], "texture": "#0"},
				"south": {"uv": [12.25, 2.25, 12.5, 2.5], "texture": "#0"},
				"west": {"uv": [12.25, 2.25, 12.5, 2.5], "texture": "#0"},
				"up": {"uv": [12.25, 2.25, 12.5, 2.5], "texture": "#0"},
				"down": {"uv": [12.25, 2.25, 12.5, 2.5], "texture": "#0"}
			}
		},
		{
			"from": [9.25576, 1.31244, 6.2],
			"to": [9.45576, 2.01244, 6.3],
			"rotation": {"angle": 0, "axis": "x", "origin": [6.33076, 1.48744, 0.25]},
			"faces": {
				"north": {"uv": [12, 0, 12.7, 0.2], "rotation": 90, "texture": "#0"},
				"east": {"uv": [12, 0, 12.7, 0.2], "rotation": 90, "texture": "#0"},
				"south": {"uv": [12, 0, 12.7, 0.2], "rotation": 90, "texture": "#0"},
				"west": {"uv": [12, 0, 12.7, 0.2], "rotation": 90, "texture": "#0"},
				"up": {"uv": [12, 0, 12.7, 0.2], "rotation": 90, "texture": "#0"},
				"down": {"uv": [12, 0, 12.7, 0.2], "rotation": 90, "texture": "#0"}
			}
		},
		{
			"from": [9.03076, 1.56244, 6.2],
			"to": [9.68076, 1.76244, 6.3],
			"rotation": {"angle": 0, "axis": "z", "origin": [5.35576, 1.26244, 0.25]},
			"faces": {
				"north": {"uv": [12, 0, 12.65, 0.2], "rotation": 180, "texture": "#0"},
				"east": {"uv": [12, 0, 12.65, 0.2], "rotation": 180, "texture": "#0"},
				"south": {"uv": [12, 0, 12.65, 0.2], "rotation": 180, "texture": "#0"},
				"west": {"uv": [12, 0, 12.65, 0.2], "rotation": 180, "texture": "#0"},
				"up": {"uv": [12, 0, 12.65, 0.2], "rotation": 180, "texture": "#0"},
				"down": {"uv": [12, 0, 12.65, 0.2], "rotation": 180, "texture": "#0"}
			}
		},
		{
			"from": [9.05576, 1.03744, 6.2],
			"to": [9.65576, 1.16244, 6.3],
			"rotation": {"angle": 0, "axis": "z", "origin": [9.35576, 1.66244, 0.25]},
			"faces": {
				"north": {"uv": [10.25, 2.25, 10.6, 2.375], "rotation": 180, "texture": "#0"},
				"east": {"uv": [10.25, 2.25, 10.6, 2.375], "rotation": 180, "texture": "#0"},
				"south": {"uv": [10.25, 2.25, 10.6, 2.375], "rotation": 180, "texture": "#0"},
				"west": {"uv": [10.25, 2.25, 10.6, 2.375], "rotation": 180, "texture": "#0"},
				"up": {"uv": [10.25, 2.25, 10.6, 2.375], "rotation": 180, "texture": "#0"},
				"down": {"uv": [10.25, 2.25, 10.6, 2.375], "rotation": 180, "texture": "#0"}
			}
		},
		{
			"from": [8.23076, 1.03744, 6.2],
			"to": [8.83076, 1.16244, 6.3],
			"rotation": {"angle": 0, "axis": "z", "origin": [9.35576, 1.66244, 0.25]},
			"faces": {
				"north": {"uv": [10.25, 2.25, 10.6, 2.375], "rotation": 180, "texture": "#0"},
				"east": {"uv": [10.25, 2.25, 10.6, 2.375], "rotation": 180, "texture": "#0"},
				"south": {"uv": [10.25, 2.25, 10.6, 2.375], "rotation": 180, "texture": "#0"},
				"west": {"uv": [10.25, 2.25, 10.6, 2.375], "rotation": 180, "texture": "#0"},
				"up": {"uv": [10.25, 2.25, 10.6, 2.375], "rotation": 180, "texture": "#0"},
				"down": {"uv": [10.25, 2.25, 10.6, 2.375], "rotation": 180, "texture": "#0"}
			}
		},
		{
			"from": [8.15, 1.95, 6.2],
			"to": [8.4, 2.2, 6.3],
			"rotation": {"angle": 45, "axis": "z", "origin": [7.25, 0.25, 0.25]},
			"faces": {
				"north": {"uv": [10.625, 2.375, 10.5, 2.375], "texture": "#0"},
				"east": {"uv": [10.625, 2.375, 10.5, 2.375], "texture": "#0"},
				"south": {"uv": [10.625, 2.375, 10.5, 2.375], "texture": "#0"},
				"west": {"uv": [10.625, 2.375, 10.5, 2.375], "texture": "#0"},
				"up": {"uv": [10.625, 2.375, 10.5, 2.375], "texture": "#0"},
				"down": {"uv": [10.625, 2.375, 10.5, 2.375], "texture": "#0"}
			}
		},
		{
			"from": [6.6, 1.1, 6.2],
			"to": [7, 1.3, 6.3],
			"faces": {
				"north": {"uv": [14, 0, 14.4, 0.2], "texture": "#0"},
				"east": {"uv": [14, 0, 14.4, 0.2], "texture": "#0"},
				"south": {"uv": [14, 0, 14.4, 0.2], "texture": "#0"},
				"west": {"uv": [14, 0, 14.4, 0.2], "texture": "#0"},
				"up": {"uv": [14, 0, 14.4, 0.2], "texture": "#0"},
				"down": {"uv": [14, 0, 14.4, 0.2], "texture": "#0"}
			}
		},
		{
			"from": [6.6, 0.7, 6.2],
			"to": [7, 0.9, 6.3],
			"faces": {
				"north": {"uv": [14, 0, 14.4, 0.2], "texture": "#0"},
				"east": {"uv": [14, 0, 14.4, 0.2], "texture": "#0"},
				"south": {"uv": [14, 0, 14.4, 0.2], "texture": "#0"},
				"west": {"uv": [14, 0, 14.4, 0.2], "texture": "#0"},
				"up": {"uv": [14, 0, 14.4, 0.2], "texture": "#0"},
				"down": {"uv": [14, 0, 14.4, 0.2], "texture": "#0"}
			}
		},
		{
			"from": [6.5, 0.8, 6.2],
			"to": [6.7, 1.2, 6.3],
			"faces": {
				"north": {"uv": [14, 0, 14.2, 0.4], "texture": "#0"},
				"east": {"uv": [14, 0, 14.2, 0.4], "texture": "#0"},
				"south": {"uv": [14, 0, 14.2, 0.4], "texture": "#0"},
				"west": {"uv": [14, 0, 14.2, 0.4], "texture": "#0"},
				"up": {"uv": [14, 0, 14.2, 0.4], "texture": "#0"},
				"down": {"uv": [14, 0, 14.2, 0.4], "texture": "#0"}
			}
		},
		{
			"from": [6.9, 0.8, 6.2],
			"to": [7.1, 1.2, 6.3],
			"faces": {
				"north": {"uv": [14, 0, 14.2, 0.4], "texture": "#0"},
				"east": {"uv": [14, 0, 14.2, 0.4], "texture": "#0"},
				"south": {"uv": [14, 0, 14.2, 0.4], "texture": "#0"},
				"west": {"uv": [14, 0, 14.2, 0.4], "texture": "#0"},
				"up": {"uv": [14, 0, 14.2, 0.4], "texture": "#0"},
				"down": {"uv": [14, 0, 14.2, 0.4], "texture": "#0"}
			}
		},
		{
			"from": [6.6, 0.8, 6.175],
			"to": [7, 1.2, 6.3],
			"faces": {
				"north": {"uv": [14.25, 0.25, 14.65, 0.65], "texture": "#0"},
				"east": {"uv": [14.25, 0.25, 14.65, 0.65], "texture": "#0"},
				"south": {"uv": [14.25, 0.25, 14.65, 0.65], "texture": "#0"},
				"west": {"uv": [14.25, 0.25, 14.65, 0.65], "texture": "#0"},
				"up": {"uv": [14.25, 0.25, 14.65, 0.65], "texture": "#0"},
				"down": {"uv": [14.25, 0.25, 14.65, 0.65], "texture": "#0"}
			}
		},
		{
			"from": [5.25, 2.2, 7.7],
			"to": [5.75, 2.7, 8.2],
			"faces": {
				"north": {"uv": [10, 0, 10.5, 0.5], "texture": "#0"},
				"east": {"uv": [10, 0, 10.5, 0.5], "texture": "#0"},
				"south": {"uv": [10, 0, 10.5, 0.5], "texture": "#0"},
				"west": {"uv": [10, 0, 10.5, 0.5], "texture": "#0"},
				"up": {"uv": [10, 0, 10.5, 0.5], "texture": "#0"},
				"down": {"uv": [10, 0, 10.5, 0.5], "texture": "#0"}
			}
		},
		{
			"from": [10.25, 2.2, 7.7],
			"to": [10.75, 2.7, 8.2],
			"faces": {
				"north": {"uv": [10.25, 0.25, 10.75, 0.75], "texture": "#0"},
				"east": {"uv": [10.25, 0.25, 10.75, 0.75], "texture": "#0"},
				"south": {"uv": [10.25, 0.25, 10.75, 0.75], "texture": "#0"},
				"west": {"uv": [10.25, 0.25, 10.75, 0.75], "texture": "#0"},
				"up": {"uv": [10.25, 0.25, 10.75, 0.75], "texture": "#0"},
				"down": {"uv": [10.25, 0.25, 10.75, 0.75], "texture": "#0"}
			}
		},
		{
			"from": [10.45, 1.7, 7.7],
			"to": [10.75, 2.2, 8.2],
			"faces": {
				"north": {"uv": [10.25, 0.25, 10.55, 0.75], "texture": "#0"},
				"east": {"uv": [10.25, 0.25, 10.55, 0.75], "texture": "#0"},
				"south": {"uv": [10.25, 0.25, 10.55, 0.75], "texture": "#0"},
				"west": {"uv": [10.25, 0.25, 10.55, 0.75], "texture": "#0"},
				"up": {"uv": [10.25, 0.25, 10.55, 0.75], "texture": "#0"},
				"down": {"uv": [10.25, 0.25, 10.55, 0.75], "texture": "#0"}
			}
		},
		{
			"from": [10.45, 1.2, 7.7],
			"to": [10.75, 1.7, 8.2],
			"faces": {
				"north": {"uv": [10.25, 0.25, 10.55, 0.75], "texture": "#0"},
				"east": {"uv": [10.25, 0.25, 10.55, 0.75], "texture": "#0"},
				"south": {"uv": [10.25, 0.25, 10.55, 0.75], "texture": "#0"},
				"west": {"uv": [10.25, 0.25, 10.55, 0.75], "texture": "#0"},
				"up": {"uv": [10.25, 0.25, 10.55, 0.75], "texture": "#0"},
				"down": {"uv": [10.25, 0.25, 10.55, 0.75], "texture": "#0"}
			}
		},
		{
			"from": [10.6, 0.85, 7.7],
			"to": [10.75, 1.2, 8.2],
			"faces": {
				"north": {"uv": [10.25, 0.25, 10.4, 0.6], "texture": "#0"},
				"east": {"uv": [10.25, 0.25, 10.4, 0.6], "texture": "#0"},
				"south": {"uv": [10.25, 0.25, 10.4, 0.6], "texture": "#0"},
				"west": {"uv": [10.25, 0.25, 10.4, 0.6], "texture": "#0"},
				"up": {"uv": [10.25, 0.25, 10.4, 0.6], "texture": "#0"},
				"down": {"uv": [10.25, 0.25, 10.4, 0.6], "texture": "#0"}
			}
		},
		{
			"from": [10.475, 1, 7.65],
			"to": [10.575, 1.25, 7.75],
			"faces": {
				"north": {"uv": [10.25, 0.25, 10.35, 0.5], "texture": "#0"},
				"east": {"uv": [10.25, 0.25, 10.35, 0.5], "texture": "#0"},
				"south": {"uv": [10.25, 0.25, 10.35, 0.5], "texture": "#0"},
				"west": {"uv": [10.25, 0.25, 10.35, 0.5], "texture": "#0"},
				"up": {"uv": [10.25, 0.25, 10.35, 0.5], "texture": "#0"},
				"down": {"uv": [10.25, 0.25, 10.35, 0.5], "texture": "#0"}
			}
		},
		{
			"from": [5.25, 0.85, 7.7],
			"to": [5.4, 1.2, 8.2],
			"rotation": {"angle": 0, "axis": "y", "origin": [5.2, 1.3875, 0.8875]},
			"faces": {
				"north": {"uv": [10, 0, 10.15, 0.35], "texture": "#0"},
				"east": {"uv": [10, 0, 10.15, 0.35], "texture": "#0"},
				"south": {"uv": [10, 0, 10.15, 0.35], "texture": "#0"},
				"west": {"uv": [10, 0, 10.15, 0.35], "texture": "#0"},
				"up": {"uv": [10, 0, 10.15, 0.35], "texture": "#0"},
				"down": {"uv": [10, 0, 10.15, 0.35], "texture": "#0"}
			}
		},
		{
			"from": [5.425, 1, 7.65],
			"to": [5.525, 1.25, 7.75],
			"rotation": {"angle": 0, "axis": "y", "origin": [5.2, 1.3875, 0.8875]},
			"faces": {
				"north": {"uv": [10, 0, 10.1, 0.25], "texture": "#0"},
				"east": {"uv": [10, 0, 10.1, 0.25], "texture": "#0"},
				"south": {"uv": [10, 0, 10.1, 0.25], "texture": "#0"},
				"west": {"uv": [10, 0, 10.1, 0.25], "texture": "#0"},
				"up": {"uv": [10, 0, 10.1, 0.25], "texture": "#0"},
				"down": {"uv": [10, 0, 10.1, 0.25], "texture": "#0"}
			}
		},
		{
			"from": [5.25, 1.2, 7.7],
			"to": [5.55, 1.7, 8.2],
			"rotation": {"angle": 0, "axis": "y", "origin": [5.2, 1.3875, 0.8875]},
			"faces": {
				"north": {"uv": [10, 0, 10.3, 0.5], "texture": "#0"},
				"east": {"uv": [10, 0, 10.3, 0.5], "texture": "#0"},
				"south": {"uv": [10, 0, 10.3, 0.5], "texture": "#0"},
				"west": {"uv": [10, 0, 10.3, 0.5], "texture": "#0"},
				"up": {"uv": [10, 0, 10.3, 0.5], "texture": "#0"},
				"down": {"uv": [10, 0, 10.3, 0.5], "texture": "#0"}
			}
		},
		{
			"from": [5.25, 1.7, 7.7],
			"to": [5.55, 2.2, 8.2],
			"rotation": {"angle": 0, "axis": "y", "origin": [5.2, 1.3875, 0.8875]},
			"faces": {
				"north": {"uv": [10, 0, 10.3, 0.5], "texture": "#0"},
				"east": {"uv": [10, 0, 10.3, 0.5], "texture": "#0"},
				"south": {"uv": [10, 0, 10.3, 0.5], "texture": "#0"},
				"west": {"uv": [10, 0, 10.3, 0.5], "texture": "#0"},
				"up": {"uv": [10, 0, 10.3, 0.5], "texture": "#0"},
				"down": {"uv": [10, 0, 10.3, 0.5], "texture": "#0"}
			}
		},
		{
			"from": [7.175, 4.45, 6.375],
			"to": [7.35, 4.675, 6.375],
			"faces": {
				"north": {"uv": [4, 1, 4.175, 1.225], "texture": "#0"},
				"east": {"uv": [4, 1, 4.175, 1.225], "texture": "#0"},
				"south": {"uv": [4, 1, 4.175, 1.225], "texture": "#0"},
				"west": {"uv": [4, 1, 4.175, 1.225], "texture": "#0"},
				"up": {"uv": [4, 1, 4.175, 1.225], "texture": "#0"},
				"down": {"uv": [4, 1, 4.175, 1.225], "texture": "#0"}
			}
		},
		{
			"from": [8.675, 4.45, 6.375],
			"to": [8.85, 4.675, 6.375],
			"faces": {
				"north": {"uv": [4, 1, 4.175, 1.225], "texture": "#0"},
				"east": {"uv": [4, 1, 4.175, 1.225], "texture": "#0"},
				"south": {"uv": [4, 1, 4.175, 1.225], "texture": "#0"},
				"west": {"uv": [4, 1, 4.175, 1.225], "texture": "#0"},
				"up": {"uv": [4, 1, 4.175, 1.225], "texture": "#0"},
				"down": {"uv": [4, 1, 4.175, 1.225], "texture": "#0"}
			}
		},
		{
			"from": [6.7, 2.95, 6.25],
			"to": [6.775, 3.25, 6.4],
			"faces": {
				"north": {"uv": [1, 1, 1.075, 1.3], "texture": "#0"},
				"east": {"uv": [1, 1, 1.075, 1.3], "texture": "#0"},
				"south": {"uv": [1, 1, 1.075, 1.3], "texture": "#0"},
				"west": {"uv": [1, 1, 1.075, 1.3], "texture": "#0"},
				"up": {"uv": [1, 1, 1.075, 1.3], "texture": "#0"},
				"down": {"uv": [1, 1, 1.075, 1.3], "texture": "#0"}
			}
		},
		{
			"from": [6.775, 2.95, 6.25],
			"to": [7, 3.025, 6.4],
			"faces": {
				"north": {"uv": [1, 1, 1.225, 1.075], "texture": "#0"},
				"east": {"uv": [1, 1, 1.225, 1.075], "texture": "#0"},
				"south": {"uv": [1, 1, 1.225, 1.075], "texture": "#0"},
				"west": {"uv": [1, 1, 1.225, 1.075], "texture": "#0"},
				"up": {"uv": [1, 1, 1.225, 1.075], "texture": "#0"},
				"down": {"uv": [1, 1, 1.225, 1.075], "texture": "#0"}
			}
		},
		{
			"from": [6.775, 3.025, 6.25],
			"to": [6.875, 3.125, 6.4],
			"faces": {
				"north": {"uv": [1, 1, 1.1, 1.1], "texture": "#0"},
				"east": {"uv": [1, 1, 1.1, 1.1], "texture": "#0"},
				"south": {"uv": [1, 1, 1.1, 1.1], "texture": "#0"},
				"west": {"uv": [1, 1, 1.1, 1.1], "texture": "#0"},
				"up": {"uv": [1, 1, 1.1, 1.1], "texture": "#0"},
				"down": {"uv": [1, 1, 1.1, 1.1], "texture": "#0"}
			}
		},
		{
			"from": [9.225, 3.025, 6.25],
			"to": [9.3, 3.25, 6.4],
			"faces": {
				"north": {"uv": [1, 1, 1.225, 1.075], "rotation": 90, "texture": "#0"},
				"east": {"uv": [1, 1, 1.225, 1.075], "rotation": 90, "texture": "#0"},
				"south": {"uv": [1, 1, 1.225, 1.075], "rotation": 90, "texture": "#0"},
				"west": {"uv": [1, 1, 1.225, 1.075], "rotation": 90, "texture": "#0"},
				"up": {"uv": [1, 1, 1.225, 1.075], "rotation": 90, "texture": "#0"},
				"down": {"uv": [1, 1, 1.225, 1.075], "rotation": 90, "texture": "#0"}
			}
		},
		{
			"from": [9.125, 3.025, 6.25],
			"to": [9.225, 3.125, 6.4],
			"faces": {
				"north": {"uv": [1, 1, 1.1, 1.1], "rotation": 90, "texture": "#0"},
				"east": {"uv": [1, 1, 1.1, 1.1], "rotation": 90, "texture": "#0"},
				"south": {"uv": [1, 1, 1.1, 1.1], "rotation": 90, "texture": "#0"},
				"west": {"uv": [1, 1, 1.1, 1.1], "rotation": 90, "texture": "#0"},
				"up": {"uv": [1, 1, 1.1, 1.1], "rotation": 90, "texture": "#0"},
				"down": {"uv": [1, 1, 1.1, 1.1], "rotation": 90, "texture": "#0"}
			}
		},
		{
			"from": [9, 2.95, 6.25],
			"to": [9.3, 3.025, 6.4],
			"faces": {
				"north": {"uv": [1, 1, 1.075, 1.3], "rotation": 90, "texture": "#0"},
				"east": {"uv": [1, 1, 1.075, 1.3], "rotation": 90, "texture": "#0"},
				"south": {"uv": [1, 1, 1.075, 1.3], "rotation": 90, "texture": "#0"},
				"west": {"uv": [1, 1, 1.075, 1.3], "rotation": 90, "texture": "#0"},
				"up": {"uv": [1, 1, 1.075, 1.3], "rotation": 90, "texture": "#0"},
				"down": {"uv": [1, 1, 1.075, 1.3], "rotation": 90, "texture": "#0"}
			}
		},
		{
			"from": [9, 5.275, 6.25],
			"to": [9.225, 5.35, 6.4],
			"faces": {
				"north": {"uv": [1, 1, 1.225, 1.075], "rotation": 180, "texture": "#0"},
				"east": {"uv": [1, 1, 1.225, 1.075], "rotation": 180, "texture": "#0"},
				"south": {"uv": [1, 1, 1.225, 1.075], "rotation": 180, "texture": "#0"},
				"west": {"uv": [1, 1, 1.225, 1.075], "rotation": 180, "texture": "#0"},
				"up": {"uv": [1, 1, 1.225, 1.075], "rotation": 180, "texture": "#0"},
				"down": {"uv": [1, 1, 1.225, 1.075], "rotation": 180, "texture": "#0"}
			}
		},
		{
			"from": [9.125, 5.175, 6.25],
			"to": [9.225, 5.275, 6.4],
			"faces": {
				"north": {"uv": [1, 1, 1.1, 1.1], "rotation": 180, "texture": "#0"},
				"east": {"uv": [1, 1, 1.1, 1.1], "rotation": 180, "texture": "#0"},
				"south": {"uv": [1, 1, 1.1, 1.1], "rotation": 180, "texture": "#0"},
				"west": {"uv": [1, 1, 1.1, 1.1], "rotation": 180, "texture": "#0"},
				"up": {"uv": [1, 1, 1.1, 1.1], "rotation": 180, "texture": "#0"},
				"down": {"uv": [1, 1, 1.1, 1.1], "rotation": 180, "texture": "#0"}
			}
		},
		{
			"from": [9.225, 5.05, 6.25],
			"to": [9.3, 5.35, 6.4],
			"faces": {
				"north": {"uv": [1, 1, 1.075, 1.3], "rotation": 180, "texture": "#0"},
				"east": {"uv": [1, 1, 1.075, 1.3], "rotation": 180, "texture": "#0"},
				"south": {"uv": [1, 1, 1.075, 1.3], "rotation": 180, "texture": "#0"},
				"west": {"uv": [1, 1, 1.075, 1.3], "rotation": 180, "texture": "#0"},
				"up": {"uv": [1, 1, 1.075, 1.3], "rotation": 180, "texture": "#0"},
				"down": {"uv": [1, 1, 1.075, 1.3], "rotation": 180, "texture": "#0"}
			}
		},
		{
			"from": [6.7, 5.275, 6.25],
			"to": [7, 5.35, 6.4],
			"faces": {
				"north": {"uv": [1, 1, 1.075, 1.3], "rotation": 270, "texture": "#0"},
				"east": {"uv": [1, 1, 1.075, 1.3], "rotation": 270, "texture": "#0"},
				"south": {"uv": [1, 1, 1.075, 1.3], "rotation": 270, "texture": "#0"},
				"west": {"uv": [1, 1, 1.075, 1.3], "rotation": 270, "texture": "#0"},
				"up": {"uv": [1, 1, 1.075, 1.3], "rotation": 270, "texture": "#0"},
				"down": {"uv": [1, 1, 1.075, 1.3], "rotation": 270, "texture": "#0"}
			}
		},
		{
			"from": [6.7, 5.05, 6.25],
			"to": [6.775, 5.275, 6.4],
			"faces": {
				"north": {"uv": [1, 1, 1.225, 1.075], "rotation": 270, "texture": "#0"},
				"east": {"uv": [1, 1, 1.225, 1.075], "rotation": 270, "texture": "#0"},
				"south": {"uv": [1, 1, 1.225, 1.075], "rotation": 270, "texture": "#0"},
				"west": {"uv": [1, 1, 1.225, 1.075], "rotation": 270, "texture": "#0"},
				"up": {"uv": [1, 1, 1.225, 1.075], "rotation": 270, "texture": "#0"},
				"down": {"uv": [1, 1, 1.225, 1.075], "rotation": 270, "texture": "#0"}
			}
		},
		{
			"from": [6.775, 5.175, 6.25],
			"to": [6.875, 5.275, 6.4],
			"faces": {
				"north": {"uv": [1, 1, 1.1, 1.1], "rotation": 270, "texture": "#0"},
				"east": {"uv": [1, 1, 1.1, 1.1], "rotation": 270, "texture": "#0"},
				"south": {"uv": [1, 1, 1.1, 1.1], "rotation": 270, "texture": "#0"},
				"west": {"uv": [1, 1, 1.1, 1.1], "rotation": 270, "texture": "#0"},
				"up": {"uv": [1, 1, 1.1, 1.1], "rotation": 270, "texture": "#0"},
				"down": {"uv": [1, 1, 1.1, 1.1], "rotation": 270, "texture": "#0"}
			}
		},
		{
			"from": [6.7, 2.9, 6.4],
			"to": [9.3, 5.4, 6.5],
			"faces": {
				"north": {"uv": [6, 0, 8.6, 2.5], "texture": "#0"},
				"east": {"uv": [6, 0, 8.6, 2.5], "texture": "#0"},
				"south": {"uv": [6, 0, 8.6, 2.5], "texture": "#0"},
				"west": {"uv": [6, 0, 8.6, 2.5], "texture": "#0"},
				"up": {"uv": [6, 0, 8.6, 2.5], "texture": "#0"},
				"down": {"uv": [6, 0, 8.6, 2.5], "texture": "#0"}
			}
		},
		{
			"from": [6.5, 0.25, 8.25],
			"to": [7, 0.5, 8.75],
			"faces": {
				"north": {"uv": [14.25, 2.25, 14.25, 2.5], "texture": "#0"},
				"east": {"uv": [14.25, 2.25, 14.25, 2.5], "texture": "#0"},
				"south": {"uv": [14.25, 2.25, 14.25, 2.5], "texture": "#0"},
				"west": {"uv": [14.25, 2.25, 14.25, 2.5], "texture": "#0"},
				"up": {"uv": [14.25, 2.25, 14.25, 2.5], "texture": "#0"},
				"down": {"uv": [14.25, 2.25, 14.25, 2.5], "texture": "#0"}
			}
		},
		{
			"from": [9, 0.25, 8.25],
			"to": [9.5, 0.5, 8.75],
			"faces": {
				"north": {"uv": [14.25, 2.25, 14.75, 2.5], "texture": "#0"},
				"east": {"uv": [14.25, 2.25, 14.75, 2.5], "texture": "#0"},
				"south": {"uv": [14.25, 2.25, 14.75, 2.5], "texture": "#0"},
				"west": {"uv": [14.25, 2.25, 14.75, 2.5], "texture": "#0"},
				"up": {"uv": [14.25, 2.25, 14.75, 2.5], "texture": "#0"},
				"down": {"uv": [14.25, 2.25, 14.75, 2.5], "texture": "#0"}
			}
		},
		{
			"from": [6.5, 0.5, 5],
			"to": [7, 1, 5.4],
			"faces": {
				"north": {"uv": [14.25, 2.25, 14.25, 2.75], "texture": "#0"},
				"east": {"uv": [14.25, 2.25, 14.25, 2.75], "texture": "#0"},
				"south": {"uv": [14.25, 2.25, 14.25, 2.75], "texture": "#0"},
				"west": {"uv": [14.25, 2.25, 14.25, 2.75], "texture": "#0"},
				"up": {"uv": [14.25, 2.25, 14.25, 2.75], "texture": "#0"},
				"down": {"uv": [14.25, 2.25, 14.25, 2.75], "texture": "#0"}
			}
		},
		{
			"from": [9, 0.5, 5],
			"to": [9.5, 1, 5.4],
			"faces": {
				"north": {"uv": [14.25, 2.25, 14.65, 2.75], "texture": "#0"},
				"east": {"uv": [14.25, 2.25, 14.65, 2.75], "texture": "#0"},
				"south": {"uv": [14.25, 2.25, 14.65, 2.75], "texture": "#0"},
				"west": {"uv": [14.25, 2.25, 14.65, 2.75], "texture": "#0"},
				"up": {"uv": [14.25, 2.25, 14.65, 2.75], "texture": "#0"},
				"down": {"uv": [14.25, 2.25, 14.65, 2.75], "texture": "#0"}
			}
		},
		{
			"from": [6.5, 0, 5],
			"to": [7, 0.5, 8.25],
			"faces": {
				"north": {"uv": [14.25, 2.25, 14.5, 2.75], "texture": "#0"},
				"east": {"uv": [14.25, 2.25, 14.5, 2.75], "texture": "#0"},
				"south": {"uv": [14.25, 2.25, 14.5, 2.75], "texture": "#0"},
				"west": {"uv": [14.25, 2.25, 14.5, 2.75], "texture": "#0"},
				"up": {"uv": [14.25, 2.25, 14.5, 2.75], "texture": "#0"},
				"down": {"uv": [14.25, 2.25, 14.5, 2.75], "texture": "#0"}
			}
		},
		{
			"from": [9, 0, 5],
			"to": [9.5, 0.5, 8.25],
			"faces": {
				"north": {"uv": [14.25, 2.25, 14.5, 2.5], "texture": "#0"},
				"east": {"uv": [14.25, 2.25, 14.5, 2.5], "texture": "#0"},
				"south": {"uv": [14.25, 2.25, 14.5, 2.5], "texture": "#0"},
				"west": {"uv": [14.25, 2.25, 14.5, 2.5], "texture": "#0"},
				"up": {"uv": [14.25, 2.25, 14.5, 2.5], "texture": "#0"},
				"down": {"uv": [14.25, 2.25, 14.5, 2.5], "texture": "#0"}
			}
		},
		{
			"from": [6, 0.5, 6.5],
			"to": [10, 6, 9.25],
			"faces": {
				"north": {"uv": [0, 0, 3, 2.75], "texture": "#0"},
				"east": {"uv": [0, 0, 3, 2.75], "texture": "#0"},
				"south": {"uv": [0, 0, 3, 2.75], "texture": "#0"},
				"west": {"uv": [0, 0, 3, 2.75], "texture": "#0"},
				"up": {"uv": [0, 0, 3, 2.75], "texture": "#0"},
				"down": {"uv": [0, 0, 3, 2.75], "texture": "#0"}
			}
		},
		{
			"from": [10, 0.6, 6.25],
			"to": [10.25, 5.9, 9.5],
			"faces": {
				"north": {"uv": [0, 0, 3.25, 5.3], "texture": "#0"},
				"east": {"uv": [5.8125, 6.5625, 8.25, 9.9875], "texture": "#0"},
				"south": {"uv": [0, 0, 3.25, 5.3], "texture": "#0"},
				"west": {"uv": [0, 0, 3.25, 5.3], "texture": "#0"},
				"up": {"uv": [0, 0, 3.25, 5.3], "texture": "#0"},
				"down": {"uv": [0, 0, 3.25, 5.3], "texture": "#0"}
			}
		},
		{
			"from": [5.75, 0.6, 6.25],
			"to": [6, 5.9, 9.5],
			"faces": {
				"north": {"uv": [0, 0, 3.125, 2.925], "texture": "#0"},
				"east": {"uv": [0, 0, 3.125, 2.925], "texture": "#0"},
				"south": {"uv": [0, 0, 3.125, 2.925], "texture": "#0"},
				"west": {"uv": [5.6875, 6.5625, 8.125, 9.9875], "texture": "#0"},
				"up": {"uv": [0, 0, 3.125, 2.925], "texture": "#0"},
				"down": {"uv": [0, 0, 3.125, 2.925], "texture": "#0"}
			}
		},
		{
			"from": [6, 0.5, 9.25],
			"to": [10, 6, 9.5],
			"faces": {
				"north": {"uv": [0.5, 0.5, 3.625, 4], "texture": "#0"},
				"east": {"uv": [0.5, 0.5, 3.625, 4], "texture": "#0"},
				"south": {"uv": [9.375, 6.75, 13.375, 12.375], "texture": "#0"},
				"west": {"uv": [0.5, 0.5, 3.625, 4], "texture": "#0"},
				"up": {"uv": [0.5, 0.5, 3.625, 4], "texture": "#0"},
				"down": {"uv": [0.5, 0.5, 3.625, 4], "texture": "#0"}
			}
		},
		{
			"from": [6, 2.95, 6.25],
			"to": [6.7, 5.35, 6.5],
			"faces": {
				"north": {"uv": [0, 0, 3.325, 3.025], "texture": "#0"},
				"east": {"uv": [0, 0, 3.325, 3.025], "texture": "#0"},
				"south": {"uv": [0, 0, 3.325, 3.025], "texture": "#0"},
				"west": {"uv": [0, 0, 3.325, 3.025], "texture": "#0"},
				"up": {"uv": [0, 0, 3.325, 3.025], "texture": "#0"},
				"down": {"uv": [0, 0, 3.325, 3.025], "texture": "#0"}
			}
		},
		{
			"from": [6, 0.5, 6.25],
			"to": [7.55, 2.55, 6.5],
			"faces": {
				"north": {"uv": [0.71875, 6.5, 3.3, 11.925], "texture": "#0"},
				"east": {"uv": [0.71875, 6.5, 3.3, 11.925], "texture": "#0"},
				"south": {"uv": [0.71875, 6.5, 3.3, 11.925], "texture": "#0"},
				"west": {"uv": [0.71875, 6.5, 3.3, 11.925], "texture": "#0"},
				"up": {"uv": [0.71875, 6.5, 3.3, 11.925], "texture": "#0"},
				"down": {"uv": [0.71875, 6.5, 3.3, 11.925], "texture": "#0"}
			}
		},
		{
			"from": [9.3, 2.95, 6.25],
			"to": [10, 5.35, 6.5],
			"faces": {
				"north": {"uv": [0, 0, 3.325, 3.025], "texture": "#0"},
				"east": {"uv": [0, 0, 3.325, 3.025], "texture": "#0"},
				"south": {"uv": [0, 0, 3.325, 3.025], "texture": "#0"},
				"west": {"uv": [0, 0, 3.325, 3.025], "texture": "#0"},
				"up": {"uv": [0, 0, 3.325, 3.025], "texture": "#0"},
				"down": {"uv": [0, 0, 3.325, 3.025], "texture": "#0"}
			}
		},
		{
			"from": [6, 5.35, 6.25],
			"to": [10, 6, 6.5],
			"faces": {
				"north": {"uv": [0, 0, 2.875, 2.775], "texture": "#0"},
				"east": {"uv": [0, 0, 2.875, 2.775], "texture": "#0"},
				"south": {"uv": [0, 0, 2.875, 2.775], "texture": "#0"},
				"west": {"uv": [0, 0, 2.875, 2.775], "texture": "#0"},
				"up": {"uv": [0, 0, 2.875, 2.775], "texture": "#0"},
				"down": {"uv": [0, 0, 2.875, 2.775], "texture": "#0"}
			}
		},
		{
			"from": [6, 2.55, 6.25],
			"to": [10, 2.95, 6.5],
			"faces": {
				"north": {"uv": [0, 0, 3.75, 0.4], "texture": "#0"},
				"east": {"uv": [0, 0, 3.75, 0.4], "texture": "#0"},
				"south": {"uv": [0, 0, 3.75, 0.4], "texture": "#0"},
				"west": {"uv": [0, 0, 3.75, 0.4], "texture": "#0"},
				"up": {"uv": [0, 0, 3.75, 0.4], "texture": "#0"},
				"down": {"uv": [0, 0, 3.75, 0.4], "texture": "#0"}
			}
		},
		{
			"from": [7.9, 2.2, 6.25],
			"to": [8.3, 2.55, 6.5],
			"faces": {
				"north": {"uv": [0, 0, 3.75, 0.4], "texture": "#0"},
				"east": {"uv": [0, 0, 3.75, 0.4], "texture": "#0"},
				"south": {"uv": [0, 0, 3.75, 0.4], "texture": "#0"},
				"west": {"uv": [0, 0, 3.75, 0.4], "texture": "#0"},
				"up": {"uv": [0, 0, 3.75, 0.4], "texture": "#0"},
				"down": {"uv": [0, 0, 3.75, 0.4], "texture": "#0"}
			}
		},
		{
			"from": [7.55, 0.5, 6.25],
			"to": [8.3, 2.2, 6.5],
			"faces": {
				"north": {"uv": [0, 0, 3.75, 0.4], "texture": "#0"},
				"east": {"uv": [0, 0, 3.75, 0.4], "texture": "#0"},
				"south": {"uv": [0, 0, 3.75, 0.4], "texture": "#0"},
				"west": {"uv": [0, 0, 3.75, 0.4], "texture": "#0"},
				"up": {"uv": [0, 0, 3.75, 0.4], "texture": "#0"},
				"down": {"uv": [0, 0, 3.75, 0.4], "texture": "#0"}
			}
		},
		{
			"from": [9.65, 2.2, 6.25],
			"to": [10, 2.55, 6.5],
			"faces": {
				"north": {"uv": [0, 0, 0.35, 0.35], "texture": "#0"},
				"east": {"uv": [0, 0, 0.35, 0.35], "texture": "#0"},
				"south": {"uv": [0, 0, 0.35, 0.35], "texture": "#0"},
				"west": {"uv": [0, 0, 0.35, 0.35], "texture": "#0"},
				"up": {"uv": [0, 0, 0.35, 0.35], "texture": "#0"},
				"down": {"uv": [0, 0, 0.35, 0.35], "texture": "#0"}
			}
		},
		{
			"from": [8.3, 2.2, 6.325],
			"to": [9.65, 2.55, 6.5],
			"faces": {
				"north": {"uv": [4, 0, 5.35, 0.35], "texture": "#0"},
				"east": {"uv": [4, 0, 5.35, 0.35], "texture": "#0"},
				"south": {"uv": [4, 0, 5.35, 0.35], "texture": "#0"},
				"west": {"uv": [4, 0, 5.35, 0.35], "texture": "#0"},
				"up": {"uv": [4, 0, 5.35, 0.35], "texture": "#0"},
				"down": {"uv": [4, 0, 5.35, 0.35], "texture": "#0"}
			}
		},
		{
			"from": [7.55, 2.2, 6.325],
			"to": [7.925, 2.55, 6.5],
			"faces": {
				"north": {"uv": [4, 0, 5.35, 0.35], "texture": "#0"},
				"east": {"uv": [4, 0, 5.35, 0.35], "texture": "#0"},
				"south": {"uv": [4, 0, 5.35, 0.35], "texture": "#0"},
				"west": {"uv": [4, 0, 5.35, 0.35], "texture": "#0"},
				"up": {"uv": [4, 0, 5.35, 0.35], "texture": "#0"},
				"down": {"uv": [4, 0, 5.35, 0.35], "texture": "#0"}
			}
		},
		{
			"from": [8.3, 0.5, 6.25],
			"to": [10, 2.2, 6.5],
			"faces": {
				"north": {"uv": [0, 0, 1.7, 1.7], "texture": "#0"},
				"east": {"uv": [0, 0, 1.7, 1.7], "texture": "#0"},
				"south": {"uv": [0, 0, 1.7, 1.7], "texture": "#0"},
				"west": {"uv": [0, 0, 1.7, 1.7], "texture": "#0"},
				"up": {"uv": [0, 0, 1.7, 1.7], "texture": "#0"},
				"down": {"uv": [0, 0, 1.7, 1.7], "texture": "#0"}
			}
		},
		{
			"from": [7.575, 4.25, 6.375],
			"to": [8.375, 4.35, 6.375],
			"faces": {
				"north": {"uv": [4, 1, 4.8, 1.1], "texture": "#0"},
				"east": {"uv": [4, 1, 4.8, 1.1], "texture": "#0"},
				"south": {"uv": [4, 1, 4.8, 1.1], "texture": "#0"},
				"west": {"uv": [4, 1, 4.8, 1.1], "texture": "#0"},
				"up": {"uv": [4, 1, 4.8, 1.1], "texture": "#0"},
				"down": {"uv": [4, 1, 4.8, 1.1], "texture": "#0"}
			}
		},
		{
			"from": [7.475, 4.35, 6.375],
			"to": [7.575, 4.45, 6.375],
			"faces": {
				"north": {"uv": [4, 1, 4.1, 1.1], "texture": "#0"},
				"east": {"uv": [4, 1, 4.1, 1.1], "texture": "#0"},
				"south": {"uv": [4, 1, 4.1, 1.1], "texture": "#0"},
				"west": {"uv": [4, 1, 4.1, 1.1], "texture": "#0"},
				"up": {"uv": [4, 1, 4.1, 1.1], "texture": "#0"},
				"down": {"uv": [4, 1, 4.1, 1.1], "texture": "#0"}
			}
		},
		{
			"from": [8.375, 4.35, 6.375],
			"to": [8.475, 4.45, 6.375],
			"faces": {
				"north": {"uv": [4, 1, 4.1, 1.1], "texture": "#0"},
				"east": {"uv": [4, 1, 4.1, 1.1], "texture": "#0"},
				"south": {"uv": [4, 1, 4.1, 1.1], "texture": "#0"},
				"west": {"uv": [4, 1, 4.1, 1.1], "texture": "#0"},
				"up": {"uv": [4, 1, 4.1, 1.1], "texture": "#0"},
				"down": {"uv": [4, 1, 4.1, 1.1], "texture": "#0"}
			}
		}
	],
	"display": {
		"thirdperson_righthand": {
			"rotation": [47, 0, 0],
			"translation": [0, 3, 1.5]
		},
		"thirdperson_lefthand": {
			"rotation": [47, 0, 0],
			"translation": [0, 3, 1.5]
		},
		"firstperson_righthand": {
			"rotation": [0, 146, 0],
			"translation": [0, 12.25, 0],
			"scale": [1.5, 1.5, 1.5]
		},
		"firstperson_lefthand": {
			"rotation": [0, 146, 0],
			"translation": [0, 12.25, 0],
			"scale": [1.5, 1.5, 1.5]
		},
		"ground": {
			"translation": [0, 12.5, 0],
			"scale": [2, 2, 2]
		},
		"gui": {
			"rotation": [0, -169, 0],
			"translation": [0, 12.25, 0],
			"scale": [2.5, 2.5, 2.5]
		},
		"head": {
			"translation": [0, 23.75, 1.25],
			"scale": [2.25, 2.25, 2.25]
		},
		"fixed": {
			"translation": [0, 15.5, 0],
			"scale": [3.2, 3.2, 3.2]
		}
	}
}