{
	"credit": "Made with Blockbench",
	"textures": {
		"0": "item/buisness_hat",
		"particle": "item/buisness_hat"
	},
	"elements": [
		{
			"from": [6.5, 0, 4.25],
			"to": [9.5, 0.2, 5.25],
			"faces": {
				"north": {"uv": [0, 0, 3, 1], "texture": "#0"},
				"east": {"uv": [0, 0, 3, 1], "texture": "#0"},
				"south": {"uv": [0, 0, 3, 1], "texture": "#0"},
				"west": {"uv": [0, 0, 3, 1], "texture": "#0"},
				"up": {"uv": [0, 0, 3, 1], "texture": "#0"},
				"down": {"uv": [0, 0, 3, 1], "texture": "#0"}
			}
		},
		{
			"from": [6.5, 0, 8.75],
			"to": [9.5, 0.2, 9.75],
			"faces": {
				"north": {"uv": [0, 0, 3, 1], "texture": "#0"},
				"east": {"uv": [0, 0, 3, 1], "texture": "#0"},
				"south": {"uv": [0, 0, 3, 1], "texture": "#0"},
				"west": {"uv": [0, 0, 3, 1], "texture": "#0"},
				"up": {"uv": [0, 0, 3, 1], "texture": "#0"},
				"down": {"uv": [0, 0, 3, 1], "texture": "#0"}
			}
		},
		{
			"from": [5.25, 0, 5.5],
			"to": [6.25, 0.2, 8.5],
			"rotation": {"angle": 0, "axis": "y", "origin": [8, 0, 4.5]},
			"faces": {
				"north": {"uv": [0, 0, 3, 1], "rotation": 270, "texture": "#0"},
				"east": {"uv": [0, 0, 3, 1], "rotation": 270, "texture": "#0"},
				"south": {"uv": [0, 0, 3, 1], "rotation": 270, "texture": "#0"},
				"west": {"uv": [0, 0, 3, 1], "rotation": 270, "texture": "#0"},
				"up": {"uv": [0, 0, 3, 1], "rotation": 270, "texture": "#0"},
				"down": {"uv": [0, 0, 3, 1], "rotation": 270, "texture": "#0"}
			}
		},
		{
			"from": [5.5, 0, 4.5],
			"to": [6.5, 0.2, 5.5],
			"rotation": {"angle": 0, "axis": "y", "origin": [8, 0, 4.5]},
			"faces": {
				"north": {"uv": [0, 0, 1, 1], "rotation": 270, "texture": "#0"},
				"east": {"uv": [0, 0, 1, 1], "rotation": 270, "texture": "#0"},
				"south": {"uv": [0, 0, 1, 1], "rotation": 270, "texture": "#0"},
				"west": {"uv": [0, 0, 1, 1], "rotation": 270, "texture": "#0"},
				"up": {"uv": [0, 0, 1, 1], "rotation": 270, "texture": "#0"},
				"down": {"uv": [0, 0, 1, 1], "rotation": 270, "texture": "#0"}
			}
		},
		{
			"from": [9.5, 0, 4.5],
			"to": [10.5, 0.2, 5.5],
			"rotation": {"angle": 0, "axis": "y", "origin": [8, 0, 4.5]},
			"faces": {
				"north": {"uv": [0, 0, 1, 1], "rotation": 270, "texture": "#0"},
				"east": {"uv": [0, 0, 1, 1], "rotation": 270, "texture": "#0"},
				"south": {"uv": [0, 0, 1, 1], "rotation": 270, "texture": "#0"},
				"west": {"uv": [0, 0, 1, 1], "rotation": 270, "texture": "#0"},
				"up": {"uv": [0, 0, 1, 1], "rotation": 270, "texture": "#0"},
				"down": {"uv": [0, 0, 1, 1], "rotation": 270, "texture": "#0"}
			}
		},
		{
			"from": [9.5, 0, 8.5],
			"to": [10.5, 0.2, 9.5],
			"rotation": {"angle": 0, "axis": "y", "origin": [8, 0, 4.5]},
			"faces": {
				"north": {"uv": [0, 0, 1, 1], "rotation": 270, "texture": "#0"},
				"east": {"uv": [0, 0, 1, 1], "rotation": 270, "texture": "#0"},
				"south": {"uv": [0, 0, 1, 1], "rotation": 270, "texture": "#0"},
				"west": {"uv": [0, 0, 1, 1], "rotation": 270, "texture": "#0"},
				"up": {"uv": [0, 0, 1, 1], "rotation": 270, "texture": "#0"},
				"down": {"uv": [0, 0, 1, 1], "rotation": 270, "texture": "#0"}
			}
		},
		{
			"from": [5.5, 0, 8.5],
			"to": [6.5, 0.2, 9.5],
			"rotation": {"angle": 0, "axis": "y", "origin": [8, 0, 4.5]},
			"faces": {
				"north": {"uv": [0, 0, 1, 1], "rotation": 270, "texture": "#0"},
				"east": {"uv": [0, 0, 1, 1], "rotation": 270, "texture": "#0"},
				"south": {"uv": [0, 0, 1, 1], "rotation": 270, "texture": "#0"},
				"west": {"uv": [0, 0, 1, 1], "rotation": 270, "texture": "#0"},
				"up": {"uv": [0, 0, 1, 1], "rotation": 270, "texture": "#0"},
				"down": {"uv": [0, 0, 1, 1], "rotation": 270, "texture": "#0"}
			}
		},
		{
			"from": [9.75, 0, 5.5],
			"to": [10.75, 0.2, 8.5],
			"rotation": {"angle": 0, "axis": "y", "origin": [8, 0, 4.5]},
			"faces": {
				"north": {"uv": [0, 0, 3, 1], "rotation": 270, "texture": "#0"},
				"east": {"uv": [0, 0, 3, 1], "rotation": 270, "texture": "#0"},
				"south": {"uv": [0, 0, 3, 1], "rotation": 270, "texture": "#0"},
				"west": {"uv": [0, 0, 3, 1], "rotation": 270, "texture": "#0"},
				"up": {"uv": [0, 0, 3, 1], "rotation": 270, "texture": "#0"},
				"down": {"uv": [0, 0, 3, 1], "rotation": 270, "texture": "#0"}
			}
		},
		{
			"from": [10.68863, 0.08282, 5.5],
			"to": [11.18863, 0.28282, 8.5],
			"rotation": {"angle": 22.5, "axis": "z", "origin": [10.93863, 0.18282, 7]},
			"faces": {
				"north": {"uv": [0, 0, 3, 0.5], "rotation": 270, "texture": "#0"},
				"east": {"uv": [0, 0, 3, 0.5], "rotation": 270, "texture": "#0"},
				"south": {"uv": [0, 0, 3, 0.5], "rotation": 270, "texture": "#0"},
				"west": {"uv": [0, 0, 3, 0.5], "rotation": 270, "texture": "#0"},
				"up": {"uv": [0, 0, 3, 0.5], "rotation": 270, "texture": "#0"},
				"down": {"uv": [0, 0, 3, 0.5], "rotation": 270, "texture": "#0"}
			}
		},
		{
			"from": [4.825, 0.075, 5.5],
			"to": [5.325, 0.275, 8.5],
			"rotation": {"angle": -22.5, "axis": "z", "origin": [5.075, 0.2, 7]},
			"faces": {
				"north": {"uv": [0, 0, 3, 0.5], "rotation": 90, "texture": "#0"},
				"east": {"uv": [0, 0, 3, 0.5], "rotation": 90, "texture": "#0"},
				"south": {"uv": [0, 0, 3, 0.5], "rotation": 90, "texture": "#0"},
				"west": {"uv": [0, 0, 3, 0.5], "rotation": 90, "texture": "#0"},
				"up": {"uv": [0, 0, 3, 0.5], "rotation": 90, "texture": "#0"},
				"down": {"uv": [0, 0, 3, 0.5], "rotation": 90, "texture": "#0"}
			}
		},
		{
			"from": [6.25, 0, 5.5],
			"to": [6.5, 3.5, 8.5],
			"faces": {
				"north": {"uv": [0, 5, 0.25, 8.5], "texture": "#0"},
				"east": {"uv": [0, 5, 3, 7.5], "texture": "#0"},
				"south": {"uv": [0, 5, 0.25, 8.5], "texture": "#0"},
				"west": {"uv": [0, 5, 3, 8.5], "texture": "#0"},
				"up": {"uv": [0, 5, 0.25, 6], "texture": "#0"},
				"down": {"uv": [0, 5, 0.25, 7], "texture": "#0"}
			}
		},
		{
			"from": [9.5, 0, 5.5],
			"to": [9.75, 3.5, 8.5],
			"faces": {
				"north": {"uv": [0, 5, 0.25, 8.5], "texture": "#0"},
				"east": {"uv": [0, 5, 0.25, 8.5], "texture": "#0"},
				"south": {"uv": [0, 5, 0.25, 8.5], "texture": "#0"},
				"west": {"uv": [0, 5, 2.75, 7.75], "texture": "#0"},
				"up": {"uv": [0, 5, 0.25, 7.5], "texture": "#0"},
				"down": {"uv": [0, 5, 0.25, 7.5], "texture": "#0"}
			}
		},
		{
			"from": [6.5, 3.25, 5.75],
			"to": [9.5, 3.5, 8.25],
			"rotation": {"angle": 0, "axis": "y", "origin": [8, 3.375, 7]},
			"faces": {
				"north": {"uv": [0, 5, 3, 7.5], "texture": "#0"},
				"east": {"uv": [0, 5, 3, 7.5], "texture": "#0"},
				"south": {"uv": [0, 5, 3, 7.5], "texture": "#0"},
				"west": {"uv": [0, 5, 3, 7.5], "texture": "#0"},
				"up": {"uv": [0, 5, 3, 7.5], "texture": "#0"},
				"down": {"uv": [0, 5, 3, 7.5], "texture": "#0"}
			}
		},
		{
			"from": [9.25, 0, 8.25],
			"to": [9.5, 3.5, 8.5],
			"faces": {
				"north": {"uv": [0, 5, 0.25, 5.25], "texture": "#0"},
				"east": {"uv": [0, 5, 0.25, 5.25], "texture": "#0"},
				"south": {"uv": [0, 5, 0.25, 5.25], "texture": "#0"},
				"west": {"uv": [0, 5, 0.25, 5.25], "texture": "#0"},
				"up": {"uv": [0, 5, 0.25, 5.25], "texture": "#0"},
				"down": {"uv": [0, 5, 0.25, 5.25], "texture": "#0"}
			}
		},
		{
			"from": [6.75, 3.25, 8.25],
			"to": [9.25, 3.5, 8.5],
			"faces": {
				"north": {"uv": [0, 5, 2.5, 5.25], "texture": "#0"},
				"east": {"uv": [0, 5, 2.5, 5.25], "texture": "#0"},
				"south": {"uv": [0, 5, 2.5, 5.25], "texture": "#0"},
				"west": {"uv": [0, 5, 2.5, 5.25], "texture": "#0"},
				"up": {"uv": [0, 5, 2.5, 5.25], "texture": "#0"},
				"down": {"uv": [0, 5, 2.5, 5.25], "texture": "#0"}
			}
		},
		{
			"from": [6.75, 3.25, 5.5],
			"to": [9.25, 3.5, 5.75],
			"faces": {
				"north": {"uv": [0, 5, 2.5, 5.25], "texture": "#0"},
				"east": {"uv": [0, 5, 2.5, 5.25], "texture": "#0"},
				"south": {"uv": [0, 5, 2.5, 5.25], "texture": "#0"},
				"west": {"uv": [0, 5, 2.5, 5.25], "texture": "#0"},
				"up": {"uv": [0, 5, 2.5, 5.25], "texture": "#0"},
				"down": {"uv": [0, 5, 2.5, 5.25], "texture": "#0"}
			}
		},
		{
			"from": [6.5, 0, 8.25],
			"to": [6.75, 3.5, 8.5],
			"faces": {
				"north": {"uv": [0, 5, 0.25, 5.25], "texture": "#0"},
				"east": {"uv": [0, 5, 0.25, 5.25], "texture": "#0"},
				"south": {"uv": [0, 5, 0.25, 5.25], "texture": "#0"},
				"west": {"uv": [0, 5, 0.25, 5.25], "texture": "#0"},
				"up": {"uv": [0, 5, 0.25, 5.25], "texture": "#0"},
				"down": {"uv": [0, 5, 0.25, 5.25], "texture": "#0"}
			}
		},
		{
			"from": [6.5, 0, 5.5],
			"to": [6.75, 3.5, 5.75],
			"faces": {
				"north": {"uv": [0, 5, 0.25, 5.25], "texture": "#0"},
				"east": {"uv": [0, 5, 0.25, 5.25], "texture": "#0"},
				"south": {"uv": [0, 5, 0.25, 5.25], "texture": "#0"},
				"west": {"uv": [0, 5, 0.25, 5.25], "texture": "#0"},
				"up": {"uv": [0, 5, 0.25, 5.25], "texture": "#0"},
				"down": {"uv": [0, 5, 0.25, 5.25], "texture": "#0"}
			}
		},
		{
			"from": [9.25, 0, 5.5],
			"to": [9.5, 3.5, 5.75],
			"faces": {
				"north": {"uv": [0, 5, 0.25, 5.25], "texture": "#0"},
				"east": {"uv": [0, 5, 0.25, 5.25], "texture": "#0"},
				"south": {"uv": [0, 5, 0.25, 5.25], "texture": "#0"},
				"west": {"uv": [0, 5, 0.25, 5.25], "texture": "#0"},
				"up": {"uv": [0, 5, 0.25, 5.25], "texture": "#0"},
				"down": {"uv": [0, 5, 0.25, 5.25], "texture": "#0"}
			}
		},
		{
			"from": [6.5, 0, 8.5],
			"to": [9.5, 3.5, 8.75],
			"faces": {
				"north": {"uv": [0, 5, 3, 7.5], "texture": "#0"},
				"east": {"uv": [0, 5, 3, 8.5], "texture": "#0"},
				"south": {"uv": [0, 5, 3, 8.5], "texture": "#0"},
				"west": {"uv": [0, 5, 3, 8.5], "texture": "#0"},
				"up": {"uv": [0, 5, 1, 6.5], "texture": "#0"},
				"down": {"uv": [0, 5, 1, 6.5], "texture": "#0"}
			}
		},
		{
			"from": [6.5, 0, 5.25],
			"to": [9.5, 3.5, 5.5],
			"faces": {
				"north": {"uv": [0, 5, 3, 8.5], "texture": "#0"},
				"east": {"uv": [0, 5, 0.25, 8.5], "texture": "#0"},
				"south": {"uv": [0, 5, 3, 7.5], "texture": "#0"},
				"west": {"uv": [0, 5, 0.25, 8.5], "texture": "#0"},
				"up": {"uv": [0, 5, 3, 5.25], "texture": "#0"},
				"down": {"uv": [0, 5, 3, 5.25], "texture": "#0"}
			}
		},
		{
			"from": [7, 1.15, 5.2],
			"to": [7.1, 2.15, 5.25],
			"faces": {
				"north": {"uv": [4, 0, 4.05, 1], "texture": "#0"},
				"east": {"uv": [4, 0, 4.05, 1], "texture": "#0"},
				"south": {"uv": [4, 0, 4.05, 1], "texture": "#0"},
				"west": {"uv": [4, 0, 4.05, 1], "texture": "#0"},
				"up": {"uv": [4, 0, 4.05, 1], "texture": "#0"},
				"down": {"uv": [4, 0, 4.05, 1], "texture": "#0"}
			}
		},
		{
			"from": [7.5, 1.4, 5.2],
			"to": [7.7, 1.9, 5.25],
			"faces": {
				"north": {"uv": [4, 0, 4.05, 0.5], "texture": "#0"},
				"east": {"uv": [4, 0, 4.05, 0.5], "texture": "#0"},
				"south": {"uv": [4, 0, 4.05, 0.5], "texture": "#0"},
				"west": {"uv": [4, 0, 4.05, 0.5], "texture": "#0"},
				"up": {"uv": [4, 0, 4.05, 0.5], "texture": "#0"},
				"down": {"uv": [4, 0, 4.05, 0.5], "texture": "#0"}
			}
		},
		{
			"from": [8.4, 1.4, 5.2],
			"to": [8.6, 1.9, 5.25],
			"faces": {
				"north": {"uv": [4, 0, 4.05, 0.5], "texture": "#0"},
				"east": {"uv": [4, 0, 4.05, 0.5], "texture": "#0"},
				"south": {"uv": [4, 0, 4.05, 0.5], "texture": "#0"},
				"west": {"uv": [4, 0, 4.05, 0.5], "texture": "#0"},
				"up": {"uv": [4, 0, 4.05, 0.5], "texture": "#0"},
				"down": {"uv": [4, 0, 4.05, 0.5], "texture": "#0"}
			}
		},
		{
			"from": [9, 1.15, 5.2],
			"to": [9.1, 2.15, 5.25],
			"faces": {
				"north": {"uv": [4, 0, 4.05, 1], "texture": "#0"},
				"east": {"uv": [4, 0, 4.05, 1], "texture": "#0"},
				"south": {"uv": [4, 0, 4.05, 1], "texture": "#0"},
				"west": {"uv": [4, 0, 4.05, 1], "texture": "#0"},
				"up": {"uv": [4, 0, 4.05, 1], "texture": "#0"},
				"down": {"uv": [4, 0, 4.05, 1], "texture": "#0"}
			}
		},
		{
			"from": [7.1, 2.05, 5.2],
			"to": [9, 2.15, 5.25],
			"faces": {
				"north": {"uv": [4, 0, 4.05, 0.1], "texture": "#0"},
				"east": {"uv": [4, 0, 4.05, 0.1], "texture": "#0"},
				"south": {"uv": [4, 0, 4.05, 0.1], "texture": "#0"},
				"west": {"uv": [4, 0, 4.05, 0.1], "texture": "#0"},
				"up": {"uv": [4, 0, 4.05, 0.1], "texture": "#0"},
				"down": {"uv": [4, 0, 4.05, 0.1], "texture": "#0"}
			}
		},
		{
			"from": [7.1, 1.15, 5.2],
			"to": [9, 1.25, 5.25],
			"faces": {
				"north": {"uv": [4, 0, 4.05, 0.1], "texture": "#0"},
				"east": {"uv": [4, 0, 4.05, 0.1], "texture": "#0"},
				"south": {"uv": [4, 0, 4.05, 0.1], "texture": "#0"},
				"west": {"uv": [4, 0, 4.05, 0.1], "texture": "#0"},
				"up": {"uv": [4, 0, 4.05, 0.1], "texture": "#0"},
				"down": {"uv": [4, 0, 4.05, 0.1], "texture": "#0"}
			}
		},
		{
			"from": [7.1, 1.15, 8.75],
			"to": [9, 1.25, 8.8],
			"faces": {
				"north": {"uv": [4, 0, 4.05, 0.1], "texture": "#0"},
				"east": {"uv": [4, 0, 4.05, 0.1], "texture": "#0"},
				"south": {"uv": [4, 0, 4.05, 0.1], "texture": "#0"},
				"west": {"uv": [4, 0, 4.05, 0.1], "texture": "#0"},
				"up": {"uv": [4, 0, 4.05, 0.1], "texture": "#0"},
				"down": {"uv": [4, 0, 4.05, 0.1], "texture": "#0"}
			}
		},
		{
			"from": [9, 1.15, 8.75],
			"to": [9.1, 2.15, 8.8],
			"faces": {
				"north": {"uv": [4, 0, 4.05, 1], "texture": "#0"},
				"east": {"uv": [4, 0, 4.05, 1], "texture": "#0"},
				"south": {"uv": [4, 0, 4.05, 1], "texture": "#0"},
				"west": {"uv": [4, 0, 4.05, 1], "texture": "#0"},
				"up": {"uv": [4, 0, 4.05, 1], "texture": "#0"},
				"down": {"uv": [4, 0, 4.05, 1], "texture": "#0"}
			}
		},
		{
			"from": [8.4, 1.4, 8.75],
			"to": [8.6, 1.9, 8.8],
			"faces": {
				"north": {"uv": [4, 0, 4.05, 0.5], "texture": "#0"},
				"east": {"uv": [4, 0, 4.05, 0.5], "texture": "#0"},
				"south": {"uv": [4, 0, 4.05, 0.5], "texture": "#0"},
				"west": {"uv": [4, 0, 4.05, 0.5], "texture": "#0"},
				"up": {"uv": [4, 0, 4.05, 0.5], "texture": "#0"},
				"down": {"uv": [4, 0, 4.05, 0.5], "texture": "#0"}
			}
		},
		{
			"from": [7.5, 1.4, 8.75],
			"to": [7.7, 1.9, 8.8],
			"faces": {
				"north": {"uv": [4, 0, 4.05, 0.5], "texture": "#0"},
				"east": {"uv": [4, 0, 4.05, 0.5], "texture": "#0"},
				"south": {"uv": [4, 0, 4.05, 0.5], "texture": "#0"},
				"west": {"uv": [4, 0, 4.05, 0.5], "texture": "#0"},
				"up": {"uv": [4, 0, 4.05, 0.5], "texture": "#0"},
				"down": {"uv": [4, 0, 4.05, 0.5], "texture": "#0"}
			}
		},
		{
			"from": [7, 1.15, 8.75],
			"to": [7.1, 2.15, 8.8],
			"faces": {
				"north": {"uv": [4, 0, 4.05, 1], "texture": "#0"},
				"east": {"uv": [4, 0, 4.05, 1], "texture": "#0"},
				"south": {"uv": [4, 0, 4.05, 1], "texture": "#0"},
				"west": {"uv": [4, 0, 4.05, 1], "texture": "#0"},
				"up": {"uv": [4, 0, 4.05, 1], "texture": "#0"},
				"down": {"uv": [4, 0, 4.05, 1], "texture": "#0"}
			}
		},
		{
			"from": [7.1, 2.05, 8.75],
			"to": [9, 2.15, 8.8],
			"faces": {
				"north": {"uv": [4, 0, 4.05, 0.1], "texture": "#0"},
				"east": {"uv": [4, 0, 4.05, 0.1], "texture": "#0"},
				"south": {"uv": [4, 0, 4.05, 0.1], "texture": "#0"},
				"west": {"uv": [4, 0, 4.05, 0.1], "texture": "#0"},
				"up": {"uv": [4, 0, 4.05, 0.1], "texture": "#0"},
				"down": {"uv": [4, 0, 4.05, 0.1], "texture": "#0"}
			}
		},
		{
			"from": [9.75, 1.4, 7.325],
			"to": [9.8, 1.9, 7.525],
			"rotation": {"angle": 0, "axis": "y", "origin": [11.025, 1.8, 4.975]},
			"faces": {
				"north": {"uv": [4, 0, 4.2, 0.5], "texture": "#0"},
				"east": {"uv": [4, 0, 4.2, 0.5], "texture": "#0"},
				"south": {"uv": [4, 0, 4.2, 0.5], "texture": "#0"},
				"west": {"uv": [4, 0, 4.2, 0.5], "texture": "#0"},
				"up": {"uv": [4, 0, 4.2, 0.5], "texture": "#0"},
				"down": {"uv": [4, 0, 4.2, 0.5], "texture": "#0"}
			}
		},
		{
			"from": [9.75, 1.4, 6.425],
			"to": [9.8, 1.9, 6.625],
			"rotation": {"angle": 0, "axis": "y", "origin": [11.025, 1.8, 4.975]},
			"faces": {
				"north": {"uv": [4, 0, 4.2, 0.5], "texture": "#0"},
				"east": {"uv": [4, 0, 4.2, 0.5], "texture": "#0"},
				"south": {"uv": [4, 0, 4.2, 0.5], "texture": "#0"},
				"west": {"uv": [4, 0, 4.2, 0.5], "texture": "#0"},
				"up": {"uv": [4, 0, 4.2, 0.5], "texture": "#0"},
				"down": {"uv": [4, 0, 4.2, 0.5], "texture": "#0"}
			}
		},
		{
			"from": [9.75, 1.15, 6.025],
			"to": [9.8, 1.25, 7.925],
			"rotation": {"angle": 0, "axis": "y", "origin": [11.025, 1.8, 4.975]},
			"faces": {
				"north": {"uv": [4, 0, 5.9, 0.1], "texture": "#0"},
				"east": {"uv": [4, 0, 5.9, 0.1], "texture": "#0"},
				"south": {"uv": [4, 0, 5.9, 0.1], "texture": "#0"},
				"west": {"uv": [4, 0, 5.9, 0.1], "texture": "#0"},
				"up": {"uv": [4, 0, 5.9, 0.1], "texture": "#0"},
				"down": {"uv": [4, 0, 5.9, 0.1], "texture": "#0"}
			}
		},
		{
			"from": [9.75, 1.15, 7.925],
			"to": [9.8, 2.15, 8.025],
			"rotation": {"angle": 0, "axis": "y", "origin": [11.025, 1.8, 4.975]},
			"faces": {
				"north": {"uv": [4, 0, 4.1, 1], "texture": "#0"},
				"east": {"uv": [4, 0, 4.1, 1], "texture": "#0"},
				"south": {"uv": [4, 0, 4.1, 1], "texture": "#0"},
				"west": {"uv": [4, 0, 4.1, 1], "texture": "#0"},
				"up": {"uv": [4, 0, 4.1, 1], "texture": "#0"},
				"down": {"uv": [4, 0, 4.1, 1], "texture": "#0"}
			}
		},
		{
			"from": [9.75, 2.05, 6.025],
			"to": [9.8, 2.15, 7.925],
			"rotation": {"angle": 0, "axis": "y", "origin": [11.025, 1.8, 4.975]},
			"faces": {
				"north": {"uv": [4, 0, 5.9, 0.1], "texture": "#0"},
				"east": {"uv": [4, 0, 5.9, 0.1], "texture": "#0"},
				"south": {"uv": [4, 0, 5.9, 0.1], "texture": "#0"},
				"west": {"uv": [4, 0, 5.9, 0.1], "texture": "#0"},
				"up": {"uv": [4, 0, 5.9, 0.1], "texture": "#0"},
				"down": {"uv": [4, 0, 5.9, 0.1], "texture": "#0"}
			}
		},
		{
			"from": [9.75, 1.15, 5.925],
			"to": [9.8, 2.15, 6.025],
			"rotation": {"angle": 0, "axis": "y", "origin": [11.025, 1.8, 4.975]},
			"faces": {
				"north": {"uv": [4, 0, 4.1, 1], "texture": "#0"},
				"east": {"uv": [4, 0, 4.1, 1], "texture": "#0"},
				"south": {"uv": [4, 0, 4.1, 1], "texture": "#0"},
				"west": {"uv": [4, 0, 4.1, 1], "texture": "#0"},
				"up": {"uv": [4, 0, 4.1, 1], "texture": "#0"},
				"down": {"uv": [4, 0, 4.1, 1], "texture": "#0"}
			}
		},
		{
			"from": [6.2, 1.4, 7.325],
			"to": [6.25, 1.9, 7.525],
			"rotation": {"angle": 0, "axis": "y", "origin": [11.025, 1.8, 4.975]},
			"faces": {
				"north": {"uv": [4, 0, 4.2, 0.5], "texture": "#0"},
				"east": {"uv": [4, 0, 4.2, 0.5], "texture": "#0"},
				"south": {"uv": [4, 0, 4.2, 0.5], "texture": "#0"},
				"west": {"uv": [4, 0, 4.2, 0.5], "texture": "#0"},
				"up": {"uv": [4, 0, 4.2, 0.5], "texture": "#0"},
				"down": {"uv": [4, 0, 4.2, 0.5], "texture": "#0"}
			}
		},
		{
			"from": [6.2, 1.4, 6.425],
			"to": [6.25, 1.9, 6.625],
			"rotation": {"angle": 0, "axis": "y", "origin": [11.025, 1.8, 4.975]},
			"faces": {
				"north": {"uv": [4, 0, 4.2, 0.5], "texture": "#0"},
				"east": {"uv": [4, 0, 4.2, 0.5], "texture": "#0"},
				"south": {"uv": [4, 0, 4.2, 0.5], "texture": "#0"},
				"west": {"uv": [4, 0, 4.2, 0.5], "texture": "#0"},
				"up": {"uv": [4, 0, 4.2, 0.5], "texture": "#0"},
				"down": {"uv": [4, 0, 4.2, 0.5], "texture": "#0"}
			}
		},
		{
			"from": [6.2, 1.15, 6.025],
			"to": [6.25, 1.25, 7.925],
			"rotation": {"angle": 0, "axis": "y", "origin": [11.025, 1.8, 4.975]},
			"faces": {
				"north": {"uv": [4, 0, 5.9, 0.1], "texture": "#0"},
				"east": {"uv": [4, 0, 5.9, 0.1], "texture": "#0"},
				"south": {"uv": [4, 0, 5.9, 0.1], "texture": "#0"},
				"west": {"uv": [4, 0, 5.9, 0.1], "texture": "#0"},
				"up": {"uv": [4, 0, 5.9, 0.1], "texture": "#0"},
				"down": {"uv": [4, 0, 5.9, 0.1], "texture": "#0"}
			}
		},
		{
			"from": [6.2, 1.15, 7.925],
			"to": [6.25, 2.15, 8.025],
			"rotation": {"angle": 0, "axis": "y", "origin": [11.025, 1.8, 4.975]},
			"faces": {
				"north": {"uv": [4, 0, 4.1, 1], "texture": "#0"},
				"east": {"uv": [4, 0, 4.1, 1], "texture": "#0"},
				"south": {"uv": [4, 0, 4.1, 1], "texture": "#0"},
				"west": {"uv": [4, 0, 4.1, 1], "texture": "#0"},
				"up": {"uv": [4, 0, 4.1, 1], "texture": "#0"},
				"down": {"uv": [4, 0, 4.1, 1], "texture": "#0"}
			}
		},
		{
			"from": [6.2, 2.05, 6.025],
			"to": [6.25, 2.15, 7.925],
			"rotation": {"angle": 0, "axis": "y", "origin": [11.025, 1.8, 4.975]},
			"faces": {
				"north": {"uv": [4, 0, 5.9, 0.1], "texture": "#0"},
				"east": {"uv": [4, 0, 5.9, 0.1], "texture": "#0"},
				"south": {"uv": [4, 0, 5.9, 0.1], "texture": "#0"},
				"west": {"uv": [4, 0, 5.9, 0.1], "texture": "#0"},
				"up": {"uv": [4, 0, 5.9, 0.1], "texture": "#0"},
				"down": {"uv": [4, 0, 5.9, 0.1], "texture": "#0"}
			}
		},
		{
			"from": [6.2, 1.15, 5.925],
			"to": [6.25, 2.15, 6.025],
			"rotation": {"angle": 0, "axis": "y", "origin": [11.025, 1.8, 4.975]},
			"faces": {
				"north": {"uv": [4, 0, 4.1, 1], "texture": "#0"},
				"east": {"uv": [4, 0, 4.1, 1], "texture": "#0"},
				"south": {"uv": [4, 0, 4.1, 1], "texture": "#0"},
				"west": {"uv": [4, 0, 4.1, 1], "texture": "#0"},
				"up": {"uv": [4, 0, 4.1, 1], "texture": "#0"},
				"down": {"uv": [4, 0, 4.1, 1], "texture": "#0"}
			}
		}
	],
	"display": {
		"thirdperson_righthand": {
			"rotation": [0, 0, -90],
			"translation": [22.25, -2.25, -5],
			"scale": [2.85, 2.85, 2.85]
		},
		"thirdperson_lefthand": {
			"rotation": [0, 0, -90],
			"translation": [22.25, -2.25, -5],
			"scale": [2.85, 2.85, 2.85]
		},
		"firstperson_righthand": {
			"rotation": [0, 18, 0],
			"translation": [4, 24, -1],
			"scale": [3.25, 3.25, 3.25]
		},
		"firstperson_lefthand": {
			"rotation": [0, 18, 0],
			"translation": [4, 24, -1],
			"scale": [3.25, 3.25, 3.25]
		},
		"ground": {
			"translation": [0, 26.75, 3.75],
			"scale": [3.7, 3.7, 3.7]
		},
		"gui": {
			"rotation": [10, 15, 0],
			"translation": [0.5, 16.25, 0],
			"scale": [2.65, 2.65, 2.65]
		},
		"head": {
			"translation": [0, 35, 3.75],
			"scale": [3.55, 3.55, 3.55]
		},
		"fixed": {
			"translation": [0, 23.25, 0],
			"scale": [3.65, 3.65, 3.65]
		}
	}
}