{
	"credit": "Made with Blockbench",
	"parent": "item/generated",
	"textures": {
		"layer0": "items/lance3"
	},
	"display": {
		"thirdperson_righthand": {
			"rotation": [-19.11, 87.59, 67.46],
			"translation": [0, 5.75, 2],
			"scale": [2.01, 2.01, 1.04]
		},
		"thirdperson_lefthand": {
			"rotation": [69.21, -1.85, -2.27],
			"translation": [-10.75, -5.75, 10.5],
			"scale": [2.01, 2.01, 1]
		},
		"firstperson_righthand": {
			"rotation": [56, 90, 0],
			"translation": [3.5, 6.5, 0.25]
		},
		"firstperson_lefthand": {
			"rotation": [-129.5, -86.25, 180],
			"translation": [3.75, 7, 0],
			"scale": [0, 0, 0]
		},
		"ground": {
			"rotation": [85.81, -2.23, 4.52],
			"translation": [0, -2.75, -0.75]
		},
		"head": {
			"translation": [0, 0, 3.25]
		}
	}
}