{
	"credit": "Made with Blockbench",
	"texture_size": [64, 64],
	"textures": {
		"0": "customhats:item/hat1",
		"particle": "customhats:item/hat1"
	},
	"elements": [
		{
			"from": [-1, 8, 6],
			"to": [1, 10, 10],
			"rotation": {"angle": -45, "axis": "y", "origin": [8, 8, 8]},
			"faces": {
				"north": {"uv": [8.5, 8.5, 9, 9], "texture": "#0"},
				"east": {"uv": [0.5, 8.5, 1.5, 9], "texture": "#0"},
				"south": {"uv": [0.5, 9, 1, 9.5], "texture": "#0"},
				"west": {"uv": [1.5, 8.5, 2.5, 9], "texture": "#0"},
				"up": {"uv": [9, 2.5, 8.5, 1.5], "texture": "#0"},
				"down": {"uv": [9, 2.5, 8.5, 3.5], "texture": "#0"}
			}
		},
		{
			"from": [15, 8, 6],
			"to": [17, 10, 10],
			"rotation": {"angle": 45, "axis": "y", "origin": [8, 8, 8]},
			"faces": {
				"north": {"uv": [1, 9, 1.5, 9.5], "texture": "#0"},
				"east": {"uv": [3, 8.5, 4, 9], "texture": "#0"},
				"south": {"uv": [1.5, 9, 2, 9.5], "texture": "#0"},
				"west": {"uv": [8.5, 3.5, 9.5, 4], "texture": "#0"},
				"up": {"uv": [4.5, 9.5, 4, 8.5], "texture": "#0"},
				"down": {"uv": [5, 8.5, 4.5, 9.5], "texture": "#0"}
			}
		},
		{
			"from": [15, 8, 6],
			"to": [17, 10, 10],
			"rotation": {"angle": -45, "axis": "y", "origin": [8, 8, 8]},
			"faces": {
				"north": {"uv": [9, 1.5, 9.5, 2], "texture": "#0"},
				"east": {"uv": [5, 8.5, 6, 9], "texture": "#0"},
				"south": {"uv": [2, 9, 2.5, 9.5], "texture": "#0"},
				"west": {"uv": [6, 8.5, 7, 9], "texture": "#0"},
				"up": {"uv": [9, 7, 8.5, 6], "texture": "#0"},
				"down": {"uv": [7.5, 8.5, 7, 9.5], "texture": "#0"}
			}
		},
		{
			"from": [6, 8, 15],
			"to": [10, 10, 17],
			"rotation": {"angle": -45, "axis": "y", "origin": [8, 8, 8]},
			"faces": {
				"north": {"uv": [8.5, 7, 9.5, 7.5], "texture": "#0"},
				"east": {"uv": [9, 2, 9.5, 2.5], "texture": "#0"},
				"south": {"uv": [7.5, 8.5, 8.5, 9], "texture": "#0"},
				"west": {"uv": [9, 2.5, 9.5, 3], "texture": "#0"},
				"up": {"uv": [9.5, 8, 8.5, 7.5], "texture": "#0"},
				"down": {"uv": [9.5, 8, 8.5, 8.5], "texture": "#0"}
			}
		},
		{
			"from": [3.05, 8, 13.78],
			"to": [12.95, 10, 15.78],
			"rotation": {"angle": 0, "axis": "y", "origin": [8, 8, 8]},
			"faces": {
				"north": {"uv": [3, 7.5, 5.5, 8], "texture": "#0"},
				"east": {"uv": [3, 9, 3.5, 9.5], "texture": "#0"},
				"south": {"uv": [5.5, 7.5, 8, 8], "texture": "#0"},
				"west": {"uv": [9, 3, 9.5, 3.5], "texture": "#0"},
				"up": {"uv": [2.5, 8.5, 0, 8], "texture": "#0"},
				"down": {"uv": [10.5, 0, 8, 0.5], "texture": "#0"}
			}
		},
		{
			"from": [13.78, 8, 3.05],
			"to": [15.78, 10, 12.95],
			"rotation": {"angle": 0, "axis": "y", "origin": [8, 8, 8]},
			"faces": {
				"north": {"uv": [3.5, 9, 4, 9.5], "texture": "#0"},
				"east": {"uv": [8, 0.5, 10.5, 1], "texture": "#0"},
				"south": {"uv": [5, 9, 5.5, 9.5], "texture": "#0"},
				"west": {"uv": [8, 1, 10.5, 1.5], "texture": "#0"},
				"up": {"uv": [8.5, 4, 8, 1.5], "texture": "#0"},
				"down": {"uv": [3, 8, 2.5, 10.5], "texture": "#0"}
			}
		},
		{
			"from": [3.05, 8, 0.22],
			"to": [12.95, 10, 2.22],
			"rotation": {"angle": 0, "axis": "y", "origin": [8, 8, 8]},
			"faces": {
				"north": {"uv": [3, 8, 5.5, 8.5], "texture": "#0"},
				"east": {"uv": [5.5, 9, 6, 9.5], "texture": "#0"},
				"south": {"uv": [8, 4, 10.5, 4.5], "texture": "#0"},
				"west": {"uv": [6, 9, 6.5, 9.5], "texture": "#0"},
				"up": {"uv": [10.5, 5, 8, 4.5], "texture": "#0"},
				"down": {"uv": [10.5, 5, 8, 5.5], "texture": "#0"}
			}
		},
		{
			"from": [0.22, 8, 3.05],
			"to": [2.22, 10, 12.95],
			"rotation": {"angle": 0, "axis": "y", "origin": [8, 8, 8]},
			"faces": {
				"north": {"uv": [9, 6, 9.5, 6.5], "texture": "#0"},
				"east": {"uv": [5.5, 8, 8, 8.5], "texture": "#0"},
				"south": {"uv": [6.5, 9, 7, 9.5], "texture": "#0"},
				"west": {"uv": [8, 5.5, 10.5, 6], "texture": "#0"},
				"up": {"uv": [8.5, 8.5, 8, 6], "texture": "#0"},
				"down": {"uv": [0.5, 8.5, 0, 11], "texture": "#0"}
			}
		},
		{
			"from": [2, 8, 2],
			"to": [14, 10, 14],
			"faces": {
				"north": {"uv": [0, 6, 3, 6.5], "texture": "#0"},
				"east": {"uv": [0, 6.5, 3, 7], "texture": "#0"},
				"south": {"uv": [0, 7, 3, 7.5], "texture": "#0"},
				"west": {"uv": [0, 7.5, 3, 8], "texture": "#0"},
				"up": {"uv": [3, 3, 0, 0], "texture": "#0"},
				"down": {"uv": [3, 3, 0, 6], "texture": "#0"}
			}
		},
		{
			"from": [3, 10, 3],
			"to": [13, 20, 13],
			"faces": {
				"north": {"uv": [3, 0, 5.5, 2.5], "texture": "#0"},
				"east": {"uv": [3, 2.5, 5.5, 5], "texture": "#0"},
				"south": {"uv": [3, 5, 5.5, 7.5], "texture": "#0"},
				"west": {"uv": [5.5, 0, 8, 2.5], "texture": "#0"},
				"up": {"uv": [8, 5, 5.5, 2.5], "texture": "#0"},
				"down": {"uv": [8, 5, 5.5, 7.5], "texture": "#0"}
			}
		}
	],
	"display": {
		"thirdperson_righthand": {
			"scale": [0.75, 0.75, 0.75]
		},
		"thirdperson_lefthand": {
			"scale": [0.75, 0.75, 0.75]
		},
		"firstperson_righthand": {
			"scale": [0.75, 0.75, 0.75]
		},
		"firstperson_lefthand": {
			"scale": [0.75, 0.75, 0.75]
		},
		"ground": {
			"scale": [0.75, 0.75, 0.75]
		},
		"gui": {
			"rotation": [30, 45, 0],
			"translation": [0, -4, 0],
			"scale": [0.75, 0.75, 0.75]
		},
		"head": {
			"translation": [0, 6, 0],
			"scale": [1.25, 1.25, 1.25]
		},
		"fixed": {
			"rotation": [-90, 0, 0],
			"scale": [1.5, 1.5, 1.5]
		}
	},
	"groups": [
		{
			"name": "group",
			"origin": [0, 0, 0],
			"color": 0,
			"children": [
				{
					"name": "group",
					"origin": [8, 8, 8],
					"color": 0,
					"children": [0, 1, 2, 3]
				},
				{
					"name": "group",
					"origin": [8, 8, 8],
					"color": 0,
					"children": [4, 5, 6, 7]
				},
				8,
				9
			]
		}
	]
}