{
	"credit": "Made with Blockbench",
	"texture_size": [64, 64],
	"textures": {
		"0": "pumpkin/textura",
		"1": "pumpkin/textura1",
		"2": "pumpkin/textura2",
		"particle": "pumpkin/textura2"
	},
	"elements": [
		{
			"from": [-1, 0, 0],
			"to": [19, 2, 20],
			"faces": {
				"north": {"uv": [5, 0, 10, 0.5], "texture": "#0"},
				"east": {"uv": [5, 1, 9.75, 1.5], "texture": "#0"},
				"south": {"uv": [5, 0.5, 10, 1], "texture": "#0"},
				"west": {"uv": [5, 1.5, 9.75, 2], "texture": "#0"},
				"up": {"uv": [5, 4.75, 0, 0], "texture": "#0"},
				"down": {"uv": [5, 4.75, 0, 9.5], "texture": "#0"}
			}
		},
		{
			"from": [3, 2, 4],
			"to": [15, 32, 16],
			"faces": {
				"north": {"uv": [0, 0, 3, 7.5], "texture": "#2"},
				"east": {"uv": [3, 0, 6, 7.5], "texture": "#2"},
				"south": {"uv": [6, 0, 9, 7.5], "texture": "#2"},
				"west": {"uv": [0, 7.5, 3, 15], "texture": "#2"},
				"up": {"uv": [6, 10.5, 3, 7.5], "texture": "#2"},
				"down": {"uv": [9, 7.5, 6, 10.5], "texture": "#2"}
			}
		},
		{
			"from": [1, 2, 2],
			"to": [17, 6, 18],
			"faces": {
				"north": {"uv": [8, 0, 16, 2], "texture": "#1"},
				"east": {"uv": [8, 2, 16, 4], "texture": "#1"},
				"south": {"uv": [8, 4, 16, 6], "texture": "#1"},
				"west": {"uv": [8, 6, 16, 8], "texture": "#1"},
				"up": {"uv": [8, 8, 0, 0], "texture": "#1"},
				"down": {"uv": [8, 8, 0, 16], "texture": "#1"}
			}
		}
	],
	"gui_light": "front",
	"display": {
		"thirdperson_righthand": {
			"rotation": [-9, 0, 0],
			"translation": [0, -2.75, -2.25],
			"scale": [0.5, 0.5, 0.5]
		},
		"thirdperson_lefthand": {
			"translation": [2.25, 3, 0],
			"scale": [0.5, 0.5, 0.5]
		},
		"firstperson_righthand": {
			"translation": [2.25, 2, 0],
			"scale": [0.5, 0.5, 0.5]
		},
		"firstperson_lefthand": {
			"translation": [3.5, 1.25, 0],
			"scale": [0.5, 0.5, 0.5]
		},
		"ground": {
			"translation": [0.25, 2.75, -0.75]
		},
		"gui": {
			"rotation": [0, -20, 0]
		},
		"head": {
			"translation": [-1, 10, -2.25]
		},
		"fixed": {
			"translation": [-1.25, -1.5, -7.25]
		}
	}
}