{
	"credit": "Made with Blockbench",
	"textures": {
		"0": "pumpkin/Pot",
		"1": "pumpkin/Pot1",
		"2": "pumpkin/Pot2",
		"particle": "pumpkin/Pot"
	},
	"elements": [
		{
			"from": [12, 0, 4],
			"to": [12, 4, 12],
			"faces": {
				"north": {"uv": [0, 0, 0, 4], "texture": "#missing"},
				"east": {"uv": [0, 0, 8, 4], "texture": "#0"},
				"south": {"uv": [0, 0, 0, 4], "texture": "#missing"},
				"west": {"uv": [0, 4, 8, 8], "texture": "#0"},
				"up": {"uv": [0, 8, 0, 0], "texture": "#missing"},
				"down": {"uv": [0, 0, 0, 8], "texture": "#missing"}
			}
		},
		{
			"from": [4, 0, 4],
			"to": [4, 4, 12],
			"faces": {
				"north": {"uv": [0, 0, 0, 4], "texture": "#missing"},
				"east": {"uv": [0, 0, 8, 4], "texture": "#0"},
				"south": {"uv": [0, 0, 0, 4], "texture": "#missing"},
				"west": {"uv": [0, 0, 8, 4], "texture": "#0"},
				"up": {"uv": [0, 0, 0, 8], "texture": "#missing"},
				"down": {"uv": [0, 0, 0, 8], "texture": "#missing"}
			}
		},
		{
			"from": [4, 4, 4],
			"to": [12, 4, 12],
			"faces": {
				"north": {"uv": [0, 0, 8, 0], "texture": "#1"},
				"east": {"uv": [0, 0, 8, 0], "texture": "#1"},
				"south": {"uv": [0, 0, 8, 0], "texture": "#1"},
				"west": {"uv": [0, 0, 8, 0], "texture": "#1"},
				"up": {"uv": [8, 8, 0, 0], "texture": "#1"},
				"down": {"uv": [8, 8, 0, 16], "texture": "#1"}
			}
		},
		{
			"from": [4, 0, 12],
			"to": [12, 4, 12],
			"faces": {
				"north": {"uv": [0, 0, 8, 4], "texture": "#0"},
				"east": {"uv": [0, 0, 0, 4], "texture": "#missing"},
				"south": {"uv": [0, 0, 8, 4], "texture": "#0"},
				"west": {"uv": [0, 0, 0, 4], "texture": "#missing"},
				"up": {"uv": [0, 0, 8, 0], "texture": "#missing"},
				"down": {"uv": [0, 0, 8, 0], "texture": "#missing"}
			}
		},
		{
			"from": [4, 0, 4],
			"to": [12, 4, 4],
			"faces": {
				"north": {"uv": [0, 0, 8, 4], "texture": "#0"},
				"east": {"uv": [0, 0, 0, 4], "texture": "#0"},
				"south": {"uv": [0, 0, 8, 4], "texture": "#0"},
				"west": {"uv": [0, 0, 0, 4], "texture": "#0"},
				"up": {"uv": [8, 0, 0, 0], "texture": "#0"},
				"down": {"uv": [8, 0, 0, 0], "texture": "#0"}
			}
		},
		{
			"from": [3, 0, 7],
			"to": [4, 2, 9],
			"faces": {
				"north": {"uv": [2, 0, 3, 2], "texture": "#2"},
				"east": {"uv": [0, 0, 2, 2], "texture": "#2"},
				"south": {"uv": [2, 2, 3, 4], "texture": "#2"},
				"west": {"uv": [0, 2, 2, 4], "texture": "#2"},
				"up": {"uv": [4, 2, 3, 0], "texture": "#2"},
				"down": {"uv": [4, 2, 3, 4], "texture": "#2"}
			}
		},
		{
			"from": [-2, 0, 7],
			"to": [3, 1, 9],
			"faces": {
				"north": {"uv": [9, 0, 14, 1], "texture": "#2"},
				"east": {"uv": [4, 1, 6, 2], "texture": "#2"},
				"south": {"uv": [4, 0, 9, 1], "texture": "#2"},
				"west": {"uv": [4, 1, 6, 2], "texture": "#2"},
				"up": {"uv": [4, 2, 9, 4], "texture": "#2"},
				"down": {"uv": [4, 4, 9, 6], "texture": "#2"}
			}
		}
	],
	"gui_light": "front",
	"display": {
		"thirdperson_righthand": {
			"rotation": [-70, -90, 16],
			"translation": [-1.5, 7.25, -6.25]
		},
		"thirdperson_lefthand": {
			"rotation": [0, 91, -88],
			"translation": [-0.25, 6.5, -6.75]
		},
		"firstperson_righthand": {
			"rotation": [-180, -65, -25],
			"translation": [-0.5, -0.5, 0]
		},
		"firstperson_lefthand": {
			"rotation": [70, 102, 124],
			"translation": [2.5, -1.75, 0]
		},
		"ground": {
			"translation": [0, 7, 0]
		},
		"gui": {
			"rotation": [-180, -157, 0],
			"translation": [0, -13.5, 0],
			"scale": [2, 2, 2]
		},
		"head": {
			"translation": [0, 17.25, 0],
			"scale": [2, 2, 2]
		},
		"fixed": {
			"rotation": [90, 0, 0],
			"translation": [0, 0, 7.75],
			"scale": [2, 2, 2]
		}
	}
}