{
	"credit": "Made with Blockbench",
	"texture_size": [32, 32],
	"textures": {
		"0": "pumpkin/Skulk",
		"1": "pumpkin/Sculk1",
		"particle": "pumpkin/Skulk"
	},
	"elements": [
		{
			"from": [2, 9, 3],
			"to": [14, 10, 15],
			"faces": {
				"north": {"uv": [6, 0, 12, 0.5], "texture": "#1"},
				"east": {"uv": [6, 0.5, 12, 1], "texture": "#1"},
				"south": {"uv": [6, 1, 12, 1.5], "texture": "#1"},
				"west": {"uv": [6, 1.5, 12, 2], "texture": "#1"},
				"up": {"uv": [6, 6, 0, 0], "texture": "#1"},
				"down": {"uv": [6, 6, 0, 12], "texture": "#1"}
			}
		},
		{
			"from": [4, 10, 5],
			"to": [12, 18, 13],
			"faces": {
				"north": {"uv": [0, 0, 5, 5], "texture": "#0"},
				"east": {"uv": [5, 0, 9.5, 5], "texture": "#0"},
				"south": {"uv": [0, 5, 5, 10], "texture": "#0"},
				"west": {"uv": [5, 5, 9.5, 10], "texture": "#0"},
				"up": {"uv": [14.5, 4.5, 9.5, 0], "texture": "#0"},
				"down": {"uv": [14.5, 4.5, 9.5, 9], "texture": "#0"}
			}
		}
	],
	"gui_light": "front",
	"display": {
		"thirdperson_righthand": {
			"translation": [0, -1.5, 0]
		},
		"thirdperson_lefthand": {
			"translation": [0, -1.75, 0]
		},
		"firstperson_righthand": {
			"rotation": [0, 21, 0],
			"translation": [3.25, -4, 0]
		},
		"firstperson_lefthand": {
			"rotation": [0, -30, 0],
			"translation": [6.25, -1.75, 0]
		},
		"ground": {
			"translation": [1.25, -3, -0.75],
			"scale": [2, 2, 2]
		},
		"gui": {
			"rotation": [0, -14, 0],
			"translation": [1.25, -10.75, 0],
			"scale": [2, 2, 2]
		},
		"head": {
			"translation": [0, 0, -2],
			"scale": [2, 2, 2]
		},
		"fixed": {
			"translation": [0, -9.5, -9],
			"scale": [2, 2, 2]
		}
	}
}