{
	"credit": "Made with Blockbench",
	"texture_size": [32, 32],
	"textures": {
		"0": "pumpkin/sniffer",
		"1": "pumpkin/sniffer1",
		"2": "pumpkin/sniffer2",
		"3": "pumpkin/sniffer3",
		"particle": "pumpkin/sniffer"
	},
	"elements": [
		{
			"from": [0, 8, -3],
			"to": [16, 14, 1],
			"faces": {
				"north": {"uv": [0, 0, 8, 3], "texture": "#0"},
				"east": {"uv": [8, 0, 10, 3], "texture": "#0"},
				"south": {"uv": [0, 3, 8, 6], "texture": "#0"},
				"west": {"uv": [8, 3, 10, 6], "texture": "#0"},
				"up": {"uv": [8, 8, 0, 6], "texture": "#0"},
				"down": {"uv": [8, 8, 0, 10], "texture": "#0"}
			}
		},
		{
			"from": [0, 8, 1],
			"to": [16, 15, 8],
			"faces": {
				"north": {"uv": [0, 0, 8, 3.5], "texture": "#1"},
				"east": {"uv": [8, 3.5, 11.5, 7], "texture": "#1"},
				"south": {"uv": [0, 3.5, 8, 7], "texture": "#1"},
				"west": {"uv": [8, 7, 11.5, 10.5], "texture": "#1"},
				"up": {"uv": [8, 10.5, 0, 7], "texture": "#1"},
				"down": {"uv": [16, 0, 8, 3.5], "texture": "#1"}
			}
		},
		{
			"from": [0, 1, 8],
			"to": [16, 15, 16],
			"faces": {
				"north": {"uv": [0, 0, 8, 7], "texture": "#2"},
				"east": {"uv": [8, 8, 12, 15], "texture": "#2"},
				"south": {"uv": [0, 7, 8, 14], "texture": "#2"},
				"west": {"uv": [12, 8, 16, 15], "texture": "#2"},
				"up": {"uv": [16, 4, 8, 0], "texture": "#2"},
				"down": {"uv": [16, 4, 8, 8], "texture": "#2"}
			}
		},
		{
			"from": [-6, -1, 6],
			"to": [-5, 14, 14],
			"rotation": {"angle": -22.5, "axis": "z", "origin": [0, 0, 0]},
			"faces": {
				"north": {"uv": [0, 7.5, 0.5, 15], "texture": "#3"},
				"east": {"uv": [0, 0, 4, 7.5], "texture": "#3"},
				"south": {"uv": [0.5, 7.5, 1, 15], "texture": "#3"},
				"west": {"uv": [4, 0, 8, 7.5], "texture": "#3"},
				"up": {"uv": [1.5, 11.5, 1, 7.5], "texture": "#3"},
				"down": {"uv": [2, 7.5, 1.5, 11.5], "texture": "#3"}
			}
		},
		{
			"from": [20, -7, 6],
			"to": [21, 8, 14],
			"rotation": {"angle": 22.5, "axis": "z", "origin": [0, 0, 0]},
			"faces": {
				"north": {"uv": [0, 7.5, 0.5, 15], "texture": "#3"},
				"east": {"uv": [0, 0, 4, 7.5], "texture": "#3"},
				"south": {"uv": [0.5, 7.5, 1, 15], "texture": "#3"},
				"west": {"uv": [4, 0, 8, 7.5], "texture": "#3"},
				"up": {"uv": [1.5, 11.5, 1, 7.5], "texture": "#3"},
				"down": {"uv": [2, 7.5, 1.5, 11.5], "texture": "#3"}
			}
		}
	],
	"gui_light": "front",
	"display": {
		"thirdperson_righthand": {
			"rotation": [0, -180, 0],
			"scale": [0.5, 0.5, 0.5]
		},
		"thirdperson_lefthand": {
			"rotation": [0, -180, 0],
			"translation": [0, 0.75, 0],
			"scale": [0.5, 0.5, 0.5]
		},
		"firstperson_righthand": {
			"translation": [9, 0, 0]
		},
		"firstperson_lefthand": {
			"translation": [11.25, 0, 0]
		},
		"ground": {
			"translation": [0, 3.75, 0]
		},
		"gui": {
			"rotation": [0, 121, 0]
		},
		"head": {
			"translation": [0, 1, -0.25]
		},
		"fixed": {
			"translation": [0, 0, -7],
			"scale": [1.5, 1.5, 1.5]
		}
	}
}