{
	"credit": "Made with Blockbench",
	"textures": {
		"0": "pumpkin/Hat",
		"1": "pumpkin/Hat1",
		"2": "pumpkin/Hat2",
		"particle": "pumpkin/Hat"
	},
	"elements": [
		{
			"from": [4, 12, 4],
			"to": [12, 15, 12],
			"faces": {
				"north": {"uv": [8, 0, 16, 3], "texture": "#0"},
				"east": {"uv": [8, 3, 16, 6], "texture": "#0"},
				"south": {"uv": [8, 6, 16, 9], "texture": "#0"},
				"west": {"uv": [8, 9, 16, 12], "texture": "#0"},
				"up": {"uv": [8, 8, 0, 0], "texture": "#0"},
				"down": {"uv": [8, 8, 0, 16], "texture": "#0"}
			}
		},
		{
			"from": [5, 15, 5],
			"to": [11, 17, 11],
			"faces": {
				"north": {"uv": [6, 0, 12, 2], "texture": "#1"},
				"east": {"uv": [6, 2, 12, 4], "texture": "#1"},
				"south": {"uv": [6, 4, 12, 6], "texture": "#1"},
				"west": {"uv": [6, 6, 12, 8], "texture": "#1"},
				"up": {"uv": [6, 6, 0, 0], "texture": "#1"},
				"down": {"uv": [6, 6, 0, 12], "texture": "#1"}
			}
		},
		{
			"from": [7, 17, 7],
			"to": [9, 19, 9],
			"faces": {
				"north": {"uv": [0, 0, 2, 2], "texture": "#2"},
				"east": {"uv": [0, 2, 2, 4], "texture": "#2"},
				"south": {"uv": [2, 0, 4, 2], "texture": "#2"},
				"west": {"uv": [2, 2, 4, 4], "texture": "#2"},
				"up": {"uv": [2, 6, 0, 4], "texture": "#2"},
				"down": {"uv": [6, 0, 4, 2], "texture": "#2"}
			}
		}
	],
	"gui_light": "front",
	"display": {
		"thirdperson_righthand": {
			"rotation": [-38, 0, 0],
			"translation": [0, -6, 0]
		},
		"thirdperson_lefthand": {
			"rotation": [-26, 0, 0],
			"translation": [0, -5, 0]
		},
		"firstperson_righthand": {
			"translation": [2.75, -4.25, 0]
		},
		"firstperson_lefthand": {
			"translation": [2.75, -4, 0]
		},
		"ground": {
			"translation": [0, -10.5, 0],
			"scale": [2, 2, 2]
		},
		"gui": {
			"rotation": [0, -33, 0],
			"translation": [0, -17.5, 0],
			"scale": [2.5, 2.5, 2.5]
		},
		"head": {
			"rotation": [14, 0, 0],
			"translation": [0, -8.75, -2.25],
			"scale": [2.35, 2.35, 2.35]
		},
		"fixed": {
			"translation": [0, -17.5, -2],
			"scale": [2.6, 2.6, 2.6]
		}
	}
}