{
	"credit": "Made with Blockbench",
	"texture_size": [32, 32],
	"textures": {
		"1": "pumpkin/USA",
		"2": "pumpkin/USA1",
		"3": "pumpkin/USA2",
		"4": "pumpkin/USA3",
		"particle": "pumpkin/USA"
	},
	"elements": [
		{
			"from": [3, 3, 3],
			"to": [13, 5, 13],
			"faces": {
				"north": {"uv": [5, 0, 10, 1], "texture": "#4"},
				"east": {"uv": [5, 1, 10, 2], "texture": "#4"},
				"south": {"uv": [5, 2, 10, 3], "texture": "#4"},
				"west": {"uv": [5, 3, 10, 4], "texture": "#4"},
				"up": {"uv": [5, 5, 0, 0], "texture": "#4"},
				"down": {"uv": [5, 5, 0, 10], "texture": "#4"}
			}
		},
		{
			"from": [5, 11, 5],
			"to": [11, 15, 11],
			"faces": {
				"north": {"uv": [6, 0, 12, 4], "texture": "#2"},
				"east": {"uv": [6, 4, 12, 8], "texture": "#2"},
				"south": {"uv": [6, 8, 12, 12], "texture": "#2"},
				"west": {"uv": [0, 12, 6, 16], "texture": "#2"},
				"up": {"uv": [6, 6, 0, 0], "texture": "#2"},
				"down": {"uv": [6, 6, 0, 12], "texture": "#2"}
			}
		},
		{
			"from": [6, 5, 6],
			"to": [10, 11, 10],
			"faces": {
				"north": {"uv": [0, 0, 4, 6], "texture": "#1"},
				"east": {"uv": [4, 0, 8, 6], "texture": "#1"},
				"south": {"uv": [0, 6, 4, 12], "texture": "#1"},
				"west": {"uv": [4, 6, 8, 12], "texture": "#1"},
				"up": {"uv": [12, 4, 8, 0], "texture": "#1"},
				"down": {"uv": [12, 4, 8, 8], "texture": "#1"}
			}
		},
		{
			"from": [5, 5, 5],
			"to": [11, 7, 11],
			"faces": {
				"north": {"uv": [6, 0, 12, 2], "texture": "#3"},
				"east": {"uv": [6, 2, 12, 4], "texture": "#3"},
				"south": {"uv": [6, 4, 12, 6], "texture": "#3"},
				"west": {"uv": [6, 6, 12, 8], "texture": "#3"},
				"up": {"uv": [6, 6, 0, 0], "texture": "#3"},
				"down": {"uv": [6, 6, 0, 12], "texture": "#3"}
			}
		}
	],
	"gui_light": "front",
	"display": {
		"thirdperson_righthand": {
			"translation": [0.75, 6, 0],
			"scale": [1.5, 1.5, 1.5]
		},
		"thirdperson_lefthand": {
			"translation": [1, 5.5, 0],
			"scale": [1.5, 1.5, 1.5]
		},
		"firstperson_righthand": {
			"translation": [3, 3.75, 0]
		},
		"firstperson_lefthand": {
			"translation": [4, 4, 1.25]
		},
		"ground": {
			"translation": [0, 7.25, 0],
			"scale": [2, 2, 2]
		},
		"gui": {
			"rotation": [0, -145, 0],
			"scale": [1.5, 1.5, 1.5]
		},
		"head": {
			"translation": [0, 14.75, 0.5],
			"scale": [2.5, 2.5, 2.5]
		},
		"fixed": {
			"scale": [1.5, 1.5, 1.5]
		}
	}
}