{
	"credit": "Made with Blockbench",
	"texture_size": [32, 32],
	"textures": {
		"0": "item/enma",
		"1": "item/enma_sheathed",
		"particle": "enma"
	},
	"elements": [
		{
			"from": [8, 7.5, 8.4],
			"to": [10, 8.5, 8.6],
			"faces": {
				"north": {"uv": [6, 3, 7, 3.5], "texture": "#0"},
				"east": {"uv": [2, 8.5, 2.125, 9], "texture": "#0"},
				"south": {"uv": [6, 3.5, 7, 4], "texture": "#0"},
				"west": {"uv": [8.5, 2, 8.625, 2.5], "texture": "#0"},
				"up": {"uv": [9, 3.125, 8, 3], "texture": "#0"},
				"down": {"uv": [4.5, 8, 3.5, 8.125], "texture": "#0"}
			}
		},
		{
			"from": [9, 7, 8.5],
			"to": [10, 30, 8.5],
			"faces": {
				"north": {"uv": [1, 0, 1.5, 11.5], "texture": "#0"},
				"east": {"uv": [0, 0, 0, 11.5], "texture": "#0"},
				"south": {"uv": [1.5, 0, 2, 11.5], "texture": "#0"},
				"west": {"uv": [0, 0, 0, 11.5], "texture": "#0"},
				"up": {"uv": [0.5, 0, 0, 0], "texture": "#0"},
				"down": {"uv": [0.5, 0, 0, 0], "texture": "#0"}
			}
		},
		{
			"from": [8, 6.999, 8],
			"to": [10, 7.499, 9],
			"faces": {
				"north": {"uv": [7.5, 0.5, 8.5, 0.75], "texture": "#0"},
				"east": {"uv": [4.5, 7, 5, 7.25], "texture": "#0"},
				"south": {"uv": [7.5, 1, 8.5, 1.25], "texture": "#0"},
				"west": {"uv": [8, 3.5, 8.5, 3.75], "texture": "#0"},
				"up": {"uv": [5, 6.5, 4, 6], "texture": "#0"},
				"down": {"uv": [6, 6, 5, 6.5], "texture": "#0"}
			}
		},
		{
			"from": [10.5, 7, 4.9],
			"to": [12.1, 7.5, 6],
			"rotation": {"angle": -22.5, "axis": "y", "origin": [0, 0, 0]},
			"faces": {
				"north": {"uv": [7, 5, 7.8125, 5.3125], "texture": "#0"},
				"east": {"uv": [7.5, 1.5, 8.0625, 1.8125], "texture": "#0"},
				"south": {"uv": [7, 5.5, 7.8125, 5.8125], "texture": "#0"},
				"west": {"uv": [7.5, 2, 8.0625, 2.3125], "texture": "#0"},
				"up": {"uv": [5.8125, 7.0625, 5, 6.5], "texture": "#0"},
				"down": {"uv": [6.8125, 6.5, 6, 7.0625], "texture": "#0"}
			}
		},
		{
			"from": [8, 7, 8.5],
			"to": [9, 31, 8.5],
			"faces": {
				"north": {"uv": [0, 0, 0.5, 12], "texture": "#0"},
				"east": {"uv": [0, 0, 0, 12], "texture": "#0"},
				"south": {"uv": [0.5, 0, 1, 12], "texture": "#0"},
				"west": {"uv": [0, 0, 0, 12], "texture": "#0"},
				"up": {"uv": [0.5, 0, 0, 0], "texture": "#0"},
				"down": {"uv": [0.5, 0, 0, 0], "texture": "#0"}
			}
		},
		{
			"from": [4, 7, 9.7],
			"to": [5.6, 7.5, 10.8],
			"rotation": {"angle": 22.5, "axis": "y", "origin": [0, 0, 0]},
			"faces": {
				"north": {"uv": [7, 6, 7.8125, 6.3125], "texture": "#0"},
				"east": {"uv": [7.5, 2.5, 8.0625, 2.8125], "texture": "#0"},
				"south": {"uv": [7, 6.5, 7.8125, 6.8125], "texture": "#0"},
				"west": {"uv": [4.5, 7.5, 5.0625, 7.8125], "texture": "#0"},
				"up": {"uv": [3.3125, 7.5625, 2.5, 7], "texture": "#0"},
				"down": {"uv": [7.8125, 3, 7, 3.5625], "texture": "#0"}
			}
		},
		{
			"from": [9.5, 7, 7.95],
			"to": [11.1, 7.5, 9.05],
			"faces": {
				"north": {"uv": [7, 7, 7.8125, 7.3125], "texture": "#0"},
				"east": {"uv": [5.5, 7.5, 6.0625, 7.8125], "texture": "#0"},
				"south": {"uv": [7.5, 0, 8.3125, 0.3125], "texture": "#0"},
				"west": {"uv": [6.5, 7.5, 7.0625, 7.8125], "texture": "#0"},
				"up": {"uv": [4.3125, 7.5625, 3.5, 7], "texture": "#0"},
				"down": {"uv": [7.8125, 4, 7, 4.5625], "texture": "#0"}
			}
		},
		{
			"from": [8, -1, 8],
			"to": [10, 7, 9],
			"faces": {
				"north": {"uv": [2, 0, 3, 4], "texture": "#0"},
				"east": {"uv": [4, 0, 4.5, 4], "texture": "#0"},
				"south": {"uv": [3, 0, 4, 4], "texture": "#0"},
				"west": {"uv": [2, 4, 2.5, 8], "texture": "#0"},
				"up": {"uv": [7, 6.5, 6, 6], "texture": "#0"},
				"down": {"uv": [5, 6.5, 4, 7], "texture": "#0"}
			}
		},
		{
			"from": [7.9, 0, 7.9],
			"to": [10.1, 0.1, 9.1],
			"faces": {
				"north": {"uv": [8, 4.5, 9.125, 4.5625], "texture": "#0"},
				"east": {"uv": [2.5, 8.5, 3.125, 8.5625], "texture": "#0"},
				"south": {"uv": [8, 5, 9.125, 5.0625], "texture": "#0"},
				"west": {"uv": [8.5, 2.5, 9.125, 2.5625], "texture": "#0"},
				"up": {"uv": [3.625, 4.625, 2.5, 4], "texture": "#0"},
				"down": {"uv": [5.125, 4, 4, 4.625], "texture": "#0"}
			}
		},
		{
			"from": [7.9, 0.3, 7.9],
			"to": [10.1, 0.4, 9.1],
			"faces": {
				"north": {"uv": [5.5, 8, 6.625, 8.0625], "texture": "#0"},
				"east": {"uv": [3.5, 8.5, 4.125, 8.5625], "texture": "#0"},
				"south": {"uv": [8, 5.5, 9.125, 5.5625], "texture": "#0"},
				"west": {"uv": [8.5, 3.5, 9.125, 3.5625], "texture": "#0"},
				"up": {"uv": [5.625, 0.625, 4.5, 0], "texture": "#0"},
				"down": {"uv": [5.625, 1, 4.5, 1.625], "texture": "#0"}
			}
		},
		{
			"from": [7.9, 5, 7.9],
			"to": [10.1, 5.1, 9.1],
			"faces": {
				"north": {"uv": [8, 6, 9.125, 6.0625], "texture": "#0"},
				"east": {"uv": [4.5, 8.5, 5.125, 8.5625], "texture": "#0"},
				"south": {"uv": [8, 6.5, 9.125, 6.5625], "texture": "#0"},
				"west": {"uv": [5.5, 8.5, 6.125, 8.5625], "texture": "#0"},
				"up": {"uv": [5.625, 2.625, 4.5, 2], "texture": "#0"},
				"down": {"uv": [5.625, 3, 4.5, 3.625], "texture": "#0"}
			}
		},
		{
			"from": [7.9, 5.15, 7.9],
			"to": [10.1, 5.25, 9.1],
			"faces": {
				"north": {"uv": [7, 8, 8.125, 8.0625], "texture": "#0"},
				"east": {"uv": [6.5, 8.5, 7.125, 8.5625], "texture": "#0"},
				"south": {"uv": [8, 7, 9.125, 7.0625], "texture": "#0"},
				"west": {"uv": [7.5, 8.5, 8.125, 8.5625], "texture": "#0"},
				"up": {"uv": [3.625, 5.625, 2.5, 5], "texture": "#0"},
				"down": {"uv": [5.125, 5, 4, 5.625], "texture": "#0"}
			}
		},
		{
			"from": [7.9, 5.3, 7.9],
			"to": [10.1, 5.4, 9.1],
			"faces": {
				"north": {"uv": [8.5, 0, 9.625, 0.0625], "texture": "#0"},
				"east": {"uv": [8.5, 8, 9.125, 8.0625], "texture": "#0"},
				"south": {"uv": [8.5, 0.5, 9.625, 0.5625], "texture": "#0"},
				"west": {"uv": [8.5, 8.5, 9.125, 8.5625], "texture": "#0"},
				"up": {"uv": [6.625, 4.625, 5.5, 4], "texture": "#0"},
				"down": {"uv": [6.625, 5, 5.5, 5.625], "texture": "#0"}
			}
		},
		{
			"from": [7.9, 6.8, 7.9],
			"to": [10.1, 7, 9.1],
			"faces": {
				"north": {"uv": [7.5, 7.5, 8.625, 7.625], "texture": "#0"},
				"east": {"uv": [8, 4, 8.625, 4.125], "texture": "#0"},
				"south": {"uv": [2, 8, 3.125, 8.125], "texture": "#0"},
				"west": {"uv": [4.5, 8, 5.125, 8.125], "texture": "#0"},
				"up": {"uv": [7.125, 0.625, 6, 0], "texture": "#0"},
				"down": {"uv": [7.125, 1, 6, 1.625], "texture": "#0"}
			}
		},
		{
			"from": [7.9, 0.15, 7.9],
			"to": [10.1, 0.25, 9.1],
			"faces": {
				"north": {"uv": [8.5, 1, 9.625, 1.0625], "texture": "#0"},
				"east": {"uv": [2, 9, 2.625, 9.0625], "texture": "#0"},
				"south": {"uv": [8.5, 1.5, 9.625, 1.5625], "texture": "#0"},
				"west": {"uv": [9, 2, 9.625, 2.0625], "texture": "#0"},
				"up": {"uv": [7.125, 2.625, 6, 2], "texture": "#0"},
				"down": {"uv": [3.625, 6, 2.5, 6.625], "texture": "#0"}
			}
		},
		{
			"from": [8, 8.5, 8.25],
			"to": [9, 31, 8.75],
			"faces": {
				"north": {"uv": [0, 0, 0.5, 11.5], "texture": "#1"},
				"east": {"uv": [0.5, 0, 1, 11.5], "texture": "#1"},
				"south": {"uv": [1, 0, 1.5, 11.5], "texture": "#1"},
				"west": {"uv": [1.5, 0, 2, 11.5], "texture": "#1"},
				"up": {"uv": [6.5, 1.5, 6, 1], "texture": "#1"},
				"down": {"uv": [6.5, 1.5, 6, 2], "texture": "#1"}
			}
		},
		{
			"from": [9, 8.5, 8.25],
			"to": [10, 31, 8.75],
			"faces": {
				"north": {"uv": [2, 0, 2.5, 11.5], "texture": "#1"},
				"east": {"uv": [2.5, 0, 3, 11.5], "texture": "#1"},
				"south": {"uv": [3, 0, 3.5, 11.5], "texture": "#1"},
				"west": {"uv": [3.5, 0, 4, 11.5], "texture": "#1"},
				"up": {"uv": [6.5, 2.5, 6, 2], "texture": "#1"},
				"down": {"uv": [6.5, 2.5, 6, 3], "texture": "#1"}
			}
		},
		{
			"from": [7.9, 7.5, 8.15],
			"to": [10.1, 8.5, 8.85],
			"faces": {
				"north": {"uv": [5, 2, 6, 2.5], "texture": "#1"},
				"east": {"uv": [6, 3, 6.5, 3.5], "texture": "#1"},
				"south": {"uv": [5, 2.5, 6, 3], "texture": "#1"},
				"west": {"uv": [6, 3.5, 6.5, 4], "texture": "#1"},
				"up": {"uv": [6, 3.5, 5, 3], "texture": "#1"},
				"down": {"uv": [6, 3.5, 5, 4], "texture": "#1"}
			}
		},
		{
			"from": [7.9, 11.5, 8.15],
			"to": [10.1, 15.5, 8.85],
			"faces": {
				"north": {"uv": [4, 0, 5, 2], "texture": "#1"},
				"east": {"uv": [4, 4, 4.5, 6], "texture": "#1"},
				"south": {"uv": [4, 2, 5, 4], "texture": "#1"},
				"west": {"uv": [4.5, 4, 5, 6], "texture": "#1"},
				"up": {"uv": [6, 4.5, 5, 4], "texture": "#1"},
				"down": {"uv": [6, 4.5, 5, 5], "texture": "#1"}
			}
		},
		{
			"from": [7.9, 24.5, 8.15],
			"to": [10.1, 26.5, 8.85],
			"faces": {
				"north": {"uv": [5, 0, 6, 1], "texture": "#1"},
				"east": {"uv": [5, 5, 5.5, 6], "texture": "#1"},
				"south": {"uv": [5, 1, 6, 2], "texture": "#1"},
				"west": {"uv": [5.5, 5, 6, 6], "texture": "#1"},
				"up": {"uv": [7, 0.5, 6, 0], "texture": "#1"},
				"down": {"uv": [7, 0.5, 6, 1], "texture": "#1"}
			}
		}
	],
	"display": {
		"thirdperson_righthand": {
			"rotation": [0, 90, 0],
			"translation": [-0.75, 1.25, 2.5],
			"scale": [0.8, 1, 0.8]
		},
		"thirdperson_lefthand": {
			"rotation": [0, -90, 0],
			"translation": [0.25, 1.5, 2.5],
			"scale": [0.8, 1, 0.8]
		},
		"firstperson_righthand": {
			"rotation": [0, 90, 0],
			"translation": [4.25, 2, 0.75],
			"scale": [0.65, 0.65, 0.65]
		},
		"firstperson_lefthand": {
			"rotation": [0, -90, 0],
			"translation": [5.75, 0.25, 0],
			"scale": [0.65, 0.65, 0.65]
		},
		"ground": {
			"translation": [0, 2.75, 0],
			"scale": [0.65, 0.65, 0.65]
		},
		"gui": {
			"rotation": [0, 0, -45],
			"translation": [-3.25, -2.5, -1],
			"scale": [0.65, 0.65, 0.65]
		},
		"fixed": {
			"rotation": [0, 0, 45],
			"translation": [2, -2.5, -1],
			"scale": [0.65, 0.65, 0.65]
		}
	},
	"groups": [
		{
			"name": "group",
			"origin": [0, 0, 0],
			"color": 0,
			"children": [0, 1, 2, 3, 4, 5, 6, 7, 8, 9, 10, 11, 12, 13, 14]
		},
		{
			"name": "sheath",
			"origin": [8, 8, 8],
			"color": 0,
			"children": [15, 16, 17, 18, 19]
		}
	]
}