{
	"credit": "Made with Blockbench",
	"texture_size": [32, 32],
	"textures": {
		"0": "item/marine_sword_haki",
		"particle": "block/marine_sword"
	},
	"elements": [
		{
			"from": [8, 1, 8],
			"to": [9, 6, 9],
			"faces": {
				"north": {"uv": [1, 0, 1.5, 2.5], "texture": "#0"},
				"east": {"uv": [1.5, 0, 2, 2.5], "texture": "#0"},
				"south": {"uv": [2, 0, 2.5, 2.5], "texture": "#0"},
				"west": {"uv": [2.5, 0, 3, 2.5], "texture": "#0"},
				"up": {"uv": [4.5, 0.5, 4, 0], "texture": "#0"},
				"down": {"uv": [4.5, 0.5, 4, 1], "texture": "#0"}
			}
		},
		{
			"from": [8, 6, 8],
			"to": [9, 7, 9],
			"faces": {
				"north": {"uv": [1.5, 4.5, 2, 5], "texture": "#0"},
				"east": {"uv": [4.5, 1.5, 5, 2], "texture": "#0"},
				"south": {"uv": [4.5, 2, 5, 2.5], "texture": "#0"},
				"west": {"uv": [4.5, 2.5, 5, 3], "texture": "#0"},
				"up": {"uv": [5, 3.5, 4.5, 3], "texture": "#0"},
				"down": {"uv": [5, 3.5, 4.5, 4], "texture": "#0"}
			}
		},
		{
			"from": [7.8, 0.8, 7.8],
			"to": [9.2, 1, 9.2],
			"faces": {
				"north": {"uv": [3, 7, 3.75, 7.125], "texture": "#0"},
				"east": {"uv": [7, 3, 7.75, 3.125], "texture": "#0"},
				"south": {"uv": [7, 3.5, 7.75, 3.625], "texture": "#0"},
				"west": {"uv": [4, 7, 4.75, 7.125], "texture": "#0"},
				"up": {"uv": [2.75, 3.25, 2, 2.5], "texture": "#0"},
				"down": {"uv": [3.75, 0, 3, 0.75], "texture": "#0"}
			}
		},
		{
			"from": [9.1, 1, 8],
			"to": [10.1, 1.5, 9],
			"faces": {
				"north": {"uv": [6, 1, 6.5, 1.25], "texture": "#0"},
				"east": {"uv": [1.5, 6, 2, 6.25], "texture": "#0"},
				"south": {"uv": [6, 1.5, 6.5, 1.75], "texture": "#0"},
				"west": {"uv": [2, 6, 2.5, 6.25], "texture": "#0"},
				"up": {"uv": [5, 4.5, 4.5, 4], "texture": "#0"},
				"down": {"uv": [5, 4.5, 4.5, 5], "texture": "#0"}
			}
		},
		{
			"from": [10, 1.5, 8],
			"to": [10.5, 2, 9],
			"faces": {
				"north": {"uv": [7, 4, 7.25, 4.25], "texture": "#0"},
				"east": {"uv": [6, 2, 6.5, 2.25], "texture": "#0"},
				"south": {"uv": [7, 4.5, 7.25, 4.75], "texture": "#0"},
				"west": {"uv": [6, 2.5, 6.5, 2.75], "texture": "#0"},
				"up": {"uv": [6.25, 3.5, 6, 3], "texture": "#0"},
				"down": {"uv": [6.25, 3.5, 6, 4], "texture": "#0"}
			}
		},
		{
			"from": [10.5, 2, 8],
			"to": [11, 6, 9],
			"faces": {
				"north": {"uv": [3, 1, 3.25, 3], "texture": "#0"},
				"east": {"uv": [1, 2.5, 1.5, 4.5], "texture": "#0"},
				"south": {"uv": [3, 3, 3.25, 5], "texture": "#0"},
				"west": {"uv": [1.5, 2.5, 2, 4.5], "texture": "#0"},
				"up": {"uv": [6.25, 4.5, 6, 4], "texture": "#0"},
				"down": {"uv": [6.25, 4.5, 6, 5], "texture": "#0"}
			}
		},
		{
			"from": [9, 6.5, 8],
			"to": [10, 7, 9],
			"faces": {
				"north": {"uv": [6, 5, 6.5, 5.25], "texture": "#0"},
				"east": {"uv": [5.5, 6, 6, 6.25], "texture": "#0"},
				"south": {"uv": [6, 5.5, 6.5, 5.75], "texture": "#0"},
				"west": {"uv": [6, 6, 6.5, 6.25], "texture": "#0"},
				"up": {"uv": [5.5, 0.5, 5, 0], "texture": "#0"},
				"down": {"uv": [5.5, 0.5, 5, 1], "texture": "#0"}
			}
		},
		{
			"from": [10, 6, 8],
			"to": [10.5, 6.5, 9],
			"faces": {
				"north": {"uv": [5, 7, 5.25, 7.25], "texture": "#0"},
				"east": {"uv": [6.5, 0, 7, 0.25], "texture": "#0"},
				"south": {"uv": [7, 5, 7.25, 5.25], "texture": "#0"},
				"west": {"uv": [6.5, 0.5, 7, 0.75], "texture": "#0"},
				"up": {"uv": [6.75, 1.5, 6.5, 1], "texture": "#0"},
				"down": {"uv": [1.75, 6.5, 1.5, 7], "texture": "#0"}
			}
		},
		{
			"from": [7.5, 6.5, 9],
			"to": [9.5, 7, 10],
			"faces": {
				"north": {"uv": [5, 1, 6, 1.25], "texture": "#0"},
				"east": {"uv": [6.5, 1.5, 7, 1.75], "texture": "#0"},
				"south": {"uv": [5, 1.5, 6, 1.75], "texture": "#0"},
				"west": {"uv": [2, 6.5, 2.5, 6.75], "texture": "#0"},
				"up": {"uv": [4.5, 1.5, 3.5, 1], "texture": "#0"},
				"down": {"uv": [4.5, 1.5, 3.5, 2], "texture": "#0"}
			}
		},
		{
			"from": [7.5, 6.5, 7],
			"to": [9.5, 7, 8],
			"faces": {
				"north": {"uv": [5, 2, 6, 2.25], "texture": "#0"},
				"east": {"uv": [6.5, 2, 7, 2.25], "texture": "#0"},
				"south": {"uv": [5, 2.5, 6, 2.75], "texture": "#0"},
				"west": {"uv": [2.5, 6.5, 3, 6.75], "texture": "#0"},
				"up": {"uv": [3, 4, 2, 3.5], "texture": "#0"},
				"down": {"uv": [4.5, 2, 3.5, 2.5], "texture": "#0"}
			}
		},
		{
			"from": [7, 6.5, 8],
			"to": [8, 7, 9],
			"faces": {
				"north": {"uv": [6.5, 2.5, 7, 2.75], "texture": "#0"},
				"east": {"uv": [3, 6.5, 3.5, 6.75], "texture": "#0"},
				"south": {"uv": [6.5, 3, 7, 3.25], "texture": "#0"},
				"west": {"uv": [3.5, 6.5, 4, 6.75], "texture": "#0"},
				"up": {"uv": [2, 5.5, 1.5, 5], "texture": "#0"},
				"down": {"uv": [3.5, 5, 3, 5.5], "texture": "#0"}
			}
		},
		{
			"from": [8, 7, 8.5],
			"to": [9, 23, 8.5],
			"faces": {
				"north": {"uv": [0, 0, 0.5, 8], "texture": "#0"},
				"east": {"uv": [0, 0, 0, 8], "texture": "#0"},
				"south": {"uv": [0.5, 0, 1, 8], "texture": "#0"},
				"west": {"uv": [0, 0, 0, 8], "texture": "#0"},
				"up": {"uv": [0.5, 0, 0, 0], "texture": "#0"},
				"down": {"uv": [0.5, 0, 0, 0], "texture": "#0"}
			}
		},
		{
			"from": [9.5, 6, 9],
			"to": [10, 6.5, 10],
			"faces": {
				"north": {"uv": [5.5, 7, 5.75, 7.25], "texture": "#0"},
				"east": {"uv": [6.5, 3.5, 7, 3.75], "texture": "#0"},
				"south": {"uv": [7, 5.5, 7.25, 5.75], "texture": "#0"},
				"west": {"uv": [4, 6.5, 4.5, 6.75], "texture": "#0"},
				"up": {"uv": [6.75, 4.5, 6.5, 4], "texture": "#0"},
				"down": {"uv": [4.75, 6.5, 4.5, 7], "texture": "#0"}
			}
		},
		{
			"from": [9.5, 6, 7],
			"to": [10, 6.5, 8],
			"faces": {
				"north": {"uv": [6, 7, 6.25, 7.25], "texture": "#0"},
				"east": {"uv": [6.5, 4.5, 7, 4.75], "texture": "#0"},
				"south": {"uv": [7, 6, 7.25, 6.25], "texture": "#0"},
				"west": {"uv": [5, 6.5, 5.5, 6.75], "texture": "#0"},
				"up": {"uv": [6.75, 5.5, 6.5, 5], "texture": "#0"},
				"down": {"uv": [5.75, 6.5, 5.5, 7], "texture": "#0"}
			}
		},
		{
			"from": [7.5, 6, 6.5],
			"to": [9.5, 6.5, 7],
			"faces": {
				"north": {"uv": [5, 3, 6, 3.25], "texture": "#0"},
				"east": {"uv": [6.5, 7, 6.75, 7.25], "texture": "#0"},
				"south": {"uv": [5, 3.5, 6, 3.75], "texture": "#0"},
				"west": {"uv": [7, 6.5, 7.25, 6.75], "texture": "#0"},
				"up": {"uv": [6, 4.25, 5, 4], "texture": "#0"},
				"down": {"uv": [5.5, 5, 4.5, 5.25], "texture": "#0"}
			}
		},
		{
			"from": [7, 6, 7],
			"to": [7.5, 6.5, 8],
			"faces": {
				"north": {"uv": [7, 7, 7.25, 7.25], "texture": "#0"},
				"east": {"uv": [6.5, 5.5, 7, 5.75], "texture": "#0"},
				"south": {"uv": [7.5, 0, 7.75, 0.25], "texture": "#0"},
				"west": {"uv": [6, 6.5, 6.5, 6.75], "texture": "#0"},
				"up": {"uv": [6.75, 6.5, 6.5, 6], "texture": "#0"},
				"down": {"uv": [6.75, 6.5, 6.5, 7], "texture": "#0"}
			}
		},
		{
			"from": [7, 6, 9],
			"to": [7.5, 6.5, 10],
			"faces": {
				"north": {"uv": [7.5, 0.5, 7.75, 0.75], "texture": "#0"},
				"east": {"uv": [7, 0, 7.5, 0.25], "texture": "#0"},
				"south": {"uv": [1, 7.5, 1.25, 7.75], "texture": "#0"},
				"west": {"uv": [7, 0.5, 7.5, 0.75], "texture": "#0"},
				"up": {"uv": [1.25, 7.5, 1, 7], "texture": "#0"},
				"down": {"uv": [7.25, 1, 7, 1.5], "texture": "#0"}
			}
		},
		{
			"from": [6.5, 6, 8],
			"to": [7, 6.5, 9],
			"faces": {
				"north": {"uv": [7.5, 1, 7.75, 1.25], "texture": "#0"},
				"east": {"uv": [1.5, 7, 2, 7.25], "texture": "#0"},
				"south": {"uv": [1.5, 7.5, 1.75, 7.75], "texture": "#0"},
				"west": {"uv": [7, 1.5, 7.5, 1.75], "texture": "#0"},
				"up": {"uv": [2.25, 7.5, 2, 7], "texture": "#0"},
				"down": {"uv": [7.25, 2, 7, 2.5], "texture": "#0"}
			}
		},
		{
			"from": [7.5, 6, 10],
			"to": [9.5, 6.5, 10.5],
			"faces": {
				"north": {"uv": [5, 4.5, 6, 4.75], "texture": "#0"},
				"east": {"uv": [7.5, 1.5, 7.75, 1.75], "texture": "#0"},
				"south": {"uv": [5.5, 0, 6.5, 0.25], "texture": "#0"},
				"west": {"uv": [2, 7.5, 2.25, 7.75], "texture": "#0"},
				"up": {"uv": [6.5, 0.75, 5.5, 0.5], "texture": "#0"},
				"down": {"uv": [2.5, 5.5, 1.5, 5.75], "texture": "#0"}
			}
		},
		{
			"from": [8, 7, 8.4],
			"to": [9, 7.5, 8.6],
			"faces": {
				"north": {"uv": [2.5, 7, 3, 7.25], "texture": "#0"},
				"east": {"uv": [2, 8, 2.125, 8.25], "texture": "#0"},
				"south": {"uv": [7, 2.5, 7.5, 2.75], "texture": "#0"},
				"west": {"uv": [8, 2, 8.125, 2.25], "texture": "#0"},
				"up": {"uv": [8, 2.125, 7.5, 2], "texture": "#0"},
				"down": {"uv": [3, 7.5, 2.5, 7.625], "texture": "#0"}
			}
		},
		{
			"from": [8.2, 0.2, 8.2],
			"to": [8.8, 0.8, 8.8],
			"faces": {
				"north": {"uv": [7.5, 2.5, 7.75, 2.75], "texture": "#0"},
				"east": {"uv": [3, 7.5, 3.25, 7.75], "texture": "#0"},
				"south": {"uv": [3.5, 7.5, 3.75, 7.75], "texture": "#0"},
				"west": {"uv": [4, 7.5, 4.25, 7.75], "texture": "#0"},
				"up": {"uv": [7.75, 4.25, 7.5, 4], "texture": "#0"},
				"down": {"uv": [4.75, 7.5, 4.5, 7.75], "texture": "#0"}
			}
		},
		{
			"from": [10, 3.5, 9],
			"to": [10.5, 6, 9.5],
			"faces": {
				"north": {"uv": [3.5, 2.5, 3.75, 3.75], "texture": "#0"},
				"east": {"uv": [2, 4, 2.25, 5.25], "texture": "#0"},
				"south": {"uv": [2.5, 4, 2.75, 5.25], "texture": "#0"},
				"west": {"uv": [4, 2.5, 4.25, 3.75], "texture": "#0"},
				"up": {"uv": [7.75, 4.75, 7.5, 4.5], "texture": "#0"},
				"down": {"uv": [5.25, 7.5, 5, 7.75], "texture": "#0"}
			}
		},
		{
			"from": [10, 3.5, 7.5],
			"to": [10.5, 6, 8],
			"faces": {
				"north": {"uv": [3.5, 4, 3.75, 5.25], "texture": "#0"},
				"east": {"uv": [4, 4, 4.25, 5.25], "texture": "#0"},
				"south": {"uv": [4.5, 0, 4.75, 1.25], "texture": "#0"},
				"west": {"uv": [1, 4.5, 1.25, 5.75], "texture": "#0"},
				"up": {"uv": [7.75, 5.25, 7.5, 5], "texture": "#0"},
				"down": {"uv": [5.75, 7.5, 5.5, 7.75], "texture": "#0"}
			}
		},
		{
			"from": [9.5, 5.5, 6.5],
			"to": [10, 6, 7],
			"faces": {
				"north": {"uv": [7.5, 5.5, 7.75, 5.75], "texture": "#0"},
				"east": {"uv": [6, 7.5, 6.25, 7.75], "texture": "#0"},
				"south": {"uv": [7.5, 6, 7.75, 6.25], "texture": "#0"},
				"west": {"uv": [6.5, 7.5, 6.75, 7.75], "texture": "#0"},
				"up": {"uv": [7.75, 6.75, 7.5, 6.5], "texture": "#0"},
				"down": {"uv": [7.25, 7.5, 7, 7.75], "texture": "#0"}
			}
		},
		{
			"from": [9.5, 5.5, 10],
			"to": [10, 6, 10.5],
			"faces": {
				"north": {"uv": [7.5, 7, 7.75, 7.25], "texture": "#0"},
				"east": {"uv": [7.5, 7.5, 7.75, 7.75], "texture": "#0"},
				"south": {"uv": [0, 8, 0.25, 8.25], "texture": "#0"},
				"west": {"uv": [8, 0, 8.25, 0.25], "texture": "#0"},
				"up": {"uv": [0.75, 8.25, 0.5, 8], "texture": "#0"},
				"down": {"uv": [8.25, 0.5, 8, 0.75], "texture": "#0"}
			}
		},
		{
			"from": [10, 4.5, 7],
			"to": [10.5, 6, 7.5],
			"faces": {
				"north": {"uv": [2.5, 5.5, 2.75, 6.25], "texture": "#0"},
				"east": {"uv": [3, 5.5, 3.25, 6.25], "texture": "#0"},
				"south": {"uv": [3.5, 5.5, 3.75, 6.25], "texture": "#0"},
				"west": {"uv": [4, 5.5, 4.25, 6.25], "texture": "#0"},
				"up": {"uv": [1.25, 8.25, 1, 8], "texture": "#0"},
				"down": {"uv": [8.25, 1, 8, 1.25], "texture": "#0"}
			}
		},
		{
			"from": [10, 4.5, 9.5],
			"to": [10.5, 6, 10],
			"faces": {
				"north": {"uv": [4.5, 5.5, 4.75, 6.25], "texture": "#0"},
				"east": {"uv": [5, 5.5, 5.25, 6.25], "texture": "#0"},
				"south": {"uv": [5.5, 5, 5.75, 5.75], "texture": "#0"},
				"west": {"uv": [1, 6, 1.25, 6.75], "texture": "#0"},
				"up": {"uv": [1.75, 8.25, 1.5, 8], "texture": "#0"},
				"down": {"uv": [8.25, 1.5, 8, 1.75], "texture": "#0"}
			}
		}
	],
	"display": {
		"thirdperson_righthand": {
			"rotation": [0, 90, 0],
			"translation": [-1, 2.5, 2]
		},
		"thirdperson_lefthand": {
			"rotation": [0, -90, 0],
			"translation": [0, 2.25, 1.5]
		},
		"firstperson_righthand": {
			"rotation": [0, 93, 0],
			"translation": [5, 3.5, 0],
			"scale": [0.9, 0.9, 0.9]
		},
		"firstperson_lefthand": {
			"rotation": [0, -93, 0],
			"translation": [5, 3.5, 0],
			"scale": [0.9, 0.9, 0.9]
		},
		"ground": {
			"translation": [0, 2.75, 0],
			"scale": [0.65, 0.65, 0.65]
		},
		"gui": {
			"rotation": [0, 0, -45],
			"translation": [-2.5, -1.75, -1],
			"scale": [0.85, 0.85, 0.85]
		},
		"fixed": {
			"rotation": [0, 0, 45],
			"translation": [2, -2.5, -1],
			"scale": [0.65, 0.65, 0.65]
		}
	},
	"groups": [
		{
			"name": "group",
			"origin": [0, 0, 0],
			"color": 0,
			"children": [0, 1, 2, 3, 4, 5, 6, 7, 8, 9, 10, 11, 12, 13, 14, 15, 16, 17, 18, 19, 20, 21, 22, 23, 24, 25, 26]
		}
	]
}