{
	"credit": "Made with Blockbench",
	"texture_size": [64, 64],
	"textures": {
		"0": "item/murakumogiri_haki",
		"particle": "murakumogiri"
	},
	"elements": [
		{
			"from": [8, -16, 8],
			"to": [9, 17, 9],
			"faces": {
				"north": {"uv": [0, 2.25, 0.25, 10.5], "texture": "#0"},
				"east": {"uv": [0.25, 2.25, 0.5, 10.5], "texture": "#0"},
				"south": {"uv": [0.5, 2.25, 0.75, 10.5], "texture": "#0"},
				"west": {"uv": [0.75, 2.25, 1, 10.5], "texture": "#0"},
				"up": {"uv": [4.25, 1, 4, 0.75], "texture": "#0"},
				"down": {"uv": [4.25, 1.5, 4, 1.75], "texture": "#0"}
			}
		},
		{
			"from": [6.9, 19, 7.9],
			"to": [10.1, 22, 9.1],
			"faces": {
				"north": {"uv": [1, 2.25, 1.8125, 3], "texture": "#0"},
				"east": {"uv": [2, 3.5, 2.3125, 4.25], "texture": "#0"},
				"south": {"uv": [2, 2.25, 2.8125, 3], "texture": "#0"},
				"west": {"uv": [3.5, 3.25, 3.8125, 4], "texture": "#0"},
				"up": {"uv": [3.3125, 3.5625, 2.5, 3.25], "texture": "#0"},
				"down": {"uv": [1.8125, 3.5, 1, 3.8125], "texture": "#0"}
			}
		},
		{
			"from": [6.8, 17, 7.8],
			"to": [10.2, 19, 9.2],
			"faces": {
				"north": {"uv": [3, 0, 3.875, 0.5], "texture": "#0"},
				"east": {"uv": [2.5, 3.75, 2.875, 4.25], "texture": "#0"},
				"south": {"uv": [3, 0.5, 3.875, 1], "texture": "#0"},
				"west": {"uv": [3, 3.75, 3.375, 4.25], "texture": "#0"},
				"up": {"uv": [3.875, 1.875, 3, 1.5], "texture": "#0"},
				"down": {"uv": [3.875, 2, 3, 2.375], "texture": "#0"}
			}
		},
		{
			"from": [5.9, 22, 7.9],
			"to": [11.1, 23, 9.1],
			"faces": {
				"north": {"uv": [2.5, 3, 3.8125, 3.25], "texture": "#0"},
				"east": {"uv": [3, 2.75, 3.3125, 3], "texture": "#0"},
				"south": {"uv": [3, 2.5, 4.3125, 2.75], "texture": "#0"},
				"west": {"uv": [3.5, 2.75, 3.8125, 3], "texture": "#0"},
				"up": {"uv": [2.3125, 3.3125, 1, 3], "texture": "#0"},
				"down": {"uv": [4.3125, 1, 3, 1.3125], "texture": "#0"}
			}
		},
		{
			"from": [8, 23, 8],
			"to": [9, 26, 9],
			"faces": {
				"north": {"uv": [4, 0, 4.25, 0.75], "texture": "#0"},
				"east": {"uv": [1, 4, 1.25, 4.75], "texture": "#0"},
				"south": {"uv": [1.25, 4, 1.5, 4.75], "texture": "#0"},
				"west": {"uv": [1.5, 4, 1.75, 4.75], "texture": "#0"},
				"up": {"uv": [2, 4.25, 1.75, 4], "texture": "#0"},
				"down": {"uv": [4.25, 1.75, 4, 2], "texture": "#0"}
			}
		},
		{
			"from": [5, 23, 8.5],
			"to": [11, 32, 8.5],
			"faces": {
				"north": {"uv": [0, 0, 1.5, 2.25], "texture": "#0"},
				"east": {"uv": [0, 0, 0, 2.25], "texture": "#0"},
				"south": {"uv": [1.5, 0, 3, 2.25], "texture": "#0"},
				"west": {"uv": [0, 0, 0, 2.25], "texture": "#0"},
				"up": {"uv": [1.5, 0, 0, 0], "texture": "#0"},
				"down": {"uv": [1.5, 0, 0, 0], "texture": "#0"}
			}
		}
	],
	"display": {
		"thirdperson_righthand": {
			"rotation": [0, 90, 0],
			"translation": [-1.25, 4.25, 2],
			"scale": [1.2, 1.2, 1.2]
		},
		"thirdperson_lefthand": {
			"rotation": [0, -90, 0],
			"translation": [0.25, 0, 2]
		},
		"firstperson_righthand": {
			"rotation": [0, 90, 0],
			"translation": [3.25, -0.75, 0],
			"scale": [0.8, 0.8, 0.8]
		},
		"firstperson_lefthand": {
			"rotation": [0, -90, 0],
			"translation": [4, 0.75, 0],
			"scale": [0.8, 0.8, 0.8]
		},
		"ground": {
			"translation": [0, 8, 0],
			"scale": [0.5, 0.5, 0.5]
		},
		"gui": {
			"rotation": [0, 0, -45],
			"scale": [0.5, 0.5, 0.5]
		},
		"fixed": {
			"rotation": [0, 0, 45],
			"translation": [0, 0, -1.75],
			"scale": [0.8, 0.8, 0.8]
		}
	},
	"groups": [
		{
			"name": "murakumogiri",
			"origin": [0, 0, 0],
			"color": 0,
			"children": [0, 1, 2, 3, 4, 5]
		}
	],
	"overrides":
	[
		{
			"predicate": 
			{
				"haki": 1
			},
			"model": "mineminenomi:item/murakumogiri_haki"
		}
	]
}