{
	"credit": "Made with Blockbench",
	"texture_size": [32, 32],
	"textures": {
		"0": "item/nidai_kitetsu",
		"particle": "item/sandai_kitetsu"
	},
	"elements": [
		{
			"from": [6.5, 7, 8],
			"to": [11.5, 7.5, 9],
			"faces": {
				"north": {"uv": [4.5, 3, 7, 3.25], "texture": "#0"},
				"east": {"uv": [6, 1, 6.5, 1.25], "texture": "#0"},
				"south": {"uv": [4.5, 3.5, 7, 3.75], "texture": "#0"},
				"west": {"uv": [6, 1.5, 6.5, 1.75], "texture": "#0"},
				"up": {"uv": [7, 2.5, 4.5, 2], "texture": "#0"},
				"down": {"uv": [7, 2.5, 4.5, 3], "texture": "#0"}
			}
		},
		{
			"from": [8, 7.0001, 6.5],
			"to": [10, 7.5001, 10.5],
			"faces": {
				"north": {"uv": [4.5, 5, 5.5, 5.25], "texture": "#0"},
				"east": {"uv": [4.5, 4, 6.5, 4.25], "texture": "#0"},
				"south": {"uv": [4.5, 5.5, 5.5, 5.75], "texture": "#0"},
				"west": {"uv": [4.5, 4.5, 6.5, 4.75], "texture": "#0"},
				"up": {"uv": [5, 2, 4, 0], "texture": "#0"},
				"down": {"uv": [3, 4, 2, 6], "texture": "#0"}
			}
		},
		{
			"from": [7.3, 7.0001, 10],
			"to": [8, 7.5001, 10.3],
			"faces": {
				"north": {"uv": [7, 3.5, 7.375, 3.75], "texture": "#0"},
				"east": {"uv": [6, 9, 6.125, 9.25], "texture": "#0"},
				"south": {"uv": [7, 4, 7.375, 4.25], "texture": "#0"},
				"west": {"uv": [9, 6, 9.125, 6.25], "texture": "#0"},
				"up": {"uv": [8.875, 1.625, 8.5, 1.5], "texture": "#0"},
				"down": {"uv": [2.375, 8.5, 2, 8.625], "texture": "#0"}
			}
		},
		{
			"from": [10, 7.0001, 10],
			"to": [10.7, 7.5001, 10.3],
			"faces": {
				"north": {"uv": [4.5, 7, 4.875, 7.25], "texture": "#0"},
				"east": {"uv": [6.5, 9, 6.625, 9.25], "texture": "#0"},
				"south": {"uv": [7, 4.5, 7.375, 4.75], "texture": "#0"},
				"west": {"uv": [9, 6.5, 9.125, 6.75], "texture": "#0"},
				"up": {"uv": [8.875, 2.125, 8.5, 2], "texture": "#0"},
				"down": {"uv": [2.875, 8.5, 2.5, 8.625], "texture": "#0"}
			}
		},
		{
			"from": [7.3, 7.0001, 6.7],
			"to": [8, 7.5001, 7],
			"faces": {
				"north": {"uv": [5, 7, 5.375, 7.25], "texture": "#0"},
				"east": {"uv": [7, 9, 7.125, 9.25], "texture": "#0"},
				"south": {"uv": [7, 5, 7.375, 5.25], "texture": "#0"},
				"west": {"uv": [9, 7, 9.125, 7.25], "texture": "#0"},
				"up": {"uv": [8.875, 2.625, 8.5, 2.5], "texture": "#0"},
				"down": {"uv": [3.375, 8.5, 3, 8.625], "texture": "#0"}
			}
		},
		{
			"from": [7.3, 7.5, 6.7],
			"to": [8, 7.6, 7],
			"faces": {
				"north": {"uv": [8.5, 3, 8.875, 3.125], "texture": "#0"},
				"east": {"uv": [3, 10, 3.125, 10.125], "texture": "#0"},
				"south": {"uv": [3.5, 8.5, 3.875, 8.625], "texture": "#0"},
				"west": {"uv": [10, 3, 10.125, 3.125], "texture": "#0"},
				"up": {"uv": [8.875, 3.625, 8.5, 3.5], "texture": "#0"},
				"down": {"uv": [4.375, 8.5, 4, 8.625], "texture": "#0"}
			}
		},
		{
			"from": [7.3, 7.5, 10],
			"to": [8, 7.6, 10.3],
			"faces": {
				"north": {"uv": [8.5, 4, 8.875, 4.125], "texture": "#0"},
				"east": {"uv": [3.5, 10, 3.625, 10.125], "texture": "#0"},
				"south": {"uv": [4.5, 8.5, 4.875, 8.625], "texture": "#0"},
				"west": {"uv": [10, 3.5, 10.125, 3.625], "texture": "#0"},
				"up": {"uv": [8.875, 4.625, 8.5, 4.5], "texture": "#0"},
				"down": {"uv": [5.375, 8.5, 5, 8.625], "texture": "#0"}
			}
		},
		{
			"from": [10, 7.5, 6.7],
			"to": [10.7, 7.6, 7],
			"faces": {
				"north": {"uv": [8.5, 5, 8.875, 5.125], "texture": "#0"},
				"east": {"uv": [4, 10, 4.125, 10.125], "texture": "#0"},
				"south": {"uv": [5.5, 8.5, 5.875, 8.625], "texture": "#0"},
				"west": {"uv": [10, 4, 10.125, 4.125], "texture": "#0"},
				"up": {"uv": [8.875, 5.625, 8.5, 5.5], "texture": "#0"},
				"down": {"uv": [6.375, 8.5, 6, 8.625], "texture": "#0"}
			}
		},
		{
			"from": [10, 7.5, 10],
			"to": [10.7, 7.6, 10.3],
			"faces": {
				"north": {"uv": [8.5, 6, 8.875, 6.125], "texture": "#0"},
				"east": {"uv": [4.5, 10, 4.625, 10.125], "texture": "#0"},
				"south": {"uv": [6.5, 8.5, 6.875, 8.625], "texture": "#0"},
				"west": {"uv": [10, 4.5, 10.125, 4.625], "texture": "#0"},
				"up": {"uv": [8.875, 6.625, 8.5, 6.5], "texture": "#0"},
				"down": {"uv": [7.375, 8.5, 7, 8.625], "texture": "#0"}
			}
		},
		{
			"from": [10.5, 7.5, 7.5],
			"to": [11, 7.6, 7.8],
			"faces": {
				"north": {"uv": [7.5, 9, 7.75, 9.125], "texture": "#0"},
				"east": {"uv": [5, 10, 5.125, 10.125], "texture": "#0"},
				"south": {"uv": [9, 7.5, 9.25, 7.625], "texture": "#0"},
				"west": {"uv": [10, 5, 10.125, 5.125], "texture": "#0"},
				"up": {"uv": [8.25, 9.125, 8, 9], "texture": "#0"},
				"down": {"uv": [9.25, 8, 9, 8.125], "texture": "#0"}
			}
		},
		{
			"from": [7, 7.5, 7.5],
			"to": [7.5, 7.6, 7.8],
			"faces": {
				"north": {"uv": [8.5, 9, 8.75, 9.125], "texture": "#0"},
				"east": {"uv": [5.5, 10, 5.625, 10.125], "texture": "#0"},
				"south": {"uv": [9, 8.5, 9.25, 8.625], "texture": "#0"},
				"west": {"uv": [10, 5.5, 10.125, 5.625], "texture": "#0"},
				"up": {"uv": [9.25, 9.125, 9, 9], "texture": "#0"},
				"down": {"uv": [9.75, 0, 9.5, 0.125], "texture": "#0"}
			}
		},
		{
			"from": [7, 7.5, 9.2],
			"to": [7.5, 7.6, 9.5],
			"faces": {
				"north": {"uv": [9.5, 0.5, 9.75, 0.625], "texture": "#0"},
				"east": {"uv": [6, 10, 6.125, 10.125], "texture": "#0"},
				"south": {"uv": [9.5, 1, 9.75, 1.125], "texture": "#0"},
				"west": {"uv": [10, 6, 10.125, 6.125], "texture": "#0"},
				"up": {"uv": [9.75, 1.625, 9.5, 1.5], "texture": "#0"},
				"down": {"uv": [2.25, 9.5, 2, 9.625], "texture": "#0"}
			}
		},
		{
			"from": [10.5, 7.5, 9.2],
			"to": [11, 7.6, 9.5],
			"faces": {
				"north": {"uv": [9.5, 2, 9.75, 2.125], "texture": "#0"},
				"east": {"uv": [6.5, 10, 6.625, 10.125], "texture": "#0"},
				"south": {"uv": [2.5, 9.5, 2.75, 9.625], "texture": "#0"},
				"west": {"uv": [10, 6.5, 10.125, 6.625], "texture": "#0"},
				"up": {"uv": [9.75, 2.625, 9.5, 2.5], "texture": "#0"},
				"down": {"uv": [3.25, 9.5, 3, 9.625], "texture": "#0"}
			}
		},
		{
			"from": [10.2, 7.5, 7],
			"to": [10.5, 7.6, 7.5],
			"faces": {
				"north": {"uv": [7, 10, 7.125, 10.125], "texture": "#0"},
				"east": {"uv": [9.5, 3, 9.75, 3.125], "texture": "#0"},
				"south": {"uv": [10, 7, 10.125, 7.125], "texture": "#0"},
				"west": {"uv": [3.5, 9.5, 3.75, 9.625], "texture": "#0"},
				"up": {"uv": [9.625, 3.75, 9.5, 3.5], "texture": "#0"},
				"down": {"uv": [4.125, 9.5, 4, 9.75], "texture": "#0"}
			}
		},
		{
			"from": [7.5, 7.5, 7],
			"to": [7.8, 7.6, 7.5],
			"faces": {
				"north": {"uv": [7.5, 10, 7.625, 10.125], "texture": "#0"},
				"east": {"uv": [9.5, 4, 9.75, 4.125], "texture": "#0"},
				"south": {"uv": [10, 7.5, 10.125, 7.625], "texture": "#0"},
				"west": {"uv": [4.5, 9.5, 4.75, 9.625], "texture": "#0"},
				"up": {"uv": [9.625, 4.75, 9.5, 4.5], "texture": "#0"},
				"down": {"uv": [5.125, 9.5, 5, 9.75], "texture": "#0"}
			}
		},
		{
			"from": [7.5, 7.5, 9.5],
			"to": [7.8, 7.6, 10],
			"faces": {
				"north": {"uv": [8, 10, 8.125, 10.125], "texture": "#0"},
				"east": {"uv": [9.5, 5, 9.75, 5.125], "texture": "#0"},
				"south": {"uv": [10, 8, 10.125, 8.125], "texture": "#0"},
				"west": {"uv": [5.5, 9.5, 5.75, 9.625], "texture": "#0"},
				"up": {"uv": [9.625, 5.75, 9.5, 5.5], "texture": "#0"},
				"down": {"uv": [6.125, 9.5, 6, 9.75], "texture": "#0"}
			}
		},
		{
			"from": [8.7, 7.5, 8.7],
			"to": [9.2, 7.6, 10.1],
			"faces": {
				"north": {"uv": [9.5, 6, 9.75, 6.125], "texture": "#0"},
				"east": {"uv": [5.5, 7, 6.25, 7.125], "texture": "#0"},
				"south": {"uv": [6.5, 9.5, 6.75, 9.625], "texture": "#0"},
				"west": {"uv": [7, 5.5, 7.75, 5.625], "texture": "#0"},
				"up": {"uv": [3.75, 4.75, 3.5, 4], "texture": "#0"},
				"down": {"uv": [3.75, 5, 3.5, 5.75], "texture": "#0"}
			}
		},
		{
			"from": [8.7, 7.5, 6.9],
			"to": [9.2, 7.6, 8.3],
			"faces": {
				"north": {"uv": [9.5, 6.5, 9.75, 6.625], "texture": "#0"},
				"east": {"uv": [7, 6, 7.75, 6.125], "texture": "#0"},
				"south": {"uv": [7, 9.5, 7.25, 9.625], "texture": "#0"},
				"west": {"uv": [6.5, 7, 7.25, 7.125], "texture": "#0"},
				"up": {"uv": [5.75, 5.75, 5.5, 5], "texture": "#0"},
				"down": {"uv": [6.25, 0, 6, 0.75], "texture": "#0"}
			}
		},
		{
			"from": [10.2, 7.5, 9.5],
			"to": [10.5, 7.6, 10],
			"faces": {
				"north": {"uv": [8.5, 10, 8.625, 10.125], "texture": "#0"},
				"east": {"uv": [9.5, 7, 9.75, 7.125], "texture": "#0"},
				"south": {"uv": [10, 8.5, 10.125, 8.625], "texture": "#0"},
				"west": {"uv": [7.5, 9.5, 7.75, 9.625], "texture": "#0"},
				"up": {"uv": [9.625, 7.75, 9.5, 7.5], "texture": "#0"},
				"down": {"uv": [8.125, 9.5, 8, 9.75], "texture": "#0"}
			}
		},
		{
			"from": [11, 7.5, 7.3],
			"to": [11.3, 7.6, 8],
			"faces": {
				"north": {"uv": [9, 10, 9.125, 10.125], "texture": "#0"},
				"east": {"uv": [8.5, 7, 8.875, 7.125], "texture": "#0"},
				"south": {"uv": [10, 9, 10.125, 9.125], "texture": "#0"},
				"west": {"uv": [7.5, 8.5, 7.875, 8.625], "texture": "#0"},
				"up": {"uv": [8.625, 7.875, 8.5, 7.5], "texture": "#0"},
				"down": {"uv": [8.125, 8.5, 8, 8.875], "texture": "#0"}
			}
		},
		{
			"from": [6.7, 7.5, 7.3],
			"to": [7, 7.6, 8],
			"faces": {
				"north": {"uv": [9.5, 10, 9.625, 10.125], "texture": "#0"},
				"east": {"uv": [8.5, 8, 8.875, 8.125], "texture": "#0"},
				"south": {"uv": [10, 9.5, 10.125, 9.625], "texture": "#0"},
				"west": {"uv": [8.5, 8.5, 8.875, 8.625], "texture": "#0"},
				"up": {"uv": [9.125, 0.375, 9, 0], "texture": "#0"},
				"down": {"uv": [9.125, 0.5, 9, 0.875], "texture": "#0"}
			}
		},
		{
			"from": [6.7, 7.5, 9],
			"to": [7, 7.6, 9.7],
			"faces": {
				"north": {"uv": [10, 10, 10.125, 10.125], "texture": "#0"},
				"east": {"uv": [9, 1, 9.375, 1.125], "texture": "#0"},
				"south": {"uv": [10.5, 0, 10.625, 0.125], "texture": "#0"},
				"west": {"uv": [9, 1.5, 9.375, 1.625], "texture": "#0"},
				"up": {"uv": [2.125, 9.375, 2, 9], "texture": "#0"},
				"down": {"uv": [9.125, 2, 9, 2.375], "texture": "#0"}
			}
		},
		{
			"from": [11, 7.5, 9],
			"to": [11.3, 7.6, 9.7],
			"faces": {
				"north": {"uv": [10.5, 0.5, 10.625, 0.625], "texture": "#0"},
				"east": {"uv": [2.5, 9, 2.875, 9.125], "texture": "#0"},
				"south": {"uv": [10.5, 1, 10.625, 1.125], "texture": "#0"},
				"west": {"uv": [9, 2.5, 9.375, 2.625], "texture": "#0"},
				"up": {"uv": [3.125, 9.375, 3, 9], "texture": "#0"},
				"down": {"uv": [9.125, 3, 9, 3.375], "texture": "#0"}
			}
		},
		{
			"from": [11.2, 7.5, 8],
			"to": [11.5, 7.6, 9],
			"faces": {
				"north": {"uv": [10.5, 1.5, 10.625, 1.625], "texture": "#0"},
				"east": {"uv": [7.5, 3.5, 8, 3.625], "texture": "#0"},
				"south": {"uv": [2, 10.5, 2.125, 10.625], "texture": "#0"},
				"west": {"uv": [4, 7.5, 4.5, 7.625], "texture": "#0"},
				"up": {"uv": [7.625, 4.5, 7.5, 4], "texture": "#0"},
				"down": {"uv": [4.625, 7.5, 4.5, 8], "texture": "#0"}
			}
		},
		{
			"from": [10.1, 7.5, 8.25],
			"to": [11.1, 7.6, 8.75],
			"faces": {
				"north": {"uv": [7.5, 4.5, 8, 4.625], "texture": "#0"},
				"east": {"uv": [9.5, 8, 9.75, 8.125], "texture": "#0"},
				"south": {"uv": [5, 7.5, 5.5, 7.625], "texture": "#0"},
				"west": {"uv": [8.5, 9.5, 8.75, 9.625], "texture": "#0"},
				"up": {"uv": [2.5, 6.25, 2, 6], "texture": "#0"},
				"down": {"uv": [3, 6, 2.5, 6.25], "texture": "#0"}
			}
		},
		{
			"from": [6.9, 7.5, 8.25],
			"to": [7.9, 7.6, 8.75],
			"faces": {
				"north": {"uv": [7.5, 5, 8, 5.125], "texture": "#0"},
				"east": {"uv": [9.5, 8.5, 9.75, 8.625], "texture": "#0"},
				"south": {"uv": [5.5, 7.5, 6, 7.625], "texture": "#0"},
				"west": {"uv": [9, 9.5, 9.25, 9.625], "texture": "#0"},
				"up": {"uv": [4, 6.25, 3.5, 6], "texture": "#0"},
				"down": {"uv": [4.5, 6, 4, 6.25], "texture": "#0"}
			}
		},
		{
			"from": [6.5, 7.5, 8],
			"to": [6.8, 7.6, 9],
			"faces": {
				"north": {"uv": [10.5, 2, 10.625, 2.125], "texture": "#0"},
				"east": {"uv": [6, 7.5, 6.5, 7.625], "texture": "#0"},
				"south": {"uv": [2.5, 10.5, 2.625, 10.625], "texture": "#0"},
				"west": {"uv": [6.5, 7.5, 7, 7.625], "texture": "#0"},
				"up": {"uv": [7.625, 7, 7.5, 6.5], "texture": "#0"},
				"down": {"uv": [7.125, 7.5, 7, 8], "texture": "#0"}
			}
		},
		{
			"from": [8, 7.5, 6.5],
			"to": [10, 7.6, 6.8],
			"faces": {
				"north": {"uv": [4.5, 6, 5.5, 6.125], "texture": "#0"},
				"east": {"uv": [10.5, 2.5, 10.625, 2.625], "texture": "#0"},
				"south": {"uv": [6, 5, 7, 5.125], "texture": "#0"},
				"west": {"uv": [3, 10.5, 3.125, 10.625], "texture": "#0"},
				"up": {"uv": [6.5, 6.125, 5.5, 6], "texture": "#0"},
				"down": {"uv": [7, 5.5, 6, 5.625], "texture": "#0"}
			}
		},
		{
			"from": [8, 7.5, 10.2],
			"to": [10, 7.6, 10.5],
			"faces": {
				"north": {"uv": [6.5, 0, 7.5, 0.125], "texture": "#0"},
				"east": {"uv": [10.5, 3, 10.625, 3.125], "texture": "#0"},
				"south": {"uv": [6.5, 0.5, 7.5, 0.625], "texture": "#0"},
				"west": {"uv": [3.5, 10.5, 3.625, 10.625], "texture": "#0"},
				"up": {"uv": [7.5, 1.125, 6.5, 1], "texture": "#0"},
				"down": {"uv": [7.5, 1.5, 6.5, 1.625], "texture": "#0"}
			}
		},
		{
			"from": [10, 7.0001, 6.7],
			"to": [10.7, 7.5001, 7],
			"faces": {
				"north": {"uv": [7, 6.5, 7.375, 6.75], "texture": "#0"},
				"east": {"uv": [9.5, 9, 9.625, 9.25], "texture": "#0"},
				"south": {"uv": [7.5, 0, 7.875, 0.25], "texture": "#0"},
				"west": {"uv": [9.5, 9.5, 9.625, 9.75], "texture": "#0"},
				"up": {"uv": [3.875, 9.125, 3.5, 9], "texture": "#0"},
				"down": {"uv": [9.375, 3.5, 9, 3.625], "texture": "#0"}
			}
		},
		{
			"from": [6.7, 7.0001, 9],
			"to": [7, 7.5001, 9.7],
			"faces": {
				"north": {"uv": [10, 0, 10.125, 0.25], "texture": "#0"},
				"east": {"uv": [7.5, 0.5, 7.875, 0.75], "texture": "#0"},
				"south": {"uv": [10, 0.5, 10.125, 0.75], "texture": "#0"},
				"west": {"uv": [7.5, 1, 7.875, 1.25], "texture": "#0"},
				"up": {"uv": [4.125, 9.375, 4, 9], "texture": "#0"},
				"down": {"uv": [9.125, 4, 9, 4.375], "texture": "#0"}
			}
		},
		{
			"from": [11, 7.0001, 9],
			"to": [11.3, 7.5001, 9.7],
			"faces": {
				"north": {"uv": [10, 1, 10.125, 1.25], "texture": "#0"},
				"east": {"uv": [7.5, 1.5, 7.875, 1.75], "texture": "#0"},
				"south": {"uv": [10, 1.5, 10.125, 1.75], "texture": "#0"},
				"west": {"uv": [2, 7.5, 2.375, 7.75], "texture": "#0"},
				"up": {"uv": [4.625, 9.375, 4.5, 9], "texture": "#0"},
				"down": {"uv": [9.125, 4.5, 9, 4.875], "texture": "#0"}
			}
		},
		{
			"from": [11, 7.0001, 7.3],
			"to": [11.3, 7.5001, 8],
			"faces": {
				"north": {"uv": [2, 10, 2.125, 10.25], "texture": "#0"},
				"east": {"uv": [7.5, 2, 7.875, 2.25], "texture": "#0"},
				"south": {"uv": [10, 2, 10.125, 2.25], "texture": "#0"},
				"west": {"uv": [2.5, 7.5, 2.875, 7.75], "texture": "#0"},
				"up": {"uv": [5.125, 9.375, 5, 9], "texture": "#0"},
				"down": {"uv": [9.125, 5, 9, 5.375], "texture": "#0"}
			}
		},
		{
			"from": [6.7, 7.0001, 7.3],
			"to": [7, 7.5001, 8],
			"faces": {
				"north": {"uv": [2.5, 10, 2.625, 10.25], "texture": "#0"},
				"east": {"uv": [7.5, 2.5, 7.875, 2.75], "texture": "#0"},
				"south": {"uv": [10, 2.5, 10.125, 2.75], "texture": "#0"},
				"west": {"uv": [3.5, 7.5, 3.875, 7.75], "texture": "#0"},
				"up": {"uv": [5.625, 9.375, 5.5, 9], "texture": "#0"},
				"down": {"uv": [9.125, 5.5, 9, 5.875], "texture": "#0"}
			}
		},
		{
			"from": [7.5, 7.0001, 9],
			"to": [8, 7.5001, 10],
			"faces": {
				"north": {"uv": [7.5, 7, 7.75, 7.25], "texture": "#0"},
				"east": {"uv": [2, 6.5, 2.5, 6.75], "texture": "#0"},
				"south": {"uv": [7.5, 7.5, 7.75, 7.75], "texture": "#0"},
				"west": {"uv": [2.5, 6.5, 3, 6.75], "texture": "#0"},
				"up": {"uv": [3.75, 7, 3.5, 6.5], "texture": "#0"},
				"down": {"uv": [4.25, 6.5, 4, 7], "texture": "#0"}
			}
		},
		{
			"from": [10, 7.0001, 9],
			"to": [10.5, 7.5001, 10],
			"faces": {
				"north": {"uv": [8, 0, 8.25, 0.25], "texture": "#0"},
				"east": {"uv": [6.5, 4, 7, 4.25], "texture": "#0"},
				"south": {"uv": [8, 0.5, 8.25, 0.75], "texture": "#0"},
				"west": {"uv": [4.5, 6.5, 5, 6.75], "texture": "#0"},
				"up": {"uv": [6.75, 5, 6.5, 4.5], "texture": "#0"},
				"down": {"uv": [5.25, 6.5, 5, 7], "texture": "#0"}
			}
		},
		{
			"from": [7.5, 7.0001, 7],
			"to": [8, 7.5001, 8],
			"faces": {
				"north": {"uv": [8, 1, 8.25, 1.25], "texture": "#0"},
				"east": {"uv": [5.5, 6.5, 6, 6.75], "texture": "#0"},
				"south": {"uv": [8, 1.5, 8.25, 1.75], "texture": "#0"},
				"west": {"uv": [6, 6.5, 6.5, 6.75], "texture": "#0"},
				"up": {"uv": [6.75, 6.5, 6.5, 6], "texture": "#0"},
				"down": {"uv": [6.75, 6.5, 6.5, 7], "texture": "#0"}
			}
		},
		{
			"from": [10, 7.0001, 7],
			"to": [10.5, 7.5001, 8],
			"faces": {
				"north": {"uv": [2, 8, 2.25, 8.25], "texture": "#0"},
				"east": {"uv": [2, 7, 2.5, 7.25], "texture": "#0"},
				"south": {"uv": [8, 2, 8.25, 2.25], "texture": "#0"},
				"west": {"uv": [7, 2, 7.5, 2.25], "texture": "#0"},
				"up": {"uv": [2.75, 7.5, 2.5, 7], "texture": "#0"},
				"down": {"uv": [7.25, 2.5, 7, 3], "texture": "#0"}
			}
		},
		{
			"from": [7, 7.0001, 9],
			"to": [7.5, 7.5001, 9.5],
			"faces": {
				"north": {"uv": [2.5, 8, 2.75, 8.25], "texture": "#0"},
				"east": {"uv": [8, 2.5, 8.25, 2.75], "texture": "#0"},
				"south": {"uv": [3, 8, 3.25, 8.25], "texture": "#0"},
				"west": {"uv": [8, 3, 8.25, 3.25], "texture": "#0"},
				"up": {"uv": [3.75, 8.25, 3.5, 8], "texture": "#0"},
				"down": {"uv": [8.25, 3.5, 8, 3.75], "texture": "#0"}
			}
		},
		{
			"from": [10.5, 7.0001, 9],
			"to": [11, 7.5001, 9.5],
			"faces": {
				"north": {"uv": [4, 8, 4.25, 8.25], "texture": "#0"},
				"east": {"uv": [8, 4, 8.25, 4.25], "texture": "#0"},
				"south": {"uv": [4.5, 8, 4.75, 8.25], "texture": "#0"},
				"west": {"uv": [8, 4.5, 8.25, 4.75], "texture": "#0"},
				"up": {"uv": [5.25, 8.25, 5, 8], "texture": "#0"},
				"down": {"uv": [8.25, 5, 8, 5.25], "texture": "#0"}
			}
		},
		{
			"from": [7, 7.0001, 7.5],
			"to": [7.5, 7.5001, 8],
			"faces": {
				"north": {"uv": [5.5, 8, 5.75, 8.25], "texture": "#0"},
				"east": {"uv": [8, 5.5, 8.25, 5.75], "texture": "#0"},
				"south": {"uv": [6, 8, 6.25, 8.25], "texture": "#0"},
				"west": {"uv": [8, 6, 8.25, 6.25], "texture": "#0"},
				"up": {"uv": [6.75, 8.25, 6.5, 8], "texture": "#0"},
				"down": {"uv": [8.25, 6.5, 8, 6.75], "texture": "#0"}
			}
		},
		{
			"from": [10.5, 7.0001, 7.5],
			"to": [11, 7.5001, 8],
			"faces": {
				"north": {"uv": [7, 8, 7.25, 8.25], "texture": "#0"},
				"east": {"uv": [8, 7, 8.25, 7.25], "texture": "#0"},
				"south": {"uv": [7.5, 8, 7.75, 8.25], "texture": "#0"},
				"west": {"uv": [8, 7.5, 8.25, 7.75], "texture": "#0"},
				"up": {"uv": [8.25, 8.25, 8, 8], "texture": "#0"},
				"down": {"uv": [8.75, 0, 8.5, 0.25], "texture": "#0"}
			}
		},
		{
			"from": [8, 7.5, 8.4],
			"to": [10, 8.5, 8.6],
			"faces": {
				"north": {"uv": [5, 0, 6, 0.5], "texture": "#0"},
				"east": {"uv": [8.5, 0.5, 8.625, 1], "texture": "#0"},
				"south": {"uv": [5, 0.5, 6, 1], "texture": "#0"},
				"west": {"uv": [8.5, 1, 8.625, 1.5], "texture": "#0"},
				"up": {"uv": [8, 3.125, 7, 3], "texture": "#0"},
				"down": {"uv": [4.5, 7, 3.5, 7.125], "texture": "#0"}
			}
		},
		{
			"from": [9, 7, 8.5],
			"to": [10, 30, 8.5],
			"faces": {
				"north": {"uv": [1, 0, 1.5, 11.5], "texture": "#0"},
				"east": {"uv": [0, 0, 0, 11.5], "texture": "#0"},
				"south": {"uv": [1.5, 0, 2, 11.5], "texture": "#0"},
				"west": {"uv": [0, 0, 0, 11.5], "texture": "#0"},
				"up": {"uv": [0.5, 0, 0, 0], "texture": "#0"},
				"down": {"uv": [0.5, 0, 0, 0], "texture": "#0"}
			}
		},
		{
			"from": [8, 7, 8.5],
			"to": [9, 31, 8.5],
			"faces": {
				"north": {"uv": [0, 0, 0.5, 12], "texture": "#0"},
				"east": {"uv": [0, 0, 0, 12], "texture": "#0"},
				"south": {"uv": [0.5, 0, 1, 12], "texture": "#0"},
				"west": {"uv": [0, 0, 0, 12], "texture": "#0"},
				"up": {"uv": [0.5, 0, 0, 0], "texture": "#0"},
				"down": {"uv": [0.5, 0, 0, 0], "texture": "#0"}
			}
		},
		{
			"from": [8, -1, 8],
			"to": [10, 7, 9],
			"faces": {
				"north": {"uv": [2, 0, 3, 4], "texture": "#0"},
				"east": {"uv": [4, 2, 4.5, 6], "texture": "#0"},
				"south": {"uv": [3, 0, 4, 4], "texture": "#0"},
				"west": {"uv": [3, 4, 3.5, 8], "texture": "#0"},
				"up": {"uv": [6, 1.5, 5, 1], "texture": "#0"},
				"down": {"uv": [6, 1.5, 5, 2], "texture": "#0"}
			}
		}
	],
	"display": {
		"thirdperson_righthand": {
			"rotation": [0, 90, 0],
			"translation": [-0.75, 1.25, 2.5],
			"scale": [0.8, 1, 0.8]
		},
		"thirdperson_lefthand": {
			"rotation": [0, -90, 0],
			"translation": [0.25, 1.5, 2.5],
			"scale": [0.8, 1, 0.8]
		},
		"firstperson_righthand": {
			"rotation": [0, 90, 0],
			"translation": [4.25, 2, 0.75],
			"scale": [0.65, 0.65, 0.65]
		},
		"firstperson_lefthand": {
			"rotation": [0, -90, 0],
			"translation": [5.75, 0.25, 0],
			"scale": [0.65, 0.65, 0.65]
		},
		"ground": {
			"translation": [0, 2.75, 0],
			"scale": [0.65, 0.65, 0.65]
		},
		"gui": {
			"rotation": [0, 0, -45],
			"translation": [-3.25, -2.5, -1],
			"scale": [0.65, 0.65, 0.65]
		},
		"fixed": {
			"rotation": [0, 0, 45],
			"translation": [2, -2.5, -1],
			"scale": [0.65, 0.65, 0.65]
		}
	},
	"groups": [
		{
			"name": "group",
			"origin": [0, 0, 0],
			"color": 0,
			"children": [0, 1, 2, 3, 4, 5, 6, 7, 8, 9, 10, 11, 12, 13, 14, 15, 16, 17, 18, 19, 20, 21, 22, 23, 24, 25, 26, 27, 28, 29, 30, 31, 32, 33, 34, 35, 36, 37, 38, 39, 40, 41, 42, 43, 44, 45]
		}
	],
	"overrides":
	[
		{
			"predicate": 
			{
				"haki": 1
			},
			"model": "mineminenomi:item/nidai_kitetsu_haki"
		},{
			"predicate": 
			{
				"sheathed": 1
			},
			"model": "mineminenomi:item/nidai_kitetsu_sheathed"
		}
	]
}