{
	"credit": "Made with Blockbench",
	"texture_size": [32, 32],
	"textures": {
		"0": "item/pipe",
		"particle": "pipe"
	},
	"elements": [
		{
			"from": [8, 1, 8],
			"to": [9, 19, 9],
			"faces": {
				"north": {"uv": [0, 0, 0.5, 9], "texture": "#0"},
				"east": {"uv": [0.5, 0, 1, 9], "texture": "#0"},
				"south": {"uv": [1, 0, 1.5, 9], "texture": "#0"},
				"west": {"uv": [1.5, 0, 2, 9], "texture": "#0"},
				"up": {"uv": [3.5, 2.5, 3, 2], "texture": "#0"},
				"down": {"uv": [3.5, 2.5, 3, 3], "texture": "#0"}
			}
		},
		{
			"from": [9.1, 21.9, 7.9],
			"to": [11.6, 23.1, 9.1],
			"faces": {
				"north": {"uv": [3, 0, 4.5, 0.5], "texture": "#0"},
				"east": {"uv": [3, 3, 3.5, 3.5], "texture": "#0"},
				"south": {"uv": [3, 0.5, 4.5, 1], "texture": "#0"},
				"west": {"uv": [3.5, 2, 4, 2.5], "texture": "#0"},
				"up": {"uv": [4.5, 1.5, 3, 1], "texture": "#0"},
				"down": {"uv": [4.5, 1.5, 3, 2], "texture": "#0"}
			}
		},
		{
			"from": [7.9, 17, 7.9],
			"to": [9.1, 17.8, 9.1],
			"faces": {
				"north": {"uv": [3.5, 2.5, 4, 3], "texture": "#0"},
				"east": {"uv": [3, 3.5, 3.5, 4], "texture": "#0"},
				"south": {"uv": [3.5, 3, 4, 3.5], "texture": "#0"},
				"west": {"uv": [3.5, 3.5, 4, 4], "texture": "#0"},
				"up": {"uv": [2.5, 4.5, 2, 4], "texture": "#0"},
				"down": {"uv": [4.5, 2, 4, 2.5], "texture": "#0"}
			}
		},
		{
			"from": [7.9, 19, 7.9],
			"to": [9.1, 23.1, 9.1],
			"faces": {
				"north": {"uv": [2, 0, 2.5, 2], "texture": "#0"},
				"east": {"uv": [2, 2, 2.5, 4], "texture": "#0"},
				"south": {"uv": [2.5, 0, 3, 2], "texture": "#0"},
				"west": {"uv": [2.5, 2, 3, 4], "texture": "#0"},
				"up": {"uv": [3, 4.5, 2.5, 4], "texture": "#0"},
				"down": {"uv": [4.5, 2.5, 4, 3], "texture": "#0"}
			}
		}
	],
	"display": {
		"thirdperson_righthand": {
			"rotation": [0, 90, 0],
			"translation": [-0.75, 0, 1.75]
		},
		"thirdperson_lefthand": {
			"rotation": [0, -90, 0],
			"translation": [0, 0, 2]
		},
		"firstperson_righthand": {
			"rotation": [0, 90, 0],
			"translation": [4.5, 1.25, 0]
		},
		"firstperson_lefthand": {
			"rotation": [0, -90, 0],
			"translation": [5.5, 1.5, 0]
		},
		"ground": {
			"translation": [0, 1.5, 0],
			"scale": [0.7, 0.7, 0.7]
		},
		"gui": {
			"rotation": [0, 0, -45],
			"translation": [-3.5, -2.25, 0],
			"scale": [0.9, 0.9, 0.9]
		},
		"fixed": {
			"rotation": [0, 0, 45],
			"translation": [2.25, -3.25, -1]
		}
	},
	"groups": [
		{
			"name": "group",
			"origin": [0, 0, 0],
			"color": 0,
			"children": [0, 1, 2, 3]
		}
	],
	"overrides":
	[
		{
			"predicate": 
			{
				"haki": 1
			},
			"model": "mineminenomi:item/pipe_haki"
		}
	]
}