{
	"credit": "Made with Blockbench",
	"texture_size": [32, 32],
	"textures": {
		"0": "item/shusui_haki",
		"particle": "item/shusui_haki"
	},
	"elements": [
		{
			"from": [6.5, 7, 7.9],
			"to": [11.5, 7.5, 9.1],
			"faces": {
				"north": {"uv": [4.5, 1, 7, 1.25], "texture": "#0"},
				"east": {"uv": [5, 6, 5.625, 6.25], "texture": "#0"},
				"south": {"uv": [4.5, 1.5, 7, 1.75], "texture": "#0"},
				"west": {"uv": [6, 5.5, 6.625, 5.75], "texture": "#0"},
				"up": {"uv": [5, 4.625, 2.5, 4], "texture": "#0"},
				"down": {"uv": [7, 0, 4.5, 0.625], "texture": "#0"}
			}
		},
		{
			"from": [8, 7.5, 8.4],
			"to": [10, 8.5, 8.6],
			"faces": {
				"north": {"uv": [4.5, 2, 5.5, 2.5], "texture": "#0"},
				"east": {"uv": [7, 2.5, 7.125, 3], "texture": "#0"},
				"south": {"uv": [4.5, 2.5, 5.5, 3], "texture": "#0"},
				"west": {"uv": [3, 7, 3.125, 7.5], "texture": "#0"},
				"up": {"uv": [7, 6.125, 6, 6], "texture": "#0"},
				"down": {"uv": [7.5, 2, 6.5, 2.125], "texture": "#0"}
			}
		},
		{
			"from": [7.2, 7, 7],
			"to": [8.2, 7.5, 8],
			"faces": {
				"north": {"uv": [2.5, 6.5, 3, 6.75], "texture": "#0"},
				"east": {"uv": [6.5, 2.5, 7, 2.75], "texture": "#0"},
				"south": {"uv": [3, 6.5, 3.5, 6.75], "texture": "#0"},
				"west": {"uv": [6.5, 3, 7, 3.25], "texture": "#0"},
				"up": {"uv": [6, 3.5, 5.5, 3], "texture": "#0"},
				"down": {"uv": [4, 5.5, 3.5, 6], "texture": "#0"}
			}
		},
		{
			"from": [8, 7, 6.2],
			"to": [10, 7.5, 7.2],
			"faces": {
				"north": {"uv": [5.5, 3.5, 6.5, 3.75], "texture": "#0"},
				"east": {"uv": [3.5, 6.5, 4, 6.75], "texture": "#0"},
				"south": {"uv": [4, 5.5, 5, 5.75], "texture": "#0"},
				"west": {"uv": [6.5, 3.5, 7, 3.75], "texture": "#0"},
				"up": {"uv": [5.5, 3.5, 4.5, 3], "texture": "#0"},
				"down": {"uv": [5.5, 3.5, 4.5, 4], "texture": "#0"}
			}
		},
		{
			"from": [8, 7, 9.8],
			"to": [10, 7.5, 10.8],
			"faces": {
				"north": {"uv": [5, 5.5, 6, 5.75], "texture": "#0"},
				"east": {"uv": [4, 6.5, 4.5, 6.75], "texture": "#0"},
				"south": {"uv": [5.5, 5, 6.5, 5.25], "texture": "#0"},
				"west": {"uv": [6.5, 4, 7, 4.25], "texture": "#0"},
				"up": {"uv": [3.5, 5.5, 2.5, 5], "texture": "#0"},
				"down": {"uv": [4.5, 5, 3.5, 5.5], "texture": "#0"}
			}
		},
		{
			"from": [9.8, 7, 7],
			"to": [10.8, 7.5, 8],
			"faces": {
				"north": {"uv": [4.5, 6.5, 5, 6.75], "texture": "#0"},
				"east": {"uv": [6.5, 4.5, 7, 4.75], "texture": "#0"},
				"south": {"uv": [5, 6.5, 5.5, 6.75], "texture": "#0"},
				"west": {"uv": [6.5, 5, 7, 5.25], "texture": "#0"},
				"up": {"uv": [3, 6.5, 2.5, 6], "texture": "#0"},
				"down": {"uv": [3.5, 6, 3, 6.5], "texture": "#0"}
			}
		},
		{
			"from": [9.8, 7, 9],
			"to": [10.8, 7.5, 10],
			"faces": {
				"north": {"uv": [5.5, 6.5, 6, 6.75], "texture": "#0"},
				"east": {"uv": [6, 6.5, 6.5, 6.75], "texture": "#0"},
				"south": {"uv": [6.5, 6.5, 7, 6.75], "texture": "#0"},
				"west": {"uv": [7, 0, 7.5, 0.25], "texture": "#0"},
				"up": {"uv": [6.5, 3.5, 6, 3], "texture": "#0"},
				"down": {"uv": [4, 6, 3.5, 6.5], "texture": "#0"}
			}
		},
		{
			"from": [7.2, 7, 9],
			"to": [8.2, 7.5, 10],
			"faces": {
				"north": {"uv": [7, 0.5, 7.5, 0.75], "texture": "#0"},
				"east": {"uv": [7, 1, 7.5, 1.25], "texture": "#0"},
				"south": {"uv": [7, 1.5, 7.5, 1.75], "texture": "#0"},
				"west": {"uv": [2.5, 7, 3, 7.25], "texture": "#0"},
				"up": {"uv": [4.5, 6.5, 4, 6], "texture": "#0"},
				"down": {"uv": [6.5, 4, 6, 4.5], "texture": "#0"}
			}
		},
		{
			"from": [9, 7, 8.5],
			"to": [10, 30, 8.5],
			"faces": {
				"north": {"uv": [1, 0, 1.5, 11.5], "texture": "#0"},
				"east": {"uv": [0, 0, 0, 11.5], "texture": "#0"},
				"south": {"uv": [1.5, 0, 2, 11.5], "texture": "#0"},
				"west": {"uv": [0, 0, 0, 11.5], "texture": "#0"},
				"up": {"uv": [0.5, 0, 0, 0], "texture": "#0"},
				"down": {"uv": [0.5, 0, 0, 0], "texture": "#0"}
			}
		},
		{
			"from": [8, 7, 8.5],
			"to": [9, 31, 8.5],
			"faces": {
				"north": {"uv": [0, 0, 0.5, 12.5], "texture": "#0"},
				"east": {"uv": [0, 0, 0, 12.5], "texture": "#0"},
				"south": {"uv": [0.5, 0, 1, 12.5], "texture": "#0"},
				"west": {"uv": [0, 0, 0, 12.5], "texture": "#0"},
				"up": {"uv": [0.5, 0, 0, 0], "texture": "#0"},
				"down": {"uv": [0.5, 0, 0, 0], "texture": "#0"}
			}
		},
		{
			"from": [8, -1, 8],
			"to": [10, 7, 9],
			"faces": {
				"north": {"uv": [2, 0, 3, 4], "texture": "#0"},
				"east": {"uv": [4, 0, 4.5, 4], "texture": "#0"},
				"south": {"uv": [3, 0, 4, 4], "texture": "#0"},
				"west": {"uv": [2, 4, 2.5, 8], "texture": "#0"},
				"up": {"uv": [6, 4.5, 5, 4], "texture": "#0"},
				"down": {"uv": [5.5, 5, 4.5, 5.5], "texture": "#0"}
			}
		},
		{
			"from": [8, -1.8, 8.1],
			"to": [9.8, -1, 8.9],
			"faces": {
				"north": {"uv": [5, 4.5, 6, 5], "texture": "#0"},
				"east": {"uv": [4.5, 6, 5, 6.5], "texture": "#0"},
				"south": {"uv": [5.5, 2, 6.5, 2.5], "texture": "#0"},
				"west": {"uv": [6, 4.5, 6.5, 5], "texture": "#0"},
				"up": {"uv": [3.5, 6, 2.5, 5.5], "texture": "#0"},
				"down": {"uv": [6.5, 2.5, 5.5, 3], "texture": "#0"}
			}
		}
	],
	"display": {
		"thirdperson_righthand": {
			"rotation": [0, 90, 0],
			"translation": [-0.75, 1.25, 2.5],
			"scale": [0.8, 1.0, 0.8]
		},
		"thirdperson_lefthand": {
			"rotation": [0, -90, 0],
			"translation": [0.25, 1.5, 2.5],
			"scale": [0.8, 1.0, 0.8]
		},
		"firstperson_righthand": {
			"rotation": [0, 90, 0],
			"translation": [4.25, 2, 0.75],
			"scale": [0.65, 0.65, 0.65]
		},
		"firstperson_lefthand": {
			"rotation": [0, -90, 0],
			"translation": [5.75, 0.25, 0],
			"scale": [0.65, 0.65, 0.65]
		},
		"ground": {
			"translation": [0, 2.75, 0],
			"scale": [0.65, 0.65, 0.65]
		},
		"gui": {
			"rotation": [0, 0, -45],
			"translation": [-3.25, -2.5, -1],
			"scale": [0.65, 0.65, 0.65]
		},
		"fixed": {
			"rotation": [0, 0, 45],
			"translation": [2, -2.5, -1],
			"scale": [0.65, 0.65, 0.65]
		}
	},
	"groups": [
		{
			"name": "group",
			"origin": [0, 0, 0],
			"color": 0,
			"children": [0, 1, 2, 3, 4, 5, 6, 7, 8, 9, 10, 11]
		}
	]
}