{
	"credit": "Made with Blockbench",
	"texture_size": [32, 32],
	"textures": {
		"0": "item/soul_solid_haki",
		"particle": "item/soul_solid"
	},
	"elements": [
		{
			"from": [6, 2.5, 8],
			"to": [8, 3.5, 9],
			"faces": {
				"north": {"uv": [4.5, 0, 5.5, 0.5], "texture": "#0"},
				"east": {"uv": [1.5, 5, 2, 5.5], "texture": "#0"},
				"south": {"uv": [4.5, 0.5, 5.5, 1], "texture": "#0"},
				"west": {"uv": [2, 5, 2.5, 5.5], "texture": "#0"},
				"up": {"uv": [5.5, 1.5, 4.5, 1], "texture": "#0"},
				"down": {"uv": [5.5, 1.5, 4.5, 2], "texture": "#0"}
			}
		},
		{
			"from": [7.5, 3, 8],
			"to": [8.5, 4, 9],
			"faces": {
				"north": {"uv": [5, 2, 5.5, 2.5], "texture": "#0"},
				"east": {"uv": [2.5, 5, 3, 5.5], "texture": "#0"},
				"south": {"uv": [5, 2.5, 5.5, 3], "texture": "#0"},
				"west": {"uv": [3, 5, 3.5, 5.5], "texture": "#0"},
				"up": {"uv": [5.5, 3.5, 5, 3], "texture": "#0"},
				"down": {"uv": [5.5, 3.5, 5, 4], "texture": "#0"}
			}
		},
		{
			"from": [8, 4, 8],
			"to": [9, 8, 9],
			"faces": {
				"north": {"uv": [1.5, 3, 2, 5], "texture": "#0"},
				"east": {"uv": [2, 3, 2.5, 5], "texture": "#0"},
				"south": {"uv": [2.5, 3, 3, 5], "texture": "#0"},
				"west": {"uv": [3, 3, 3.5, 5], "texture": "#0"},
				"up": {"uv": [5, 5.5, 4.5, 5], "texture": "#0"},
				"down": {"uv": [5.5, 5, 5, 5.5], "texture": "#0"}
			}
		},
		{
			"from": [5, 3.5, 8],
			"to": [6, 9, 9],
			"faces": {
				"north": {"uv": [1, 0, 1.5, 2.75], "texture": "#0"},
				"east": {"uv": [1.5, 0, 2, 2.75], "texture": "#0"},
				"south": {"uv": [2, 0, 2.5, 2.75], "texture": "#0"},
				"west": {"uv": [2.5, 0, 3, 2.75], "texture": "#0"},
				"up": {"uv": [6, 0.5, 5.5, 0], "texture": "#0"},
				"down": {"uv": [6, 0.5, 5.5, 1], "texture": "#0"}
			}
		},
		{
			"from": [5.5, 3, 8],
			"to": [6.5, 4, 9],
			"faces": {
				"north": {"uv": [5.5, 1, 6, 1.5], "texture": "#0"},
				"east": {"uv": [1.5, 5.5, 2, 6], "texture": "#0"},
				"south": {"uv": [5.5, 1.5, 6, 2], "texture": "#0"},
				"west": {"uv": [2, 5.5, 2.5, 6], "texture": "#0"},
				"up": {"uv": [6, 2.5, 5.5, 2], "texture": "#0"},
				"down": {"uv": [3, 5.5, 2.5, 6], "texture": "#0"}
			}
		},
		{
			"from": [5, 9, 8.5],
			"to": [6, 26, 8.5],
			"faces": {
				"north": {"uv": [0, 0, 0.5, 8.5], "texture": "#0"},
				"east": {"uv": [0, 0, 0, 8.5], "texture": "#0"},
				"south": {"uv": [0.5, 0, 1, 8.5], "texture": "#0"},
				"west": {"uv": [0, 0, 0, 8.5], "texture": "#0"},
				"up": {"uv": [0.5, 0, 0, 0], "texture": "#0"},
				"down": {"uv": [0.5, 0, 0, 0], "texture": "#0"}
			}
		},
		{
			"from": [4.95, 9.1, 8.4],
			"to": [6.05, 9.7, 8.6],
			"faces": {
				"north": {"uv": [5.5, 4.5, 6, 4.75], "texture": "#0"},
				"east": {"uv": [4.5, 6, 4.75, 6.25], "texture": "#0"},
				"south": {"uv": [5.5, 5, 6, 5.25], "texture": "#0"},
				"west": {"uv": [6, 4.5, 6.25, 4.75], "texture": "#0"},
				"up": {"uv": [6, 5.75, 5.5, 5.5], "texture": "#0"},
				"down": {"uv": [6.5, 0, 6, 0.25], "texture": "#0"}
			}
		},
		{
			"from": [7.9, 3.9, 8.25],
			"to": [9.1, 8.1, 8.75],
			"faces": {
				"north": {"uv": [3.5, 0, 4, 2], "texture": "#0"},
				"east": {"uv": [3.5, 4, 3.75, 6], "texture": "#0"},
				"south": {"uv": [3.5, 2, 4, 4], "texture": "#0"},
				"west": {"uv": [4.5, 2, 4.75, 4], "texture": "#0"},
				"up": {"uv": [6.5, 0.75, 6, 0.5], "texture": "#0"},
				"down": {"uv": [1.5, 6, 1, 6.25], "texture": "#0"}
			}
		},
		{
			"from": [7.4, 2.9, 8.25],
			"to": [8.6, 4.1, 8.75],
			"faces": {
				"north": {"uv": [5.5, 2.5, 6, 3], "texture": "#0"},
				"east": {"uv": [6, 1, 6.25, 1.5], "texture": "#0"},
				"south": {"uv": [3, 5.5, 3.5, 6], "texture": "#0"},
				"west": {"uv": [1.5, 6, 1.75, 6.5], "texture": "#0"},
				"up": {"uv": [6.5, 1.75, 6, 1.5], "texture": "#0"},
				"down": {"uv": [2.5, 6, 2, 6.25], "texture": "#0"}
			}
		},
		{
			"from": [5.4, 2.9, 8.25],
			"to": [6.6, 4.1, 8.75],
			"faces": {
				"north": {"uv": [5.5, 3, 6, 3.5], "texture": "#0"},
				"east": {"uv": [6, 2, 6.25, 2.5], "texture": "#0"},
				"south": {"uv": [5.5, 3.5, 6, 4], "texture": "#0"},
				"west": {"uv": [2.5, 6, 2.75, 6.5], "texture": "#0"},
				"up": {"uv": [6.5, 2.75, 6, 2.5], "texture": "#0"},
				"down": {"uv": [3.5, 6, 3, 6.25], "texture": "#0"}
			}
		},
		{
			"from": [5.9, 2.4, 8.25],
			"to": [8.1, 3.6, 8.75],
			"faces": {
				"north": {"uv": [4.5, 4, 5.5, 4.5], "texture": "#0"},
				"east": {"uv": [6, 3, 6.25, 3.5], "texture": "#0"},
				"south": {"uv": [4.5, 4.5, 5.5, 5], "texture": "#0"},
				"west": {"uv": [3.5, 6, 3.75, 6.5], "texture": "#0"},
				"up": {"uv": [6.5, 4.25, 5.5, 4], "texture": "#0"},
				"down": {"uv": [5.5, 5.5, 4.5, 5.75], "texture": "#0"}
			}
		},
		{
			"from": [4.9, 3.4, 8.25],
			"to": [6.1, 9.1, 8.75],
			"faces": {
				"north": {"uv": [3, 0, 3.5, 2.75], "texture": "#0"},
				"east": {"uv": [4, 0, 4.25, 2.75], "texture": "#0"},
				"south": {"uv": [1, 3, 1.5, 5.75], "texture": "#0"},
				"west": {"uv": [4, 3, 4.25, 5.75], "texture": "#0"},
				"up": {"uv": [6.5, 3.75, 6, 3.5], "texture": "#0"},
				"down": {"uv": [4.5, 6, 4, 6.25], "texture": "#0"}
			}
		}
	],
	"display": {
		"thirdperson_righthand": {
			"rotation": [0, 90, 0],
			"translation": [-1, 0, -1]
		},
		"thirdperson_lefthand": {
			"rotation": [0, -90, 0],
			"translation": [0, 0, -1]
		},
		"firstperson_righthand": {
			"rotation": [0, 74, 0],
			"translation": [2.75, 2, 0],
			"scale": [0.75, 0.75, 0.75]
		},
		"firstperson_lefthand": {
			"rotation": [0, -98, 0],
			"translation": [3.25, 2, 0],
			"scale": [0.75, 0.75, 0.75]
		},
		"ground": {
			"scale": [0.75, 0.75, 0.75]
		},
		"gui": {
			"rotation": [0, 0, -45],
			"translation": [-3.25, -4.75, 0],
			"scale": [0.85, 0.85, 0.85]
		},
		"fixed": {
			"rotation": [0, 0, 45],
			"translation": [4.75, -2.5, -0.75],
			"scale": [0.95, 0.95, 0.95]
		}
	},
	"groups": [
		{
			"name": "group",
			"origin": [8, 8, 8],
			"color": 0,
			"children": [0, 1, 2, 3, 4, 5, 6, 7, 8, 9, 10, 11]
		}
	]
}