{
	"credit": "Made with Blockbench",
	"texture_size": [32, 32],
	"textures": {
		"0": "item/wado_ichimonji",
		"1": "item/wado_ichimonji_sheathed",
		"particle": "item/wado_ichimonji"
	},
	"elements": [
		{
			"from": [6.5, 7, 8],
			"to": [11.5, 7.5, 9],
			"faces": {
				"north": {"uv": [2.5, 4.5, 5, 4.75], "texture": "#0"},
				"east": {"uv": [5, 6.5, 5.5, 6.75], "texture": "#0"},
				"south": {"uv": [4.5, 2.5, 7, 2.75], "texture": "#0"},
				"west": {"uv": [6.5, 5, 7, 5.25], "texture": "#0"},
				"up": {"uv": [5, 4.5, 2.5, 4], "texture": "#0"},
				"down": {"uv": [7, 0, 4.5, 0.5], "texture": "#0"}
			}
		},
		{
			"from": [8, 7.5, 8.4],
			"to": [10, 8.5, 8.6],
			"faces": {
				"north": {"uv": [4.5, 3, 5.5, 3.5], "texture": "#0"},
				"east": {"uv": [7, 2.5, 7.125, 3], "texture": "#0"},
				"south": {"uv": [4.5, 3.5, 5.5, 4], "texture": "#0"},
				"west": {"uv": [3, 7, 3.125, 7.5], "texture": "#0"},
				"up": {"uv": [6.5, 6.625, 5.5, 6.5], "texture": "#0"},
				"down": {"uv": [7.5, 5.5, 6.5, 5.625], "texture": "#0"}
			}
		},
		{
			"from": [7.2, 7, 7],
			"to": [10.9, 7.5, 8],
			"faces": {
				"north": {"uv": [5, 4, 6.875, 4.25], "texture": "#0"},
				"east": {"uv": [6.5, 6, 7, 6.25], "texture": "#0"},
				"south": {"uv": [4.5, 5, 6.375, 5.25], "texture": "#0"},
				"west": {"uv": [6.5, 6.5, 7, 6.75], "texture": "#0"},
				"up": {"uv": [6.375, 1, 4.5, 0.5], "texture": "#0"},
				"down": {"uv": [6.375, 1, 4.5, 1.5], "texture": "#0"}
			}
		},
		{
			"from": [7.2, 7, 9],
			"to": [10.9, 7.5, 10],
			"faces": {
				"north": {"uv": [5, 4.5, 6.875, 4.75], "texture": "#0"},
				"east": {"uv": [7, 0, 7.5, 0.25], "texture": "#0"},
				"south": {"uv": [2.5, 5.5, 4.375, 5.75], "texture": "#0"},
				"west": {"uv": [2.5, 7, 3, 7.25], "texture": "#0"},
				"up": {"uv": [6.375, 2, 4.5, 1.5], "texture": "#0"},
				"down": {"uv": [6.375, 2, 4.5, 2.5], "texture": "#0"}
			}
		},
		{
			"from": [7.2, 7.5, 9.8],
			"to": [10.9, 7.6, 10],
			"faces": {
				"north": {"uv": [2.5, 6, 4.375, 6.125], "texture": "#0"},
				"east": {"uv": [3.5, 8, 3.625, 8.125], "texture": "#0"},
				"south": {"uv": [4.5, 6, 6.375, 6.125], "texture": "#0"},
				"west": {"uv": [8, 3.5, 8.125, 3.625], "texture": "#0"},
				"up": {"uv": [8.375, 0.625, 6.5, 0.5], "texture": "#0"},
				"down": {"uv": [8.375, 1, 6.5, 1.125], "texture": "#0"}
			}
		},
		{
			"from": [7.2, 7.5, 7],
			"to": [10.9, 7.6, 7.2],
			"faces": {
				"north": {"uv": [6.5, 1.5, 8.375, 1.625], "texture": "#0"},
				"east": {"uv": [4, 8, 4.125, 8.125], "texture": "#0"},
				"south": {"uv": [6.5, 2, 8.375, 2.125], "texture": "#0"},
				"west": {"uv": [8, 4, 8.125, 4.125], "texture": "#0"},
				"up": {"uv": [4.375, 6.625, 2.5, 6.5], "texture": "#0"},
				"down": {"uv": [8.375, 3, 6.5, 3.125], "texture": "#0"}
			}
		},
		{
			"from": [7.2, 7.5, 8.9],
			"to": [7.4, 7.6, 9.9],
			"faces": {
				"north": {"uv": [4.5, 8, 4.625, 8.125], "texture": "#0"},
				"east": {"uv": [3.5, 7, 4, 7.125], "texture": "#0"},
				"south": {"uv": [8, 4.5, 8.125, 4.625], "texture": "#0"},
				"west": {"uv": [7, 3.5, 7.5, 3.625], "texture": "#0"},
				"up": {"uv": [4.125, 7.5, 4, 7], "texture": "#0"},
				"down": {"uv": [7.125, 4, 7, 4.5], "texture": "#0"}
			}
		},
		{
			"from": [7.2, 7.5, 7.1],
			"to": [7.4, 7.6, 8.1],
			"faces": {
				"north": {"uv": [5, 8, 5.125, 8.125], "texture": "#0"},
				"east": {"uv": [4.5, 7, 5, 7.125], "texture": "#0"},
				"south": {"uv": [8, 5, 8.125, 5.125], "texture": "#0"},
				"west": {"uv": [7, 4.5, 7.5, 4.625], "texture": "#0"},
				"up": {"uv": [5.125, 7.5, 5, 7], "texture": "#0"},
				"down": {"uv": [7.125, 5, 7, 5.5], "texture": "#0"}
			}
		},
		{
			"from": [10.7, 7.5, 7.1],
			"to": [10.9, 7.6, 8.1],
			"faces": {
				"north": {"uv": [5.5, 8, 5.625, 8.125], "texture": "#0"},
				"east": {"uv": [5.5, 7, 6, 7.125], "texture": "#0"},
				"south": {"uv": [8, 5.5, 8.125, 5.625], "texture": "#0"},
				"west": {"uv": [6, 7, 6.5, 7.125], "texture": "#0"},
				"up": {"uv": [7.125, 6.5, 7, 6], "texture": "#0"},
				"down": {"uv": [6.625, 7, 6.5, 7.5], "texture": "#0"}
			}
		},
		{
			"from": [10.7, 7.5, 8.9],
			"to": [10.9, 7.6, 10],
			"faces": {
				"north": {"uv": [6, 8, 6.125, 8.125], "texture": "#0"},
				"east": {"uv": [7, 6.5, 7.5, 6.625], "texture": "#0"},
				"south": {"uv": [8, 6, 8.125, 6.125], "texture": "#0"},
				"west": {"uv": [7, 7, 7.5, 7.125], "texture": "#0"},
				"up": {"uv": [7.625, 0.5, 7.5, 0], "texture": "#0"},
				"down": {"uv": [2.625, 7.5, 2.5, 8], "texture": "#0"}
			}
		},
		{
			"from": [6.5, 7.5, 8.1],
			"to": [6.7, 7.6, 8.9],
			"faces": {
				"north": {"uv": [6.5, 8, 6.625, 8.125], "texture": "#0"},
				"east": {"uv": [7.5, 2.5, 7.875, 2.625], "texture": "#0"},
				"south": {"uv": [8, 6.5, 8.125, 6.625], "texture": "#0"},
				"west": {"uv": [3, 7.5, 3.375, 7.625], "texture": "#0"},
				"up": {"uv": [3.625, 7.875, 3.5, 7.5], "texture": "#0"},
				"down": {"uv": [7.625, 3.5, 7.5, 3.875], "texture": "#0"}
			}
		},
		{
			"from": [11.3, 7.5, 8.1],
			"to": [11.5, 7.6, 8.9],
			"faces": {
				"north": {"uv": [7, 8, 7.125, 8.125], "texture": "#0"},
				"east": {"uv": [4, 7.5, 4.375, 7.625], "texture": "#0"},
				"south": {"uv": [8, 7, 8.125, 7.125], "texture": "#0"},
				"west": {"uv": [7.5, 4, 7.875, 4.125], "texture": "#0"},
				"up": {"uv": [4.625, 7.875, 4.5, 7.5], "texture": "#0"},
				"down": {"uv": [7.625, 4.5, 7.5, 4.875], "texture": "#0"}
			}
		},
		{
			"from": [6.5, 7.5, 8.8],
			"to": [7.3, 7.6, 9],
			"faces": {
				"north": {"uv": [5, 7.5, 5.375, 7.625], "texture": "#0"},
				"east": {"uv": [7.5, 8, 7.625, 8.125], "texture": "#0"},
				"south": {"uv": [7.5, 5, 7.875, 5.125], "texture": "#0"},
				"west": {"uv": [8, 7.5, 8.125, 7.625], "texture": "#0"},
				"up": {"uv": [5.875, 7.625, 5.5, 7.5], "texture": "#0"},
				"down": {"uv": [7.875, 5.5, 7.5, 5.625], "texture": "#0"}
			}
		},
		{
			"from": [6.5, 7.5, 8],
			"to": [7.3, 7.6, 8.2],
			"faces": {
				"north": {"uv": [6, 7.5, 6.375, 7.625], "texture": "#0"},
				"east": {"uv": [8, 8, 8.125, 8.125], "texture": "#0"},
				"south": {"uv": [7.5, 6, 7.875, 6.125], "texture": "#0"},
				"west": {"uv": [8.5, 0, 8.625, 0.125], "texture": "#0"},
				"up": {"uv": [6.875, 7.625, 6.5, 7.5], "texture": "#0"},
				"down": {"uv": [7.875, 6.5, 7.5, 6.625], "texture": "#0"}
			}
		},
		{
			"from": [10.8, 7.5, 8],
			"to": [11.5, 7.6, 8.2],
			"faces": {
				"north": {"uv": [7, 7.5, 7.375, 7.625], "texture": "#0"},
				"east": {"uv": [8.5, 0.5, 8.625, 0.625], "texture": "#0"},
				"south": {"uv": [7.5, 7, 7.875, 7.125], "texture": "#0"},
				"west": {"uv": [8.5, 1, 8.625, 1.125], "texture": "#0"},
				"up": {"uv": [7.875, 7.625, 7.5, 7.5], "texture": "#0"},
				"down": {"uv": [8.375, 0, 8, 0.125], "texture": "#0"}
			}
		},
		{
			"from": [10.8, 7.5, 8.8],
			"to": [11.5, 7.6, 9],
			"faces": {
				"north": {"uv": [2, 8, 2.375, 8.125], "texture": "#0"},
				"east": {"uv": [8.5, 1.5, 8.625, 1.625], "texture": "#0"},
				"south": {"uv": [2.5, 8, 2.875, 8.125], "texture": "#0"},
				"west": {"uv": [2, 8.5, 2.125, 8.625], "texture": "#0"},
				"up": {"uv": [8.375, 2.625, 8, 2.5], "texture": "#0"},
				"down": {"uv": [3.375, 8, 3, 8.125], "texture": "#0"}
			}
		},
		{
			"from": [9, 7, 8.5],
			"to": [10, 30, 8.5],
			"faces": {
				"north": {"uv": [1, 0, 1.5, 11.5], "texture": "#0"},
				"east": {"uv": [0, 0, 0, 11.5], "texture": "#0"},
				"south": {"uv": [1.5, 0, 2, 11.5], "texture": "#0"},
				"west": {"uv": [0, 0, 0, 11.5], "texture": "#0"},
				"up": {"uv": [0.5, 0, 0, 0], "texture": "#0"},
				"down": {"uv": [0.5, 0, 0, 0], "texture": "#0"}
			}
		},
		{
			"from": [8, 7, 8.5],
			"to": [9, 31, 8.5],
			"faces": {
				"north": {"uv": [0, 0, 0.5, 12], "texture": "#0"},
				"east": {"uv": [0, 0, 0, 12], "texture": "#0"},
				"south": {"uv": [0.5, 0, 1, 12], "texture": "#0"},
				"west": {"uv": [0, 0, 0, 12], "texture": "#0"},
				"up": {"uv": [0.5, 0, 0, 0], "texture": "#0"},
				"down": {"uv": [0.5, 0, 0, 0], "texture": "#0"}
			}
		},
		{
			"from": [8, -1, 8],
			"to": [10, 7, 9],
			"faces": {
				"north": {"uv": [2, 0, 3, 4], "texture": "#0"},
				"east": {"uv": [4, 0, 4.5, 4], "texture": "#0"},
				"south": {"uv": [3, 0, 4, 4], "texture": "#0"},
				"west": {"uv": [2, 4, 2.5, 8], "texture": "#0"},
				"up": {"uv": [3.5, 5.5, 2.5, 5], "texture": "#0"},
				"down": {"uv": [4.5, 5, 3.5, 5.5], "texture": "#0"}
			}
		},
		{
			"from": [8, 8.5, 8.25],
			"to": [9, 31, 8.75],
			"faces": {
				"north": {"uv": [0, 0, 0.5, 11.25], "texture": "#1"},
				"east": {"uv": [2, 0, 2.25, 11.25], "texture": "#1"},
				"south": {"uv": [0.5, 0, 1, 11.25], "texture": "#1"},
				"west": {"uv": [2.5, 0, 2.75, 11.25], "texture": "#1"},
				"up": {"uv": [4.5, 2.25, 4, 2], "texture": "#1"},
				"down": {"uv": [4.5, 2.5, 4, 2.75], "texture": "#1"}
			}
		},
		{
			"from": [9, 8.5, 8.25],
			"to": [10, 30.5, 8.75],
			"faces": {
				"north": {"uv": [1, 0, 1.5, 11], "texture": "#1"},
				"east": {"uv": [3, 0, 3.25, 11], "texture": "#1"},
				"south": {"uv": [1.5, 0, 2, 11], "texture": "#1"},
				"west": {"uv": [3.5, 0, 3.75, 11], "texture": "#1"},
				"up": {"uv": [4.5, 3.25, 4, 3], "texture": "#1"},
				"down": {"uv": [4.5, 3.5, 4, 3.75], "texture": "#1"}
			}
		},
		{
			"from": [7.9, 7.5, 8.15],
			"to": [10.1, 8.5, 8.85],
			"faces": {
				"north": {"uv": [4, 0, 5, 0.5], "texture": "#1"},
				"east": {"uv": [4, 4, 4.25, 4.5], "texture": "#1"},
				"south": {"uv": [4, 0.5, 5, 1], "texture": "#1"},
				"west": {"uv": [4.5, 2, 4.75, 2.5], "texture": "#1"},
				"up": {"uv": [5, 1.25, 4, 1], "texture": "#1"},
				"down": {"uv": [5, 1.5, 4, 1.75], "texture": "#1"}
			}
		}
	],
	"display": {
		"thirdperson_righthand": {
			"rotation": [0, 90, 0],
			"translation": [-0.75, 1.25, 2.5],
			"scale": [0.8, 0.8, 0.8]
		},
		"thirdperson_lefthand": {
			"rotation": [0, -90, 0],
			"translation": [0.25, 1.5, 2.5]
		},
		"firstperson_righthand": {
			"rotation": [0, 90, 0],
			"translation": [4.25, 2, 0.75],
			"scale": [0.65, 0.65, 0.65]
		},
		"firstperson_lefthand": {
			"rotation": [0, -90, 0],
			"translation": [5.75, 0.25, 0],
			"scale": [0.65, 0.65, 0.65]
		},
		"ground": {
			"translation": [0, 2.75, 0],
			"scale": [0.65, 0.65, 0.65]
		},
		"gui": {
			"rotation": [0, 0, -45],
			"translation": [-3.25, -2.5, -1],
			"scale": [0.65, 0.65, 0.65]
		},
		"fixed": {
			"rotation": [0, 0, 45],
			"translation": [2, -2.5, -1],
			"scale": [0.65, 0.65, 0.65]
		}
	},
	"groups": [
		{
			"name": "group",
			"origin": [0, 0, 0],
			"color": 0,
			"children": [0, 1, 2, 3, 4, 5, 6, 7, 8, 9, 10, 11, 12, 13, 14, 15, 16, 17, 18]
		},
		{
			"name": "sheath",
			"origin": [8, 8, 8],
			"color": 0,
			"children": [19, 20, 21]
		}
	]
}