{
	"credit": "Made with Blockbench",
	"texture_size": [32, 32],
	"textures": {
		"0": "item/yoru_haki",
		"particle": "yoru"
	},
	"elements": [
		{
			"from": [8, -3, 8],
			"to": [9, 8, 9],
			"faces": {
				"north": {"uv": [5, 0, 5.5, 5.5], "texture": "#0"},
				"east": {"uv": [5.5, 0, 6, 5.5], "texture": "#0"},
				"south": {"uv": [5, 5.5, 5.5, 11], "texture": "#0"},
				"west": {"uv": [5.5, 5.5, 6, 11], "texture": "#0"},
				"up": {"uv": [8, 3.5, 7.5, 3], "texture": "#0"},
				"down": {"uv": [8, 3.5, 7.5, 4], "texture": "#0"}
			}
		},
		{
			"from": [3, 8, 8],
			"to": [14, 9, 9],
			"faces": {
				"north": {"uv": [6, 0, 11.5, 0.5], "texture": "#0"},
				"east": {"uv": [7.5, 4, 8, 4.5], "texture": "#0"},
				"south": {"uv": [6, 0.5, 11.5, 1], "texture": "#0"},
				"west": {"uv": [7.5, 4.5, 8, 5], "texture": "#0"},
				"up": {"uv": [11.5, 1.5, 6, 1], "texture": "#0"},
				"down": {"uv": [11.5, 1.5, 6, 2], "texture": "#0"}
			}
		},
		{
			"from": [2.75, 8.75, 8],
			"to": [3, 9.25, 9],
			"faces": {
				"north": {"uv": [7, 9, 7.125, 9.25], "texture": "#0"},
				"east": {"uv": [7.5, 6, 8, 6.25], "texture": "#0"},
				"south": {"uv": [9, 7, 9.125, 7.25], "texture": "#0"},
				"west": {"uv": [7.5, 6.5, 8, 6.75], "texture": "#0"},
				"up": {"uv": [8.625, 5, 8.5, 4.5], "texture": "#0"},
				"down": {"uv": [8.625, 5, 8.5, 5.5], "texture": "#0"}
			}
		},
		{
			"from": [2.5, 9, 8],
			"to": [2.75, 9.5, 9],
			"faces": {
				"north": {"uv": [7.5, 9, 7.625, 9.25], "texture": "#0"},
				"east": {"uv": [7.5, 7, 8, 7.25], "texture": "#0"},
				"south": {"uv": [9, 7.5, 9.125, 7.75], "texture": "#0"},
				"west": {"uv": [7.5, 7.5, 8, 7.75], "texture": "#0"},
				"up": {"uv": [8.625, 6, 8.5, 5.5], "texture": "#0"},
				"down": {"uv": [8.625, 6, 8.5, 6.5], "texture": "#0"}
			}
		},
		{
			"from": [2.5, 7.5, 8],
			"to": [2.75, 8, 9],
			"faces": {
				"north": {"uv": [8, 9, 8.125, 9.25], "texture": "#0"},
				"east": {"uv": [8, 3, 8.5, 3.25], "texture": "#0"},
				"south": {"uv": [9, 8, 9.125, 8.25], "texture": "#0"},
				"west": {"uv": [8, 3.5, 8.5, 3.75], "texture": "#0"},
				"up": {"uv": [8.625, 7, 8.5, 6.5], "texture": "#0"},
				"down": {"uv": [7.125, 8.5, 7, 9], "texture": "#0"}
			}
		},
		{
			"from": [2.75, 7.75, 8],
			"to": [3, 8.25, 9],
			"faces": {
				"north": {"uv": [8.5, 9, 8.625, 9.25], "texture": "#0"},
				"east": {"uv": [8, 4, 8.5, 4.25], "texture": "#0"},
				"south": {"uv": [9, 8.5, 9.125, 8.75], "texture": "#0"},
				"west": {"uv": [8, 4.5, 8.5, 4.75], "texture": "#0"},
				"up": {"uv": [8.625, 7.5, 8.5, 7], "texture": "#0"},
				"down": {"uv": [7.625, 8.5, 7.5, 9], "texture": "#0"}
			}
		},
		{
			"from": [2.9, 8.25, 8],
			"to": [3, 8.75, 9],
			"faces": {
				"north": {"uv": [9, 9, 9.125, 9.25], "texture": "#0"},
				"east": {"uv": [8, 5, 8.5, 5.25], "texture": "#0"},
				"south": {"uv": [9.5, 3, 9.625, 3.25], "texture": "#0"},
				"west": {"uv": [8, 5.5, 8.5, 5.75], "texture": "#0"},
				"up": {"uv": [8.625, 8, 8.5, 7.5], "texture": "#0"},
				"down": {"uv": [8.125, 8.5, 8, 9], "texture": "#0"}
			}
		},
		{
			"from": [14, 8.25, 8],
			"to": [14.1, 8.75, 9],
			"faces": {
				"north": {"uv": [9.5, 3.5, 9.625, 3.75], "texture": "#0"},
				"east": {"uv": [8, 6, 8.5, 6.25], "texture": "#0"},
				"south": {"uv": [9.5, 4, 9.625, 4.25], "texture": "#0"},
				"west": {"uv": [8, 6.5, 8.5, 6.75], "texture": "#0"},
				"up": {"uv": [8.625, 8.5, 8.5, 8], "texture": "#0"},
				"down": {"uv": [8.625, 8.5, 8.5, 9], "texture": "#0"}
			}
		},
		{
			"from": [14, 8.75, 8],
			"to": [14.25, 9.25, 9],
			"faces": {
				"north": {"uv": [9.5, 4.5, 9.625, 4.75], "texture": "#0"},
				"east": {"uv": [7, 8, 7.5, 8.25], "texture": "#0"},
				"south": {"uv": [9.5, 5, 9.625, 5.25], "texture": "#0"},
				"west": {"uv": [8, 7, 8.5, 7.25], "texture": "#0"},
				"up": {"uv": [9.125, 3.5, 9, 3], "texture": "#0"},
				"down": {"uv": [9.125, 3.5, 9, 4], "texture": "#0"}
			}
		},
		{
			"from": [14.25, 9, 8],
			"to": [14.5, 9.5, 9],
			"faces": {
				"north": {"uv": [9.5, 5.5, 9.625, 5.75], "texture": "#0"},
				"east": {"uv": [7.5, 8, 8, 8.25], "texture": "#0"},
				"south": {"uv": [9.5, 6, 9.625, 6.25], "texture": "#0"},
				"west": {"uv": [8, 7.5, 8.5, 7.75], "texture": "#0"},
				"up": {"uv": [9.125, 4.5, 9, 4], "texture": "#0"},
				"down": {"uv": [9.125, 4.5, 9, 5], "texture": "#0"}
			}
		},
		{
			"from": [14, 7.75, 8],
			"to": [14.25, 8.25, 9],
			"faces": {
				"north": {"uv": [9.5, 6.5, 9.625, 6.75], "texture": "#0"},
				"east": {"uv": [8, 8, 8.5, 8.25], "texture": "#0"},
				"south": {"uv": [7, 9.5, 7.125, 9.75], "texture": "#0"},
				"west": {"uv": [8.5, 3, 9, 3.25], "texture": "#0"},
				"up": {"uv": [9.125, 5.5, 9, 5], "texture": "#0"},
				"down": {"uv": [9.125, 5.5, 9, 6], "texture": "#0"}
			}
		},
		{
			"from": [14.25, 7.5, 8],
			"to": [14.5, 8, 9],
			"faces": {
				"north": {"uv": [9.5, 7, 9.625, 7.25], "texture": "#0"},
				"east": {"uv": [8.5, 3.5, 9, 3.75], "texture": "#0"},
				"south": {"uv": [7.5, 9.5, 7.625, 9.75], "texture": "#0"},
				"west": {"uv": [8.5, 4, 9, 4.25], "texture": "#0"},
				"up": {"uv": [9.125, 6.5, 9, 6], "texture": "#0"},
				"down": {"uv": [9.125, 6.5, 9, 7], "texture": "#0"}
			}
		},
		{
			"from": [5, 9, 8.5],
			"to": [10, 32, 8.5],
			"faces": {
				"north": {"uv": [0, 0, 2.5, 11.5], "texture": "#0"},
				"east": {"uv": [6, 2, 6.125, 13.5], "texture": "#0"},
				"south": {"uv": [2.5, 0, 5, 11.5], "texture": "#0"},
				"west": {"uv": [6.5, 2, 6.625, 13.5], "texture": "#0"},
				"up": {"uv": [10, 2.125, 7.5, 2], "texture": "#0"},
				"down": {"uv": [10, 2.5, 7.5, 2.625], "texture": "#0"}
			}
		},
		{
			"from": [8, 9, 8.1],
			"to": [9, 12, 8.9],
			"faces": {
				"north": {"uv": [7, 2, 7.5, 3.5], "texture": "#0"},
				"east": {"uv": [7, 5, 7.375, 6.5], "texture": "#0"},
				"south": {"uv": [7, 3.5, 7.5, 5], "texture": "#0"},
				"west": {"uv": [7, 6.5, 7.375, 8], "texture": "#0"},
				"up": {"uv": [8, 5.375, 7.5, 5], "texture": "#0"},
				"down": {"uv": [8, 5.5, 7.5, 5.875], "texture": "#0"}
			}
		}
	],
	"display": {
		"thirdperson_righthand": {
			"rotation": [0, 90, 0],
			"translation": [-1, 1.25, 2.25]
		},
		"thirdperson_lefthand": {
			"rotation": [0, -90, 0],
			"translation": [0, 0, 2]
		},
		"firstperson_righthand": {
			"rotation": [0, 90, 0],
			"translation": [3.75, 0.25, 0],
			"scale": [0.7, 0.7, 0.7]
		},
		"firstperson_lefthand": {
			"rotation": [0, -90, 0],
			"translation": [4.5, 0, -0.25],
			"scale": [0.7, 0.7, 0.7]
		},
		"ground": {
			"translation": [0, 5.25, 0],
			"scale": [0.7, 0.7, 0.7]
		},
		"gui": {
			"rotation": [0, 0, -45],
			"translation": [-3, -3.25, 0],
			"scale": [0.6, 0.6, 0.6]
		},
		"fixed": {
			"rotation": [0, 0, 45],
			"translation": [3.25, -3.75, -1],
			"scale": [0.8, 0.8, 0.8]
		}
	},
	"groups": [
		{
			"name": "group",
			"origin": [0, 0, 0],
			"color": 0,
			"children": [0, 1, 2, 3, 4, 5, 6, 7, 8, 9, 10, 11, 12, 13]
		}
	],
	"overrides":
	[
		{
			"predicate": 
			{
				"haki": 1
			},
			"model": "mineminenomi:item/yoru_haki"
		}
	]
}