{
	"credit": "Made with Blockbench",
	"textures": {
		"0": "customhats:item/dum",
		"particle": "customhats:item/dum"
	},
	"elements": [
		{
			"name": "dum",
			"from": [5.5, 0, 2],
			"to": [10.5, 5, 2.5],
			"faces": {
				"north": {"uv": [0, 0, 5, 5], "texture": "#0"},
				"east": {"uv": [5, 0, 5.5, 5], "texture": "#0"},
				"south": {"uv": [0, 5, 5, 10], "texture": "#0"},
				"west": {"uv": [5, 5, 5.5, 10], "texture": "#0"},
				"up": {"uv": [11, 0.5, 6, 0], "texture": "#0"},
				"down": {"uv": [11, 1, 6, 1.5], "texture": "#0"}
			}
		}
	],
	"display": {
		"thirdperson_righthand": {
			"translation": [0, 3.5, 5.5]
		},
		"thirdperson_lefthand": {
			"translation": [0, 3.5, 5.5]
		},
		"firstperson_righthand": {
			"translation": [0, 3.5, 5.5]
		},
		"firstperson_lefthand": {
			"translation": [0, 3.5, 5.5]
		},
		"ground": {
			"translation": [0, 6, 6]
		},
		"gui": {
			"rotation": [30, -135, 0],
			"translation": [-8, 13.5, 0],
			"scale": [2, 2, 2]
		},
		"head": {
			"translation": [0, 11.5, 3.25],
			"scale": [1.75, 1.75, 1.75]
		},
		"fixed": {
			"translation": [0, 13.75, 13.75],
			"scale": [2.5, 2.5, 2.5]
		}
	}
}